ISO-10303-21;
HEADER;
FILE_DESCRIPTION (( 'STEP AP214' ),
    '1' );
FILE_NAME ('5DB0DFF0-E47E-41DB-9742-EC08121F8517.STEP',
    '2026-07-17T11:02:20',
    ( '' ),
    ( '' ),
    'SwSTEP 2.0',
    'SolidWorks 2022',
    '' );
FILE_SCHEMA (( 'AUTOMOTIVE_DESIGN' ));
ENDSEC;

DATA;
#1 = ORIENTED_EDGE ( 'NONE', *, *, #3026, .F. ) ;
#2 = DIRECTION ( 'NONE',  ( -1.000000000000000000, -0.0000000000000000000, 1.548860246407863583E-16 ) ) ;
#3 = FACE_OUTER_BOUND ( 'NONE', #877, .T. ) ;
#4 = EDGE_LOOP ( 'NONE', ( #59, #3669, #5338, #5524 ) ) ;
#5 = STYLED_ITEM ( 'NONE', ( #3015 ), #1561 ) ;
#6 = PLANE ( 'NONE',  #5118 ) ;
#7 = FACE_OUTER_BOUND ( 'NONE', #5533, .T. ) ;
#8 = EDGE_CURVE ( 'NONE', #2434, #5489, #2050, .T. ) ;
#9 = ORIENTED_EDGE ( 'NONE', *, *, #2777, .F. ) ;
#10 = UNCERTAINTY_MEASURE_WITH_UNIT (LENGTH_MEASURE( 1.000000000000000082E-05 ), #5094, 'distance_accuracy_value', 'NONE');
#11 = DIRECTION ( 'NONE',  ( 1.000000000000000000, 0.0000000000000000000, -1.084202172485504311E-16 ) ) ;
#12 = ADVANCED_FACE ( 'NONE', ( #2906, #3852, #3288, #5507, #5054, #5626, #5176, #2935, #694 ), #1163, .F. ) ;
#13 = DIRECTION ( 'NONE',  ( -0.9781476007338062439, 0.2079116908177565670, 1.060509753727076412E-16 ) ) ;
#14 = EDGE_CURVE ( 'NONE', #224, #4337, #1980, .T. ) ;
#15 = LINE ( 'NONE', #5743, #1520 ) ;
#16 = ORIENTED_EDGE ( 'NONE', *, *, #4958, .F. ) ;
#17 = DIRECTION ( 'NONE',  ( 0.0000000000000000000, 0.0000000000000000000, 1.000000000000000000 ) ) ;
#18 =( NAMED_UNIT ( * ) PLANE_ANGLE_UNIT ( ) SI_UNIT ( $, .RADIAN. ) );
#19 = STYLED_ITEM ( 'NONE', ( #969 ), #5190 ) ;
#20 = DIRECTION ( 'NONE',  ( -1.000000000000000000, -0.0000000000000000000, 1.084202172485503941E-16 ) ) ;
#21 = SURFACE_SIDE_STYLE ('',( #4062 ) ) ;
#22 = ORIENTED_EDGE ( 'NONE', *, *, #5142, .T. ) ;
#23 = CARTESIAN_POINT ( 'NONE',  ( -0.7500000000000019984, 4.500000000000000000, 0.7500000000000017764 ) ) ;
#24 = DIRECTION ( 'NONE',  ( 0.0000000000000000000, 0.0000000000000000000, 1.000000000000000000 ) ) ;
#25 = FILL_AREA_STYLE_COLOUR ( '', #1273 ) ;
#26 = FILL_AREA_STYLE ('',( #5779 ) ) ;
#27 = STYLED_ITEM ( 'NONE', ( #2362 ), #5330 ) ;
#28 = AXIS2_PLACEMENT_3D ( 'NONE', #2941, #4297, #3603 ) ;
#29 = EDGE_LOOP ( 'NONE', ( #2600, #4349, #1551, #2721 ) ) ;
#30 = PRESENTATION_LAYER_ASSIGNMENT (  '', '', ( #5647 ) ) ;
#31 = ORIENTED_EDGE ( 'NONE', *, *, #5603, .F. ) ;
#32 =( NAMED_UNIT ( * ) PLANE_ANGLE_UNIT ( ) SI_UNIT ( $, .RADIAN. ) );
#33 =( LENGTH_UNIT ( ) NAMED_UNIT ( * ) SI_UNIT ( .MILLI., .METRE. ) );
#34 =( GEOMETRIC_REPRESENTATION_CONTEXT ( 3 ) GLOBAL_UNCERTAINTY_ASSIGNED_CONTEXT ( ( #1547 ) ) GLOBAL_UNIT_ASSIGNED_CONTEXT ( ( #2318, #3153, #3615 ) ) REPRESENTATION_CONTEXT ( 'NONE', 'WORKASPACE' ) );
#35 =( NAMED_UNIT ( * ) PLANE_ANGLE_UNIT ( ) SI_UNIT ( $, .RADIAN. ) );
#36 = DIRECTION ( 'NONE',  ( 0.0000000000000000000, 0.7071067811865460184, 0.7071067811865489050 ) ) ;
#37 = VECTOR ( 'NONE', #139, 1000.000000000000000 ) ;
#38 = ORIENTED_EDGE ( 'NONE', *, *, #5380, .T. ) ;
#39 = DIRECTION ( 'NONE',  ( 0.0000000000000000000, 0.0000000000000000000, 1.000000000000000000 ) ) ;
#40 = DIRECTION ( 'NONE',  ( 0.0000000000000000000, 1.000000000000000000, 0.0000000000000000000 ) ) ;
#41 = ORIENTED_EDGE ( 'NONE', *, *, #1657, .F. ) ;
#42 = CARTESIAN_POINT ( 'NONE',  ( 0.2499999999999994726, -3.149999999999999911, -7.370000000000000107 ) ) ;
#43 =( NAMED_UNIT ( * ) PLANE_ANGLE_UNIT ( ) SI_UNIT ( $, .RADIAN. ) );
#44 = VECTOR ( 'NONE', #5676, 1000.000000000000000 ) ;
#45 = EDGE_CURVE ( 'NONE', #2544, #4691, #592, .T. ) ;
#46 = DIRECTION ( 'NONE',  ( -1.000000000000000000, 0.0000000000000000000, 1.548860246407863583E-16 ) ) ;
#47 = PRESENTATION_STYLE_ASSIGNMENT (( #549 ) ) ;
#48 = EDGE_LOOP ( 'NONE', ( #377, #3019, #5496, #2649 ) ) ;
#49 = MECHANICAL_DESIGN_GEOMETRIC_PRESENTATION_REPRESENTATION (  '', ( #721 ), #4759 ) ;
#50 = ADVANCED_FACE ( 'NONE', ( #4290 ), #174, .T. ) ;
#51 = CARTESIAN_POINT ( 'NONE',  ( -2.189999999999999947, 4.099999999999998757, 0.3500000000000001443 ) ) ;
#52 = PLANE ( 'NONE',  #4075 ) ;
#53 = FILL_AREA_STYLE ('',( #1401 ) ) ;
#54 = ADVANCED_FACE ( 'NONE', ( #1634 ), #393, .T. ) ;
#55 = COLOUR_RGB ( '',1.000000000000000000, 1.000000000000000000, 0.5019607843137254832 ) ;
#56 = VERTEX_POINT ( 'NONE', #4450 ) ;
#57 = FACE_OUTER_BOUND ( 'NONE', #2881, .T. ) ;
#58 = AXIS2_PLACEMENT_3D ( 'NONE', #4666, #2816, #4278 ) ;
#59 = ORIENTED_EDGE ( 'NONE', *, *, #1841, .F. ) ;
#60 = AXIS2_PLACEMENT_3D ( 'NONE', #1444, #5475, #1016 ) ;
#61 = PRODUCT_DEFINITION_CONTEXT ( 'detailed design', #2551, 'design' ) ;
#62 = SURFACE_SIDE_STYLE ('',( #5050 ) ) ;
#63 = AXIS2_PLACEMENT_3D ( 'NONE', #3643, #1397, #4060 ) ;
#64 = VECTOR ( 'NONE', #3477, 1000.000000000000114 ) ;
#65 = CARTESIAN_POINT ( 'NONE',  ( -0.3500000000000006994, 0.2999999999999990452, -7.270000000000000462 ) ) ;
#66 = PRESENTATION_LAYER_ASSIGNMENT (  '', '', ( #1474 ) ) ;
#67 = FILL_AREA_STYLE_COLOUR ( '', #4623 ) ;
#68 = AXIS2_PLACEMENT_3D ( 'NONE', #5255, #1239, #806 ) ;
#69 = DIRECTION ( 'NONE',  ( 1.084202172485504311E-16, 0.0000000000000000000, 1.000000000000000000 ) ) ;
#70 = ORIENTED_EDGE ( 'NONE', *, *, #2980, .F. ) ;
#71 = CARTESIAN_POINT ( 'NONE',  ( -2.790000000000000924, 0.0000000000000000000, -2.790000000000000036 ) ) ;
#72 = CARTESIAN_POINT ( 'NONE',  ( -2.790000000000000924, -3.149999999999999911, -7.870000000000000107 ) ) ;
#73 = SURFACE_STYLE_FILL_AREA ( #4978 ) ;
#74 = FILL_AREA_STYLE_COLOUR ( '', #4554 ) ;
#75 = ORIENTED_EDGE ( 'NONE', *, *, #5151, .F. ) ;
#76 = LINE ( 'NONE', #3298, #1794 ) ;
#77 = VECTOR ( 'NONE', #3005, 1000.000000000000000 ) ;
#78 = UNCERTAINTY_MEASURE_WITH_UNIT (LENGTH_MEASURE( 1.000000000000000082E-05 ), #820, 'distance_accuracy_value', 'NONE');
#79 = ORIENTED_EDGE ( 'NONE', *, *, #4098, .F. ) ;
#80 = MECHANICAL_DESIGN_GEOMETRIC_PRESENTATION_REPRESENTATION (  '', ( #666 ), #3967 ) ;
#81 = ORIENTED_EDGE ( 'NONE', *, *, #2550, .T. ) ;
#82 = PRESENTATION_LAYER_ASSIGNMENT (  '', '', ( #5 ) ) ;
#83 = SURFACE_STYLE_USAGE ( .BOTH. , #5441 ) ;
#84 = ORIENTED_EDGE ( 'NONE', *, *, #668, .F. ) ;
#85 = CARTESIAN_POINT ( 'NONE',  ( -0.2500000000000003886, -3.149999999999999911, -2.790000000000000480 ) ) ;
#86 = ORIENTED_EDGE ( 'NONE', *, *, #3050, .F. ) ;
#87 = SURFACE_STYLE_FILL_AREA ( #5087 ) ;
#88 =( GEOMETRIC_REPRESENTATION_CONTEXT ( 3 ) GLOBAL_UNCERTAINTY_ASSIGNED_CONTEXT ( ( #550 ) ) GLOBAL_UNIT_ASSIGNED_CONTEXT ( ( #2525, #3073, #4420 ) ) REPRESENTATION_CONTEXT ( 'NONE', 'WORKASPACE' ) );
#89 = ORIENTED_EDGE ( 'NONE', *, *, #1640, .T. ) ;
#90 =( LENGTH_UNIT ( ) NAMED_UNIT ( * ) SI_UNIT ( .MILLI., .METRE. ) );
#91 = FILL_AREA_STYLE ('',( #2779 ) ) ;
#92 = ORIENTED_EDGE ( 'NONE', *, *, #341, .F. ) ;
#93 = DIRECTION ( 'NONE',  ( 0.2079116908177565393, 0.9781476007338061329, -2.254183068697460945E-17 ) ) ;
#94 =( NAMED_UNIT ( * ) PLANE_ANGLE_UNIT ( ) SI_UNIT ( $, .RADIAN. ) );
#95 = EDGE_LOOP ( 'NONE', ( #5472, #4258, #1134, #4572 ) ) ;
#96 = VECTOR ( 'NONE', #2, 1000.000000000000000 ) ;
#97 = LINE ( 'NONE', #3705, #3117 ) ;
#98 = CARTESIAN_POINT ( 'NONE',  ( -2.688315839231050663, -3.128386364410650433, -7.870000000000000107 ) ) ;
#99 = FILL_AREA_STYLE_COLOUR ( '', #2147 ) ;
#100 = FILL_AREA_STYLE_COLOUR ( '', #2731 ) ;
#101 = VERTEX_POINT ( 'NONE', #3968 ) ;
#102 = VECTOR ( 'NONE', #4751, 1000.000000000000000 ) ;
#103 = FILL_AREA_STYLE_COLOUR ( '', #1830 ) ;
#104 = EDGE_LOOP ( 'NONE', ( #3672, #2701, #2627, #5420 ) ) ;
#105 = CARTESIAN_POINT ( 'NONE',  ( -2.290000000000000480, -3.149999999999999911, -7.370000000000000107 ) ) ;
#106 = FACE_OUTER_BOUND ( 'NONE', #3269, .T. ) ;
#107 = COLOUR_RGB ( '',1.000000000000000000, 1.000000000000000000, 0.5019607843137254832 ) ;
#108 = LINE ( 'NONE', #2704, #1730 ) ;
#109 = EDGE_CURVE ( 'NONE', #4634, #3051, #336, .T. ) ;
#110 = MECHANICAL_DESIGN_GEOMETRIC_PRESENTATION_REPRESENTATION (  '', ( #1058 ), #3429 ) ;
#111 = STYLED_ITEM ( 'NONE', ( #1422 ), #3478 ) ;
#112 = ORIENTED_EDGE ( 'NONE', *, *, #1809, .T. ) ;
#113 = SURFACE_SIDE_STYLE ('',( #4166 ) ) ;
#114 = PLANE ( 'NONE',  #5713 ) ;
#115 = LINE ( 'NONE', #4973, #5007 ) ;
#116 = EDGE_CURVE ( 'NONE', #2642, #5182, #3004, .T. ) ;
#117 = EDGE_LOOP ( 'NONE', ( #5405, #5085, #2978, #4447 ) ) ;
#118 =( NAMED_UNIT ( * ) PLANE_ANGLE_UNIT ( ) SI_UNIT ( $, .RADIAN. ) );
#119 = ORIENTED_EDGE ( 'NONE', *, *, #2111, .T. ) ;
#120 = AXIS2_PLACEMENT_3D ( 'NONE', #466, #2268, #1402 ) ;
#121 = LINE ( 'NONE', #1483, #2102 ) ;
#122 = LINE ( 'NONE', #3354, #5592 ) ;
#123 = CARTESIAN_POINT ( 'NONE',  ( -2.683721719164989583, -3.149999999999999911, -5.330000000000000959 ) ) ;
#124 = MECHANICAL_DESIGN_GEOMETRIC_PRESENTATION_REPRESENTATION (  '', ( #27 ), #603 ) ;
#125 = COLOUR_RGB ( '',0.5019607843137254832, 0.5019607843137254832, 0.5019607843137254832 ) ;
#126 = FILL_AREA_STYLE_COLOUR ( '', #1194 ) ;
#127 = VERTEX_POINT ( 'NONE', #4779 ) ;
#128 =( LENGTH_UNIT ( ) NAMED_UNIT ( * ) SI_UNIT ( .MILLI., .METRE. ) );
#129 = VECTOR ( 'NONE', #1236, 1000.000000000000000 ) ;
#130 =( LENGTH_UNIT ( ) NAMED_UNIT ( * ) SI_UNIT ( .MILLI., .METRE. ) );
#131 = LINE ( 'NONE', #5135, #3766 ) ;
#132 = CARTESIAN_POINT ( 'NONE',  ( -3.809999999999999609, 0.0000000000000000000, 1.270000000000000684 ) ) ;
#133 =( NAMED_UNIT ( * ) PLANE_ANGLE_UNIT ( ) SI_UNIT ( $, .RADIAN. ) );
#134 = FILL_AREA_STYLE_COLOUR ( '', #1368 ) ;
#135 = ORIENTED_EDGE ( 'NONE', *, *, #1404, .T. ) ;
#136 = PRESENTATION_LAYER_ASSIGNMENT (  '', '', ( #2775 ) ) ;
#137 = PLANE ( 'NONE',  #1307 ) ;
#138 = DIRECTION ( 'NONE',  ( -1.000000000000000000, 0.0000000000000000000, 8.537024980200823790E-17 ) ) ;
#139 = DIRECTION ( 'NONE',  ( 3.252606517456512316E-16, 0.0000000000000000000, 1.000000000000000000 ) ) ;
#140 = SURFACE_STYLE_USAGE ( .BOTH. , #1976 ) ;
#141 = PRESENTATION_LAYER_ASSIGNMENT (  '', '', ( #4393 ) ) ;
#142 = DIRECTION ( 'NONE',  ( 1.000000000000000000, 0.0000000000000000000, 0.0000000000000000000 ) ) ;
#143 = VERTEX_POINT ( 'NONE', #3082 ) ;
#144 = ADVANCED_FACE ( 'NONE', ( #757 ), #2170, .F. ) ;
#145 = DIRECTION ( 'NONE',  ( 0.0000000000000000000, 1.000000000000000000, 0.0000000000000000000 ) ) ;
#146 = DIRECTION ( 'NONE',  ( -0.0000000000000000000, 1.000000000000000000, -0.0000000000000000000 ) ) ;
#147 = PRESENTATION_STYLE_ASSIGNMENT (( #2340 ) ) ;
#148 = COLOUR_RGB ( '',0.5019607843137254832, 0.5019607843137254832, 0.5019607843137254832 ) ;
#149 = PRESENTATION_STYLE_ASSIGNMENT (( #1886 ) ) ;
#150 =( GEOMETRIC_REPRESENTATION_CONTEXT ( 3 ) GLOBAL_UNCERTAINTY_ASSIGNED_CONTEXT ( ( #1788 ) ) GLOBAL_UNIT_ASSIGNED_CONTEXT ( ( #561, #35, #2744 ) ) REPRESENTATION_CONTEXT ( 'NONE', 'WORKASPACE' ) );
#151 = FILL_AREA_STYLE_COLOUR ( '', #1927 ) ;
#152 = SURFACE_SIDE_STYLE ('',( #635 ) ) ;
#153 = VERTEX_POINT ( 'NONE', #2335 ) ;
#154 = VECTOR ( 'NONE', #2089, 1000.000000000000000 ) ;
#155 =( NAMED_UNIT ( * ) PLANE_ANGLE_UNIT ( ) SI_UNIT ( $, .RADIAN. ) );
#156 = DIRECTION ( 'NONE',  ( 0.0000000000000000000, -0.0000000000000000000, 1.000000000000000000 ) ) ;
#157 =( NAMED_UNIT ( * ) SI_UNIT ( $, .STERADIAN. ) SOLID_ANGLE_UNIT ( ) );
#158 = ORIENTED_EDGE ( 'NONE', *, *, #2777, .T. ) ;
#159 = CARTESIAN_POINT ( 'NONE',  ( 0.2499999999999994171, -3.149999999999999911, -7.870000000000000107 ) ) ;
#160 = ORIENTED_EDGE ( 'NONE', *, *, #1787, .T. ) ;
#161 = ADVANCED_FACE ( 'NONE', ( #929 ), #6, .F. ) ;
#162 = CARTESIAN_POINT ( 'NONE',  ( -0.3500000000000004774, 4.099999999999998757, -5.429999999999999716 ) ) ;
#163 = PLANE ( 'NONE',  #2173 ) ;
#164 = FILL_AREA_STYLE ('',( #5643 ) ) ;
#165 = ORIENTED_EDGE ( 'NONE', *, *, #2182, .F. ) ;
#166 = CARTESIAN_POINT ( 'NONE',  ( -2.190000000000000391, 0.2999999999999990452, -2.189999999999999503 ) ) ;
#167 = ORIENTED_EDGE ( 'NONE', *, *, #2221, .T. ) ;
#168 = CARTESIAN_POINT ( 'NONE',  ( -1.789999999999997149, 4.500000000000000000, 0.7500000000000029976 ) ) ;
#169 = CARTESIAN_POINT ( 'NONE',  ( -0.3500000000000000333, 0.2999999999999990452, 0.3499999999999999223 ) ) ;
#170 = DIRECTION ( 'NONE',  ( -0.7071067811865492381, -0.7071067811865457964, 0.0000000000000000000 ) ) ;
#171 = VERTEX_POINT ( 'NONE', #168 ) ;
#172 = CARTESIAN_POINT ( 'NONE',  ( -0.7500000000000019984, 4.500000000000000000, -0.7500000000000018874 ) ) ;
#173 = VERTEX_POINT ( 'NONE', #1500 ) ;
#174 = PLANE ( 'NONE',  #2414 ) ;
#175 = DIRECTION ( 'NONE',  ( 3.252606517456512316E-16, -0.0000000000000000000, 1.000000000000000000 ) ) ;
#176 = LINE ( 'NONE', #1984, #823 ) ;
#177 = EDGE_CURVE ( 'NONE', #508, #1480, #238, .T. ) ;
#178 = PRESENTATION_LAYER_ASSIGNMENT (  '', '', ( #666 ) ) ;
#179 = LINE ( 'NONE', #1641, #1996 ) ;
#180 = ORIENTED_EDGE ( 'NONE', *, *, #4441, .F. ) ;
#181 =( LENGTH_UNIT ( ) NAMED_UNIT ( * ) SI_UNIT ( .MILLI., .METRE. ) );
#182 = VECTOR ( 'NONE', #3327, 1000.000000000000000 ) ;
#183 =( NAMED_UNIT ( * ) PLANE_ANGLE_UNIT ( ) SI_UNIT ( $, .RADIAN. ) );
#184 = LINE ( 'NONE', #123, #4504 ) ;
#185 =( NAMED_UNIT ( * ) SI_UNIT ( $, .STERADIAN. ) SOLID_ANGLE_UNIT ( ) );
#186 = EDGE_CURVE ( 'NONE', #5423, #3263, #1531, .T. ) ;
#187 = ORIENTED_EDGE ( 'NONE', *, *, #5291, .T. ) ;
#188 = LINE ( 'NONE', #159, #4981 ) ;
#189 = ORIENTED_EDGE ( 'NONE', *, *, #1849, .T. ) ;
#190 = UNCERTAINTY_MEASURE_WITH_UNIT (LENGTH_MEASURE( 1.000000000000000082E-05 ), #2148, 'distance_accuracy_value', 'NONE');
#191 = DIRECTION ( 'NONE',  ( 1.000000000000000000, 0.0000000000000000000, -1.084202172485504187E-16 ) ) ;
#192 = DIRECTION ( 'NONE',  ( 0.0000000000000000000, -0.0000000000000000000, 1.000000000000000000 ) ) ;
#193 = DIRECTION ( 'NONE',  ( 1.000000000000000000, 0.0000000000000000000, 0.0000000000000000000 ) ) ;
#194 = EDGE_CURVE ( 'NONE', #4169, #293, #3338, .T. ) ;
#195 = ORIENTED_EDGE ( 'NONE', *, *, #2274, .F. ) ;
#196 = PRESENTATION_LAYER_ASSIGNMENT (  '', '', ( #303 ) ) ;
#197 =( LENGTH_UNIT ( ) NAMED_UNIT ( * ) SI_UNIT ( .MILLI., .METRE. ) );
#198 = EDGE_LOOP ( 'NONE', ( #1042, #1141, #4421, #3002 ) ) ;
#199 = VECTOR ( 'NONE', #4331, 1000.000000000000114 ) ;
#200 =( LENGTH_UNIT ( ) NAMED_UNIT ( * ) SI_UNIT ( .MILLI., .METRE. ) );
#201 = ORIENTED_EDGE ( 'NONE', *, *, #4323, .F. ) ;
#202 = DIRECTION ( 'NONE',  ( -0.2079116908177577883, -0.9781476007338059109, 0.0000000000000000000 ) ) ;
#203 = DIRECTION ( 'NONE',  ( 3.252606517456512316E-16, 0.0000000000000000000, 1.000000000000000000 ) ) ;
#204 = EDGE_LOOP ( 'NONE', ( #4259, #401, #3447, #4211, #4344, #3321 ) ) ;
#205 = AXIS2_PLACEMENT_3D ( 'NONE', #5371, #4890, #3601 ) ;
#206 = STYLED_ITEM ( 'NONE', ( #5273 ), #4719 ) ;
#207 = FILL_AREA_STYLE_COLOUR ( '', #55 ) ;
#208 = PRODUCT_DEFINITION_SHAPE ( 'NONE', 'NONE',  #2515 ) ;
#209 =( LENGTH_UNIT ( ) NAMED_UNIT ( * ) SI_UNIT ( .MILLI., .METRE. ) );
#210 = CARTESIAN_POINT ( 'NONE',  ( -2.890000000000000568, 0.2999999999999990452, -5.429999999999999716 ) ) ;
#211 = COLOUR_RGB ( '',0.1254901960784313708, 0.1254901960784313708, 0.1254901960784313708 ) ;
#212 = PRESENTATION_STYLE_ASSIGNMENT (( #1544 ) ) ;
#213 = MECHANICAL_DESIGN_GEOMETRIC_PRESENTATION_REPRESENTATION (  '', ( #218 ), #3236 ) ;
#214 =( LENGTH_UNIT ( ) NAMED_UNIT ( * ) SI_UNIT ( .MILLI., .METRE. ) );
#215 = ORIENTED_EDGE ( 'NONE', *, *, #1824, .T. ) ;
#216 = DIRECTION ( 'NONE',  ( -0.0000000000000000000, 1.000000000000000000, -0.0000000000000000000 ) ) ;
#217 = PRESENTATION_STYLE_ASSIGNMENT (( #3411 ) ) ;
#218 = STYLED_ITEM ( 'NONE', ( #1299 ), #3418 ) ;
#219 = SURFACE_STYLE_FILL_AREA ( #675 ) ;
#220 = PRESENTATION_STYLE_ASSIGNMENT (( #2509 ) ) ;
#221 = FILL_AREA_STYLE_COLOUR ( '', #3167 ) ;
#222 = ORIENTED_EDGE ( 'NONE', *, *, #2915, .T. ) ;
#223 = MECHANICAL_DESIGN_GEOMETRIC_PRESENTATION_REPRESENTATION (  '', ( #5096 ), #3999 ) ;
#224 = VERTEX_POINT ( 'NONE', #3303 ) ;
#225 = SURFACE_SIDE_STYLE ('',( #3187 ) ) ;
#226 = EDGE_CURVE ( 'NONE', #1480, #5182, #687, .T. ) ;
#227 =( NAMED_UNIT ( * ) PLANE_ANGLE_UNIT ( ) SI_UNIT ( $, .RADIAN. ) );
#228 = FILL_AREA_STYLE ('',( #3867 ) ) ;
#229 = CARTESIAN_POINT ( 'NONE',  ( -2.683721719164989583, -3.149999999999999911, -7.870000000000000107 ) ) ;
#230 =( NAMED_UNIT ( * ) PLANE_ANGLE_UNIT ( ) SI_UNIT ( $, .RADIAN. ) );
#231 = ORIENTED_EDGE ( 'NONE', *, *, #386, .T. ) ;
#232 = EDGE_CURVE ( 'NONE', #4534, #3307, #5110, .T. ) ;
#233 = STYLED_ITEM ( 'NONE', ( #658 ), #5520 ) ;
#234 =( NAMED_UNIT ( * ) SI_UNIT ( $, .STERADIAN. ) SOLID_ANGLE_UNIT ( ) );
#235 = COLOUR_RGB ( '',0.2509803921568627416, 0.2509803921568627416, 0.2509803921568627416 ) ;
#236 = ORIENTED_EDGE ( 'NONE', *, *, #1496, .F. ) ;
#237 = ADVANCED_FACE ( 'NONE', ( #1906 ), #2894, .F. ) ;
#238 = LINE ( 'NONE', #1937, #4197 ) ;
#239 = CARTESIAN_POINT ( 'NONE',  ( -0.1437217191649895198, -3.149999999999999911, -5.330000000000000959 ) ) ;
#240 = CARTESIAN_POINT ( 'NONE',  ( -2.890000000000000124, 0.2999999999999990452, 0.3500000000000001443 ) ) ;
#241 = ORIENTED_EDGE ( 'NONE', *, *, #1328, .T. ) ;
#242 = STYLED_ITEM ( 'NONE', ( #1037 ), #12 ) ;
#243 = ORIENTED_EDGE ( 'NONE', *, *, #1313, .T. ) ;
#244 = UNCERTAINTY_MEASURE_WITH_UNIT (LENGTH_MEASURE( 1.000000000000000082E-05 ), #1081, 'distance_accuracy_value', 'NONE');
#245 = FILL_AREA_STYLE ('',( #207 ) ) ;
#246 = MECHANICAL_DESIGN_GEOMETRIC_PRESENTATION_REPRESENTATION (  '', ( #5024 ), #4013 ) ;
#247 = FILL_AREA_STYLE ('',( #5651 ) ) ;
#248 = DIRECTION ( 'NONE',  ( -1.548860246407863583E-16, 0.0000000000000000000, -1.000000000000000000 ) ) ;
#249 = MECHANICAL_DESIGN_GEOMETRIC_PRESENTATION_REPRESENTATION (  '', ( #3169 ), #3546 ) ;
#250 = CARTESIAN_POINT ( 'NONE',  ( 1.269999999999998908, 0.0000000000000000000, -8.890000000000000568 ) ) ;
#251 = MECHANICAL_DESIGN_GEOMETRIC_PRESENTATION_REPRESENTATION (  '', ( #5309 ), #4932 ) ;
#252 =( GEOMETRIC_REPRESENTATION_CONTEXT ( 3 ) GLOBAL_UNCERTAINTY_ASSIGNED_CONTEXT ( ( #4429 ) ) GLOBAL_UNIT_ASSIGNED_CONTEXT ( ( #4945, #1395, #3204 ) ) REPRESENTATION_CONTEXT ( 'NONE', 'WORKASPACE' ) );
#253 = ORIENTED_EDGE ( 'NONE', *, *, #186, .F. ) ;
#254 = CARTESIAN_POINT ( 'NONE',  ( -0.7500000000000032196, 4.500000000000000000, -5.429999999999999716 ) ) ;
#255 = FILL_AREA_STYLE_COLOUR ( '', #3941 ) ;
#256 = STYLED_ITEM ( 'NONE', ( #4074 ), #4237 ) ;
#257 =( NAMED_UNIT ( * ) SI_UNIT ( $, .STERADIAN. ) SOLID_ANGLE_UNIT ( ) );
#258 = ORIENTED_EDGE ( 'NONE', *, *, #1950, .F. ) ;
#259 = VECTOR ( 'NONE', #614, 1000.000000000000000 ) ;
#260 = VERTEX_POINT ( 'NONE', #3428 ) ;
#261 = UNCERTAINTY_MEASURE_WITH_UNIT (LENGTH_MEASURE( 1.000000000000000082E-05 ), #1509, 'distance_accuracy_value', 'NONE');
#262 = VECTOR ( 'NONE', #1677, 1000.000000000000000 ) ;
#263 = SURFACE_STYLE_FILL_AREA ( #4308 ) ;
#264 = VECTOR ( 'NONE', #4729, 1000.000000000000000 ) ;
#265 = SURFACE_STYLE_USAGE ( .BOTH. , #382 ) ;
#266 = DIRECTION ( 'NONE',  ( 1.000000000000000000, 0.0000000000000000000, -1.084202172485504187E-16 ) ) ;
#267 = PRESENTATION_STYLE_ASSIGNMENT (( #5138 ) ) ;
#268 = VECTOR ( 'NONE', #192, 1000.000000000000000 ) ;
#269 = UNCERTAINTY_MEASURE_WITH_UNIT (LENGTH_MEASURE( 1.000000000000000082E-05 ), #3180, 'distance_accuracy_value', 'NONE');
#270 =( NAMED_UNIT ( * ) PLANE_ANGLE_UNIT ( ) SI_UNIT ( $, .RADIAN. ) );
#271 = VERTEX_POINT ( 'NONE', #3983 ) ;
#272 =( LENGTH_UNIT ( ) NAMED_UNIT ( * ) SI_UNIT ( .MILLI., .METRE. ) );
#273 = CARTESIAN_POINT ( 'NONE',  ( -2.890000000000000124, 4.500000000000000000, 0.7500000000000029976 ) ) ;
#274 = SURFACE_STYLE_FILL_AREA ( #1661 ) ;
#275 = CARTESIAN_POINT ( 'NONE',  ( -2.890000000000000124, 4.099999999999998757, -0.3499999999999997002 ) ) ;
#276 = EDGE_CURVE ( 'NONE', #3811, #1006, #1660, .T. ) ;
#277 =( LENGTH_UNIT ( ) NAMED_UNIT ( * ) SI_UNIT ( .MILLI., .METRE. ) );
#278 = VERTEX_POINT ( 'NONE', #2162 ) ;
#279 = PRESENTATION_STYLE_ASSIGNMENT (( #4326 ) ) ;
#280 = FACE_OUTER_BOUND ( 'NONE', #5636, .T. ) ;
#281 = DIRECTION ( 'NONE',  ( 0.0000000000000000000, 0.7071067811865460184, 0.7071067811865490160 ) ) ;
#282 = PRESENTATION_STYLE_ASSIGNMENT (( #4329 ) ) ;
#283 = LINE ( 'NONE', #3911, #2047 ) ;
#284 = EDGE_CURVE ( 'NONE', #1473, #1597, #3540, .T. ) ;
#285 = VECTOR ( 'NONE', #2211, 1000.000000000000000 ) ;
#286 = ORIENTED_EDGE ( 'NONE', *, *, #4382, .F. ) ;
#287 = SURFACE_SIDE_STYLE ('',( #5654 ) ) ;
#288 = PLANE ( 'NONE',  #898 ) ;
#289 = DIRECTION ( 'NONE',  ( -0.7071067811865489050, -0.7071067811865460184, 0.0000000000000000000 ) ) ;
#290 = PRESENTATION_STYLE_ASSIGNMENT (( #5240 ) ) ;
#291 =( NAMED_UNIT ( * ) PLANE_ANGLE_UNIT ( ) SI_UNIT ( $, .RADIAN. ) );
#292 = FILL_AREA_STYLE ('',( #1649 ) ) ;
#293 = VERTEX_POINT ( 'NONE', #1624 ) ;
#294 = VECTOR ( 'NONE', #1002, 1000.000000000000000 ) ;
#295 = LINE ( 'NONE', #4792, #64 ) ;
#296 = LINE ( 'NONE', #3892, #864 ) ;
#297 = CARTESIAN_POINT ( 'NONE',  ( 0.1437217191649883818, -3.149999999999999911, -2.290000000000000036 ) ) ;
#298 = VECTOR ( 'NONE', #2163, 1000.000000000000000 ) ;
#299 = ORIENTED_EDGE ( 'NONE', *, *, #1283, .T. ) ;
#300 = ORIENTED_EDGE ( 'NONE', *, *, #5727, .T. ) ;
#301 =( LENGTH_UNIT ( ) NAMED_UNIT ( * ) SI_UNIT ( .MILLI., .METRE. ) );
#302 = DIRECTION ( 'NONE',  ( 0.0000000000000000000, -1.000000000000000000, 0.0000000000000000000 ) ) ;
#303 = STYLED_ITEM ( 'NONE', ( #1342 ), #5070 ) ;
#304 =( NAMED_UNIT ( * ) PLANE_ANGLE_UNIT ( ) SI_UNIT ( $, .RADIAN. ) );
#305 = ORIENTED_EDGE ( 'NONE', *, *, #1907, .T. ) ;
#306 = SURFACE_SIDE_STYLE ('',( #3465 ) ) ;
#307 = UNCERTAINTY_MEASURE_WITH_UNIT (LENGTH_MEASURE( 1.000000000000000082E-05 ), #2786, 'distance_accuracy_value', 'NONE');
#308 = SURFACE_SIDE_STYLE ('',( #4351 ) ) ;
#309 = LINE ( 'NONE', #4808, #3959 ) ;
#310 =( GEOMETRIC_REPRESENTATION_CONTEXT ( 3 ) GLOBAL_UNCERTAINTY_ASSIGNED_CONTEXT ( ( #4374 ) ) GLOBAL_UNIT_ASSIGNED_CONTEXT ( ( #3640, #3671, #573 ) ) REPRESENTATION_CONTEXT ( 'NONE', 'WORKASPACE' ) );
#311 = EDGE_CURVE ( 'NONE', #436, #5547, #5721, .T. ) ;
#312 = EDGE_CURVE ( 'NONE', #5003, #4169, #2579, .T. ) ;
#313 = SURFACE_STYLE_FILL_AREA ( #3468 ) ;
#314 = ADVANCED_FACE ( 'NONE', ( #1218 ), #5282, .F. ) ;
#315 = UNCERTAINTY_MEASURE_WITH_UNIT (LENGTH_MEASURE( 1.000000000000000082E-05 ), #1515, 'distance_accuracy_value', 'NONE');
#316 = EDGE_CURVE ( 'NONE', #322, #3811, #1117, .T. ) ;
#317 = PRESENTATION_STYLE_ASSIGNMENT (( #4629 ) ) ;
#318 = SURFACE_STYLE_FILL_AREA ( #763 ) ;
#319 = STYLED_ITEM ( 'NONE', ( #486 ), #2123 ) ;
#320 = PLANE ( 'NONE',  #985 ) ;
#321 = LINE ( 'NONE', #4004, #5574 ) ;
#322 = VERTEX_POINT ( 'NONE', #229 ) ;
#323 = UNCERTAINTY_MEASURE_WITH_UNIT (LENGTH_MEASURE( 1.000000000000000082E-05 ), #2082, 'distance_accuracy_value', 'NONE');
#324 = COLOUR_RGB ( '',1.000000000000000000, 1.000000000000000000, 0.5019607843137254832 ) ;
#325 = PLANE ( 'NONE',  #1977 ) ;
#326 =( LENGTH_UNIT ( ) NAMED_UNIT ( * ) SI_UNIT ( .MILLI., .METRE. ) );
#327 =( LENGTH_UNIT ( ) NAMED_UNIT ( * ) SI_UNIT ( .MILLI., .METRE. ) );
#328 = PRESENTATION_LAYER_ASSIGNMENT (  '', '', ( #5368 ) ) ;
#329 = ORIENTED_EDGE ( 'NONE', *, *, #177, .F. ) ;
#330 = CARTESIAN_POINT ( 'NONE',  ( 0.0000000000000000000, 0.0000000000000000000, 0.0000000000000000000 ) ) ;
#331 = MECHANICAL_DESIGN_GEOMETRIC_PRESENTATION_REPRESENTATION (  '', ( #2396 ), #5729 ) ;
#332 =( NAMED_UNIT ( * ) SI_UNIT ( $, .STERADIAN. ) SOLID_ANGLE_UNIT ( ) );
#333 = PLANE ( 'NONE',  #2151 ) ;
#334 = CARTESIAN_POINT ( 'NONE',  ( -0.1437217191649887149, -3.149999999999999911, -2.290000000000000036 ) ) ;
#335 = EDGE_LOOP ( 'NONE', ( #2398, #2023, #5617, #3027 ) ) ;
#336 = LINE ( 'NONE', #3548, #620 ) ;
#337 = CARTESIAN_POINT ( 'NONE',  ( -2.423333333333334672, 3.866666666666663588, -4.963333333333334707 ) ) ;
#338 = PLANE ( 'NONE',  #2040 ) ;
#339 = LINE ( 'NONE', #2538, #1007 ) ;
#340 = AXIS2_PLACEMENT_3D ( 'NONE', #1431, #558, #1030 ) ;
#341 = EDGE_CURVE ( 'NONE', #143, #453, #2419, .T. ) ;
#342 = AXIS2_PLACEMENT_3D ( 'NONE', #2444, #4244, #1991 ) ;
#343 = FILL_AREA_STYLE_COLOUR ( '', #2378 ) ;
#344 = VECTOR ( 'NONE', #4673, 1000.000000000000000 ) ;
#345 = SURFACE_STYLE_USAGE ( .BOTH. , #1108 ) ;
#346 = COLOUR_RGB ( '',1.000000000000000000, 1.000000000000000000, 0.5019607843137254832 ) ;
#347 = CARTESIAN_POINT ( 'NONE',  ( -0.3500000000000000333, 4.100000000000000533, 0.3499999999999999223 ) ) ;
#348 = VECTOR ( 'NONE', #3175, 1000.000000000000000 ) ;
#349 = EDGE_CURVE ( 'NONE', #707, #2904, #2847, .T. ) ;
#350 = ORIENTED_EDGE ( 'NONE', *, *, #4801, .T. ) ;
#351 = VECTOR ( 'NONE', #1913, 1000.000000000000000 ) ;
#352 = DIRECTION ( 'NONE',  ( -0.0000000000000000000, 0.0000000000000000000, 1.000000000000000000 ) ) ;
#353 =( NAMED_UNIT ( * ) PLANE_ANGLE_UNIT ( ) SI_UNIT ( $, .RADIAN. ) );
#354 = COLOUR_RGB ( '',0.5019607843137254832, 0.5019607843137254832, 0.5019607843137254832 ) ;
#355 = MECHANICAL_DESIGN_GEOMETRIC_PRESENTATION_REPRESENTATION (  '', ( #3846 ), #5586 ) ;
#356 = ORIENTED_EDGE ( 'NONE', *, *, #4130, .F. ) ;
#357 = EDGE_CURVE ( 'NONE', #1529, #1556, #647, .T. ) ;
#358 = VECTOR ( 'NONE', #1842, 1000.000000000000114 ) ;
#359 = VECTOR ( 'NONE', #3709, 1000.000000000000000 ) ;
#360 =( NAMED_UNIT ( * ) SI_UNIT ( $, .STERADIAN. ) SOLID_ANGLE_UNIT ( ) );
#361 = VECTOR ( 'NONE', #3227, 1000.000000000000000 ) ;
#362 = DIRECTION ( 'NONE',  ( 0.0000000000000000000, 0.0000000000000000000, -1.000000000000000000 ) ) ;
#363 =( LENGTH_UNIT ( ) NAMED_UNIT ( * ) SI_UNIT ( .MILLI., .METRE. ) );
#364 =( LENGTH_UNIT ( ) NAMED_UNIT ( * ) SI_UNIT ( .MILLI., .METRE. ) );
#365 = VECTOR ( 'NONE', #5595, 1000.000000000000000 ) ;
#366 = PRESENTATION_STYLE_ASSIGNMENT (( #4422 ) ) ;
#367 = ORIENTED_EDGE ( 'NONE', *, *, #2591, .F. ) ;
#368 = FILL_AREA_STYLE_COLOUR ( '', #1229 ) ;
#369 = UNCERTAINTY_MEASURE_WITH_UNIT (LENGTH_MEASURE( 1.000000000000000082E-05 ), #4180, 'distance_accuracy_value', 'NONE');
#370 = SURFACE_STYLE_USAGE ( .BOTH. , #1699 ) ;
#371 = CARTESIAN_POINT ( 'NONE',  ( -0.3500000000000006994, 4.099999999999998757, -7.969999999999999751 ) ) ;
#372 = ADVANCED_FACE ( 'NONE', ( #5101 ), #4216, .F. ) ;
#373 = VECTOR ( 'NONE', #1635, 1000.000000000000000 ) ;
#374 = DIRECTION ( 'NONE',  ( 1.084202172485504311E-16, 0.0000000000000000000, 1.000000000000000000 ) ) ;
#375 = COLOUR_RGB ( '',1.000000000000000000, 1.000000000000000000, 0.5019607843137254832 ) ;
#376 = DIRECTION ( 'NONE',  ( 0.0000000000000000000, 1.000000000000000000, 0.0000000000000000000 ) ) ;
#377 = ORIENTED_EDGE ( 'NONE', *, *, #1222, .T. ) ;
#378 = VECTOR ( 'NONE', #2238, 1000.000000000000000 ) ;
#379 = PLANE ( 'NONE',  #63 ) ;
#380 = LINE ( 'NONE', #5747, #5186 ) ;
#381 = EDGE_CURVE ( 'NONE', #3730, #322, #3893, .T. ) ;
#382 = SURFACE_SIDE_STYLE ('',( #1265 ) ) ;
#383 = LINE ( 'NONE', #5277, #1263 ) ;
#384 = LINE ( 'NONE', #4038, #2609 ) ;
#385 = ORIENTED_EDGE ( 'NONE', *, *, #4127, .F. ) ;
#386 = EDGE_CURVE ( 'NONE', #4170, #1169, #4307, .T. ) ;
#387 = CARTESIAN_POINT ( 'NONE',  ( -2.423333333333334227, 3.866666666666665808, 0.1166666666666662383 ) ) ;
#388 =( GEOMETRIC_REPRESENTATION_CONTEXT ( 3 ) GLOBAL_UNCERTAINTY_ASSIGNED_CONTEXT ( ( #2088 ) ) GLOBAL_UNIT_ASSIGNED_CONTEXT ( ( #941, #4034, #3148 ) ) REPRESENTATION_CONTEXT ( 'NONE', 'WORKASPACE' ) );
#389 = CARTESIAN_POINT ( 'NONE',  ( -2.189999999999999947, 0.2999999999999990452, -0.3499999999999998113 ) ) ;
#390 = VERTEX_POINT ( 'NONE', #4794 ) ;
#391 = DIRECTION ( 'NONE',  ( -1.084202172485504187E-16, 0.0000000000000000000, -1.000000000000000000 ) ) ;
#392 = ORIENTED_EDGE ( 'NONE', *, *, #639, .F. ) ;
#393 = PLANE ( 'NONE',  #5656 ) ;
#394 = CARTESIAN_POINT ( 'NONE',  ( -2.790000000000000924, -2.649999999999994138, -5.330000000000000959 ) ) ;
#395 =( NAMED_UNIT ( * ) SI_UNIT ( $, .STERADIAN. ) SOLID_ANGLE_UNIT ( ) );
#396 = VECTOR ( 'NONE', #5490, 1000.000000000000000 ) ;
#397 = CARTESIAN_POINT ( 'NONE',  ( -2.790000000000000924, 0.0000000000000000000, -5.330000000000000959 ) ) ;
#398 = CARTESIAN_POINT ( 'NONE',  ( -0.2500000000000003886, -3.149999999999999911, -2.790000000000000480 ) ) ;
#399 = COLOUR_RGB ( '',0.5019607843137254832, 0.5019607843137254832, 0.5019607843137254832 ) ;
#400 = FACE_OUTER_BOUND ( 'NONE', #1293, .T. ) ;
#401 = ORIENTED_EDGE ( 'NONE', *, *, #316, .T. ) ;
#402 = CARTESIAN_POINT ( 'NONE',  ( -2.290000000000000480, -3.149999999999999911, -7.370000000000000107 ) ) ;
#403 = VERTEX_POINT ( 'NONE', #1706 ) ;
#404 =( GEOMETRIC_REPRESENTATION_CONTEXT ( 3 ) GLOBAL_UNCERTAINTY_ASSIGNED_CONTEXT ( ( #2246 ) ) GLOBAL_UNIT_ASSIGNED_CONTEXT ( ( #5706, #4866, #395 ) ) REPRESENTATION_CONTEXT ( 'NONE', 'WORKASPACE' ) );
#405 =( GEOMETRIC_REPRESENTATION_CONTEXT ( 3 ) GLOBAL_UNCERTAINTY_ASSIGNED_CONTEXT ( ( #608 ) ) GLOBAL_UNIT_ASSIGNED_CONTEXT ( ( #3534, #3207, #4061 ) ) REPRESENTATION_CONTEXT ( 'NONE', 'WORKASPACE' ) );
#406 = SURFACE_SIDE_STYLE ('',( #3564 ) ) ;
#407 = AXIS2_PLACEMENT_3D ( 'NONE', #5390, #1517, #4624 ) ;
#408 = PRESENTATION_STYLE_ASSIGNMENT (( #4876 ) ) ;
#409 = ORIENTED_EDGE ( 'NONE', *, *, #4194, .F. ) ;
#410 = VECTOR ( 'NONE', #1701, 1000.000000000000000 ) ;
#411 = VECTOR ( 'NONE', #5451, 1000.000000000000000 ) ;
#412 = ADVANCED_FACE ( 'NONE', ( #2983 ), #797, .F. ) ;
#413 = EDGE_CURVE ( 'NONE', #2558, #1185, #1685, .T. ) ;
#414 = DIRECTION ( 'NONE',  ( -1.000000000000000000, 0.0000000000000000000, 1.548860246407863583E-16 ) ) ;
#415 =( LENGTH_UNIT ( ) NAMED_UNIT ( * ) SI_UNIT ( .MILLI., .METRE. ) );
#416 = SURFACE_SIDE_STYLE ('',( #4825 ) ) ;
#417 = AXIS2_PLACEMENT_3D ( 'NONE', #1629, #2043, #5202 ) ;
#418 = EDGE_CURVE ( 'NONE', #3334, #3632, #2602, .T. ) ;
#419 = CARTESIAN_POINT ( 'NONE',  ( -2.890000000000000568, 4.099999999999996980, -4.730000000000000426 ) ) ;
#420 = ORIENTED_EDGE ( 'NONE', *, *, #3125, .T. ) ;
#421 = FILL_AREA_STYLE ('',( #3939 ) ) ;
#422 = CARTESIAN_POINT ( 'NONE',  ( -2.396278280835011820, -3.149999999999999911, -5.330000000000000959 ) ) ;
#423 = LINE ( 'NONE', #935, #410 ) ;
#424 =( GEOMETRIC_REPRESENTATION_CONTEXT ( 3 ) GLOBAL_UNCERTAINTY_ASSIGNED_CONTEXT ( ( #2196 ) ) GLOBAL_UNIT_ASSIGNED_CONTEXT ( ( #277, #3078, #893 ) ) REPRESENTATION_CONTEXT ( 'NONE', 'WORKASPACE' ) );
#425 = SURFACE_SIDE_STYLE ('',( #872 ) ) ;
#426 = UNCERTAINTY_MEASURE_WITH_UNIT (LENGTH_MEASURE( 1.000000000000000082E-05 ), #2811, 'distance_accuracy_value', 'NONE');
#427 = COLOUR_RGB ( '',1.000000000000000000, 1.000000000000000000, 0.5019607843137254832 ) ;
#428 = SURFACE_SIDE_STYLE ('',( #2676 ) ) ;
#429 = DIRECTION ( 'NONE',  ( -0.0000000000000000000, 1.000000000000000000, -0.0000000000000000000 ) ) ;
#430 = DIRECTION ( 'NONE',  ( 3.252606517456512316E-16, -0.0000000000000000000, 1.000000000000000000 ) ) ;
#431 =( GEOMETRIC_REPRESENTATION_CONTEXT ( 3 ) GLOBAL_UNCERTAINTY_ASSIGNED_CONTEXT ( ( #4933 ) ) GLOBAL_UNIT_ASSIGNED_CONTEXT ( ( #3247, #1826, #3658 ) ) REPRESENTATION_CONTEXT ( 'NONE', 'WORKASPACE' ) );
#432 = ORIENTED_EDGE ( 'NONE', *, *, #4155, .F. ) ;
#433 = PLANE ( 'NONE',  #1104 ) ;
#434 = SURFACE_STYLE_USAGE ( .BOTH. , #4437 ) ;
#435 =( LENGTH_UNIT ( ) NAMED_UNIT ( * ) SI_UNIT ( .MILLI., .METRE. ) );
#436 = VERTEX_POINT ( 'NONE', #2155 ) ;
#437 =( GEOMETRIC_REPRESENTATION_CONTEXT ( 3 ) GLOBAL_UNCERTAINTY_ASSIGNED_CONTEXT ( ( #4033 ) ) GLOBAL_UNIT_ASSIGNED_CONTEXT ( ( #4835, #2620, #2272 ) ) REPRESENTATION_CONTEXT ( 'NONE', 'WORKASPACE' ) );
#438 = STYLED_ITEM ( 'NONE', ( #5735 ), #4188 ) ;
#439 = CARTESIAN_POINT ( 'NONE',  ( -0.3500000000000006994, 4.099999999999998757, -7.969999999999999751 ) ) ;
#440 = DIRECTION ( 'NONE',  ( 0.0000000000000000000, 0.0000000000000000000, 1.000000000000000000 ) ) ;
#441 = CARTESIAN_POINT ( 'NONE',  ( -2.890000000000000568, 0.2999999999999990452, -5.429999999999999716 ) ) ;
#442 = PRESENTATION_LAYER_ASSIGNMENT (  '', '', ( #5754 ) ) ;
#443 =( NAMED_UNIT ( * ) SI_UNIT ( $, .STERADIAN. ) SOLID_ANGLE_UNIT ( ) );
#444 = STYLED_ITEM ( 'NONE', ( #1146 ), #4471 ) ;
#445 = FILL_AREA_STYLE_COLOUR ( '', #2213 ) ;
#446 = EDGE_CURVE ( 'NONE', #533, #3830, #3952, .T. ) ;
#447 = ORIENTED_EDGE ( 'NONE', *, *, #1995, .T. ) ;
#448 = CARTESIAN_POINT ( 'NONE',  ( -2.790000000000000036, 0.0000000000000000000, 0.2500000000000002776 ) ) ;
#449 = CARTESIAN_POINT ( 'NONE',  ( -3.810000000000000941, 0.0000000000000000000, -8.890000000000000568 ) ) ;
#450 = ORIENTED_EDGE ( 'NONE', *, *, #4718, .F. ) ;
#451 = ADVANCED_FACE ( 'NONE', ( #4845 ), #379, .F. ) ;
#452 = VECTOR ( 'NONE', #2451, 1000.000000000000000 ) ;
#453 = VERTEX_POINT ( 'NONE', #4898 ) ;
#454 = CARTESIAN_POINT ( 'NONE',  ( -0.3500000000000004774, 4.099999999999998757, -5.429999999999999716 ) ) ;
#455 = FILL_AREA_STYLE ('',( #4456 ) ) ;
#456 = EDGE_CURVE ( 'NONE', #1529, #2192, #1731, .T. ) ;
#457 = FILL_AREA_STYLE ('',( #3688 ) ) ;
#458 = CARTESIAN_POINT ( 'NONE',  ( -2.190000000000000391, 4.099999999999996980, -2.889999999999999680 ) ) ;
#459 = ORIENTED_EDGE ( 'NONE', *, *, #1688, .T. ) ;
#460 = PLANE ( 'NONE',  #3677 ) ;
#461 = CARTESIAN_POINT ( 'NONE',  ( -2.790000000000000924, -3.149999999999999911, -7.370000000000000107 ) ) ;
#462 = DIRECTION ( 'NONE',  ( -0.7071067811865494601, 0.7071067811865455743, 0.0000000000000000000 ) ) ;
#463 = ORIENTED_EDGE ( 'NONE', *, *, #1784, .F. ) ;
#464 =( NAMED_UNIT ( * ) SI_UNIT ( $, .STERADIAN. ) SOLID_ANGLE_UNIT ( ) );
#465 = SURFACE_SIDE_STYLE ('',( #1900 ) ) ;
#466 = CARTESIAN_POINT ( 'NONE',  ( -2.890000000000000124, 4.099999999999998757, 0.3500000000000001443 ) ) ;
#467 = CARTESIAN_POINT ( 'NONE',  ( -0.3500000000000000333, 0.2999999999999990452, -0.3499999999999999223 ) ) ;
#468 = PLANE ( 'NONE',  #2689 ) ;
#469 = VECTOR ( 'NONE', #3590, 1000.000000000000000 ) ;
#470 = VERTEX_POINT ( 'NONE', #1813 ) ;
#471 = SURFACE_STYLE_USAGE ( .BOTH. , #3193 ) ;
#472 = SURFACE_STYLE_FILL_AREA ( #4963 ) ;
#473 = ORIENTED_EDGE ( 'NONE', *, *, #4966, .F. ) ;
#474 = DIRECTION ( 'NONE',  ( 0.2079116908177564282, 0.9781476007338061329, -2.254183068697460020E-17 ) ) ;
#475 = VECTOR ( 'NONE', #1219, 1000.000000000000000 ) ;
#476 =( NAMED_UNIT ( * ) SI_UNIT ( $, .STERADIAN. ) SOLID_ANGLE_UNIT ( ) );
#477 = PLANE ( 'NONE',  #4631 ) ;
#478 = EDGE_LOOP ( 'NONE', ( #3874, #5664, #2780, #4823 ) ) ;
#479 = EDGE_CURVE ( 'NONE', #4691, #4434, #3150, .T. ) ;
#480 = DIRECTION ( 'NONE',  ( -1.548860246407863583E-16, 0.0000000000000000000, -1.000000000000000000 ) ) ;
#481 = SURFACE_STYLE_USAGE ( .BOTH. , #4868 ) ;
#482 = LINE ( 'NONE', #5770, #2745 ) ;
#483 = EDGE_LOOP ( 'NONE', ( #4850, #1690, #1555, #2912 ) ) ;
#484 = UNCERTAINTY_MEASURE_WITH_UNIT (LENGTH_MEASURE( 1.000000000000000082E-05 ), #1427, 'distance_accuracy_value', 'NONE');
#485 = DIRECTION ( 'NONE',  ( -1.084202172485504311E-16, 0.0000000000000000000, -1.000000000000000000 ) ) ;
#486 = PRESENTATION_STYLE_ASSIGNMENT (( #1790 ) ) ;
#487 = PRESENTATION_STYLE_ASSIGNMENT (( #434 ) ) ;
#488 =( NAMED_UNIT ( * ) SI_UNIT ( $, .STERADIAN. ) SOLID_ANGLE_UNIT ( ) );
#489 = CARTESIAN_POINT ( 'NONE',  ( -2.890000000000000568, 0.2999999999999990452, -7.969999999999999751 ) ) ;
#490 = EDGE_LOOP ( 'NONE', ( #3594, #957, #4282, #2153 ) ) ;
#491 = AXIS2_PLACEMENT_3D ( 'NONE', #5311, #4466, #440 ) ;
#492 = VECTOR ( 'NONE', #4584, 1000.000000000000114 ) ;
#493 = UNCERTAINTY_MEASURE_WITH_UNIT (LENGTH_MEASURE( 1.000000000000000082E-05 ), #4415, 'distance_accuracy_value', 'NONE');
#494 = FILL_AREA_STYLE ('',( #2663 ) ) ;
#495 = DIRECTION ( 'NONE',  ( 0.0000000000000000000, 1.000000000000000000, 0.0000000000000000000 ) ) ;
#496 = CARTESIAN_POINT ( 'NONE',  ( 0.3500000000000000333, 0.2999999999999990452, 0.3499999999999999223 ) ) ;
#497 = VECTOR ( 'NONE', #5429, 1000.000000000000114 ) ;
#498 = CARTESIAN_POINT ( 'NONE',  ( -2.890000000000000124, 0.2999999999999990452, 0.3500000000000001443 ) ) ;
#499 = UNCERTAINTY_MEASURE_WITH_UNIT (LENGTH_MEASURE( 1.000000000000000082E-05 ), #5381, 'distance_accuracy_value', 'NONE');
#500 = DIRECTION ( 'NONE',  ( 0.7071067811865455743, 0.7071067811865494601, 0.0000000000000000000 ) ) ;
#501 = EDGE_LOOP ( 'NONE', ( #5308, #4566, #1447, #2087 ) ) ;
#502 =( NAMED_UNIT ( * ) SI_UNIT ( $, .STERADIAN. ) SOLID_ANGLE_UNIT ( ) );
#503 = SURFACE_STYLE_USAGE ( .BOTH. , #1409 ) ;
#504 = ORIENTED_EDGE ( 'NONE', *, *, #934, .F. ) ;
#505 = MECHANICAL_DESIGN_GEOMETRIC_PRESENTATION_REPRESENTATION (  '', ( #3337 ), #2390 ) ;
#506 = STYLED_ITEM ( 'NONE', ( #2597 ), #3524 ) ;
#507 = CARTESIAN_POINT ( 'NONE',  ( 0.1267022036416997621, -3.230070525179599361, -5.330000000000000959 ) ) ;
#508 = VERTEX_POINT ( 'NONE', #515 ) ;
#509 = ORIENTED_EDGE ( 'NONE', *, *, #1049, .F. ) ;
#510 = LINE ( 'NONE', #2305, #351 ) ;
#511 =( NAMED_UNIT ( * ) PLANE_ANGLE_UNIT ( ) SI_UNIT ( $, .RADIAN. ) );
#512 = PLANE ( 'NONE',  #1560 ) ;
#513 = DIRECTION ( 'NONE',  ( 1.000000000000000000, 0.0000000000000000000, 0.0000000000000000000 ) ) ;
#514 = EDGE_LOOP ( 'NONE', ( #775, #4895, #79, #1113 ) ) ;
#515 = CARTESIAN_POINT ( 'NONE',  ( -0.3500000000000004774, 4.099999999999998757, -5.429999999999999716 ) ) ;
#516 = EDGE_CURVE ( 'NONE', #3958, #581, #5304, .T. ) ;
#517 = CARTESIAN_POINT ( 'NONE',  ( -2.290000000000000036, -3.149999999999999911, -0.2499999999999998890 ) ) ;
#518 = CARTESIAN_POINT ( 'NONE',  ( -2.790000000000000924, 0.0000000000000000000, -7.870000000000000107 ) ) ;
#519 = FILL_AREA_STYLE ('',( #4900 ) ) ;
#520 = VERTEX_POINT ( 'NONE', #1347 ) ;
#521 =( GEOMETRIC_REPRESENTATION_CONTEXT ( 3 ) GLOBAL_UNCERTAINTY_ASSIGNED_CONTEXT ( ( #4070 ) ) GLOBAL_UNIT_ASSIGNED_CONTEXT ( ( #197, #270, #748 ) ) REPRESENTATION_CONTEXT ( 'NONE', 'WORKASPACE' ) );
#522 = SURFACE_STYLE_FILL_AREA ( #1997 ) ;
#523 = PRESENTATION_STYLE_ASSIGNMENT (( #2239 ) ) ;
#524 = CARTESIAN_POINT ( 'NONE',  ( -2.890000000000000568, 4.099999999999996980, -4.730000000000000426 ) ) ;
#525 = COLOUR_RGB ( '',0.2509803921568627416, 0.2509803921568627416, 0.2509803921568627416 ) ;
#526 = AXIS2_PLACEMENT_3D ( 'NONE', #4306, #741, #4628 ) ;
#527 = EDGE_CURVE ( 'NONE', #1366, #1473, #4976, .T. ) ;
#528 = ORIENTED_EDGE ( 'NONE', *, *, #3780, .T. ) ;
#529 = CARTESIAN_POINT ( 'NONE',  ( -2.190000000000000391, 0.2999999999999990452, -5.430000000000000604 ) ) ;
#530 = VERTEX_POINT ( 'NONE', #2734 ) ;
#531 = AXIS2_PLACEMENT_3D ( 'NONE', #2860, #1437, #202 ) ;
#532 = DIRECTION ( 'NONE',  ( 1.000000000000000000, 0.0000000000000000000, -1.548860246407863583E-16 ) ) ;
#533 = VERTEX_POINT ( 'NONE', #2755 ) ;
#534 = PLANE ( 'NONE',  #3638 ) ;
#535 = MECHANICAL_DESIGN_GEOMETRIC_PRESENTATION_REPRESENTATION (  '', ( #3931 ), #832 ) ;
#536 = AXIS2_PLACEMENT_3D ( 'NONE', #441, #2290, #24 ) ;
#537 =( NAMED_UNIT ( * ) SI_UNIT ( $, .STERADIAN. ) SOLID_ANGLE_UNIT ( ) );
#538 = EDGE_LOOP ( 'NONE', ( #3323, #863, #2271, #3345 ) ) ;
#539 = CARTESIAN_POINT ( 'NONE',  ( -2.890000000000000568, 4.099999999999996980, -2.189999999999999503 ) ) ;
#540 = COLOUR_RGB ( '',0.5019607843137254832, 0.5019607843137254832, 0.5019607843137254832 ) ;
#541 = CARTESIAN_POINT ( 'NONE',  ( -2.396278280835011820, -3.149999999999999911, -2.790000000000000036 ) ) ;
#542 = CARTESIAN_POINT ( 'NONE',  ( -0.2500000000000003886, -3.149999999999999911, -2.790000000000000480 ) ) ;
#543 = ORIENTED_EDGE ( 'NONE', *, *, #1684, .T. ) ;
#544 = FACE_OUTER_BOUND ( 'NONE', #29, .T. ) ;
#545 = DIRECTION ( 'NONE',  ( 1.000000000000000000, 0.0000000000000000000, -1.548860246407863583E-16 ) ) ;
#546 = EDGE_LOOP ( 'NONE', ( #2653, #258, #1736, #2057 ) ) ;
#547 =( LENGTH_UNIT ( ) NAMED_UNIT ( * ) SI_UNIT ( .MILLI., .METRE. ) );
#548 = SURFACE_STYLE_USAGE ( .BOTH. , #601 ) ;
#549 = SURFACE_STYLE_USAGE ( .BOTH. , #3239 ) ;
#550 = UNCERTAINTY_MEASURE_WITH_UNIT (LENGTH_MEASURE( 1.000000000000000082E-05 ), #2525, 'distance_accuracy_value', 'NONE');
#551 = EDGE_CURVE ( 'NONE', #827, #5547, #1764, .T. ) ;
#552 = LINE ( 'NONE', #4096, #2895 ) ;
#553 = PRESENTATION_STYLE_ASSIGNMENT (( #3244 ) ) ;
#554 = ORIENTED_EDGE ( 'NONE', *, *, #1287, .F. ) ;
#555 = VECTOR ( 'NONE', #3996, 1000.000000000000000 ) ;
#556 = MECHANICAL_DESIGN_GEOMETRIC_PRESENTATION_REPRESENTATION (  '', ( #4882 ), #2454 ) ;
#557 = EDGE_CURVE ( 'NONE', #3890, #5572, #4035, .T. ) ;
#558 = DIRECTION ( 'NONE',  ( -0.0000000000000000000, 0.0000000000000000000, 1.000000000000000000 ) ) ;
#559 = VERTEX_POINT ( 'NONE', #942 ) ;
#560 = EDGE_CURVE ( 'NONE', #4964, #3454, #3565, .T. ) ;
#561 =( LENGTH_UNIT ( ) NAMED_UNIT ( * ) SI_UNIT ( .MILLI., .METRE. ) );
#562 = CARTESIAN_POINT ( 'NONE',  ( -2.890000000000000124, 4.099999999999998757, 0.3500000000000001443 ) ) ;
#563 = CARTESIAN_POINT ( 'NONE',  ( -2.190000000000000391, 4.099999999999996980, -7.270000000000000462 ) ) ;
#564 = COLOUR_RGB ( '',0.5019607843137254832, 0.5019607843137254832, 0.5019607843137254832 ) ;
#565 =( NAMED_UNIT ( * ) SI_UNIT ( $, .STERADIAN. ) SOLID_ANGLE_UNIT ( ) );
#566 = VERTEX_POINT ( 'NONE', #3099 ) ;
#567 = PLANE ( 'NONE',  #1015 ) ;
#568 = CARTESIAN_POINT ( 'NONE',  ( -2.290000000000000036, 0.0000000000000000000, -0.2499999999999998890 ) ) ;
#569 =( NAMED_UNIT ( * ) PLANE_ANGLE_UNIT ( ) SI_UNIT ( $, .RADIAN. ) );
#570 = VECTOR ( 'NONE', #362, 1000.000000000000000 ) ;
#571 = VERTEX_POINT ( 'NONE', #4515 ) ;
#572 = FILL_AREA_STYLE ('',( #151 ) ) ;
#573 =( NAMED_UNIT ( * ) SI_UNIT ( $, .STERADIAN. ) SOLID_ANGLE_UNIT ( ) );
#574 = EDGE_LOOP ( 'NONE', ( #3021, #1242, #1411, #81 ) ) ;
#575 = PLANE ( 'NONE',  #1405 ) ;
#576 = CARTESIAN_POINT ( 'NONE',  ( -2.790000000000000480, -3.149999999999999911, -0.2499999999999998335 ) ) ;
#577 = CARTESIAN_POINT ( 'NONE',  ( -2.890000000000000568, 4.099999999999996980, -2.189999999999999503 ) ) ;
#578 = SURFACE_SIDE_STYLE ('',( #4984 ) ) ;
#579 = ADVANCED_FACE ( 'NONE', ( #4461 ), #433, .T. ) ;
#580 = DIRECTION ( 'NONE',  ( -0.0000000000000000000, 1.000000000000000000, -0.0000000000000000000 ) ) ;
#581 = VERTEX_POINT ( 'NONE', #2916 ) ;
#582 = VECTOR ( 'NONE', #4912, 1000.000000000000000 ) ;
#583 = STYLED_ITEM ( 'NONE', ( #2266 ), #2035 ) ;
#584 =( GEOMETRIC_REPRESENTATION_CONTEXT ( 3 ) GLOBAL_UNCERTAINTY_ASSIGNED_CONTEXT ( ( #244 ) ) GLOBAL_UNIT_ASSIGNED_CONTEXT ( ( #1081, #4340, #3775 ) ) REPRESENTATION_CONTEXT ( 'NONE', 'WORKASPACE' ) );
#585 = CARTESIAN_POINT ( 'NONE',  ( -0.2500000000000004441, 0.0000000000000000000, -4.830000000000000071 ) ) ;
#586 = DIRECTION ( 'NONE',  ( 0.0000000000000000000, -0.0000000000000000000, 1.000000000000000000 ) ) ;
#587 = FILL_AREA_STYLE_COLOUR ( '', #3271 ) ;
#588 =( GEOMETRIC_REPRESENTATION_CONTEXT ( 3 ) GLOBAL_UNCERTAINTY_ASSIGNED_CONTEXT ( ( #4212 ) ) GLOBAL_UNIT_ASSIGNED_CONTEXT ( ( #4590, #183, #5550 ) ) REPRESENTATION_CONTEXT ( 'NONE', 'WORKASPACE' ) );
#589 = DIRECTION ( 'NONE',  ( 0.0000000000000000000, 1.000000000000000000, 0.0000000000000000000 ) ) ;
#590 = COLOUR_RGB ( '',1.000000000000000000, 1.000000000000000000, 0.5019607843137254832 ) ;
#591 = EDGE_LOOP ( 'NONE', ( #4886, #231, #5465, #2022 ) ) ;
#592 = LINE ( 'NONE', #2499, #2225 ) ;
#593 = SURFACE_SIDE_STYLE ('',( #2051 ) ) ;
#594 =( NAMED_UNIT ( * ) SI_UNIT ( $, .STERADIAN. ) SOLID_ANGLE_UNIT ( ) );
#595 = SURFACE_STYLE_USAGE ( .BOTH. , #5477 ) ;
#596 = STYLED_ITEM ( 'NONE', ( #4560 ), #2448 ) ;
#597 = COLOUR_RGB ( '',1.000000000000000000, 1.000000000000000000, 0.5019607843137254832 ) ;
#598 = ORIENTED_EDGE ( 'NONE', *, *, #4801, .F. ) ;
#599 = FILL_AREA_STYLE_COLOUR ( '', #976 ) ;
#600 = SURFACE_STYLE_FILL_AREA ( #1921 ) ;
#601 = SURFACE_SIDE_STYLE ('',( #3767 ) ) ;
#602 = CARTESIAN_POINT ( 'NONE',  ( -2.290000000000000480, -3.149999999999999911, -4.830000000000000071 ) ) ;
#603 =( GEOMETRIC_REPRESENTATION_CONTEXT ( 3 ) GLOBAL_UNCERTAINTY_ASSIGNED_CONTEXT ( ( #4529 ) ) GLOBAL_UNIT_ASSIGNED_CONTEXT ( ( #1943, #3286, #565 ) ) REPRESENTATION_CONTEXT ( 'NONE', 'WORKASPACE' ) );
#604 = AXIS2_PLACEMENT_3D ( 'NONE', #4892, #480, #902 ) ;
#605 = ORIENTED_EDGE ( 'NONE', *, *, #4155, .T. ) ;
#606 =( NAMED_UNIT ( * ) SI_UNIT ( $, .STERADIAN. ) SOLID_ANGLE_UNIT ( ) );
#607 = ORIENTED_EDGE ( 'NONE', *, *, #3618, .T. ) ;
#608 = UNCERTAINTY_MEASURE_WITH_UNIT (LENGTH_MEASURE( 1.000000000000000082E-05 ), #3534, 'distance_accuracy_value', 'NONE');
#609 = FILL_AREA_STYLE ('',( #4595 ) ) ;
#610 = COLOUR_RGB ( '',1.000000000000000000, 1.000000000000000000, 0.5019607843137254832 ) ;
#611 = CARTESIAN_POINT ( 'NONE',  ( -2.688315839231048887, -3.128386364410650433, 0.2500000000000002776 ) ) ;
#612 = DIRECTION ( 'NONE',  ( -1.000000000000000000, -0.0000000000000000000, 1.084202172485503941E-16 ) ) ;
#613 = COLOUR_RGB ( '',0.5019607843137254832, 0.5019607843137254832, 0.5019607843137254832 ) ;
#614 = DIRECTION ( 'NONE',  ( 1.000000000000000000, 0.0000000000000000000, 0.0000000000000000000 ) ) ;
#615 = FILL_AREA_STYLE ('',( #2923 ) ) ;
#616 = VECTOR ( 'NONE', #1876, 1000.000000000000000 ) ;
#617 = SURFACE_SIDE_STYLE ('',( #2852 ) ) ;
#618 = ORIENTED_EDGE ( 'NONE', *, *, #4726, .F. ) ;
#619 = DIRECTION ( 'NONE',  ( -1.000000000000000000, -0.0000000000000000000, 1.084202172485503941E-16 ) ) ;
#620 = VECTOR ( 'NONE', #4017, 1000.000000000000000 ) ;
#621 = EDGE_CURVE ( 'NONE', #1896, #5648, #122, .T. ) ;
#622 = FILL_AREA_STYLE ('',( #1060 ) ) ;
#623 =( GEOMETRIC_REPRESENTATION_CONTEXT ( 3 ) GLOBAL_UNCERTAINTY_ASSIGNED_CONTEXT ( ( #5295 ) ) GLOBAL_UNIT_ASSIGNED_CONTEXT ( ( #90, #2280, #2254 ) ) REPRESENTATION_CONTEXT ( 'NONE', 'WORKASPACE' ) );
#624 = FILL_AREA_STYLE_COLOUR ( '', #2210 ) ;
#625 = LINE ( 'NONE', #563, #5756 ) ;
#626 = COLOUR_RGB ( '',0.2509803921568627416, 0.2509803921568627416, 0.2509803921568627416 ) ;
#627 = EDGE_CURVE ( 'NONE', #1656, #2870, #4619, .T. ) ;
#628 = LINE ( 'NONE', #5570, #5650 ) ;
#629 = ORIENTED_EDGE ( 'NONE', *, *, #5734, .T. ) ;
#630 = CARTESIAN_POINT ( 'NONE',  ( -2.688315839231050219, -3.128386364410650433, -7.370000000000000107 ) ) ;
#631 = EDGE_CURVE ( 'NONE', #2434, #3290, #674, .T. ) ;
#632 =( NAMED_UNIT ( * ) SI_UNIT ( $, .STERADIAN. ) SOLID_ANGLE_UNIT ( ) );
#633 =( GEOMETRIC_REPRESENTATION_CONTEXT ( 3 ) GLOBAL_UNCERTAINTY_ASSIGNED_CONTEXT ( ( #2256 ) ) GLOBAL_UNIT_ASSIGNED_CONTEXT ( ( #2898, #690, #5111 ) ) REPRESENTATION_CONTEXT ( 'NONE', 'WORKASPACE' ) );
#634 = CARTESIAN_POINT ( 'NONE',  ( 0.3499999999999995337, 0.2999999999999990452, -5.430000000000000604 ) ) ;
#635 = SURFACE_STYLE_FILL_AREA ( #91 ) ;
#636 = ORIENTED_EDGE ( 'NONE', *, *, #2403, .F. ) ;
#637 = MECHANICAL_DESIGN_GEOMETRIC_PRESENTATION_REPRESENTATION (  '', ( #4118 ), #5594 ) ;
#638 = AXIS2_PLACEMENT_3D ( 'NONE', #5424, #988, #5473 ) ;
#639 = EDGE_CURVE ( 'NONE', #4434, #5694, #4173, .T. ) ;
#640 = DIRECTION ( 'NONE',  ( -0.2079116908177564282, -0.9781476007338061329, 2.254183068697459096E-17 ) ) ;
#641 = PRESENTATION_STYLE_ASSIGNMENT (( #5519 ) ) ;
#642 =( LENGTH_UNIT ( ) NAMED_UNIT ( * ) SI_UNIT ( .MILLI., .METRE. ) );
#643 = FACE_OUTER_BOUND ( 'NONE', #2804, .T. ) ;
#644 = ORIENTED_EDGE ( 'NONE', *, *, #3380, .T. ) ;
#645 = ORIENTED_EDGE ( 'NONE', *, *, #1416, .T. ) ;
#646 = FILL_AREA_STYLE_COLOUR ( '', #3899 ) ;
#647 = LINE ( 'NONE', #1582, #1294 ) ;
#648 = DIRECTION ( 'NONE',  ( -3.252606517456512316E-16, 0.0000000000000000000, -1.000000000000000000 ) ) ;
#649 = CARTESIAN_POINT ( 'NONE',  ( -2.396278280835011820, -3.149999999999999911, -7.870000000000000107 ) ) ;
#650 =( LENGTH_UNIT ( ) NAMED_UNIT ( * ) SI_UNIT ( .MILLI., .METRE. ) );
#651 = ORIENTED_EDGE ( 'NONE', *, *, #1055, .T. ) ;
#652 = PRESENTATION_STYLE_ASSIGNMENT (( #1498 ) ) ;
#653 = ORIENTED_EDGE ( 'NONE', *, *, #1523, .F. ) ;
#654 = CARTESIAN_POINT ( 'NONE',  ( 0.3499999999999996447, 4.099999999999998757, -4.730000000000000426 ) ) ;
#655 = LINE ( 'NONE', #5565, #2336 ) ;
#656 = VECTOR ( 'NONE', #4231, 1000.000000000000000 ) ;
#657 =( LENGTH_UNIT ( ) NAMED_UNIT ( * ) SI_UNIT ( .MILLI., .METRE. ) );
#658 = PRESENTATION_STYLE_ASSIGNMENT (( #3374 ) ) ;
#659 = ORIENTED_EDGE ( 'NONE', *, *, #2046, .T. ) ;
#660 =( GEOMETRIC_REPRESENTATION_CONTEXT ( 3 ) GLOBAL_UNCERTAINTY_ASSIGNED_CONTEXT ( ( #747 ) ) GLOBAL_UNIT_ASSIGNED_CONTEXT ( ( #3044, #353, #5276 ) ) REPRESENTATION_CONTEXT ( 'NONE', 'WORKASPACE' ) );
#661 = PRESENTATION_STYLE_ASSIGNMENT (( #4291 ) ) ;
#662 = CARTESIAN_POINT ( 'NONE',  ( -0.2500000000000004441, 0.0000000000000000000, -4.830000000000000071 ) ) ;
#663 = SURFACE_SIDE_STYLE ('',( #2536 ) ) ;
#664 = ORIENTED_EDGE ( 'NONE', *, *, #1950, .T. ) ;
#665 = DIRECTION ( 'NONE',  ( -0.9781476007338062439, 0.2079116908177564560, 1.060509753727076412E-16 ) ) ;
#666 = STYLED_ITEM ( 'NONE', ( #3966 ), #1251 ) ;
#667 = EDGE_CURVE ( 'NONE', #4699, #2494, #5125, .T. ) ;
#668 = EDGE_CURVE ( 'NONE', #3334, #2940, #5039, .T. ) ;
#669 = CARTESIAN_POINT ( 'NONE',  ( 0.2500000000000000555, -3.149999999999999911, -0.2500000000000001110 ) ) ;
#670 = ORIENTED_EDGE ( 'NONE', *, *, #5359, .F. ) ;
#671 = UNCERTAINTY_MEASURE_WITH_UNIT (LENGTH_MEASURE( 1.000000000000000082E-05 ), #4620, 'distance_accuracy_value', 'NONE');
#672 = PLANE ( 'NONE',  #28 ) ;
#673 = COLOUR_RGB ( '',1.000000000000000000, 1.000000000000000000, 0.5019607843137254832 ) ;
#674 = LINE ( 'NONE', #3762, #2899 ) ;
#675 = FILL_AREA_STYLE ('',( #2471 ) ) ;
#676 = PRESENTATION_STYLE_ASSIGNMENT (( #5158 ) ) ;
#677 = EDGE_CURVE ( 'NONE', #2494, #1810, #5518, .T. ) ;
#678 = ORIENTED_EDGE ( 'NONE', *, *, #2908, .F. ) ;
#679 = ADVANCED_FACE ( 'NONE', ( #1986 ), #1891, .T. ) ;
#680 = DIRECTION ( 'NONE',  ( -1.548860246407863583E-16, 0.0000000000000000000, -1.000000000000000000 ) ) ;
#681 = SURFACE_STYLE_USAGE ( .BOTH. , #3449 ) ;
#682 = DIRECTION ( 'NONE',  ( 3.252606517456512316E-16, -0.0000000000000000000, 1.000000000000000000 ) ) ;
#683 = PRESENTATION_STYLE_ASSIGNMENT (( #3837 ) ) ;
#684 =( NAMED_UNIT ( * ) PLANE_ANGLE_UNIT ( ) SI_UNIT ( $, .RADIAN. ) );
#685 = ORIENTED_EDGE ( 'NONE', *, *, #3483, .T. ) ;
#686 = EDGE_LOOP ( 'NONE', ( #4910, #1983, #385, #2961 ) ) ;
#687 = LINE ( 'NONE', #654, #2615 ) ;
#688 = CARTESIAN_POINT ( 'NONE',  ( 0.1166666666666656138, 3.866666666666665364, -4.963333333333335595 ) ) ;
#689 = FILL_AREA_STYLE ('',( #1938 ) ) ;
#690 =( NAMED_UNIT ( * ) PLANE_ANGLE_UNIT ( ) SI_UNIT ( $, .RADIAN. ) );
#691 = COLOUR_RGB ( '',0.2509803921568627416, 0.2509803921568627416, 0.2509803921568627416 ) ;
#692 = ORIENTED_EDGE ( 'NONE', *, *, #4414, .F. ) ;
#693 = VECTOR ( 'NONE', #4284, 1000.000000000000000 ) ;
#694 = FACE_BOUND ( 'NONE', #5048, .T. ) ;
#695 = SURFACE_STYLE_FILL_AREA ( #5406 ) ;
#696 = PLANE ( 'NONE',  #1093 ) ;
#697 = AXIS2_PLACEMENT_3D ( 'NONE', #1753, #2202, #4938 ) ;
#698 = SURFACE_SIDE_STYLE ('',( #5512 ) ) ;
#699 = AXIS2_PLACEMENT_3D ( 'NONE', #5126, #2840, #4592 ) ;
#700 = SURFACE_STYLE_FILL_AREA ( #5152 ) ;
#701 = ORIENTED_EDGE ( 'NONE', *, *, #895, .T. ) ;
#702 = STYLED_ITEM ( 'NONE', ( #2118 ), #2315 ) ;
#703 = CARTESIAN_POINT ( 'NONE',  ( -2.790000000000000480, 0.0000000000000000000, -0.2499999999999998335 ) ) ;
#704 = CARTESIAN_POINT ( 'NONE',  ( -2.790000000000000924, -3.149999999999999911, -7.370000000000000107 ) ) ;
#705 = ADVANCED_FACE ( 'NONE', ( #3316 ), #5092, .T. ) ;
#706 = SURFACE_STYLE_USAGE ( .BOTH. , #1487 ) ;
#707 = VERTEX_POINT ( 'NONE', #3885 ) ;
#708 =( LENGTH_UNIT ( ) NAMED_UNIT ( * ) SI_UNIT ( .MILLI., .METRE. ) );
#709 = VERTEX_POINT ( 'NONE', #1610 ) ;
#710 = CARTESIAN_POINT ( 'NONE',  ( 1.269999999999998908, 4.500000000000000000, -8.890000000000000568 ) ) ;
#711 = PRESENTATION_LAYER_ASSIGNMENT (  '', '', ( #2763 ) ) ;
#712 = SURFACE_STYLE_FILL_AREA ( #4633 ) ;
#713 = SURFACE_SIDE_STYLE ('',( #2958 ) ) ;
#714 = DIRECTION ( 'NONE',  ( -0.0000000000000000000, -1.000000000000000000, -0.0000000000000000000 ) ) ;
#715 = LINE ( 'NONE', #1193, #1936 ) ;
#716 = VECTOR ( 'NONE', #720, 1000.000000000000000 ) ;
#717 = VECTOR ( 'NONE', #5452, 1000.000000000000000 ) ;
#718 = ORIENTED_EDGE ( 'NONE', *, *, #2821, .F. ) ;
#719 = ORIENTED_EDGE ( 'NONE', *, *, #4052, .T. ) ;
#720 = DIRECTION ( 'NONE',  ( 0.0000000000000000000, 1.000000000000000000, 0.0000000000000000000 ) ) ;
#721 = STYLED_ITEM ( 'NONE', ( #1292 ), #3962 ) ;
#722 = CARTESIAN_POINT ( 'NONE',  ( -0.3500000000000006994, 0.2999999999999990452, -7.969999999999999751 ) ) ;
#723 = DIRECTION ( 'NONE',  ( -1.000000000000000000, -0.0000000000000000000, 1.548860246407863583E-16 ) ) ;
#724 =( NAMED_UNIT ( * ) SI_UNIT ( $, .STERADIAN. ) SOLID_ANGLE_UNIT ( ) );
#725 =( GEOMETRIC_REPRESENTATION_CONTEXT ( 3 ) GLOBAL_UNCERTAINTY_ASSIGNED_CONTEXT ( ( #2692 ) ) GLOBAL_UNIT_ASSIGNED_CONTEXT ( ( #33, #960, #502 ) ) REPRESENTATION_CONTEXT ( 'NONE', 'WORKASPACE' ) );
#726 = CARTESIAN_POINT ( 'NONE',  ( -2.290000000000000036, -2.649999999999991473, -0.2499999999999998890 ) ) ;
#727 = PRESENTATION_STYLE_ASSIGNMENT (( #2939 ) ) ;
#728 = EDGE_LOOP ( 'NONE', ( #5604, #1423, #4464, #4970, #5109, #3682 ) ) ;
#729 = MECHANICAL_DESIGN_GEOMETRIC_PRESENTATION_REPRESENTATION (  '', ( #4567 ), #4311 ) ;
#730 = FILL_AREA_STYLE ('',( #2876 ) ) ;
#731 = SURFACE_SIDE_STYLE ('',( #3328 ) ) ;
#732 = SURFACE_SIDE_STYLE ('',( #3413 ) ) ;
#733 = MECHANICAL_DESIGN_GEOMETRIC_PRESENTATION_REPRESENTATION (  '', ( #5128 ), #4660 ) ;
#734 = VERTEX_POINT ( 'NONE', #3496 ) ;
#735 = STYLED_ITEM ( 'NONE', ( #807 ), #3149 ) ;
#736 = VECTOR ( 'NONE', #3213, 1000.000000000000000 ) ;
#737 = LINE ( 'NONE', #4336, #4156 ) ;
#738 = ORIENTED_EDGE ( 'NONE', *, *, #4768, .T. ) ;
#739 = CARTESIAN_POINT ( 'NONE',  ( -3.290000000000005809, 4.500000000000000000, -1.789999999999995151 ) ) ;
#740 = DIRECTION ( 'NONE',  ( 0.9781476007338060219, 0.2079116908177578160, -3.181529261181228373E-16 ) ) ;
#741 = DIRECTION ( 'NONE',  ( -0.7071067811865460184, 0.7071067811865490160, 1.095209583345264882E-16 ) ) ;
#742 = VECTOR ( 'NONE', #4949, 1000.000000000000000 ) ;
#743 =( NAMED_UNIT ( * ) SI_UNIT ( $, .STERADIAN. ) SOLID_ANGLE_UNIT ( ) );
#744 = EDGE_LOOP ( 'NONE', ( #4397, #1961, #2406, #119 ) ) ;
#745 = MECHANICAL_DESIGN_GEOMETRIC_PRESENTATION_REPRESENTATION (  '', ( #3650 ), #4121 ) ;
#746 = EDGE_CURVE ( 'NONE', #1608, #3079, #3061, .T. ) ;
#747 = UNCERTAINTY_MEASURE_WITH_UNIT (LENGTH_MEASURE( 1.000000000000000082E-05 ), #3044, 'distance_accuracy_value', 'NONE');
#748 =( NAMED_UNIT ( * ) SI_UNIT ( $, .STERADIAN. ) SOLID_ANGLE_UNIT ( ) );
#749 = ORIENTED_EDGE ( 'NONE', *, *, #5693, .T. ) ;
#750 = CARTESIAN_POINT ( 'NONE',  ( -2.890000000000000568, 0.2999999999999990452, -2.189999999999999503 ) ) ;
#751 = LINE ( 'NONE', #239, #1527 ) ;
#752 = LINE ( 'NONE', #2492, #918 ) ;
#753 = ADVANCED_FACE ( 'NONE', ( #4838 ), #5582, .T. ) ;
#754 = EDGE_LOOP ( 'NONE', ( #4913, #1925, #605, #1355 ) ) ;
#755 = CARTESIAN_POINT ( 'NONE',  ( -0.2500000000000002220, -3.149999999999999911, -2.290000000000000036 ) ) ;
#756 = EDGE_LOOP ( 'NONE', ( #840, #2614, #2351, #4670 ) ) ;
#757 = FACE_OUTER_BOUND ( 'NONE', #4255, .T. ) ;
#758 = DIRECTION ( 'NONE',  ( -1.084202172485504187E-16, 0.0000000000000000000, -1.000000000000000000 ) ) ;
#759 = CARTESIAN_POINT ( 'NONE',  ( -0.3500000000000005884, 4.500000000000000000, -6.869999999999997442 ) ) ;
#760 = SURFACE_STYLE_USAGE ( .BOTH. , #3438 ) ;
#761 = CARTESIAN_POINT ( 'NONE',  ( 0.7500000000000022204, 4.500000000000000000, -4.329999999999998295 ) ) ;
#762 = DIRECTION ( 'NONE',  ( -0.0000000000000000000, 0.0000000000000000000, 1.000000000000000000 ) ) ;
#763 = FILL_AREA_STYLE ('',( #4787 ) ) ;
#764 = VECTOR ( 'NONE', #4095, 1000.000000000000000 ) ;
#765 = DIRECTION ( 'NONE',  ( -1.000000000000000000, 0.0000000000000000000, 3.252606517456512316E-16 ) ) ;
#766 = CARTESIAN_POINT ( 'NONE',  ( 0.3499999999999993117, 4.099999999999998757, -7.969999999999999751 ) ) ;
#767 = ORIENTED_EDGE ( 'NONE', *, *, #3550, .F. ) ;
#768 = FACE_OUTER_BOUND ( 'NONE', #964, .T. ) ;
#769 = DIRECTION ( 'NONE',  ( 1.548860246407863583E-16, 0.0000000000000000000, 1.000000000000000000 ) ) ;
#770 =( LENGTH_UNIT ( ) NAMED_UNIT ( * ) SI_UNIT ( .MILLI., .METRE. ) );
#771 = PRESENTATION_STYLE_ASSIGNMENT (( #3420 ) ) ;
#772 = FACE_OUTER_BOUND ( 'NONE', #1011, .T. ) ;
#773 = FILL_AREA_STYLE_COLOUR ( '', #3205 ) ;
#774 = LINE ( 'NONE', #1326, #4080 ) ;
#775 = ORIENTED_EDGE ( 'NONE', *, *, #2691, .F. ) ;
#776 = ORIENTED_EDGE ( 'NONE', *, *, #3623, .T. ) ;
#777 =( NAMED_UNIT ( * ) PLANE_ANGLE_UNIT ( ) SI_UNIT ( $, .RADIAN. ) );
#778 = SURFACE_STYLE_FILL_AREA ( #2956 ) ;
#779 = LINE ( 'NONE', #5723, #1859 ) ;
#780 = DIRECTION ( 'NONE',  ( -1.000000000000000000, 0.0000000000000000000, 0.0000000000000000000 ) ) ;
#781 = EDGE_CURVE ( 'NONE', #2720, #1874, #2972, .T. ) ;
#782 = EDGE_LOOP ( 'NONE', ( #767, #749, #719, #4446 ) ) ;
#783 = LINE ( 'NONE', #3964, #905 ) ;
#784 = DIRECTION ( 'NONE',  ( 1.000000000000000000, 0.0000000000000000000, -1.084202172485504187E-16 ) ) ;
#785 = FILL_AREA_STYLE_COLOUR ( '', #3462 ) ;
#786 = PLANE ( 'NONE',  #3819 ) ;
#787 = AXIS2_PLACEMENT_3D ( 'NONE', #3101, #2655, #4436 ) ;
#788 = FILL_AREA_STYLE ('',( #3088 ) ) ;
#789 = DIRECTION ( 'NONE',  ( -1.548860246407863583E-16, -0.0000000000000000000, -1.000000000000000000 ) ) ;
#790 =( LENGTH_UNIT ( ) NAMED_UNIT ( * ) SI_UNIT ( .MILLI., .METRE. ) );
#791 = VECTOR ( 'NONE', #4054, 1000.000000000000114 ) ;
#792 = VERTEX_POINT ( 'NONE', #1205 ) ;
#793 = VECTOR ( 'NONE', #3580, 1000.000000000000000 ) ;
#794 = UNCERTAINTY_MEASURE_WITH_UNIT (LENGTH_MEASURE( 1.000000000000000082E-05 ), #1027, 'distance_accuracy_value', 'NONE');
#795 = MECHANICAL_DESIGN_GEOMETRIC_PRESENTATION_REPRESENTATION (  '', ( #3808 ), #3701 ) ;
#796 =( LENGTH_UNIT ( ) NAMED_UNIT ( * ) SI_UNIT ( .MILLI., .METRE. ) );
#797 = PLANE ( 'NONE',  #1468 ) ;
#798 = DIRECTION ( 'NONE',  ( -0.2079116908177564282, 0.9781476007338062439, 2.254183068697459096E-17 ) ) ;
#799 = CARTESIAN_POINT ( 'NONE',  ( 1.269999999999999796, 4.500000000000000000, 1.270000000000000240 ) ) ;
#800 = PRESENTATION_STYLE_ASSIGNMENT (( #3925 ) ) ;
#801 = AXIS2_PLACEMENT_3D ( 'NONE', #4003, #2177, #4358 ) ;
#802 = VERTEX_POINT ( 'NONE', #761 ) ;
#803 = UNCERTAINTY_MEASURE_WITH_UNIT (LENGTH_MEASURE( 1.000000000000000082E-05 ), #4391, 'distance_accuracy_value', 'NONE');
#804 = PRESENTATION_STYLE_ASSIGNMENT (( #5049 ) ) ;
#805 = LINE ( 'NONE', #4853, #5696 ) ;
#806 = DIRECTION ( 'NONE',  ( -0.2079116908177564282, -0.9781476007338061329, 0.0000000000000000000 ) ) ;
#807 = PRESENTATION_STYLE_ASSIGNMENT (( #2219 ) ) ;
#808 = ORIENTED_EDGE ( 'NONE', *, *, #177, .T. ) ;
#809 = AXIS2_PLACEMENT_3D ( 'NONE', #2277, #4137, #39 ) ;
#810 = CARTESIAN_POINT ( 'NONE',  ( -0.3500000000000004774, 0.2999999999999990452, -5.429999999999999716 ) ) ;
#811 = ORIENTED_EDGE ( 'NONE', *, *, #2252, .T. ) ;
#812 = LINE ( 'NONE', #2617, #3673 ) ;
#813 = ADVANCED_FACE ( 'NONE', ( #4785 ), #2567, .T. ) ;
#814 =( NAMED_UNIT ( * ) PLANE_ANGLE_UNIT ( ) SI_UNIT ( $, .RADIAN. ) );
#815 = CARTESIAN_POINT ( 'NONE',  ( -1.789999999999996039, 4.500000000000000000, -7.270000000000000462 ) ) ;
#816 =( GEOMETRIC_REPRESENTATION_CONTEXT ( 3 ) GLOBAL_UNCERTAINTY_ASSIGNED_CONTEXT ( ( #369 ) ) GLOBAL_UNIT_ASSIGNED_CONTEXT ( ( #4180, #2722, #4068 ) ) REPRESENTATION_CONTEXT ( 'NONE', 'WORKASPACE' ) );
#817 = EDGE_CURVE ( 'NONE', #3794, #2834, #3784, .T. ) ;
#818 = AXIS2_PLACEMENT_3D ( 'NONE', #5532, #5495, #1528 ) ;
#819 = EDGE_CURVE ( 'NONE', #5561, #520, #5534, .T. ) ;
#820 =( LENGTH_UNIT ( ) NAMED_UNIT ( * ) SI_UNIT ( .MILLI., .METRE. ) );
#821 = STYLED_ITEM ( 'NONE', ( #1282 ), #144 ) ;
#822 = COLOUR_RGB ( '',0.5019607843137254832, 0.5019607843137254832, 0.5019607843137254832 ) ;
#823 = VECTOR ( 'NONE', #1103, 1000.000000000000000 ) ;
#824 = LINE ( 'NONE', #2626, #4927 ) ;
#825 = CARTESIAN_POINT ( 'NONE',  ( -2.290000000000000480, -3.149999999999999911, -4.830000000000000071 ) ) ;
#826 = VECTOR ( 'NONE', #1051, 1000.000000000000227 ) ;
#827 = VERTEX_POINT ( 'NONE', #1591 ) ;
#828 = EDGE_CURVE ( 'NONE', #530, #4039, #5083, .T. ) ;
#829 =( GEOMETRIC_REPRESENTATION_CONTEXT ( 3 ) GLOBAL_UNCERTAINTY_ASSIGNED_CONTEXT ( ( #5115 ) ) GLOBAL_UNIT_ASSIGNED_CONTEXT ( ( #2968, #3882, #4747 ) ) REPRESENTATION_CONTEXT ( 'NONE', 'WORKASPACE' ) );
#830 = DIRECTION ( 'NONE',  ( -1.000000000000000000, 0.0000000000000000000, 1.548860246407863583E-16 ) ) ;
#831 = DIRECTION ( 'NONE',  ( 0.0000000000000000000, -1.000000000000000000, 0.0000000000000000000 ) ) ;
#832 =( GEOMETRIC_REPRESENTATION_CONTEXT ( 3 ) GLOBAL_UNCERTAINTY_ASSIGNED_CONTEXT ( ( #1890 ) ) GLOBAL_UNIT_ASSIGNED_CONTEXT ( ( #4968, #3752, #1858 ) ) REPRESENTATION_CONTEXT ( 'NONE', 'WORKASPACE' ) );
#833 =( GEOMETRIC_REPRESENTATION_CONTEXT ( 3 ) GLOBAL_UNCERTAINTY_ASSIGNED_CONTEXT ( ( #4999 ) ) GLOBAL_UNIT_ASSIGNED_CONTEXT ( ( #2513, #3172, #1683 ) ) REPRESENTATION_CONTEXT ( 'NONE', 'WORKASPACE' ) );
#834 = ORIENTED_EDGE ( 'NONE', *, *, #4164, .T. ) ;
#835 = EDGE_LOOP ( 'NONE', ( #4394, #1971, #509, #4365 ) ) ;
#836 = PRESENTATION_LAYER_ASSIGNMENT (  '', '', ( #4485 ) ) ;
#837 = COLOUR_RGB ( '',0.2509803921568627416, 0.2509803921568627416, 0.2509803921568627416 ) ;
#838 =( GEOMETRIC_REPRESENTATION_CONTEXT ( 3 ) GLOBAL_UNCERTAINTY_ASSIGNED_CONTEXT ( ( #981 ) ) GLOBAL_UNIT_ASSIGNED_CONTEXT ( ( #5498, #2391, #4704 ) ) REPRESENTATION_CONTEXT ( 'NONE', 'WORKASPACE' ) );
#839 = ORIENTED_EDGE ( 'NONE', *, *, #3335, .F. ) ;
#840 = ORIENTED_EDGE ( 'NONE', *, *, #5603, .T. ) ;
#841 = SURFACE_SIDE_STYLE ('',( #5731 ) ) ;
#842 = CARTESIAN_POINT ( 'NONE',  ( -2.790000000000000924, 0.0000000000000000000, -2.790000000000000036 ) ) ;
#843 = DIRECTION ( 'NONE',  ( 0.0000000000000000000, 1.000000000000000000, 0.0000000000000000000 ) ) ;
#844 = CARTESIAN_POINT ( 'NONE',  ( -2.890000000000000124, 0.2999999999999990452, 0.3500000000000001443 ) ) ;
#845 = UNCERTAINTY_MEASURE_WITH_UNIT (LENGTH_MEASURE( 1.000000000000000082E-05 ), #5387, 'distance_accuracy_value', 'NONE');
#846 = LINE ( 'NONE', #4916, #2011 ) ;
#847 = CARTESIAN_POINT ( 'NONE',  ( 0.2499999999999994726, -3.149999999999999911, -7.370000000000000107 ) ) ;
#848 = EDGE_CURVE ( 'NONE', #5694, #1197, #2527, .T. ) ;
#849 = VECTOR ( 'NONE', #3757, 1000.000000000000227 ) ;
#850 = FILL_AREA_STYLE ('',( #4871 ) ) ;
#851 = EDGE_CURVE ( 'NONE', #2940, #5702, #2896, .T. ) ;
#852 = VECTOR ( 'NONE', #20, 1000.000000000000000 ) ;
#853 = DIRECTION ( 'NONE',  ( 1.000000000000000000, 0.0000000000000000000, -1.084202172485504187E-16 ) ) ;
#854 = ORIENTED_EDGE ( 'NONE', *, *, #639, .T. ) ;
#855 = UNCERTAINTY_MEASURE_WITH_UNIT (LENGTH_MEASURE( 1.000000000000000082E-05 ), #4168, 'distance_accuracy_value', 'NONE');
#856 = CARTESIAN_POINT ( 'NONE',  ( -2.790000000000000924, -3.149999999999999911, -2.289999999999999591 ) ) ;
#857 = COLOUR_RGB ( '',0.2509803921568627416, 0.2509803921568627416, 0.2509803921568627416 ) ;
#858 =( NAMED_UNIT ( * ) SI_UNIT ( $, .STERADIAN. ) SOLID_ANGLE_UNIT ( ) );
#859 = SURFACE_SIDE_STYLE ('',( #1180 ) ) ;
#860 = CARTESIAN_POINT ( 'NONE',  ( -2.790000000000000924, -2.649999999999992806, -4.830000000000000071 ) ) ;
#861 = SURFACE_STYLE_USAGE ( .BOTH. , #1266 ) ;
#862 = EDGE_CURVE ( 'NONE', #1608, #143, #3340, .T. ) ;
#863 = ORIENTED_EDGE ( 'NONE', *, *, #3224, .F. ) ;
#864 = VECTOR ( 'NONE', #5666, 1000.000000000000000 ) ;
#865 =( LENGTH_UNIT ( ) NAMED_UNIT ( * ) SI_UNIT ( .MILLI., .METRE. ) );
#866 =( NAMED_UNIT ( * ) SI_UNIT ( $, .STERADIAN. ) SOLID_ANGLE_UNIT ( ) );
#867 =( LENGTH_UNIT ( ) NAMED_UNIT ( * ) SI_UNIT ( .MILLI., .METRE. ) );
#868 = EDGE_LOOP ( 'NONE', ( #1715, #3301, #5687, #3992 ) ) ;
#869 = CARTESIAN_POINT ( 'NONE',  ( -0.3500000000000006994, 0.2999999999999990452, -7.270000000000000462 ) ) ;
#870 = VECTOR ( 'NONE', #2977, 1000.000000000000000 ) ;
#871 = PRESENTATION_STYLE_ASSIGNMENT (( #1364 ) ) ;
#872 = SURFACE_STYLE_FILL_AREA ( #4507 ) ;
#873 =( NAMED_UNIT ( * ) SI_UNIT ( $, .STERADIAN. ) SOLID_ANGLE_UNIT ( ) );
#874 = FACE_OUTER_BOUND ( 'NONE', #2694, .T. ) ;
#875 = STYLED_ITEM ( 'NONE', ( #2592 ), #5259 ) ;
#876 = DIRECTION ( 'NONE',  ( 1.000000000000000000, 0.0000000000000000000, -1.084202172485504311E-16 ) ) ;
#877 = EDGE_LOOP ( 'NONE', ( #2224, #1497, #2320, #2820 ) ) ;
#878 = CARTESIAN_POINT ( 'NONE',  ( 0.2499999999999994726, -2.649999999999991029, -7.370000000000000107 ) ) ;
#879 = PRESENTATION_LAYER_ASSIGNMENT (  '', '', ( #3426 ) ) ;
#880 = EDGE_CURVE ( 'NONE', #3703, #4634, #655, .T. ) ;
#881 = CARTESIAN_POINT ( 'NONE',  ( -0.2500000000000003886, 0.0000000000000000000, -2.790000000000000480 ) ) ;
#882 = PLANE ( 'NONE',  #2521 ) ;
#883 = ORIENTED_EDGE ( 'NONE', *, *, #4164, .F. ) ;
#884 = VECTOR ( 'NONE', #429, 1000.000000000000000 ) ;
#885 = PRESENTATION_LAYER_ASSIGNMENT (  '', '', ( #5639 ) ) ;
#886 = PRESENTATION_STYLE_ASSIGNMENT (( #1270 ) ) ;
#887 = EDGE_CURVE ( 'NONE', #5329, #2344, #3431, .T. ) ;
#888 = AXIS2_PLACEMENT_3D ( 'NONE', #542, #1040, #4535 ) ;
#889 = DIRECTION ( 'NONE',  ( -3.252606517456512316E-16, 0.0000000000000000000, -1.000000000000000000 ) ) ;
#890 = EDGE_LOOP ( 'NONE', ( #3934, #1630, #2485, #1798 ) ) ;
#891 = DIRECTION ( 'NONE',  ( 1.000000000000000000, 0.0000000000000000000, -1.084202172485504187E-16 ) ) ;
#892 =( GEOMETRIC_REPRESENTATION_CONTEXT ( 3 ) GLOBAL_UNCERTAINTY_ASSIGNED_CONTEXT ( ( #3097 ) ) GLOBAL_UNIT_ASSIGNED_CONTEXT ( ( #3214, #4550, #919 ) ) REPRESENTATION_CONTEXT ( 'NONE', 'WORKASPACE' ) );
#893 =( NAMED_UNIT ( * ) SI_UNIT ( $, .STERADIAN. ) SOLID_ANGLE_UNIT ( ) );
#894 = VERTEX_POINT ( 'NONE', #4285 ) ;
#895 = EDGE_CURVE ( 'NONE', #4919, #3563, #1033, .T. ) ;
#896 = UNCERTAINTY_MEASURE_WITH_UNIT (LENGTH_MEASURE( 1.000000000000000082E-05 ), #1622, 'distance_accuracy_value', 'NONE');
#897 = CARTESIAN_POINT ( 'NONE',  ( 0.3499999999999999223, 0.2999999999999990452, -0.3500000000000000333 ) ) ;
#898 = AXIS2_PLACEMENT_3D ( 'NONE', #3062, #1703, #11 ) ;
#899 = CARTESIAN_POINT ( 'NONE',  ( 0.1437217191649879933, -3.149999999999999911, 0.2500000000000000000 ) ) ;
#900 = CARTESIAN_POINT ( 'NONE',  ( -2.890000000000000568, 4.099999999999996980, -7.270000000000000462 ) ) ;
#901 = UNCERTAINTY_MEASURE_WITH_UNIT (LENGTH_MEASURE( 1.000000000000000082E-05 ), #435, 'distance_accuracy_value', 'NONE');
#902 = DIRECTION ( 'NONE',  ( -1.000000000000000000, 0.0000000000000000000, 1.548860246407863583E-16 ) ) ;
#903 = FACE_OUTER_BOUND ( 'NONE', #4498, .T. ) ;
#904 = PLANE ( 'NONE',  #1434 ) ;
#905 = VECTOR ( 'NONE', #4396, 1000.000000000000000 ) ;
#906 = SURFACE_SIDE_STYLE ('',( #3696 ) ) ;
#907 = STYLED_ITEM ( 'NONE', ( #47 ), #3878 ) ;
#908 = LINE ( 'NONE', #1726, #2577 ) ;
#909 = VERTEX_POINT ( 'NONE', #1122 ) ;
#910 = PRESENTATION_LAYER_ASSIGNMENT (  '', '', ( #821 ) ) ;
#911 = LINE ( 'NONE', #878, #1136 ) ;
#912 = SURFACE_STYLE_USAGE ( .BOTH. , #2261 ) ;
#913 = CARTESIAN_POINT ( 'NONE',  ( -2.890000000000000568, 4.099999999999996980, -5.429999999999999716 ) ) ;
#914 = VERTEX_POINT ( 'NONE', #585 ) ;
#915 = COLOUR_RGB ( '',0.5019607843137254832, 0.5019607843137254832, 0.5019607843137254832 ) ;
#916 = MECHANICAL_DESIGN_GEOMETRIC_PRESENTATION_REPRESENTATION (  '', ( #256 ), #1933 ) ;
#917 = CARTESIAN_POINT ( 'NONE',  ( -0.2500000000000002220, -3.149999999999999911, -2.290000000000000036 ) ) ;
#918 = VECTOR ( 'NONE', #4257, 1000.000000000000000 ) ;
#919 =( NAMED_UNIT ( * ) SI_UNIT ( $, .STERADIAN. ) SOLID_ANGLE_UNIT ( ) );
#920 = CARTESIAN_POINT ( 'NONE',  ( -2.790000000000000924, -2.649999999999992806, -2.289999999999999591 ) ) ;
#921 = ADVANCED_FACE ( 'NONE', ( #4184 ), #137, .T. ) ;
#922 = VERTEX_POINT ( 'NONE', #2611 ) ;
#923 = AXIS2_PLACEMENT_3D ( 'NONE', #5184, #1170, #1137 ) ;
#924 = LINE ( 'NONE', #1048, #4064 ) ;
#925 = VECTOR ( 'NONE', #1053, 1000.000000000000000 ) ;
#926 = UNCERTAINTY_MEASURE_WITH_UNIT (LENGTH_MEASURE( 1.000000000000000082E-05 ), #1964, 'distance_accuracy_value', 'NONE');
#927 = PRESENTATION_LAYER_ASSIGNMENT (  '', '', ( #3648 ) ) ;
#928 = VERTEX_POINT ( 'NONE', #2638 ) ;
#929 = FACE_OUTER_BOUND ( 'NONE', #1246, .T. ) ;
#930 = FILL_AREA_STYLE_COLOUR ( '', #354 ) ;
#931 = EDGE_CURVE ( 'NONE', #4201, #2208, #1192, .T. ) ;
#932 = MECHANICAL_DESIGN_GEOMETRIC_PRESENTATION_REPRESENTATION (  '', ( #1481 ), #1109 ) ;
#933 = CARTESIAN_POINT ( 'NONE',  ( -0.3500000000000002554, 4.099999999999996980, -2.890000000000000124 ) ) ;
#934 = EDGE_CURVE ( 'NONE', #1896, #4534, #779, .T. ) ;
#935 = CARTESIAN_POINT ( 'NONE',  ( 0.3499999999999994782, 4.500000000000000000, -5.830000000000002736 ) ) ;
#936 = ORIENTED_EDGE ( 'NONE', *, *, #1029, .F. ) ;
#937 = LINE ( 'NONE', #2675, #4395 ) ;
#938 = CARTESIAN_POINT ( 'NONE',  ( 0.1437217191649879100, -3.149999999999999911, -0.2500000000000001110 ) ) ;
#939 = FILL_AREA_STYLE ('',( #4873 ) ) ;
#940 = ORIENTED_EDGE ( 'NONE', *, *, #2316, .T. ) ;
#941 =( LENGTH_UNIT ( ) NAMED_UNIT ( * ) SI_UNIT ( .MILLI., .METRE. ) );
#942 = CARTESIAN_POINT ( 'NONE',  ( -2.890000000000000568, 0.2999999999999990452, -4.730000000000000426 ) ) ;
#943 = SURFACE_SIDE_STYLE ('',( #1732 ) ) ;
#944 = COLOUR_RGB ( '',1.000000000000000000, 1.000000000000000000, 0.5019607843137254832 ) ;
#945 = SURFACE_STYLE_FILL_AREA ( #5748 ) ;
#946 = VERTEX_POINT ( 'NONE', #1276 ) ;
#947 = PRESENTATION_LAYER_ASSIGNMENT (  '', '', ( #2730 ) ) ;
#948 = COLOUR_RGB ( '',0.2509803921568627416, 0.2509803921568627416, 0.2509803921568627416 ) ;
#949 = LINE ( 'NONE', #5752, #4885 ) ;
#950 = CARTESIAN_POINT ( 'NONE',  ( -2.396278280835011820, -3.149999999999999911, -5.330000000000000959 ) ) ;
#951 =( NAMED_UNIT ( * ) SI_UNIT ( $, .STERADIAN. ) SOLID_ANGLE_UNIT ( ) );
#952 = CARTESIAN_POINT ( 'NONE',  ( 0.2499999999999998890, -2.649999999999991029, -2.290000000000000480 ) ) ;
#953 = MECHANICAL_DESIGN_GEOMETRIC_PRESENTATION_REPRESENTATION (  '', ( #2730 ), #88 ) ;
#954 = ORIENTED_EDGE ( 'NONE', *, *, #4545, .T. ) ;
#955 = DIRECTION ( 'NONE',  ( -0.7071067811865499042, -0.7071067811865452413, 0.0000000000000000000 ) ) ;
#956 = PRESENTATION_STYLE_ASSIGNMENT (( #4102 ) ) ;
#957 = ORIENTED_EDGE ( 'NONE', *, *, #3119, .T. ) ;
#958 = PLANE ( 'NONE',  #1942 ) ;
#959 = AXIS2_PLACEMENT_3D ( 'NONE', #5491, #2449, #4547 ) ;
#960 =( NAMED_UNIT ( * ) PLANE_ANGLE_UNIT ( ) SI_UNIT ( $, .RADIAN. ) );
#961 = SURFACE_STYLE_USAGE ( .BOTH. , #62 ) ;
#962 = DIRECTION ( 'NONE',  ( 1.000000000000000000, 0.0000000000000000000, 0.0000000000000000000 ) ) ;
#963 = ADVANCED_FACE ( 'NONE', ( #3902 ), #1741, .F. ) ;
#964 = EDGE_LOOP ( 'NONE', ( #4512, #3782, #3311, #5168, #4740, #2003 ) ) ;
#965 = UNCERTAINTY_MEASURE_WITH_UNIT (LENGTH_MEASURE( 1.000000000000000082E-05 ), #5244, 'distance_accuracy_value', 'NONE');
#966 = FACE_OUTER_BOUND ( 'NONE', #3826, .T. ) ;
#967 = CARTESIAN_POINT ( 'NONE',  ( -2.290000000000000480, -2.649999999999991473, -7.870000000000000107 ) ) ;
#968 =( GEOMETRIC_REPRESENTATION_CONTEXT ( 3 ) GLOBAL_UNCERTAINTY_ASSIGNED_CONTEXT ( ( #1666 ) ) GLOBAL_UNIT_ASSIGNED_CONTEXT ( ( #790, #4302, #3475 ) ) REPRESENTATION_CONTEXT ( 'NONE', 'WORKASPACE' ) );
#969 = PRESENTATION_STYLE_ASSIGNMENT (( #5404 ) ) ;
#970 = ORIENTED_EDGE ( 'NONE', *, *, #992, .T. ) ;
#971 = EDGE_CURVE ( 'NONE', #1505, #5114, #2164, .T. ) ;
#972 = CARTESIAN_POINT ( 'NONE',  ( 0.3499999999999996447, 4.099999999999996980, -2.890000000000000124 ) ) ;
#973 = LINE ( 'NONE', #517, #411 ) ;
#974 = SURFACE_STYLE_USAGE ( .BOTH. , #2263 ) ;
#975 = PRESENTATION_LAYER_ASSIGNMENT (  '', '', ( #4071 ) ) ;
#976 = COLOUR_RGB ( '',0.5019607843137254832, 0.5019607843137254832, 0.5019607843137254832 ) ;
#977 = FACE_OUTER_BOUND ( 'NONE', #3476, .T. ) ;
#978 = STYLED_ITEM ( 'NONE', ( #3068 ), #2044 ) ;
#979 =( LENGTH_UNIT ( ) NAMED_UNIT ( * ) SI_UNIT ( .MILLI., .METRE. ) );
#980 = COLOUR_RGB ( '',0.2509803921568627416, 0.2509803921568627416, 0.2509803921568627416 ) ;
#981 = UNCERTAINTY_MEASURE_WITH_UNIT (LENGTH_MEASURE( 1.000000000000000082E-05 ), #5498, 'distance_accuracy_value', 'NONE');
#982 = PRESENTATION_STYLE_ASSIGNMENT (( #2333 ) ) ;
#983 = ORIENTED_EDGE ( 'NONE', *, *, #479, .T. ) ;
#984 = CARTESIAN_POINT ( 'NONE',  ( 0.3500000000000000333, 0.2999999999999990452, 0.3499999999999999223 ) ) ;
#985 = AXIS2_PLACEMENT_3D ( 'NONE', #5325, #1467, #3118 ) ;
#986 = EDGE_CURVE ( 'NONE', #453, #3079, #3778, .T. ) ;
#987 = EDGE_LOOP ( 'NONE', ( #2338, #2863, #195, #2607 ) ) ;
#988 = DIRECTION ( 'NONE',  ( 0.7071067811865455743, 0.7071067811865494601, 0.0000000000000000000 ) ) ;
#989 = VECTOR ( 'NONE', #2397, 1000.000000000000000 ) ;
#990 = MECHANICAL_DESIGN_GEOMETRIC_PRESENTATION_REPRESENTATION (  '', ( #2763 ), #892 ) ;
#991 = DIRECTION ( 'NONE',  ( 1.000000000000000000, 0.0000000000000000000, 0.0000000000000000000 ) ) ;
#992 = EDGE_CURVE ( 'NONE', #5634, #1862, #1901, .T. ) ;
#993 = STYLED_ITEM ( 'NONE', ( #4126 ), #3689 ) ;
#994 = VERTEX_POINT ( 'NONE', #2921 ) ;
#995 = SURFACE_STYLE_USAGE ( .BOTH. , #1484 ) ;
#996 = CARTESIAN_POINT ( 'NONE',  ( -0.3500000000000004774, 4.099999999999998757, -4.730000000000000426 ) ) ;
#997 = PLANE ( 'NONE',  #2590 ) ;
#998 = PLANE ( 'NONE',  #3722 ) ;
#999 = EDGE_LOOP ( 'NONE', ( #5416, #3192, #84, #5203 ) ) ;
#1000 = EDGE_CURVE ( 'NONE', #5347, #2790, #5528, .T. ) ;
#1001 =( GEOMETRIC_REPRESENTATION_CONTEXT ( 3 ) GLOBAL_UNCERTAINTY_ASSIGNED_CONTEXT ( ( #2298 ) ) GLOBAL_UNIT_ASSIGNED_CONTEXT ( ( #865, #2578, #2661 ) ) REPRESENTATION_CONTEXT ( 'NONE', 'WORKASPACE' ) );
#1002 = DIRECTION ( 'NONE',  ( 0.2079116908177569556, -0.9781476007338061329, -2.254183068697465567E-17 ) ) ;
#1003 = PLANE ( 'NONE',  #3276 ) ;
#1004 = LINE ( 'NONE', #4598, #2222 ) ;
#1005 = AXIS2_PLACEMENT_3D ( 'NONE', #2189, #3960, #3510 ) ;
#1006 = VERTEX_POINT ( 'NONE', #3836 ) ;
#1007 = VECTOR ( 'NONE', #2172, 1000.000000000000000 ) ;
#1008 = CARTESIAN_POINT ( 'NONE',  ( 0.2499999999999997780, 0.0000000000000000000, -4.830000000000000071 ) ) ;
#1009 = VECTOR ( 'NONE', #193, 1000.000000000000000 ) ;
#1010 = CARTESIAN_POINT ( 'NONE',  ( -2.890000000000000568, 0.2999999999999990452, -4.730000000000000426 ) ) ;
#1011 = EDGE_LOOP ( 'NONE', ( #3360, #1231, #4158, #1279 ) ) ;
#1012 = UNCERTAINTY_MEASURE_WITH_UNIT (LENGTH_MEASURE( 1.000000000000000082E-05 ), #128, 'distance_accuracy_value', 'NONE');
#1013 = CARTESIAN_POINT ( 'NONE',  ( -2.190000000000000391, 0.2999999999999990452, -5.430000000000000604 ) ) ;
#1014 = STYLED_ITEM ( 'NONE', ( #5749 ), #3404 ) ;
#1015 = AXIS2_PLACEMENT_3D ( 'NONE', #2359, #3683, #1828 ) ;
#1016 = DIRECTION ( 'NONE',  ( -1.084202172485504311E-16, 0.0000000000000000000, -1.000000000000000000 ) ) ;
#1017 = LINE ( 'NONE', #1479, #5728 ) ;
#1018 = LINE ( 'NONE', #5479, #2619 ) ;
#1019 = ORIENTED_EDGE ( 'NONE', *, *, #312, .F. ) ;
#1020 = UNCERTAINTY_MEASURE_WITH_UNIT (LENGTH_MEASURE( 1.000000000000000082E-05 ), #4786, 'distance_accuracy_value', 'NONE');
#1021 = CARTESIAN_POINT ( 'NONE',  ( -0.2500000000000001665, -3.149999999999999911, -0.2500000000000000555 ) ) ;
#1022 = EDGE_CURVE ( 'NONE', #101, #3632, #1554, .T. ) ;
#1023 = CARTESIAN_POINT ( 'NONE',  ( -2.890000000000000568, 4.099999999999996980, -7.969999999999999751 ) ) ;
#1024 = SURFACE_STYLE_FILL_AREA ( #3357 ) ;
#1025 = ORIENTED_EDGE ( 'NONE', *, *, #4472, .F. ) ;
#1026 = UNCERTAINTY_MEASURE_WITH_UNIT (LENGTH_MEASURE( 1.000000000000000082E-05 ), #301, 'distance_accuracy_value', 'NONE');
#1027 =( LENGTH_UNIT ( ) NAMED_UNIT ( * ) SI_UNIT ( .MILLI., .METRE. ) );
#1028 = SURFACE_STYLE_USAGE ( .BOTH. , #731 ) ;
#1029 = EDGE_CURVE ( 'NONE', #1948, #2282, #3363, .T. ) ;
#1030 = DIRECTION ( 'NONE',  ( 1.000000000000000000, 0.0000000000000000000, 0.0000000000000000000 ) ) ;
#1031 = ORIENTED_EDGE ( 'NONE', *, *, #3948, .T. ) ;
#1032 = SURFACE_STYLE_FILL_AREA ( #1057 ) ;
#1033 = LINE ( 'NONE', #240, #5767 ) ;
#1034 = VECTOR ( 'NONE', #3267, 1000.000000000000000 ) ;
#1035 = LINE ( 'NONE', #1882, #2126 ) ;
#1036 = ORIENTED_EDGE ( 'NONE', *, *, #1919, .T. ) ;
#1037 = PRESENTATION_STYLE_ASSIGNMENT (( #1565 ) ) ;
#1038 = LINE ( 'NONE', #630, #849 ) ;
#1039 = LINE ( 'NONE', #3228, #4094 ) ;
#1040 = DIRECTION ( 'NONE',  ( 0.0000000000000000000, -1.000000000000000000, 0.0000000000000000000 ) ) ;
#1041 = VECTOR ( 'NONE', #4368, 1000.000000000000000 ) ;
#1042 = ORIENTED_EDGE ( 'NONE', *, *, #316, .F. ) ;
#1043 = LINE ( 'NONE', #5209, #2749 ) ;
#1044 = ORIENTED_EDGE ( 'NONE', *, *, #1919, .F. ) ;
#1045 = FILL_AREA_STYLE_COLOUR ( '', #1064 ) ;
#1046 = FILL_AREA_STYLE ('',( #4591 ) ) ;
#1047 = PLANE ( 'NONE',  #5652 ) ;
#1048 = CARTESIAN_POINT ( 'NONE',  ( -2.290000000000000036, 0.0000000000000000000, 0.2500000000000002220 ) ) ;
#1049 = EDGE_CURVE ( 'NONE', #1150, #3263, #2480, .T. ) ;
#1050 =( NAMED_UNIT ( * ) PLANE_ANGLE_UNIT ( ) SI_UNIT ( $, .RADIAN. ) );
#1051 = DIRECTION ( 'NONE',  ( -0.2079116908177567336, 0.9781476007338061329, 2.254183068697462485E-17 ) ) ;
#1052 = SURFACE_STYLE_FILL_AREA ( #2081 ) ;
#1053 = DIRECTION ( 'NONE',  ( -1.000000000000000000, 0.0000000000000000000, 0.0000000000000000000 ) ) ;
#1054 = EDGE_CURVE ( 'NONE', #946, #1608, #3391, .T. ) ;
#1055 = EDGE_CURVE ( 'NONE', #4044, #520, #2420, .T. ) ;
#1056 = ORIENTED_EDGE ( 'NONE', *, *, #2281, .T. ) ;
#1057 = FILL_AREA_STYLE ('',( #3282 ) ) ;
#1058 = STYLED_ITEM ( 'NONE', ( #4023 ), #5298 ) ;
#1059 =( GEOMETRIC_REPRESENTATION_CONTEXT ( 3 ) GLOBAL_UNCERTAINTY_ASSIGNED_CONTEXT ( ( #5638 ) ) GLOBAL_UNIT_ASSIGNED_CONTEXT ( ( #415, #5753, #464 ) ) REPRESENTATION_CONTEXT ( 'NONE', 'WORKASPACE' ) );
#1060 = FILL_AREA_STYLE_COLOUR ( '', #3085 ) ;
#1061 = EDGE_LOOP ( 'NONE', ( #4325, #4389, #92, #4247 ) ) ;
#1062 = FILL_AREA_STYLE_COLOUR ( '', #5218 ) ;
#1063 = VECTOR ( 'NONE', #5296, 1000.000000000000114 ) ;
#1064 = COLOUR_RGB ( '',0.2509803921568627416, 0.2509803921568627416, 0.2509803921568627416 ) ;
#1065 = ADVANCED_FACE ( 'NONE', ( #1083 ), #163, .T. ) ;
#1066 = ORIENTED_EDGE ( 'NONE', *, *, #194, .F. ) ;
#1067 = SURFACE_SIDE_STYLE ('',( #3876 ) ) ;
#1068 =( NAMED_UNIT ( * ) PLANE_ANGLE_UNIT ( ) SI_UNIT ( $, .RADIAN. ) );
#1069 = PLANE ( 'NONE',  #60 ) ;
#1070 = LINE ( 'NONE', #1947, #1638 ) ;
#1071 = ORIENTED_EDGE ( 'NONE', *, *, #2687, .T. ) ;
#1072 = DIRECTION ( 'NONE',  ( 0.0000000000000000000, 1.000000000000000000, 0.0000000000000000000 ) ) ;
#1073 = FACE_OUTER_BOUND ( 'NONE', #3375, .T. ) ;
#1074 = ORIENTED_EDGE ( 'NONE', *, *, #312, .T. ) ;
#1075 = UNCERTAINTY_MEASURE_WITH_UNIT (LENGTH_MEASURE( 1.000000000000000082E-05 ), #209, 'distance_accuracy_value', 'NONE');
#1076 = FACE_OUTER_BOUND ( 'NONE', #2552, .T. ) ;
#1077 =( NAMED_UNIT ( * ) SI_UNIT ( $, .STERADIAN. ) SOLID_ANGLE_UNIT ( ) );
#1078 = ORIENTED_EDGE ( 'NONE', *, *, #479, .F. ) ;
#1079 = SURFACE_STYLE_USAGE ( .BOTH. , #225 ) ;
#1080 = FILL_AREA_STYLE_COLOUR ( '', #564 ) ;
#1081 =( LENGTH_UNIT ( ) NAMED_UNIT ( * ) SI_UNIT ( .MILLI., .METRE. ) );
#1082 = FACE_OUTER_BOUND ( 'NONE', #591, .T. ) ;
#1083 = FACE_OUTER_BOUND ( 'NONE', #5608, .T. ) ;
#1084 = STYLED_ITEM ( 'NONE', ( #366 ), #5631 ) ;
#1085 = ORIENTED_EDGE ( 'NONE', *, *, #1441, .F. ) ;
#1086 = COLOUR_RGB ( '',1.000000000000000000, 1.000000000000000000, 0.5019607843137254832 ) ;
#1087 = ORIENTED_EDGE ( 'NONE', *, *, #4568, .F. ) ;
#1088 = FACE_OUTER_BOUND ( 'NONE', #3256, .T. ) ;
#1089 = DIRECTION ( 'NONE',  ( -0.5773502691896269523, 0.5773502691896239547, 0.5773502691896263972 ) ) ;
#1090 = CARTESIAN_POINT ( 'NONE',  ( -2.190000000000000391, 4.099999999999996980, -4.730000000000000426 ) ) ;
#1091 = FILL_AREA_STYLE ('',( #3817 ) ) ;
#1092 = EDGE_CURVE ( 'NONE', #2932, #922, #131, .T. ) ;
#1093 = AXIS2_PLACEMENT_3D ( 'NONE', #3880, #5628, #281 ) ;
#1094 =( GEOMETRIC_REPRESENTATION_CONTEXT ( 3 ) GLOBAL_UNCERTAINTY_ASSIGNED_CONTEXT ( ( #3203 ) ) GLOBAL_UNIT_ASSIGNED_CONTEXT ( ( #5319, #3599, #476 ) ) REPRESENTATION_CONTEXT ( 'NONE', 'WORKASPACE' ) );
#1095 = SURFACE_SIDE_STYLE ('',( #1537 ) ) ;
#1096 = ORIENTED_EDGE ( 'NONE', *, *, #5042, .T. ) ;
#1097 = DIRECTION ( 'NONE',  ( 0.0000000000000000000, 1.000000000000000000, 0.0000000000000000000 ) ) ;
#1098 = CARTESIAN_POINT ( 'NONE',  ( -2.890000000000000568, 0.2999999999999990452, -7.969999999999999751 ) ) ;
#1099 = VECTOR ( 'NONE', #5615, 1000.000000000000000 ) ;
#1100 = MECHANICAL_DESIGN_GEOMETRIC_PRESENTATION_REPRESENTATION (  '', ( #3739 ), #150 ) ;
#1101 = ADVANCED_FACE ( 'NONE', ( #3744 ), #3329, .T. ) ;
#1102 = ORIENTED_EDGE ( 'NONE', *, *, #2356, .T. ) ;
#1103 = DIRECTION ( 'NONE',  ( 0.0000000000000000000, 0.0000000000000000000, -1.000000000000000000 ) ) ;
#1104 = AXIS2_PLACEMENT_3D ( 'NONE', #5450, #3265, #3293 ) ;
#1105 = ORIENTED_EDGE ( 'NONE', *, *, #4594, .F. ) ;
#1106 = MECHANICAL_DESIGN_GEOMETRIC_PRESENTATION_REPRESENTATION (  '', ( #4220 ), #4402 ) ;
#1107 =( NAMED_UNIT ( * ) PLANE_ANGLE_UNIT ( ) SI_UNIT ( $, .RADIAN. ) );
#1108 = SURFACE_SIDE_STYLE ('',( #1228 ) ) ;
#1109 =( GEOMETRIC_REPRESENTATION_CONTEXT ( 3 ) GLOBAL_UNCERTAINTY_ASSIGNED_CONTEXT ( ( #803 ) ) GLOBAL_UNIT_ASSIGNED_CONTEXT ( ( #4391, #3930, #1693 ) ) REPRESENTATION_CONTEXT ( 'NONE', 'WORKASPACE' ) );
#1110 = SURFACE_STYLE_FILL_AREA ( #2918 ) ;
#1111 = ORIENTED_EDGE ( 'NONE', *, *, #4726, .T. ) ;
#1112 = PRESENTATION_STYLE_ASSIGNMENT (( #3446 ) ) ;
#1113 = ORIENTED_EDGE ( 'NONE', *, *, #456, .F. ) ;
#1114 = SURFACE_STYLE_FILL_AREA ( #609 ) ;
#1115 = PLANE ( 'NONE',  #5256 ) ;
#1116 = SURFACE_STYLE_FILL_AREA ( #3802 ) ;
#1117 = LINE ( 'NONE', #98, #826 ) ;
#1118 = CARTESIAN_POINT ( 'NONE',  ( -2.890000000000000568, 0.2999999999999990452, -4.730000000000000426 ) ) ;
#1119 = ORIENTED_EDGE ( 'NONE', *, *, #4354, .F. ) ;
#1120 = ORIENTED_EDGE ( 'NONE', *, *, #1244, .T. ) ;
#1121 =( NAMED_UNIT ( * ) PLANE_ANGLE_UNIT ( ) SI_UNIT ( $, .RADIAN. ) );
#1122 = CARTESIAN_POINT ( 'NONE',  ( -0.2500000000000006661, -2.649999999999991029, -7.370000000000000107 ) ) ;
#1123 = VECTOR ( 'NONE', #3549, 1000.000000000000000 ) ;
#1124 = STYLED_ITEM ( 'NONE', ( #4977 ), #1173 ) ;
#1125 = LINE ( 'NONE', #4706, #5208 ) ;
#1126 = ORIENTED_EDGE ( 'NONE', *, *, #2076, .F. ) ;
#1127 = ADVANCED_FACE ( 'NONE', ( #4728 ), #4795, .T. ) ;
#1128 = MANIFOLD_SOLID_BREP ( '???????? ??????1', #2027 ) ;
#1129 = LINE ( 'NONE', #1164, #5685 ) ;
#1130 = CARTESIAN_POINT ( 'NONE',  ( -2.290000000000000480, -2.649999999999991029, -7.370000000000000107 ) ) ;
#1131 = CARTESIAN_POINT ( 'NONE',  ( 0.2499999999999997780, -2.649999999999991029, -2.790000000000000480 ) ) ;
#1132 = MECHANICAL_DESIGN_GEOMETRIC_PRESENTATION_REPRESENTATION (  '', ( #1873 ), #4423 ) ;
#1133 = LINE ( 'NONE', #669, #102 ) ;
#1134 = ORIENTED_EDGE ( 'NONE', *, *, #3884, .T. ) ;
#1135 = CARTESIAN_POINT ( 'NONE',  ( 1.269999999999999796, 4.500000000000000000, 1.270000000000000240 ) ) ;
#1136 = VECTOR ( 'NONE', #485, 1000.000000000000000 ) ;
#1137 = DIRECTION ( 'NONE',  ( 0.0000000000000000000, 0.0000000000000000000, -1.000000000000000000 ) ) ;
#1138 = PLANE ( 'NONE',  #3522 ) ;
#1139 = SURFACE_SIDE_STYLE ('',( #5041 ) ) ;
#1140 = SURFACE_STYLE_FILL_AREA ( #1516 ) ;
#1141 = ORIENTED_EDGE ( 'NONE', *, *, #381, .F. ) ;
#1142 = CARTESIAN_POINT ( 'NONE',  ( 0.3499999999999996447, 4.500000000000000000, -3.290000000000005365 ) ) ;
#1143 = ORIENTED_EDGE ( 'NONE', *, *, #5106, .F. ) ;
#1144 = EDGE_CURVE ( 'NONE', #5489, #5443, #5196, .T. ) ;
#1145 = UNCERTAINTY_MEASURE_WITH_UNIT (LENGTH_MEASURE( 1.000000000000000082E-05 ), #796, 'distance_accuracy_value', 'NONE');
#1146 = PRESENTATION_STYLE_ASSIGNMENT (( #3831 ) ) ;
#1147 = CARTESIAN_POINT ( 'NONE',  ( -1.789999999999996261, 4.500000000000000000, -8.370000000000004547 ) ) ;
#1148 = LINE ( 'NONE', #3922, #5632 ) ;
#1149 = DIRECTION ( 'NONE',  ( -0.0000000000000000000, 1.000000000000000000, -0.0000000000000000000 ) ) ;
#1150 = VERTEX_POINT ( 'NONE', #4541 ) ;
#1151 = VECTOR ( 'NONE', #891, 1000.000000000000000 ) ;
#1152 = UNCERTAINTY_MEASURE_WITH_UNIT (LENGTH_MEASURE( 1.000000000000000082E-05 ), #2643, 'distance_accuracy_value', 'NONE');
#1153 = SURFACE_STYLE_FILL_AREA ( #2765 ) ;
#1154 = ORIENTED_EDGE ( 'NONE', *, *, #887, .F. ) ;
#1155 = DIRECTION ( 'NONE',  ( 0.5773502691896268413, -0.5773502691896232886, 0.5773502691896270633 ) ) ;
#1156 = LINE ( 'NONE', #387, #2933 ) ;
#1157 = FILL_AREA_STYLE ('',( #5171 ) ) ;
#1158 = ORIENTED_EDGE ( 'NONE', *, *, #1055, .F. ) ;
#1159 = DIRECTION ( 'NONE',  ( 1.000000000000000000, 0.0000000000000000000, -1.084202172485504311E-16 ) ) ;
#1160 = ORIENTED_EDGE ( 'NONE', *, *, #3080, .T. ) ;
#1161 = MECHANICAL_DESIGN_GEOMETRIC_PRESENTATION_REPRESENTATION (  '', ( #2004 ), #405 ) ;
#1162 = MECHANICAL_DESIGN_GEOMETRIC_PRESENTATION_REPRESENTATION (  '', ( #1898 ), #4073 ) ;
#1163 = PLANE ( 'NONE',  #2520 ) ;
#1164 = CARTESIAN_POINT ( 'NONE',  ( -0.3500000000000004774, 0.2999999999999990452, -5.429999999999999716 ) ) ;
#1165 = FACE_OUTER_BOUND ( 'NONE', #1061, .T. ) ;
#1166 = STYLED_ITEM ( 'NONE', ( #2278 ), #2393 ) ;
#1167 = FACE_OUTER_BOUND ( 'NONE', #5671, .T. ) ;
#1168 = MECHANICAL_DESIGN_GEOMETRIC_PRESENTATION_REPRESENTATION (  '', ( #5549 ), #3339 ) ;
#1169 = VERTEX_POINT ( 'NONE', #3614 ) ;
#1170 = DIRECTION ( 'NONE',  ( 0.0000000000000000000, -1.000000000000000000, 0.0000000000000000000 ) ) ;
#1171 =( GEOMETRIC_REPRESENTATION_CONTEXT ( 3 ) GLOBAL_UNCERTAINTY_ASSIGNED_CONTEXT ( ( #3383 ) ) GLOBAL_UNIT_ASSIGNED_CONTEXT ( ( #200, #3873, #2008 ) ) REPRESENTATION_CONTEXT ( 'NONE', 'WORKASPACE' ) );
#1172 = DIRECTION ( 'NONE',  ( -0.5773502691896261751, -0.5773502691896241767, 0.5773502691896269523 ) ) ;
#1173 = ADVANCED_FACE ( 'NONE', ( #5774 ), #1298, .F. ) ;
#1174 = VECTOR ( 'NONE', #1797, 1000.000000000000000 ) ;
#1175 = LINE ( 'NONE', #1142, #870 ) ;
#1176 = ORIENTED_EDGE ( 'NONE', *, *, #14, .F. ) ;
#1177 = PRESENTATION_STYLE_ASSIGNMENT (( #4363 ) ) ;
#1178 = PRESENTATION_STYLE_ASSIGNMENT (( #681 ) ) ;
#1179 = SURFACE_STYLE_FILL_AREA ( #228 ) ;
#1180 = SURFACE_STYLE_FILL_AREA ( #5194 ) ;
#1181 = EDGE_CURVE ( 'NONE', #1006, #4283, #4950, .T. ) ;
#1182 = CARTESIAN_POINT ( 'NONE',  ( -2.890000000000000568, 4.099999999999996980, -7.969999999999999751 ) ) ;
#1183 = DIRECTION ( 'NONE',  ( 0.0000000000000000000, 1.000000000000000000, 0.0000000000000000000 ) ) ;
#1184 = ADVANCED_FACE ( 'NONE', ( #4923 ), #2317, .T. ) ;
#1185 = VERTEX_POINT ( 'NONE', #1023 ) ;
#1186 = AXIS2_PLACEMENT_3D ( 'NONE', #1280, #1220, #2641 ) ;
#1187 = FILL_AREA_STYLE_COLOUR ( '', #2698 ) ;
#1188 =( GEOMETRIC_REPRESENTATION_CONTEXT ( 3 ) GLOBAL_UNCERTAINTY_ASSIGNED_CONTEXT ( ( #1675 ) ) GLOBAL_UNIT_ASSIGNED_CONTEXT ( ( #1655, #4697, #3393 ) ) REPRESENTATION_CONTEXT ( 'NONE', 'WORKASPACE' ) );
#1189 = EDGE_LOOP ( 'NONE', ( #2522, #1396, #2807, #1260 ) ) ;
#1190 = CARTESIAN_POINT ( 'NONE',  ( -2.189999999999999947, 4.099999999999998757, -0.3499999999999998113 ) ) ;
#1191 = CARTESIAN_POINT ( 'NONE',  ( -2.890000000000000568, 4.099999999999996980, -7.270000000000000462 ) ) ;
#1192 = LINE ( 'NONE', #4799, #2715 ) ;
#1193 = CARTESIAN_POINT ( 'NONE',  ( -0.3500000000000000333, 4.100000000000000533, 0.3499999999999998113 ) ) ;
#1194 = COLOUR_RGB ( '',1.000000000000000000, 1.000000000000000000, 0.5019607843137254832 ) ;
#1195 = ORIENTED_EDGE ( 'NONE', *, *, #4777, .T. ) ;
#1196 = DIRECTION ( 'NONE',  ( -0.5773502691896259531, -0.5773502691896242878, 0.5773502691896271743 ) ) ;
#1197 = VERTEX_POINT ( 'NONE', #2810 ) ;
#1198 = CARTESIAN_POINT ( 'NONE',  ( -0.3500000000000002554, 4.099999999999996980, -2.890000000000000124 ) ) ;
#1199 = PRESENTATION_LAYER_ASSIGNMENT (  '', '', ( #4851 ) ) ;
#1200 = LINE ( 'NONE', #1311, #2645 ) ;
#1201 = CARTESIAN_POINT ( 'NONE',  ( 0.2499999999999996669, -2.649999999999991029, -4.830000000000000071 ) ) ;
#1202 = COLOUR_RGB ( '',1.000000000000000000, 1.000000000000000000, 0.5019607843137254832 ) ;
#1203 = CARTESIAN_POINT ( 'NONE',  ( -2.890000000000000568, 4.099999999999996980, -2.189999999999999503 ) ) ;
#1204 = COLOUR_RGB ( '',0.5019607843137254832, 0.5019607843137254832, 0.5019607843137254832 ) ;
#1205 = CARTESIAN_POINT ( 'NONE',  ( -0.7500000000000034417, 4.500000000000000000, -8.370000000000002771 ) ) ;
#1206 = MECHANICAL_DESIGN_GEOMETRIC_PRESENTATION_REPRESENTATION (  '', ( #5759 ), #1301 ) ;
#1207 = FILL_AREA_STYLE ('',( #4814 ) ) ;
#1208 = AXIS2_PLACEMENT_3D ( 'NONE', #704, #5266, #5683 ) ;
#1209 = STYLED_ITEM ( 'NONE', ( #2982 ), #4693 ) ;
#1210 = ORIENTED_EDGE ( 'NONE', *, *, #1951, .T. ) ;
#1211 = SURFACE_SIDE_STYLE ('',( #3448 ) ) ;
#1212 = CARTESIAN_POINT ( 'NONE',  ( -2.190000000000000391, 0.2999999999999990452, -2.889999999999999680 ) ) ;
#1213 = EDGE_CURVE ( 'NONE', #1874, #5702, #184, .T. ) ;
#1214 = FILL_AREA_STYLE ('',( #2158 ) ) ;
#1215 = SURFACE_SIDE_STYLE ('',( #3896 ) ) ;
#1216 = LINE ( 'NONE', #2235, #3451 ) ;
#1217 = ORIENTED_EDGE ( 'NONE', *, *, #284, .F. ) ;
#1218 = FACE_OUTER_BOUND ( 'NONE', #483, .T. ) ;
#1219 = DIRECTION ( 'NONE',  ( 0.0000000000000000000, 0.0000000000000000000, 1.000000000000000000 ) ) ;
#1220 = DIRECTION ( 'NONE',  ( -1.548860246407863583E-16, 0.0000000000000000000, -1.000000000000000000 ) ) ;
#1221 = ORIENTED_EDGE ( 'NONE', *, *, #4354, .T. ) ;
#1222 = EDGE_CURVE ( 'NONE', #3848, #1696, #1894, .T. ) ;
#1223 =( NAMED_UNIT ( * ) PLANE_ANGLE_UNIT ( ) SI_UNIT ( $, .RADIAN. ) );
#1224 = DIRECTION ( 'NONE',  ( -0.0000000000000000000, 1.000000000000000000, -0.0000000000000000000 ) ) ;
#1225 = PRESENTATION_LAYER_ASSIGNMENT (  '', '', ( #1124 ) ) ;
#1226 = FILL_AREA_STYLE_COLOUR ( '', #3691 ) ;
#1227 = SURFACE_STYLE_USAGE ( .BOTH. , #5238 ) ;
#1228 = SURFACE_STYLE_FILL_AREA ( #2838 ) ;
#1229 = COLOUR_RGB ( '',0.2509803921568627416, 0.2509803921568627416, 0.2509803921568627416 ) ;
#1230 = ORIENTED_EDGE ( 'NONE', *, *, #1144, .T. ) ;
#1231 = ORIENTED_EDGE ( 'NONE', *, *, #3989, .T. ) ;
#1232 = DIRECTION ( 'NONE',  ( 3.252606517456512316E-16, 0.0000000000000000000, 1.000000000000000000 ) ) ;
#1233 = DIRECTION ( 'NONE',  ( -3.252606517456512316E-16, 0.0000000000000000000, -1.000000000000000000 ) ) ;
#1234 = LINE ( 'NONE', #5164, #1811 ) ;
#1235 = SURFACE_SIDE_STYLE ('',( #2986 ) ) ;
#1236 = DIRECTION ( 'NONE',  ( -1.000000000000000000, -0.0000000000000000000, 1.084202172485503941E-16 ) ) ;
#1237 = ADVANCED_FACE ( 'NONE', ( #1989 ), #2409, .T. ) ;
#1238 = PRESENTATION_STYLE_ASSIGNMENT (( #5695 ) ) ;
#1239 = DIRECTION ( 'NONE',  ( -0.9781476007338062439, 0.2079116908177564560, 1.060509753727076412E-16 ) ) ;
#1240 = FILL_AREA_STYLE_COLOUR ( '', #540 ) ;
#1241 = PLANE ( 'NONE',  #1914 ) ;
#1242 = ORIENTED_EDGE ( 'NONE', *, *, #3164, .T. ) ;
#1243 = COLOUR_RGB ( '',0.5019607843137254832, 0.5019607843137254832, 0.5019607843137254832 ) ;
#1244 = EDGE_CURVE ( 'NONE', #1480, #5006, #4145, .T. ) ;
#1245 = DIRECTION ( 'NONE',  ( -1.000000000000000000, -0.0000000000000000000, 1.548860246407863583E-16 ) ) ;
#1246 = EDGE_LOOP ( 'NONE', ( #3937, #4134, #3210, #4473 ) ) ;
#1247 =( NAMED_UNIT ( * ) SI_UNIT ( $, .STERADIAN. ) SOLID_ANGLE_UNIT ( ) );
#1248 = CARTESIAN_POINT ( 'NONE',  ( -0.1437217191649895198, -3.149999999999999911, -5.330000000000000959 ) ) ;
#1249 =( GEOMETRIC_REPRESENTATION_CONTEXT ( 3 ) GLOBAL_UNCERTAINTY_ASSIGNED_CONTEXT ( ( #3801 ) ) GLOBAL_UNIT_ASSIGNED_CONTEXT ( ( #5448, #118, #3262 ) ) REPRESENTATION_CONTEXT ( 'NONE', 'WORKASPACE' ) );
#1250 = LINE ( 'NONE', #3135, #1380 ) ;
#1251 = ADVANCED_FACE ( 'NONE', ( #1514 ), #575, .F. ) ;
#1252 = VECTOR ( 'NONE', #3315, 1000.000000000000114 ) ;
#1253 = FACE_OUTER_BOUND ( 'NONE', #2424, .T. ) ;
#1254 = UNCERTAINTY_MEASURE_WITH_UNIT (LENGTH_MEASURE( 1.000000000000000082E-05 ), #2606, 'distance_accuracy_value', 'NONE');
#1255 = CARTESIAN_POINT ( 'NONE',  ( -0.1437217191649888814, -3.149999999999999911, -2.790000000000000480 ) ) ;
#1256 = COLOUR_RGB ( '',0.5019607843137254832, 0.5019607843137254832, 0.5019607843137254832 ) ;
#1257 = CARTESIAN_POINT ( 'NONE',  ( -2.790000000000000924, -3.149999999999999911, -5.330000000000000959 ) ) ;
#1258 = DIRECTION ( 'NONE',  ( -1.084202172485504311E-16, 0.0000000000000000000, -1.000000000000000000 ) ) ;
#1259 = MECHANICAL_DESIGN_GEOMETRIC_PRESENTATION_REPRESENTATION (  '', ( #5647 ), #3330 ) ;
#1260 = ORIENTED_EDGE ( 'NONE', *, *, #3444, .T. ) ;
#1261 = VECTOR ( 'NONE', #2253, 1000.000000000000000 ) ;
#1262 = UNCERTAINTY_MEASURE_WITH_UNIT (LENGTH_MEASURE( 1.000000000000000082E-05 ), #5263, 'distance_accuracy_value', 'NONE');
#1263 = VECTOR ( 'NONE', #4416, 1000.000000000000000 ) ;
#1264 = CARTESIAN_POINT ( 'NONE',  ( -0.3500000000000006994, 4.099999999999998757, -7.270000000000000462 ) ) ;
#1265 = SURFACE_STYLE_FILL_AREA ( #1689 ) ;
#1266 = SURFACE_SIDE_STYLE ('',( #1734 ) ) ;
#1267 = FILL_AREA_STYLE_COLOUR ( '', #3445 ) ;
#1268 = COLOUR_RGB ( '',1.000000000000000000, 1.000000000000000000, 0.5019607843137254832 ) ;
#1269 = ORIENTED_EDGE ( 'NONE', *, *, #895, .F. ) ;
#1270 = SURFACE_STYLE_USAGE ( .BOTH. , #617 ) ;
#1271 = ORIENTED_EDGE ( 'NONE', *, *, #3588, .T. ) ;
#1272 = VECTOR ( 'NONE', #4993, 1000.000000000000000 ) ;
#1273 = COLOUR_RGB ( '',0.2509803921568627416, 0.2509803921568627416, 0.2509803921568627416 ) ;
#1274 =( NAMED_UNIT ( * ) PLANE_ANGLE_UNIT ( ) SI_UNIT ( $, .RADIAN. ) );
#1275 = CARTESIAN_POINT ( 'NONE',  ( -0.3500000000000006994, 0.2999999999999990452, -7.969999999999999751 ) ) ;
#1276 = CARTESIAN_POINT ( 'NONE',  ( -0.3500000000000002554, 4.099999999999996980, -2.890000000000000124 ) ) ;
#1277 = CARTESIAN_POINT ( 'NONE',  ( 0.2499999999999995837, -2.649999999999991029, -5.330000000000000959 ) ) ;
#1278 = SURFACE_SIDE_STYLE ('',( #3049 ) ) ;
#1279 = ORIENTED_EDGE ( 'NONE', *, *, #5662, .F. ) ;
#1280 = CARTESIAN_POINT ( 'NONE',  ( -2.890000000000000568, 0.2999999999999990452, -2.889999999999999680 ) ) ;
#1281 = ORIENTED_EDGE ( 'NONE', *, *, #5219, .F. ) ;
#1282 = PRESENTATION_STYLE_ASSIGNMENT (( #2104 ) ) ;
#1283 = EDGE_CURVE ( 'NONE', #4181, #1953, #4829, .T. ) ;
#1284 = FILL_AREA_STYLE_COLOUR ( '', #3637 ) ;
#1285 = SURFACE_SIDE_STYLE ('',( #5180 ) ) ;
#1286 = ADVANCED_FACE ( 'NONE', ( #4350 ), #1598, .T. ) ;
#1287 = EDGE_CURVE ( 'NONE', #4337, #1343, #812, .T. ) ;
#1288 = LINE ( 'NONE', #938, #2868 ) ;
#1289 = CARTESIAN_POINT ( 'NONE',  ( -2.790000000000000924, -3.149999999999999911, -2.790000000000000036 ) ) ;
#1290 = VECTOR ( 'NONE', #5217, 1000.000000000000000 ) ;
#1291 = FACE_OUTER_BOUND ( 'NONE', #5588, .T. ) ;
#1292 = PRESENTATION_STYLE_ASSIGNMENT (( #5326 ) ) ;
#1293 = EDGE_LOOP ( 'NONE', ( #4410, #1482, #3133, #4167 ) ) ;
#1294 = VECTOR ( 'NONE', #4150, 1000.000000000000000 ) ;
#1295 = ORIENTED_EDGE ( 'NONE', *, *, #746, .F. ) ;
#1296 =( GEOMETRIC_REPRESENTATION_CONTEXT ( 3 ) GLOBAL_UNCERTAINTY_ASSIGNED_CONTEXT ( ( #2498 ) ) GLOBAL_UNIT_ASSIGNED_CONTEXT ( ( #657, #3690, #5439 ) ) REPRESENTATION_CONTEXT ( 'NONE', 'WORKASPACE' ) );
#1297 = CARTESIAN_POINT ( 'NONE',  ( -2.189999999999999947, 0.2999999999999990452, -0.3499999999999998113 ) ) ;
#1298 = PLANE ( 'NONE',  #3574 ) ;
#1299 = PRESENTATION_STYLE_ASSIGNMENT (( #3070 ) ) ;
#1300 = VECTOR ( 'NONE', #4087, 1000.000000000000000 ) ;
#1301 =( GEOMETRIC_REPRESENTATION_CONTEXT ( 3 ) GLOBAL_UNCERTAINTY_ASSIGNED_CONTEXT ( ( #307 ) ) GLOBAL_UNIT_ASSIGNED_CONTEXT ( ( #2786, #2267, #5016 ) ) REPRESENTATION_CONTEXT ( 'NONE', 'WORKASPACE' ) );
#1302 = ORIENTED_EDGE ( 'NONE', *, *, #3551, .F. ) ;
#1303 = SHAPE_DEFINITION_REPRESENTATION ( #208, #2433 ) ;
#1304 = PRESENTATION_LAYER_ASSIGNMENT (  '', '', ( #4401 ) ) ;
#1305 = DIRECTION ( 'NONE',  ( -1.000000000000000000, -0.0000000000000000000, 1.084202172485503941E-16 ) ) ;
#1306 = LINE ( 'NONE', #3106, #5134 ) ;
#1307 = AXIS2_PLACEMENT_3D ( 'NONE', #3512, #302, #3047 ) ;
#1308 = CARTESIAN_POINT ( 'NONE',  ( 0.2499999999999994726, 0.0000000000000000000, -7.370000000000000107 ) ) ;
#1309 = VERTEX_POINT ( 'NONE', #23 ) ;
#1310 = SURFACE_STYLE_USAGE ( .BOTH. , #841 ) ;
#1311 = CARTESIAN_POINT ( 'NONE',  ( -0.3500000000000002554, 0.2999999999999990452, -2.890000000000000124 ) ) ;
#1312 =( NAMED_UNIT ( * ) PLANE_ANGLE_UNIT ( ) SI_UNIT ( $, .RADIAN. ) );
#1313 = EDGE_CURVE ( 'NONE', #173, #3159, #3186, .T. ) ;
#1314 = LINE ( 'NONE', #3115, #1290 ) ;
#1315 = DIRECTION ( 'NONE',  ( 1.084202172485504311E-16, 0.0000000000000000000, 1.000000000000000000 ) ) ;
#1316 = DIRECTION ( 'NONE',  ( -1.548860246407863583E-16, 0.0000000000000000000, -1.000000000000000000 ) ) ;
#1317 = EDGE_CURVE ( 'NONE', #566, #436, #4065, .T. ) ;
#1318 = COLOUR_RGB ( '',0.5019607843137254832, 0.5019607843137254832, 0.5019607843137254832 ) ;
#1319 = EDGE_CURVE ( 'NONE', #5597, #2060, #2288, .T. ) ;
#1320 = SURFACE_STYLE_FILL_AREA ( #3977 ) ;
#1321 = VERTEX_POINT ( 'NONE', #4040 ) ;
#1322 = LINE ( 'NONE', #4948, #4682 ) ;
#1323 = MECHANICAL_DESIGN_GEOMETRIC_PRESENTATION_REPRESENTATION (  '', ( #1502 ), #2074 ) ;
#1324 =( NAMED_UNIT ( * ) SI_UNIT ( $, .STERADIAN. ) SOLID_ANGLE_UNIT ( ) );
#1325 = SURFACE_STYLE_USAGE ( .BOTH. , #3208 ) ;
#1326 = CARTESIAN_POINT ( 'NONE',  ( -0.2500000000000004441, -3.149999999999999911, -4.830000000000000071 ) ) ;
#1327 = ORIENTED_EDGE ( 'NONE', *, *, #4996, .F. ) ;
#1328 = EDGE_CURVE ( 'NONE', #3563, #436, #4495, .T. ) ;
#1329 =( GEOMETRIC_REPRESENTATION_CONTEXT ( 3 ) GLOBAL_UNCERTAINTY_ASSIGNED_CONTEXT ( ( #3326 ) ) GLOBAL_UNIT_ASSIGNED_CONTEXT ( ( #5525, #1050, #1521 ) ) REPRESENTATION_CONTEXT ( 'NONE', 'WORKASPACE' ) );
#1330 = FACE_BOUND ( 'NONE', #1189, .T. ) ;
#1331 = SURFACE_STYLE_USAGE ( .BOTH. , #5257 ) ;
#1332 = ORIENTED_EDGE ( 'NONE', *, *, #2258, .F. ) ;
#1333 = CARTESIAN_POINT ( 'NONE',  ( -3.290000000000003144, 4.500000000000000000, 0.7500000000000029976 ) ) ;
#1334 = ORIENTED_EDGE ( 'NONE', *, *, #3728, .T. ) ;
#1335 = SURFACE_STYLE_USAGE ( .BOTH. , #5733 ) ;
#1336 =( NAMED_UNIT ( * ) SI_UNIT ( $, .STERADIAN. ) SOLID_ANGLE_UNIT ( ) );
#1337 = CARTESIAN_POINT ( 'NONE',  ( 0.3499999999999994227, 0.2999999999999990452, -7.270000000000000462 ) ) ;
#1338 = EDGE_LOOP ( 'NONE', ( #1613, #3851, #4684, #1709 ) ) ;
#1339 = DIRECTION ( 'NONE',  ( -1.084202172485504311E-16, 0.0000000000000000000, -1.000000000000000000 ) ) ;
#1340 = FILL_AREA_STYLE ('',( #3946 ) ) ;
#1341 = SURFACE_SIDE_STYLE ('',( #4029 ) ) ;
#1342 = PRESENTATION_STYLE_ASSIGNMENT (( #3562 ) ) ;
#1343 = VERTEX_POINT ( 'NONE', #4519 ) ;
#1344 = COLOUR_RGB ( '',0.5019607843137254832, 0.5019607843137254832, 0.5019607843137254832 ) ;
#1345 = AXIS2_PLACEMENT_3D ( 'NONE', #710, #4820, #5593 ) ;
#1346 = VECTOR ( 'NONE', #2914, 1000.000000000000000 ) ;
#1347 = CARTESIAN_POINT ( 'NONE',  ( -2.190000000000000391, 4.099999999999996980, -4.730000000000000426 ) ) ;
#1348 = EDGE_CURVE ( 'NONE', #4964, #453, #4011, .T. ) ;
#1349 = ORIENTED_EDGE ( 'NONE', *, *, #1092, .F. ) ;
#1350 = VECTOR ( 'NONE', #4268, 1000.000000000000114 ) ;
#1351 = EDGE_CURVE ( 'NONE', #3103, #3051, #949, .T. ) ;
#1352 = PLANE ( 'NONE',  #491 ) ;
#1353 = LINE ( 'NONE', #3625, #2792 ) ;
#1354 = FILL_AREA_STYLE ('',( #445 ) ) ;
#1355 = ORIENTED_EDGE ( 'NONE', *, *, #4058, .T. ) ;
#1356 = FACE_OUTER_BOUND ( 'NONE', #3137, .T. ) ;
#1357 = FACE_OUTER_BOUND ( 'NONE', #5303, .T. ) ;
#1358 = PRESENTATION_LAYER_ASSIGNMENT (  '', '', ( #2396 ) ) ;
#1359 = ORIENTED_EDGE ( 'NONE', *, *, #4880, .T. ) ;
#1360 = SURFACE_SIDE_STYLE ('',( #4989 ) ) ;
#1361 = SURFACE_STYLE_USAGE ( .BOTH. , #5762 ) ;
#1362 = COLOUR_RGB ( '',0.5019607843137254832, 0.5019607843137254832, 0.5019607843137254832 ) ;
#1363 = CARTESIAN_POINT ( 'NONE',  ( -0.2500000000000008327, -2.649999999999991029, -7.870000000000000107 ) ) ;
#1364 = SURFACE_STYLE_USAGE ( .BOTH. , #3971 ) ;
#1365 = VECTOR ( 'NONE', #4324, 1000.000000000000114 ) ;
#1366 = VERTEX_POINT ( 'NONE', #2716 ) ;
#1367 = CARTESIAN_POINT ( 'NONE',  ( 0.3499999999999995337, 4.099999999999998757, -5.430000000000000604 ) ) ;
#1368 = COLOUR_RGB ( '',0.5019607843137254832, 0.5019607843137254832, 0.5019607843137254832 ) ;
#1369 = PRESENTATION_LAYER_ASSIGNMENT (  '', '', ( #5024 ) ) ;
#1370 = PLANE ( 'NONE',  #2947 ) ;
#1371 = EDGE_LOOP ( 'NONE', ( #2732, #243, #5139, #473 ) ) ;
#1372 = UNCERTAINTY_MEASURE_WITH_UNIT (LENGTH_MEASURE( 1.000000000000000082E-05 ), #363, 'distance_accuracy_value', 'NONE');
#1373 =( GEOMETRIC_REPRESENTATION_CONTEXT ( 3 ) GLOBAL_UNCERTAINTY_ASSIGNED_CONTEXT ( ( #5463 ) ) GLOBAL_UNIT_ASSIGNED_CONTEXT ( ( #5146, #2016, #3346 ) ) REPRESENTATION_CONTEXT ( 'NONE', 'WORKASPACE' ) );
#1374 = AXIS2_PLACEMENT_3D ( 'NONE', #5169, #1588, #2926 ) ;
#1375 = LINE ( 'NONE', #1763, #1868 ) ;
#1376 = DIRECTION ( 'NONE',  ( -0.5773502691896266192, -0.5773502691896239547, 0.5773502691896266192 ) ) ;
#1377 = PRESENTATION_LAYER_ASSIGNMENT (  '', '', ( #4200 ) ) ;
#1378 = DIRECTION ( 'NONE',  ( 0.0000000000000000000, 0.0000000000000000000, -1.000000000000000000 ) ) ;
#1379 = FILL_AREA_STYLE_COLOUR ( '', #4967 ) ;
#1380 = VECTOR ( 'NONE', #1829, 1000.000000000000000 ) ;
#1381 = EDGE_CURVE ( 'NONE', #3079, #5428, #4952, .T. ) ;
#1382 = DIRECTION ( 'NONE',  ( 0.0000000000000000000, 1.000000000000000000, 0.0000000000000000000 ) ) ;
#1383 = CARTESIAN_POINT ( 'NONE',  ( -2.790000000000000924, 0.0000000000000000000, -7.370000000000000107 ) ) ;
#1384 = FACE_OUTER_BOUND ( 'NONE', #2946, .T. ) ;
#1385 = VECTOR ( 'NONE', #3612, 1000.000000000000000 ) ;
#1386 = VECTOR ( 'NONE', #5621, 1000.000000000000000 ) ;
#1387 = VECTOR ( 'NONE', #1339, 1000.000000000000000 ) ;
#1388 = CARTESIAN_POINT ( 'NONE',  ( -2.790000000000000036, -2.649999999999989253, 0.2500000000000002776 ) ) ;
#1389 = ORIENTED_EDGE ( 'NONE', *, *, #1816, .T. ) ;
#1390 = VECTOR ( 'NONE', #2353, 1000.000000000000000 ) ;
#1391 = ADVANCED_FACE ( 'NONE', ( #5353 ), #2736, .F. ) ;
#1392 = CARTESIAN_POINT ( 'NONE',  ( -2.190000000000000391, 0.2999999999999990452, -2.189999999999999503 ) ) ;
#1393 = ORIENTED_EDGE ( 'NONE', *, *, #1857, .T. ) ;
#1394 = DIRECTION ( 'NONE',  ( 1.000000000000000000, 0.0000000000000000000, -1.084202172485504187E-16 ) ) ;
#1395 =( NAMED_UNIT ( * ) PLANE_ANGLE_UNIT ( ) SI_UNIT ( $, .RADIAN. ) );
#1396 = ORIENTED_EDGE ( 'NONE', *, *, #4834, .T. ) ;
#1397 = DIRECTION ( 'NONE',  ( -1.548860246407863583E-16, 0.0000000000000000000, -1.000000000000000000 ) ) ;
#1398 = FILL_AREA_STYLE ('',( #5408 ) ) ;
#1399 =( NAMED_UNIT ( * ) SI_UNIT ( $, .STERADIAN. ) SOLID_ANGLE_UNIT ( ) );
#1400 = DIRECTION ( 'NONE',  ( 0.0000000000000000000, 0.0000000000000000000, 1.000000000000000000 ) ) ;
#1401 = FILL_AREA_STYLE_COLOUR ( '', #1567 ) ;
#1402 = DIRECTION ( 'NONE',  ( 0.0000000000000000000, 0.7071067811865459074, 0.7071067811865491270 ) ) ;
#1403 = CARTESIAN_POINT ( 'NONE',  ( -2.890000000000000568, 4.099999999999996980, -5.429999999999999716 ) ) ;
#1404 = EDGE_CURVE ( 'NONE', #1556, #4980, #3212, .T. ) ;
#1405 = AXIS2_PLACEMENT_3D ( 'NONE', #2560, #3054, #2585 ) ;
#1406 = LINE ( 'NONE', #2794, #1749 ) ;
#1407 = ORIENTED_EDGE ( 'NONE', *, *, #5384, .T. ) ;
#1408 = STYLED_ITEM ( 'NONE', ( #4059 ), #1609 ) ;
#1409 = SURFACE_SIDE_STYLE ('',( #5469 ) ) ;
#1410 = EDGE_CURVE ( 'NONE', #3563, #5624, #1455, .T. ) ;
#1411 = ORIENTED_EDGE ( 'NONE', *, *, #4996, .T. ) ;
#1412 = SURFACE_SIDE_STYLE ('',( #4133 ) ) ;
#1413 = SURFACE_STYLE_USAGE ( .BOTH. , #2275 ) ;
#1414 = ORIENTED_EDGE ( 'NONE', *, *, #4836, .F. ) ;
#1415 = LINE ( 'NONE', #4192, #361 ) ;
#1416 = EDGE_CURVE ( 'NONE', #1948, #3628, #4175, .T. ) ;
#1417 = EDGE_CURVE ( 'NONE', #4707, #4806, #76, .T. ) ;
#1418 = VECTOR ( 'NONE', #4928, 1000.000000000000000 ) ;
#1419 = CARTESIAN_POINT ( 'NONE',  ( -0.2500000000000004441, 0.0000000000000000000, -4.830000000000000071 ) ) ;
#1420 = EDGE_LOOP ( 'NONE', ( #201, #664, #1432, #4369 ) ) ;
#1421 = DIRECTION ( 'NONE',  ( 0.5773502691896266192, 0.5773502691896240657, 0.5773502691896266192 ) ) ;
#1422 = PRESENTATION_STYLE_ASSIGNMENT (( #974 ) ) ;
#1423 = ORIENTED_EDGE ( 'NONE', *, *, #5385, .T. ) ;
#1424 =( GEOMETRIC_REPRESENTATION_CONTEXT ( 3 ) GLOBAL_UNCERTAINTY_ASSIGNED_CONTEXT ( ( #3597 ) ) GLOBAL_UNIT_ASSIGNED_CONTEXT ( ( #4784, #5653, #4812 ) ) REPRESENTATION_CONTEXT ( 'NONE', 'WORKASPACE' ) );
#1425 = MECHANICAL_DESIGN_GEOMETRIC_PRESENTATION_REPRESENTATION (  '', ( #3987 ), #2954 ) ;
#1426 = FILL_AREA_STYLE ('',( #25 ) ) ;
#1427 =( LENGTH_UNIT ( ) NAMED_UNIT ( * ) SI_UNIT ( .MILLI., .METRE. ) );
#1428 = PRESENTATION_LAYER_ASSIGNMENT (  '', '', ( #2004 ) ) ;
#1429 = ORIENTED_EDGE ( 'NONE', *, *, #2281, .F. ) ;
#1430 = UNCERTAINTY_MEASURE_WITH_UNIT (LENGTH_MEASURE( 1.000000000000000082E-05 ), #2553, 'distance_accuracy_value', 'NONE');
#1431 = CARTESIAN_POINT ( 'NONE',  ( -0.3500000000000006994, 0.2999999999999990452, -7.270000000000000462 ) ) ;
#1432 = ORIENTED_EDGE ( 'NONE', *, *, #349, .F. ) ;
#1433 = VECTOR ( 'NONE', #1316, 1000.000000000000000 ) ;
#1434 = AXIS2_PLACEMENT_3D ( 'NONE', #4606, #4578, #5344 ) ;
#1435 = DIRECTION ( 'NONE',  ( 1.000000000000000000, 0.0000000000000000000, -1.084202172485504187E-16 ) ) ;
#1436 = CARTESIAN_POINT ( 'NONE',  ( -1.789999999999996039, 4.500000000000000000, -4.329999999999996518 ) ) ;
#1437 = DIRECTION ( 'NONE',  ( -0.9781476007338060219, 0.2079116908177578160, 1.060509753727076535E-16 ) ) ;
#1438 = VECTOR ( 'NONE', #2666, 1000.000000000000000 ) ;
#1439 = FACE_OUTER_BOUND ( 'NONE', #5279, .T. ) ;
#1440 = PRODUCT_RELATED_PRODUCT_CATEGORY ( 'part', '', ( #3749 ) ) ;
#1441 = EDGE_CURVE ( 'NONE', #3051, #1556, #97, .T. ) ;
#1442 = DIRECTION ( 'NONE',  ( -1.000000000000000000, -0.0000000000000000000, 1.084202172485503941E-16 ) ) ;
#1443 =( LENGTH_UNIT ( ) NAMED_UNIT ( * ) SI_UNIT ( .MILLI., .METRE. ) );
#1444 = CARTESIAN_POINT ( 'NONE',  ( 0.2499999999999996669, -3.149999999999999911, -4.830000000000000071 ) ) ;
#1445 =( LENGTH_UNIT ( ) NAMED_UNIT ( * ) SI_UNIT ( .MILLI., .METRE. ) );
#1446 = FILL_AREA_STYLE ('',( #2307 ) ) ;
#1447 = ORIENTED_EDGE ( 'NONE', *, *, #2657, .F. ) ;
#1448 = CARTESIAN_POINT ( 'NONE',  ( -1.789999999999997149, 4.500000000000000000, 0.3500000000000000888 ) ) ;
#1449 = FILL_AREA_STYLE_COLOUR ( '', #1538 ) ;
#1450 = VECTOR ( 'NONE', #789, 1000.000000000000000 ) ;
#1451 = FACE_OUTER_BOUND ( 'NONE', #782, .T. ) ;
#1452 = ORIENTED_EDGE ( 'NONE', *, *, #2258, .T. ) ;
#1453 = MECHANICAL_DESIGN_GEOMETRIC_PRESENTATION_REPRESENTATION (  '', ( #2138 ), #3356 ) ;
#1454 = MECHANICAL_DESIGN_GEOMETRIC_PRESENTATION_REPRESENTATION (  '', ( #5576 ), #3630 ) ;
#1455 = LINE ( 'NONE', #3273, #182 ) ;
#1456 =( LENGTH_UNIT ( ) NAMED_UNIT ( * ) SI_UNIT ( .MILLI., .METRE. ) );
#1457 = SURFACE_SIDE_STYLE ('',( #2330 ) ) ;
#1458 =( GEOMETRIC_REPRESENTATION_CONTEXT ( 3 ) GLOBAL_UNCERTAINTY_ASSIGNED_CONTEXT ( ( #3502 ) ) GLOBAL_UNIT_ASSIGNED_CONTEXT ( ( #2564, #4352, #4293 ) ) REPRESENTATION_CONTEXT ( 'NONE', 'WORKASPACE' ) );
#1459 = PRESENTATION_LAYER_ASSIGNMENT (  '', '', ( #5576 ) ) ;
#1460 = SURFACE_SIDE_STYLE ('',( #4128 ) ) ;
#1461 = VERTEX_POINT ( 'NONE', #4149 ) ;
#1462 = PRESENTATION_LAYER_ASSIGNMENT (  '', '', ( #3931 ) ) ;
#1463 = DIRECTION ( 'NONE',  ( 1.000000000000000000, 0.0000000000000000000, 0.0000000000000000000 ) ) ;
#1464 = PRESENTATION_LAYER_ASSIGNMENT (  '', '', ( #4022 ) ) ;
#1465 = PLANE ( 'NONE',  #4057 ) ;
#1466 = FACE_OUTER_BOUND ( 'NONE', #4734, .T. ) ;
#1467 = DIRECTION ( 'NONE',  ( -1.000000000000000000, 0.0000000000000000000, 3.252606517456512316E-16 ) ) ;
#1468 = AXIS2_PLACEMENT_3D ( 'NONE', #3921, #5667, #2516 ) ;
#1469 = DIRECTION ( 'NONE',  ( 1.000000000000000000, 0.0000000000000000000, 0.0000000000000000000 ) ) ;
#1470 =( GEOMETRIC_REPRESENTATION_CONTEXT ( 3 ) GLOBAL_UNCERTAINTY_ASSIGNED_CONTEXT ( ( #4084 ) ) GLOBAL_UNIT_ASSIGNED_CONTEXT ( ( #3392, #230, #5103 ) ) REPRESENTATION_CONTEXT ( 'NONE', 'WORKASPACE' ) );
#1471 = PRESENTATION_LAYER_ASSIGNMENT (  '', '', ( #4026 ) ) ;
#1472 = CARTESIAN_POINT ( 'NONE',  ( -0.3500000000000000333, 0.2999999999999990452, 0.3499999999999999223 ) ) ;
#1473 = VERTEX_POINT ( 'NONE', #2418 ) ;
#1474 = STYLED_ITEM ( 'NONE', ( #2781 ), #679 ) ;
#1475 = CARTESIAN_POINT ( 'NONE',  ( -2.290000000000000480, -2.649999999999991029, -7.370000000000000107 ) ) ;
#1476 = PRESENTATION_STYLE_ASSIGNMENT (( #2929 ) ) ;
#1477 =( GEOMETRIC_REPRESENTATION_CONTEXT ( 3 ) GLOBAL_UNCERTAINTY_ASSIGNED_CONTEXT ( ( #1837 ) ) GLOBAL_UNIT_ASSIGNED_CONTEXT ( ( #327, #2129, #2092 ) ) REPRESENTATION_CONTEXT ( 'NONE', 'WORKASPACE' ) );
#1478 =( NAMED_UNIT ( * ) PLANE_ANGLE_UNIT ( ) SI_UNIT ( $, .RADIAN. ) );
#1479 = CARTESIAN_POINT ( 'NONE',  ( -0.3500000000000006994, 0.2999999999999990452, -7.270000000000000462 ) ) ;
#1480 = VERTEX_POINT ( 'NONE', #5071 ) ;
#1481 = STYLED_ITEM ( 'NONE', ( #4854 ), #963 ) ;
#1482 = ORIENTED_EDGE ( 'NONE', *, *, #3198, .T. ) ;
#1483 = CARTESIAN_POINT ( 'NONE',  ( 1.269999999999998908, 0.0000000000000000000, -8.890000000000000568 ) ) ;
#1484 = SURFACE_SIDE_STYLE ('',( #5010 ) ) ;
#1485 = EDGE_CURVE ( 'NONE', #3545, #4170, #4982, .T. ) ;
#1486 = FACE_OUTER_BOUND ( 'NONE', #2285, .T. ) ;
#1487 = SURFACE_SIDE_STYLE ('',( #1140 ) ) ;
#1488 = ADVANCED_FACE ( 'NONE', ( #2784 ), #5044, .F. ) ;
#1489 = ORIENTED_EDGE ( 'NONE', *, *, #2252, .F. ) ;
#1490 = UNCERTAINTY_MEASURE_WITH_UNIT (LENGTH_MEASURE( 1.000000000000000082E-05 ), #326, 'distance_accuracy_value', 'NONE');
#1491 = CARTESIAN_POINT ( 'NONE',  ( 0.1166666666666656832, 3.866666666666664032, -2.423333333333334227 ) ) ;
#1492 = SURFACE_STYLE_FILL_AREA ( #1207 ) ;
#1493 = FILL_AREA_STYLE_COLOUR ( '', #4689 ) ;
#1494 = CARTESIAN_POINT ( 'NONE',  ( 0.7500000000000017764, 4.500000000000000000, -6.869999999999997442 ) ) ;
#1495 = CARTESIAN_POINT ( 'NONE',  ( -2.683721719164989583, -3.149999999999999911, -7.370000000000000107 ) ) ;
#1496 = EDGE_CURVE ( 'NONE', #3794, #2186, #2154, .T. ) ;
#1497 = ORIENTED_EDGE ( 'NONE', *, *, #4599, .F. ) ;
#1498 = SURFACE_STYLE_USAGE ( .BOTH. , #4671 ) ;
#1499 = ORIENTED_EDGE ( 'NONE', *, *, #3119, .F. ) ;
#1500 = CARTESIAN_POINT ( 'NONE',  ( 0.3499999999999993117, 4.099999999999998757, -7.969999999999999751 ) ) ;
#1501 = DIRECTION ( 'NONE',  ( 3.252606517456512316E-16, 0.0000000000000000000, 1.000000000000000000 ) ) ;
#1502 = STYLED_ITEM ( 'NONE', ( #1922 ), #1237 ) ;
#1503 = SURFACE_STYLE_USAGE ( .BOTH. , #2068 ) ;
#1504 = DIRECTION ( 'NONE',  ( -1.000000000000000000, -0.0000000000000000000, 1.084202172485503941E-16 ) ) ;
#1505 = VERTEX_POINT ( 'NONE', #1212 ) ;
#1506 = PRESENTATION_STYLE_ASSIGNMENT (( #1413 ) ) ;
#1507 = ORIENTED_EDGE ( 'NONE', *, *, #4833, .T. ) ;
#1508 = SURFACE_SIDE_STYLE ('',( #2402 ) ) ;
#1509 =( LENGTH_UNIT ( ) NAMED_UNIT ( * ) SI_UNIT ( .MILLI., .METRE. ) );
#1510 = EDGE_LOOP ( 'NONE', ( #3352, #3617, #2334, #5484, #4165, #4645 ) ) ;
#1511 = VECTOR ( 'NONE', #5722, 1000.000000000000114 ) ;
#1512 = DIRECTION ( 'NONE',  ( 0.0000000000000000000, 0.0000000000000000000, -1.000000000000000000 ) ) ;
#1513 = CARTESIAN_POINT ( 'NONE',  ( 0.2500000000000001110, -2.649999999999991029, -0.2500000000000001110 ) ) ;
#1514 = FACE_OUTER_BOUND ( 'NONE', #501, .T. ) ;
#1515 =( LENGTH_UNIT ( ) NAMED_UNIT ( * ) SI_UNIT ( .MILLI., .METRE. ) );
#1516 = FILL_AREA_STYLE ('',( #126 ) ) ;
#1517 = DIRECTION ( 'NONE',  ( -1.084202172485503941E-16, 0.0000000000000000000, -1.000000000000000000 ) ) ;
#1518 = ORIENTED_EDGE ( 'NONE', *, *, #2908, .T. ) ;
#1519 = PLANE ( 'NONE',  #3008 ) ;
#1520 = VECTOR ( 'NONE', #376, 1000.000000000000000 ) ;
#1521 =( NAMED_UNIT ( * ) SI_UNIT ( $, .STERADIAN. ) SOLID_ANGLE_UNIT ( ) );
#1522 = DIRECTION ( 'NONE',  ( 0.5773502691896265082, -0.5773502691896240657, 0.5773502691896267303 ) ) ;
#1523 = EDGE_CURVE ( 'NONE', #922, #3433, #5193, .T. ) ;
#1524 = SURFACE_STYLE_USAGE ( .BOTH. , #1965 ) ;
#1525 = CARTESIAN_POINT ( 'NONE',  ( -2.683721719164989583, -3.149999999999999911, -2.790000000000000036 ) ) ;
#1526 = ORIENTED_EDGE ( 'NONE', *, *, #4768, .F. ) ;
#1527 = VECTOR ( 'NONE', #3258, 1000.000000000000000 ) ;
#1528 = DIRECTION ( 'NONE',  ( -0.2079116908177567336, 0.9781476007338061329, 0.0000000000000000000 ) ) ;
#1529 = VERTEX_POINT ( 'NONE', #2601 ) ;
#1530 = LINE ( 'NONE', #2994, #1573 ) ;
#1531 = LINE ( 'NONE', #4160, #4015 ) ;
#1532 = COLOUR_RGB ( '',1.000000000000000000, 1.000000000000000000, 0.5019607843137254832 ) ;
#1533 = ORIENTED_EDGE ( 'NONE', *, *, #2750, .F. ) ;
#1534 = SURFACE_STYLE_USAGE ( .BOTH. , #3285 ) ;
#1535 = STYLED_ITEM ( 'NONE', ( #4217 ), #2662 ) ;
#1536 = VECTOR ( 'NONE', #4585, 1000.000000000000000 ) ;
#1537 = SURFACE_STYLE_FILL_AREA ( #5538 ) ;
#1538 = COLOUR_RGB ( '',0.5019607843137254832, 0.5019607843137254832, 0.5019607843137254832 ) ;
#1539 = ORIENTED_EDGE ( 'NONE', *, *, #3988, .T. ) ;
#1540 = SURFACE_STYLE_FILL_AREA ( #245 ) ;
#1541 = DIRECTION ( 'NONE',  ( -0.2079116908177569556, 0.9781476007338061329, 2.254183068697464951E-17 ) ) ;
#1542 = FACE_OUTER_BOUND ( 'NONE', #5153, .T. ) ;
#1543 = ORIENTED_EDGE ( 'NONE', *, *, #1657, .T. ) ;
#1544 = SURFACE_STYLE_USAGE ( .BOTH. , #3261 ) ;
#1545 = ORIENTED_EDGE ( 'NONE', *, *, #1907, .F. ) ;
#1546 = PRESENTATION_LAYER_ASSIGNMENT (  '', '', ( #4915 ) ) ;
#1547 = UNCERTAINTY_MEASURE_WITH_UNIT (LENGTH_MEASURE( 1.000000000000000082E-05 ), #2318, 'distance_accuracy_value', 'NONE');
#1548 =( NAMED_UNIT ( * ) SI_UNIT ( $, .STERADIAN. ) SOLID_ANGLE_UNIT ( ) );
#1549 = CARTESIAN_POINT ( 'NONE',  ( -3.290000000000005809, 4.500000000000000000, -8.370000000000004547 ) ) ;
#1550 = LINE ( 'NONE', #2690, #1888 ) ;
#1551 = ORIENTED_EDGE ( 'NONE', *, *, #1000, .F. ) ;
#1552 = CARTESIAN_POINT ( 'NONE',  ( 0.2500000000000002220, 0.0000000000000000000, 0.2500000000000000555 ) ) ;
#1553 = MECHANICAL_DESIGN_GEOMETRIC_PRESENTATION_REPRESENTATION (  '', ( #3161 ), #5019 ) ;
#1554 = LINE ( 'NONE', #3804, #1390 ) ;
#1555 = ORIENTED_EDGE ( 'NONE', *, *, #527, .F. ) ;
#1556 = VERTEX_POINT ( 'NONE', #1552 ) ;
#1557 = VECTOR ( 'NONE', #1089, 1000.000000000000114 ) ;
#1558 = DIRECTION ( 'NONE',  ( 1.000000000000000000, 0.0000000000000000000, 0.0000000000000000000 ) ) ;
#1559 = MECHANICAL_DESIGN_GEOMETRIC_PRESENTATION_REPRESENTATION (  '', ( #2332 ), #5318 ) ;
#1560 = AXIS2_PLACEMENT_3D ( 'NONE', #3793, #665, #2371 ) ;
#1561 = ADVANCED_FACE ( 'NONE', ( #3865 ), #1115, .T. ) ;
#1562 = FILL_AREA_STYLE ('',( #5567 ) ) ;
#1563 = VECTOR ( 'NONE', #5618, 1000.000000000000114 ) ;
#1564 = EDGE_LOOP ( 'NONE', ( #629, #4296, #1087, #356 ) ) ;
#1565 = SURFACE_STYLE_USAGE ( .BOTH. , #1067 ) ;
#1566 = DIRECTION ( 'NONE',  ( 0.0000000000000000000, -0.7071067811865459074, 0.7071067811865491270 ) ) ;
#1567 = COLOUR_RGB ( '',0.1254901960784313708, 0.1254901960784313708, 0.1254901960784313708 ) ;
#1568 = SURFACE_STYLE_USAGE ( .BOTH. , #698 ) ;
#1569 = DIRECTION ( 'NONE',  ( 1.000000000000000000, 0.0000000000000000000, -1.084202172485504187E-16 ) ) ;
#1570 = PRESENTATION_LAYER_ASSIGNMENT (  '', '', ( #4117 ) ) ;
#1571 = VERTEX_POINT ( 'NONE', #1147 ) ;
#1572 = STYLED_ITEM ( 'NONE', ( #553 ), #3156 ) ;
#1573 = VECTOR ( 'NONE', #1659, 1000.000000000000000 ) ;
#1574 = CARTESIAN_POINT ( 'NONE',  ( -2.890000000000000124, 4.099999999999998757, -0.3499999999999997002 ) ) ;
#1575 = CARTESIAN_POINT ( 'NONE',  ( -0.3500000000000004774, 0.2999999999999990452, -5.429999999999999716 ) ) ;
#1576 = DIRECTION ( 'NONE',  ( -1.084202172485504311E-16, 0.0000000000000000000, -1.000000000000000000 ) ) ;
#1577 = VECTOR ( 'NONE', #2029, 1000.000000000000000 ) ;
#1578 = CARTESIAN_POINT ( 'NONE',  ( -0.7500000000000032196, 4.500000000000000000, -4.329999999999998295 ) ) ;
#1579 = EDGE_LOOP ( 'NONE', ( #1102, #5189, #2802, #2470 ) ) ;
#1580 = DIRECTION ( 'NONE',  ( 1.000000000000000000, 0.0000000000000000000, 0.0000000000000000000 ) ) ;
#1581 = SURFACE_STYLE_USAGE ( .BOTH. , #5590 ) ;
#1582 = CARTESIAN_POINT ( 'NONE',  ( 0.2500000000000001110, -3.149999999999999911, 0.2500000000000000000 ) ) ;
#1583 = FACE_OUTER_BOUND ( 'NONE', #4843, .T. ) ;
#1584 = DIRECTION ( 'NONE',  ( -0.2079116908177564282, -0.9781476007338061329, 2.254183068697459096E-17 ) ) ;
#1585 = CARTESIAN_POINT ( 'NONE',  ( -2.890000000000000568, 4.099999999999996980, -2.889999999999999680 ) ) ;
#1586 = SURFACE_STYLE_USAGE ( .BOTH. , #3332 ) ;
#1587 = ORIENTED_EDGE ( 'NONE', *, *, #2160, .F. ) ;
#1588 = DIRECTION ( 'NONE',  ( 1.000000000000000000, 0.0000000000000000000, -1.548860246407863583E-16 ) ) ;
#1589 = CARTESIAN_POINT ( 'NONE',  ( -2.688315839231050219, -3.128386364410650433, -2.289999999999999591 ) ) ;
#1590 = PLANE ( 'NONE',  #407 ) ;
#1591 = CARTESIAN_POINT ( 'NONE',  ( -2.189999999999999947, 0.2999999999999990452, -0.3499999999999998113 ) ) ;
#1592 = DIRECTION ( 'NONE',  ( -0.7071067811865489050, 0.7071067811865460184, 0.0000000000000000000 ) ) ;
#1593 = VECTOR ( 'NONE', #4781, 1000.000000000000114 ) ;
#1594 =( GEOMETRIC_REPRESENTATION_CONTEXT ( 3 ) GLOBAL_UNCERTAINTY_ASSIGNED_CONTEXT ( ( #5411 ) ) GLOBAL_UNIT_ASSIGNED_CONTEXT ( ( #2684, #2713, #1399 ) ) REPRESENTATION_CONTEXT ( 'NONE', 'WORKASPACE' ) );
#1595 = ORIENTED_EDGE ( 'NONE', *, *, #1022, .F. ) ;
#1596 = PRESENTATION_STYLE_ASSIGNMENT (( #5173 ) ) ;
#1597 = VERTEX_POINT ( 'NONE', #2478 ) ;
#1598 = PLANE ( 'NONE',  #2931 ) ;
#1599 = VECTOR ( 'NONE', #5521, 1000.000000000000114 ) ;
#1600 = PLANE ( 'NONE',  #2450 ) ;
#1601 = ADVANCED_FACE ( 'NONE', ( #4383 ), #325, .F. ) ;
#1602 = FILL_AREA_STYLE_COLOUR ( '', #626 ) ;
#1603 = CARTESIAN_POINT ( 'NONE',  ( -2.190000000000000391, 4.099999999999996980, -7.969999999999999751 ) ) ;
#1604 = PLANE ( 'NONE',  #3455 ) ;
#1605 =( GEOMETRIC_REPRESENTATION_CONTEXT ( 3 ) GLOBAL_UNCERTAINTY_ASSIGNED_CONTEXT ( ( #1899 ) ) GLOBAL_UNIT_ASSIGNED_CONTEXT ( ( #3043, #227, #3832 ) ) REPRESENTATION_CONTEXT ( 'NONE', 'WORKASPACE' ) );
#1606 = EDGE_CURVE ( 'NONE', #4419, #3547, #296, .T. ) ;
#1607 = DIRECTION ( 'NONE',  ( 0.0000000000000000000, -0.7071067811865459074, 0.7071067811865491270 ) ) ;
#1608 = VERTEX_POINT ( 'NONE', #5245 ) ;
#1609 = ADVANCED_FACE ( 'NONE', ( #2181 ), #460, .T. ) ;
#1610 = CARTESIAN_POINT ( 'NONE',  ( -0.1437217191649878545, -3.149999999999999911, 0.2500000000000000555 ) ) ;
#1611 = LINE ( 'NONE', #2508, #1350 ) ;
#1612 = DIRECTION ( 'NONE',  ( -1.000000000000000000, 0.0000000000000000000, 1.084202172485503941E-16 ) ) ;
#1613 = ORIENTED_EDGE ( 'NONE', *, *, #2069, .T. ) ;
#1614 = ORIENTED_EDGE ( 'NONE', *, *, #4055, .T. ) ;
#1615 = DIRECTION ( 'NONE',  ( -0.9781476007338062439, 0.2079116908177564560, 1.060509753727076412E-16 ) ) ;
#1616 = CARTESIAN_POINT ( 'NONE',  ( -2.189999999999999947, 4.500000000000000000, -0.7500000000000026645 ) ) ;
#1617 =( NAMED_UNIT ( * ) SI_UNIT ( $, .STERADIAN. ) SOLID_ANGLE_UNIT ( ) );
#1618 = VECTOR ( 'NONE', #40, 1000.000000000000000 ) ;
#1619 = LINE ( 'NONE', #4630, #259 ) ;
#1620 = VERTEX_POINT ( 'NONE', #5349 ) ;
#1621 = VECTOR ( 'NONE', #5577, 1000.000000000000227 ) ;
#1622 =( LENGTH_UNIT ( ) NAMED_UNIT ( * ) SI_UNIT ( .MILLI., .METRE. ) );
#1623 = LINE ( 'NONE', #1589, #2793 ) ;
#1624 = CARTESIAN_POINT ( 'NONE',  ( -2.290000000000000480, 0.0000000000000000000, -7.370000000000000107 ) ) ;
#1625 = FILL_AREA_STYLE_COLOUR ( '', #4979 ) ;
#1626 = CARTESIAN_POINT ( 'NONE',  ( 0.3499999999999998113, 4.099999999999996980, -2.189999999999999947 ) ) ;
#1627 = DIRECTION ( 'NONE',  ( -0.7071067811865457964, 0.7071067811865492381, 1.095209583345264635E-16 ) ) ;
#1628 = VECTOR ( 'NONE', #3608, 1000.000000000000000 ) ;
#1629 = CARTESIAN_POINT ( 'NONE',  ( -0.2500000000000000000, -3.149999999999999911, 0.2500000000000000555 ) ) ;
#1630 = ORIENTED_EDGE ( 'NONE', *, *, #3444, .F. ) ;
#1631 = ORIENTED_EDGE ( 'NONE', *, *, #3856, .F. ) ;
#1632 = COLOUR_RGB ( '',1.000000000000000000, 1.000000000000000000, 0.5019607843137254832 ) ;
#1633 = MECHANICAL_DESIGN_GEOMETRIC_PRESENTATION_REPRESENTATION (  '', ( #3426 ), #4356 ) ;
#1634 = FACE_OUTER_BOUND ( 'NONE', #538, .T. ) ;
#1635 = DIRECTION ( 'NONE',  ( -1.548860246407863583E-16, -0.0000000000000000000, -1.000000000000000000 ) ) ;
#1636 = SURFACE_STYLE_USAGE ( .BOTH. , #4782 ) ;
#1637 = VECTOR ( 'NONE', #4403, 1000.000000000000114 ) ;
#1638 = VECTOR ( 'NONE', #3758, 1000.000000000000114 ) ;
#1639 = MECHANICAL_DESIGN_GEOMETRIC_PRESENTATION_REPRESENTATION (  '', ( #2493 ), #5442 ) ;
#1640 = EDGE_CURVE ( 'NONE', #994, #1366, #911, .T. ) ;
#1641 = CARTESIAN_POINT ( 'NONE',  ( 0.3499999999999999223, 4.100000000000000533, -0.3500000000000000333 ) ) ;
#1642 = CARTESIAN_POINT ( 'NONE',  ( -2.688315839231050219, -3.128386364410650433, -4.830000000000000071 ) ) ;
#1643 = FILL_AREA_STYLE_COLOUR ( '', #5107 ) ;
#1644 = PRESENTATION_LAYER_ASSIGNMENT (  '', '', ( #506 ) ) ;
#1645 = SURFACE_SIDE_STYLE ('',( #219 ) ) ;
#1646 = EDGE_CURVE ( 'NONE', #909, #4181, #2711, .T. ) ;
#1647 = CARTESIAN_POINT ( 'NONE',  ( -2.890000000000000124, 0.2999999999999990452, -0.3499999999999997002 ) ) ;
#1648 = EDGE_CURVE ( 'NONE', #5436, #3848, #2654, .T. ) ;
#1649 = FILL_AREA_STYLE_COLOUR ( '', #5265 ) ;
#1650 = EDGE_LOOP ( 'NONE', ( #1230, #4092, #5174, #2032 ) ) ;
#1651 = FACE_OUTER_BOUND ( 'NONE', #5352, .T. ) ;
#1652 = SURFACE_STYLE_FILL_AREA ( #4277 ) ;
#1653 = SURFACE_SIDE_STYLE ('',( #263 ) ) ;
#1654 = COLOUR_RGB ( '',1.000000000000000000, 1.000000000000000000, 0.5019607843137254832 ) ;
#1655 =( LENGTH_UNIT ( ) NAMED_UNIT ( * ) SI_UNIT ( .MILLI., .METRE. ) );
#1656 = VERTEX_POINT ( 'NONE', #2257 ) ;
#1657 = EDGE_CURVE ( 'NONE', #3958, #4919, #1375, .T. ) ;
#1658 = ORIENTED_EDGE ( 'NONE', *, *, #232, .F. ) ;
#1659 = DIRECTION ( 'NONE',  ( -0.0000000000000000000, 1.000000000000000000, -0.0000000000000000000 ) ) ;
#1660 = LINE ( 'NONE', #5310, #2422 ) ;
#1661 = FILL_AREA_STYLE ('',( #5056 ) ) ;
#1662 =( GEOMETRIC_REPRESENTATION_CONTEXT ( 3 ) GLOBAL_UNCERTAINTY_ASSIGNED_CONTEXT ( ( #426 ) ) GLOBAL_UNIT_ASSIGNED_CONTEXT ( ( #2811, #3182, #2350 ) ) REPRESENTATION_CONTEXT ( 'NONE', 'WORKASPACE' ) );
#1663 = ORIENTED_EDGE ( 'NONE', *, *, #3191, .T. ) ;
#1664 = PRESENTATION_LAYER_ASSIGNMENT (  '', '', ( #2989 ) ) ;
#1665 = ORIENTED_EDGE ( 'NONE', *, *, #3080, .F. ) ;
#1666 = UNCERTAINTY_MEASURE_WITH_UNIT (LENGTH_MEASURE( 1.000000000000000082E-05 ), #790, 'distance_accuracy_value', 'NONE');
#1667 = DIRECTION ( 'NONE',  ( -1.000000000000000000, 0.0000000000000000000, 1.084202172485503941E-16 ) ) ;
#1668 = VECTOR ( 'NONE', #991, 1000.000000000000000 ) ;
#1669 = LINE ( 'NONE', #5234, #4881 ) ;
#1670 =( NAMED_UNIT ( * ) PLANE_ANGLE_UNIT ( ) SI_UNIT ( $, .RADIAN. ) );
#1671 = PLANE ( 'NONE',  #3812 ) ;
#1672 = COLOUR_RGB ( '',1.000000000000000000, 1.000000000000000000, 0.5019607843137254832 ) ;
#1673 = CARTESIAN_POINT ( 'NONE',  ( -0.3500000000000004774, 0.2999999999999990452, -4.730000000000000426 ) ) ;
#1674 = STYLED_ITEM ( 'NONE', ( #2768 ), #4276 ) ;
#1675 = UNCERTAINTY_MEASURE_WITH_UNIT (LENGTH_MEASURE( 1.000000000000000082E-05 ), #1655, 'distance_accuracy_value', 'NONE');
#1676 = MECHANICAL_DESIGN_GEOMETRIC_PRESENTATION_REPRESENTATION (  '', ( #3843 ), #1850 ) ;
#1677 = DIRECTION ( 'NONE',  ( -0.5773502691896266192, 0.5773502691896240657, 0.5773502691896266192 ) ) ;
#1678 = FILL_AREA_STYLE ('',( #2149 ) ) ;
#1679 = DIRECTION ( 'NONE',  ( 3.252606517456512316E-16, 0.0000000000000000000, 1.000000000000000000 ) ) ;
#1680 = VECTOR ( 'NONE', #4435, 1000.000000000000000 ) ;
#1681 = VECTOR ( 'NONE', #1149, 1000.000000000000000 ) ;
#1682 = ORIENTED_EDGE ( 'NONE', *, *, #4414, .T. ) ;
#1683 =( NAMED_UNIT ( * ) SI_UNIT ( $, .STERADIAN. ) SOLID_ANGLE_UNIT ( ) );
#1684 = EDGE_CURVE ( 'NONE', #581, #3563, #5331, .T. ) ;
#1685 = LINE ( 'NONE', #5247, #2891 ) ;
#1686 = VECTOR ( 'NONE', #2067, 1000.000000000000000 ) ;
#1687 =( NAMED_UNIT ( * ) PLANE_ANGLE_UNIT ( ) SI_UNIT ( $, .RADIAN. ) );
#1688 = EDGE_CURVE ( 'NONE', #5561, #4198, #1322, .T. ) ;
#1689 = FILL_AREA_STYLE ('',( #1493 ) ) ;
#1690 = ORIENTED_EDGE ( 'NONE', *, *, #4811, .F. ) ;
#1691 = PRESENTATION_STYLE_ASSIGNMENT (( #3104 ) ) ;
#1692 = CARTESIAN_POINT ( 'NONE',  ( -0.1437217191649879933, -3.149999999999999911, -0.2500000000000001110 ) ) ;
#1693 =( NAMED_UNIT ( * ) SI_UNIT ( $, .STERADIAN. ) SOLID_ANGLE_UNIT ( ) );
#1694 = ADVANCED_FACE ( 'NONE', ( #3121 ), #4897, .T. ) ;
#1695 = SURFACE_STYLE_FILL_AREA ( #1742 ) ;
#1696 = VERTEX_POINT ( 'NONE', #2936 ) ;
#1697 = DIRECTION ( 'NONE',  ( -0.2079116908177565393, 0.9781476007338061329, 2.254183068697460020E-17 ) ) ;
#1698 = COLOUR_RGB ( '',1.000000000000000000, 1.000000000000000000, 0.5019607843137254832 ) ;
#1699 = SURFACE_SIDE_STYLE ('',( #3083 ) ) ;
#1700 = PRESENTATION_LAYER_ASSIGNMENT (  '', '', ( #5417 ) ) ;
#1701 = DIRECTION ( 'NONE',  ( 1.000000000000000000, 0.0000000000000000000, -1.548860246407863583E-16 ) ) ;
#1702 = SURFACE_SIDE_STYLE ('',( #3859 ) ) ;
#1703 = DIRECTION ( 'NONE',  ( 1.084202172485504311E-16, -0.0000000000000000000, 1.000000000000000000 ) ) ;
#1704 = ORIENTED_EDGE ( 'NONE', *, *, #418, .F. ) ;
#1705 = COLOUR_RGB ( '',0.1254901960784313708, 0.1254901960784313708, 0.1254901960784313708 ) ;
#1706 = CARTESIAN_POINT ( 'NONE',  ( 0.3500000000000000333, 4.100000000000000533, 0.3499999999999999223 ) ) ;
#1707 = ORIENTED_EDGE ( 'NONE', *, *, #418, .T. ) ;
#1708 = ADVANCED_FACE ( 'NONE', ( #4709 ), #1600, .T. ) ;
#1709 = ORIENTED_EDGE ( 'NONE', *, *, #5669, .F. ) ;
#1710 = DIRECTION ( 'NONE',  ( -0.0000000000000000000, 1.000000000000000000, -0.0000000000000000000 ) ) ;
#1711 =( NAMED_UNIT ( * ) SI_UNIT ( $, .STERADIAN. ) SOLID_ANGLE_UNIT ( ) );
#1712 = EDGE_CURVE ( 'NONE', #3240, #508, #1129, .T. ) ;
#1713 = AXIS2_PLACEMENT_3D ( 'NONE', #5587, #2086, #3416 ) ;
#1714 = CARTESIAN_POINT ( 'NONE',  ( -0.3500000000000000333, 4.100000000000000533, -0.3499999999999999223 ) ) ;
#1715 = ORIENTED_EDGE ( 'NONE', *, *, #1848, .T. ) ;
#1716 = COLOUR_RGB ( '',1.000000000000000000, 1.000000000000000000, 0.5019607843137254832 ) ;
#1717 = CARTESIAN_POINT ( 'NONE',  ( -0.1437217191649888814, -3.149999999999999911, -2.790000000000000480 ) ) ;
#1718 = LINE ( 'NONE', #3944, #2622 ) ;
#1719 = COLOUR_RGB ( '',1.000000000000000000, 1.000000000000000000, 0.5019607843137254832 ) ;
#1720 = PRESENTATION_LAYER_ASSIGNMENT (  '', '', ( #1898 ) ) ;
#1721 = UNCERTAINTY_MEASURE_WITH_UNIT (LENGTH_MEASURE( 1.000000000000000082E-05 ), #3888, 'distance_accuracy_value', 'NONE');
#1722 = LINE ( 'NONE', #397, #3699 ) ;
#1723 = MECHANICAL_DESIGN_GEOMETRIC_PRESENTATION_REPRESENTATION (  '', ( #2584 ), #3425 ) ;
#1724 = SURFACE_STYLE_USAGE ( .BOTH. , #732 ) ;
#1725 = SURFACE_STYLE_USAGE ( .BOTH. , #3012 ) ;
#1726 = CARTESIAN_POINT ( 'NONE',  ( -0.3500000000000004774, 0.2999999999999990452, -4.730000000000000426 ) ) ;
#1727 = ORIENTED_EDGE ( 'NONE', *, *, #3344, .T. ) ;
#1728 = AXIS2_PLACEMENT_3D ( 'NONE', #3736, #5065, #2757 ) ;
#1729 = UNCERTAINTY_MEASURE_WITH_UNIT (LENGTH_MEASURE( 1.000000000000000082E-05 ), #3379, 'distance_accuracy_value', 'NONE');
#1730 = VECTOR ( 'NONE', #1781, 1000.000000000000000 ) ;
#1731 = LINE ( 'NONE', #5407, #5585 ) ;
#1732 = SURFACE_STYLE_FILL_AREA ( #2184 ) ;
#1733 = SURFACE_SIDE_STYLE ('',( #3895 ) ) ;
#1734 = SURFACE_STYLE_FILL_AREA ( #1765 ) ;
#1735 = COLOUR_RGB ( '',1.000000000000000000, 1.000000000000000000, 0.5019607843137254832 ) ;
#1736 = ORIENTED_EDGE ( 'NONE', *, *, #2435, .F. ) ;
#1737 = STYLED_ITEM ( 'NONE', ( #1506 ), #5419 ) ;
#1738 =( GEOMETRIC_REPRESENTATION_CONTEXT ( 3 ) GLOBAL_UNCERTAINTY_ASSIGNED_CONTEXT ( ( #1020 ) ) GLOBAL_UNIT_ASSIGNED_CONTEXT ( ( #4786, #5655, #4667 ) ) REPRESENTATION_CONTEXT ( 'NONE', 'WORKASPACE' ) );
#1739 = CARTESIAN_POINT ( 'NONE',  ( -2.413297796358300218, -3.230070525179599361, -7.370000000000000107 ) ) ;
#1740 = FACE_OUTER_BOUND ( 'NONE', #2964, .T. ) ;
#1741 = PLANE ( 'NONE',  #68 ) ;
#1742 = FILL_AREA_STYLE ('',( #3932 ) ) ;
#1743 = CARTESIAN_POINT ( 'NONE',  ( 0.3499999999999992562, 4.500000000000000000, -8.370000000000002771 ) ) ;
#1744 = EDGE_CURVE ( 'NONE', #3547, #403, #2866, .T. ) ;
#1745 = STYLED_ITEM ( 'NONE', ( #1596 ), #5555 ) ;
#1746 = ORIENTED_EDGE ( 'NONE', *, *, #5662, .T. ) ;
#1747 = DIRECTION ( 'NONE',  ( -1.548860246407863583E-16, -0.0000000000000000000, -1.000000000000000000 ) ) ;
#1748 = ORIENTED_EDGE ( 'NONE', *, *, #3657, .T. ) ;
#1749 = VECTOR ( 'NONE', #580, 1000.000000000000000 ) ;
#1750 = PRESENTATION_LAYER_ASSIGNMENT (  '', '', ( #3161 ) ) ;
#1751 = LINE ( 'NONE', #759, #2322 ) ;
#1752 = MECHANICAL_DESIGN_GEOMETRIC_PRESENTATION_REPRESENTATION (  '', ( #2033 ), #4300 ) ;
#1753 = CARTESIAN_POINT ( 'NONE',  ( -2.790000000000000036, -3.149999999999999911, 0.2500000000000002776 ) ) ;
#1754 = LINE ( 'NONE', #454, #3619 ) ;
#1755 = LINE ( 'NONE', #3559, #2209 ) ;
#1756 = EDGE_CURVE ( 'NONE', #1006, #3730, #1038, .T. ) ;
#1757 = MECHANICAL_DESIGN_GEOMETRIC_PRESENTATION_REPRESENTATION (  '', ( #4200 ), #252 ) ;
#1758 = FACE_OUTER_BOUND ( 'NONE', #4817, .T. ) ;
#1759 = SURFACE_SIDE_STYLE ('',( #1320 ) ) ;
#1760 = PRESENTATION_LAYER_ASSIGNMENT (  '', '', ( #5214 ) ) ;
#1761 = ORIENTED_EDGE ( 'NONE', *, *, #4681, .F. ) ;
#1762 = PRESENTATION_LAYER_ASSIGNMENT (  '', '', ( #3739 ) ) ;
#1763 = CARTESIAN_POINT ( 'NONE',  ( -2.890000000000000124, 0.2999999999999990452, -0.3499999999999997002 ) ) ;
#1764 = LINE ( 'NONE', #1297, #1680 ) ;
#1765 = FILL_AREA_STYLE ('',( #4822 ) ) ;
#1766 = EDGE_LOOP ( 'NONE', ( #3666, #2770, #1772, #1889 ) ) ;
#1767 = VECTOR ( 'NONE', #1376, 1000.000000000000114 ) ;
#1768 = PRESENTATION_LAYER_ASSIGNMENT (  '', '', ( #1014 ) ) ;
#1769 = DIRECTION ( 'NONE',  ( -0.7071067811865462405, 0.7071067811865489050, 1.095209583345265375E-16 ) ) ;
#1770 = ORIENTED_EDGE ( 'NONE', *, *, #1181, .T. ) ;
#1771 = FILL_AREA_STYLE_COLOUR ( '', #2769 ) ;
#1772 = ORIENTED_EDGE ( 'NONE', *, *, #1646, .T. ) ;
#1773 = FILL_AREA_STYLE ('',( #3684 ) ) ;
#1774 = PRESENTATION_STYLE_ASSIGNMENT (( #1361 ) ) ;
#1775 = CARTESIAN_POINT ( 'NONE',  ( -2.790000000000000924, 0.0000000000000000000, -7.370000000000000107 ) ) ;
#1776 = CARTESIAN_POINT ( 'NONE',  ( -2.290000000000000480, -3.149999999999999911, -2.289999999999999591 ) ) ;
#1777 = EDGE_CURVE ( 'NONE', #5365, #3159, #2438, .T. ) ;
#1778 = EDGE_CURVE ( 'NONE', #4169, #2434, #3642, .T. ) ;
#1779 = UNCERTAINTY_MEASURE_WITH_UNIT (LENGTH_MEASURE( 1.000000000000000082E-05 ), #1915, 'distance_accuracy_value', 'NONE');
#1780 = CARTESIAN_POINT ( 'NONE',  ( -2.190000000000000391, 0.2999999999999990452, -7.270000000000000462 ) ) ;
#1781 = DIRECTION ( 'NONE',  ( -0.5773502691896266192, -0.5773502691896242878, 0.5773502691896263972 ) ) ;
#1782 = LINE ( 'NONE', #458, #348 ) ;
#1783 = PRESENTATION_LAYER_ASSIGNMENT (  '', '', ( #4341 ) ) ;
#1784 = EDGE_CURVE ( 'NONE', #566, #827, #2830, .T. ) ;
#1785 =( LENGTH_UNIT ( ) NAMED_UNIT ( * ) SI_UNIT ( .MILLI., .METRE. ) );
#1786 = EDGE_LOOP ( 'NONE', ( #4776, #3584, #504, #1631 ) ) ;
#1787 = EDGE_CURVE ( 'NONE', #3830, #5547, #3437, .T. ) ;
#1788 = UNCERTAINTY_MEASURE_WITH_UNIT (LENGTH_MEASURE( 1.000000000000000082E-05 ), #561, 'distance_accuracy_value', 'NONE');
#1789 = FILL_AREA_STYLE ('',( #2313 ) ) ;
#1790 = SURFACE_STYLE_USAGE ( .BOTH. , #943 ) ;
#1791 = SURFACE_STYLE_FILL_AREA ( #3102 ) ;
#1792 = SURFACE_STYLE_FILL_AREA ( #4090 ) ;
#1793 = ORIENTED_EDGE ( 'NONE', *, *, #4677, .T. ) ;
#1794 = VECTOR ( 'NONE', #5099, 1000.000000000000000 ) ;
#1795 = CARTESIAN_POINT ( 'NONE',  ( -0.7500000000000047740, 4.500000000000000000, -2.890000000000000124 ) ) ;
#1796 = SURFACE_STYLE_USAGE ( .BOTH. , #4041 ) ;
#1797 = DIRECTION ( 'NONE',  ( 1.000000000000000000, 0.0000000000000000000, -1.548860246407863583E-16 ) ) ;
#1798 = ORIENTED_EDGE ( 'NONE', *, *, #4407, .F. ) ;
#1799 = CARTESIAN_POINT ( 'NONE',  ( -2.790000000000000924, 0.0000000000000000000, -5.330000000000000959 ) ) ;
#1800 = ORIENTED_EDGE ( 'NONE', *, *, #4648, .T. ) ;
#1801 = FILL_AREA_STYLE ('',( #4478 ) ) ;
#1802 = FILL_AREA_STYLE ('',( #4481 ) ) ;
#1803 =( NAMED_UNIT ( * ) SI_UNIT ( $, .STERADIAN. ) SOLID_ANGLE_UNIT ( ) );
#1804 = ORIENTED_EDGE ( 'NONE', *, *, #4966, .T. ) ;
#1805 = AXIS2_PLACEMENT_3D ( 'NONE', #402, #876, #1258 ) ;
#1806 = DIRECTION ( 'NONE',  ( 1.548860246407863583E-16, 0.0000000000000000000, 1.000000000000000000 ) ) ;
#1807 = DIRECTION ( 'NONE',  ( -1.000000000000000000, -0.0000000000000000000, 1.548860246407863583E-16 ) ) ;
#1808 = LINE ( 'NONE', #2706, #2042 ) ;
#1809 = EDGE_CURVE ( 'NONE', #802, #5006, #309, .T. ) ;
#1810 = VERTEX_POINT ( 'NONE', #842 ) ;
#1811 = VECTOR ( 'NONE', #798, 1000.000000000000114 ) ;
#1812 = DIRECTION ( 'NONE',  ( 0.0000000000000000000, -0.0000000000000000000, 1.000000000000000000 ) ) ;
#1813 = CARTESIAN_POINT ( 'NONE',  ( -2.790000000000000924, 0.0000000000000000000, -2.289999999999999591 ) ) ;
#1814 = EDGE_CURVE ( 'NONE', #1571, #928, #2105, .T. ) ;
#1815 = SURFACE_STYLE_USAGE ( .BOTH. , #21 ) ;
#1816 = EDGE_CURVE ( 'NONE', #2678, #2640, #2198, .T. ) ;
#1817 = ORIENTED_EDGE ( 'NONE', *, *, #5661, .F. ) ;
#1818 = AXIS2_PLACEMENT_3D ( 'NONE', #1575, #5155, #3384 ) ;
#1819 = PRESENTATION_LAYER_ASSIGNMENT (  '', '', ( #2493 ) ) ;
#1820 = CARTESIAN_POINT ( 'NONE',  ( 0.7500000000000046629, 4.500000000000000000, -2.189999999999999947 ) ) ;
#1821 = DIRECTION ( 'NONE',  ( 1.095209583345265375E-16, 0.7071067811865489050, 0.7071067811865462405 ) ) ;
#1822 = PLANE ( 'NONE',  #2901 ) ;
#1823 = SURFACE_STYLE_USAGE ( .BOTH. , #1457 ) ;
#1824 = EDGE_CURVE ( 'NONE', #1874, #3587, #5649, .T. ) ;
#1825 = COLOUR_RGB ( '',1.000000000000000000, 1.000000000000000000, 0.5019607843137254832 ) ;
#1826 =( NAMED_UNIT ( * ) PLANE_ANGLE_UNIT ( ) SI_UNIT ( $, .RADIAN. ) );
#1827 = ORIENTED_EDGE ( 'NONE', *, *, #1022, .T. ) ;
#1828 = DIRECTION ( 'NONE',  ( 0.0000000000000000000, -0.0000000000000000000, 1.000000000000000000 ) ) ;
#1829 = DIRECTION ( 'NONE',  ( -1.548860246407863583E-16, 0.0000000000000000000, -1.000000000000000000 ) ) ;
#1830 = COLOUR_RGB ( '',0.2509803921568627416, 0.2509803921568627416, 0.2509803921568627416 ) ;
#1831 = EDGE_LOOP ( 'NONE', ( #4006, #1994, #1665, #3463 ) ) ;
#1832 = ORIENTED_EDGE ( 'NONE', *, *, #1181, .F. ) ;
#1833 = SURFACE_STYLE_FILL_AREA ( #5001 ) ;
#1834 = STYLED_ITEM ( 'NONE', ( #2206 ), #3951 ) ;
#1835 = SURFACE_SIDE_STYLE ('',( #2372 ) ) ;
#1836 = ORIENTED_EDGE ( 'NONE', *, *, #3305, .T. ) ;
#1837 = UNCERTAINTY_MEASURE_WITH_UNIT (LENGTH_MEASURE( 1.000000000000000082E-05 ), #327, 'distance_accuracy_value', 'NONE');
#1838 = MECHANICAL_DESIGN_GEOMETRIC_PRESENTATION_REPRESENTATION (  '', ( #2989 ), #725 ) ;
#1839 =( GEOMETRIC_REPRESENTATION_CONTEXT ( 3 ) GLOBAL_UNCERTAINTY_ASSIGNED_CONTEXT ( ( #896 ) ) GLOBAL_UNIT_ASSIGNED_CONTEXT ( ( #1622, #2992, #234 ) ) REPRESENTATION_CONTEXT ( 'NONE', 'WORKASPACE' ) );
#1840 = DIRECTION ( 'NONE',  ( -0.0000000000000000000, 1.000000000000000000, -0.0000000000000000000 ) ) ;
#1841 = EDGE_CURVE ( 'NONE', #1597, #4201, #3910, .T. ) ;
#1842 = DIRECTION ( 'NONE',  ( -0.2079116908177565393, -0.9781476007338061329, 2.254183068697460020E-17 ) ) ;
#1843 = DIRECTION ( 'NONE',  ( -0.2079116908177567336, 0.9781476007338061329, 0.0000000000000000000 ) ) ;
#1844 = DIRECTION ( 'NONE',  ( -1.000000000000000000, 0.0000000000000000000, 0.0000000000000000000 ) ) ;
#1845 = ORIENTED_EDGE ( 'NONE', *, *, #1960, .F. ) ;
#1846 = MECHANICAL_DESIGN_GEOMETRIC_PRESENTATION_REPRESENTATION (  '', ( #4393 ), #1296 ) ;
#1847 = EDGE_CURVE ( 'NONE', #3848, #946, #1200, .T. ) ;
#1848 = EDGE_CURVE ( 'NONE', #5572, #3291, #1669, .T. ) ;
#1849 = EDGE_CURVE ( 'NONE', #5347, #2494, #3111, .T. ) ;
#1850 =( GEOMETRIC_REPRESENTATION_CONTEXT ( 3 ) GLOBAL_UNCERTAINTY_ASSIGNED_CONTEXT ( ( #499 ) ) GLOBAL_UNIT_ASSIGNED_CONTEXT ( ( #5381, #18, #5350 ) ) REPRESENTATION_CONTEXT ( 'NONE', 'WORKASPACE' ) );
#1851 = CARTESIAN_POINT ( 'NONE',  ( -2.890000000000000568, 4.099999999999996980, -2.189999999999999503 ) ) ;
#1852 = VECTOR ( 'NONE', #4654, 1000.000000000000000 ) ;
#1853 = VECTOR ( 'NONE', #4104, 1000.000000000000000 ) ;
#1854 = PLANE ( 'NONE',  #1374 ) ;
#1855 = VERTEX_POINT ( 'NONE', #1248 ) ;
#1856 = LINE ( 'NONE', #4159, #2312 ) ;
#1857 = EDGE_CURVE ( 'NONE', #520, #3593, #2535, .T. ) ;
#1858 =( NAMED_UNIT ( * ) SI_UNIT ( $, .STERADIAN. ) SOLID_ANGLE_UNIT ( ) );
#1859 = VECTOR ( 'NONE', #5675, 1000.000000000000000 ) ;
#1860 = ORIENTED_EDGE ( 'NONE', *, *, #5078, .F. ) ;
#1861 = FILL_AREA_STYLE ('',( #67 ) ) ;
#1862 = VERTEX_POINT ( 'NONE', #3940 ) ;
#1863 = SURFACE_STYLE_FILL_AREA ( #4488 ) ;
#1864 = DIRECTION ( 'NONE',  ( 1.095209583345265005E-16, 0.7071067811865490160, 0.7071067811865460184 ) ) ;
#1865 = ORIENTED_EDGE ( 'NONE', *, *, #1712, .F. ) ;
#1866 = FILL_AREA_STYLE_COLOUR ( '', #2791 ) ;
#1867 = LINE ( 'NONE', #3266, #5544 ) ;
#1868 = VECTOR ( 'NONE', #17, 1000.000000000000000 ) ;
#1869 = SURFACE_SIDE_STYLE ('',( #73 ) ) ;
#1870 = SURFACE_SIDE_STYLE ('',( #522 ) ) ;
#1871 = FACE_BOUND ( 'NONE', #754, .T. ) ;
#1872 = CARTESIAN_POINT ( 'NONE',  ( -2.890000000000000568, 0.2999999999999990452, -7.270000000000000462 ) ) ;
#1873 = STYLED_ITEM ( 'NONE', ( #4214 ), #1488 ) ;
#1874 = VERTEX_POINT ( 'NONE', #2563 ) ;
#1875 = ADVANCED_FACE ( 'NONE', ( #280 ), #3492, .T. ) ;
#1876 = DIRECTION ( 'NONE',  ( -1.548860246407863583E-16, -0.0000000000000000000, -1.000000000000000000 ) ) ;
#1877 = EDGE_LOOP ( 'NONE', ( #3387, #1507, #1761, #811 ) ) ;
#1878 =( NAMED_UNIT ( * ) SI_UNIT ( $, .STERADIAN. ) SOLID_ANGLE_UNIT ( ) );
#1879 = CARTESIAN_POINT ( 'NONE',  ( -2.890000000000000568, 0.2999999999999990452, -4.730000000000000426 ) ) ;
#1880 = LINE ( 'NONE', #5438, #37 ) ;
#1881 = FACE_OUTER_BOUND ( 'NONE', #514, .T. ) ;
#1882 = CARTESIAN_POINT ( 'NONE',  ( -0.1483158392310500451, -3.128386364410650433, -7.370000000000000107 ) ) ;
#1883 = ORIENTED_EDGE ( 'NONE', *, *, #1857, .F. ) ;
#1884 = SURFACE_STYLE_USAGE ( .BOTH. , #1211 ) ;
#1885 = DIRECTION ( 'NONE',  ( -0.0000000000000000000, 1.000000000000000000, -0.0000000000000000000 ) ) ;
#1886 = SURFACE_STYLE_USAGE ( .BOTH. , #5425 ) ;
#1887 = PLANE ( 'NONE',  #5121 ) ;
#1888 = VECTOR ( 'NONE', #4474, 1000.000000000000000 ) ;
#1889 = ORIENTED_EDGE ( 'NONE', *, *, #2897, .F. ) ;
#1890 = UNCERTAINTY_MEASURE_WITH_UNIT (LENGTH_MEASURE( 1.000000000000000082E-05 ), #4968, 'distance_accuracy_value', 'NONE');
#1891 = PLANE ( 'NONE',  #3372 ) ;
#1892 = LINE ( 'NONE', #3317, #497 ) ;
#1893 = STYLED_ITEM ( 'NONE', ( #5378 ), #5113 ) ;
#1894 = LINE ( 'NONE', #5066, #1034 ) ;
#1895 = DIRECTION ( 'NONE',  ( -0.5773502691896265082, 0.5773502691896241767, 0.5773502691896265082 ) ) ;
#1896 = VERTEX_POINT ( 'NONE', #2797 ) ;
#1897 = VECTOR ( 'NONE', #3764, 1000.000000000000000 ) ;
#1898 = STYLED_ITEM ( 'NONE', ( #1476 ), #4804 ) ;
#1899 = UNCERTAINTY_MEASURE_WITH_UNIT (LENGTH_MEASURE( 1.000000000000000082E-05 ), #3043, 'distance_accuracy_value', 'NONE');
#1900 = SURFACE_STYLE_FILL_AREA ( #53 ) ;
#1901 = LINE ( 'NONE', #5102, #4573 ) ;
#1902 = DIRECTION ( 'NONE',  ( -1.084202172485503941E-16, 0.0000000000000000000, -1.000000000000000000 ) ) ;
#1903 = DIRECTION ( 'NONE',  ( 0.5773502691896269523, -0.5773502691896238437, 0.5773502691896265082 ) ) ;
#1904 = ORIENTED_EDGE ( 'NONE', *, *, #828, .T. ) ;
#1905 = PRESENTATION_LAYER_ASSIGNMENT (  '', '', ( #3337 ) ) ;
#1906 = FACE_OUTER_BOUND ( 'NONE', #4, .T. ) ;
#1907 = EDGE_CURVE ( 'NONE', #520, #2678, #4183, .T. ) ;
#1908 = CARTESIAN_POINT ( 'NONE',  ( -0.2500000000000006106, -3.149999999999999911, -5.330000000000000959 ) ) ;
#1909 = ORIENTED_EDGE ( 'NONE', *, *, #311, .F. ) ;
#1910 = SURFACE_STYLE_USAGE ( .BOTH. , #113 ) ;
#1911 = DIRECTION ( 'NONE',  ( 1.084202172485504311E-16, 0.0000000000000000000, 1.000000000000000000 ) ) ;
#1912 = ADVANCED_FACE ( 'NONE', ( #106 ), #1465, .T. ) ;
#1913 = DIRECTION ( 'NONE',  ( 0.0000000000000000000, 1.000000000000000000, 0.0000000000000000000 ) ) ;
#1914 = AXIS2_PLACEMENT_3D ( 'NONE', #1872, #3215, #1931 ) ;
#1915 =( LENGTH_UNIT ( ) NAMED_UNIT ( * ) SI_UNIT ( .MILLI., .METRE. ) );
#1916 = MECHANICAL_DESIGN_GEOMETRIC_PRESENTATION_REPRESENTATION (  '', ( #1745 ), #424 ) ;
#1917 = EDGE_LOOP ( 'NONE', ( #5750, #970, #4651, #1827 ) ) ;
#1918 = LINE ( 'NONE', #1135, #1346 ) ;
#1919 = EDGE_CURVE ( 'NONE', #5365, #5342, #3511, .T. ) ;
#1920 = DIRECTION ( 'NONE',  ( 3.252606517456512316E-16, -0.0000000000000000000, 1.000000000000000000 ) ) ;
#1921 = FILL_AREA_STYLE ('',( #4656 ) ) ;
#1922 = PRESENTATION_STYLE_ASSIGNMENT (( #548 ) ) ;
#1923 = VECTOR ( 'NONE', #374, 1000.000000000000000 ) ;
#1924 = LINE ( 'NONE', #5611, #2411 ) ;
#1925 = ORIENTED_EDGE ( 'NONE', *, *, #5211, .T. ) ;
#1926 = MECHANICAL_DESIGN_GEOMETRIC_PRESENTATION_REPRESENTATION (  '', ( #821 ), #2880 ) ;
#1927 = COLOUR_RGB ( '',0.2509803921568627416, 0.2509803921568627416, 0.2509803921568627416 ) ;
#1928 = CARTESIAN_POINT ( 'NONE',  ( -0.3500000000000000333, 0.2999999999999990452, 0.3499999999999999223 ) ) ;
#1929 = DIRECTION ( 'NONE',  ( -0.2079116908177565393, 0.9781476007338061329, 2.254183068697460020E-17 ) ) ;
#1930 = LINE ( 'NONE', #1585, #1941 ) ;
#1931 = DIRECTION ( 'NONE',  ( 0.0000000000000000000, -0.0000000000000000000, 1.000000000000000000 ) ) ;
#1932 = AXIS2_PLACEMENT_3D ( 'NONE', #5023, #5418, #3662 ) ;
#1933 =( GEOMETRIC_REPRESENTATION_CONTEXT ( 3 ) GLOBAL_UNCERTAINTY_ASSIGNED_CONTEXT ( ( #3436 ) ) GLOBAL_UNIT_ASSIGNED_CONTEXT ( ( #2696, #3168, #1336 ) ) REPRESENTATION_CONTEXT ( 'NONE', 'WORKASPACE' ) );
#1934 = ORIENTED_EDGE ( 'NONE', *, *, #781, .T. ) ;
#1935 = FILL_AREA_STYLE_COLOUR ( '', #3081 ) ;
#1936 = VECTOR ( 'NONE', #2007, 1000.000000000000000 ) ;
#1937 = CARTESIAN_POINT ( 'NONE',  ( -0.3500000000000004774, 4.099999999999998757, -4.730000000000000426 ) ) ;
#1938 = FILL_AREA_STYLE_COLOUR ( '', #2799 ) ;
#1939 = CARTESIAN_POINT ( 'NONE',  ( -0.2500000000000008327, 0.0000000000000000000, -7.870000000000000107 ) ) ;
#1940 = STYLED_ITEM ( 'NONE', ( #217 ), #753 ) ;
#1941 = VECTOR ( 'NONE', #5166, 1000.000000000000000 ) ;
#1942 = AXIS2_PLACEMENT_3D ( 'NONE', #2743, #4528, #3660 ) ;
#1943 =( LENGTH_UNIT ( ) NAMED_UNIT ( * ) SI_UNIT ( .MILLI., .METRE. ) );
#1944 = VERTEX_POINT ( 'NONE', #3023 ) ;
#1945 = DIRECTION ( 'NONE',  ( -1.000000000000000000, 0.0000000000000000000, 1.084202172485503941E-16 ) ) ;
#1946 = DIRECTION ( 'NONE',  ( 0.0000000000000000000, 1.000000000000000000, 0.0000000000000000000 ) ) ;
#1947 = CARTESIAN_POINT ( 'NONE',  ( -0.1483158392310488238, -3.128386364410649989, 0.2500000000000000555 ) ) ;
#1948 = VERTEX_POINT ( 'NONE', #5283 ) ;
#1949 =( LENGTH_UNIT ( ) NAMED_UNIT ( * ) SI_UNIT ( .MILLI., .METRE. ) );
#1950 = EDGE_CURVE ( 'NONE', #709, #2904, #2610, .T. ) ;
#1951 = EDGE_CURVE ( 'NONE', #1309, #5423, #2065, .T. ) ;
#1952 = FACE_OUTER_BOUND ( 'NONE', #686, .T. ) ;
#1953 = VERTEX_POINT ( 'NONE', #5619 ) ;
#1954 = UNCERTAINTY_MEASURE_WITH_UNIT (LENGTH_MEASURE( 1.000000000000000082E-05 ), #5267, 'distance_accuracy_value', 'NONE');
#1955 = DIRECTION ( 'NONE',  ( 0.0000000000000000000, -1.000000000000000000, 0.0000000000000000000 ) ) ;
#1956 = DIRECTION ( 'NONE',  ( -3.252606517456512316E-16, 0.0000000000000000000, -1.000000000000000000 ) ) ;
#1957 =( NAMED_UNIT ( * ) PLANE_ANGLE_UNIT ( ) SI_UNIT ( $, .RADIAN. ) );
#1958 = EDGE_CURVE ( 'NONE', #171, #5624, #3900, .T. ) ;
#1959 = EDGE_LOOP ( 'NONE', ( #2457, #3571, #2476, #3417 ) ) ;
#1960 = EDGE_CURVE ( 'NONE', #293, #5489, #805, .T. ) ;
#1961 = ORIENTED_EDGE ( 'NONE', *, *, #2160, .T. ) ;
#1962 = FACE_OUTER_BOUND ( 'NONE', #198, .T. ) ;
#1963 = UNCERTAINTY_MEASURE_WITH_UNIT (LENGTH_MEASURE( 1.000000000000000082E-05 ), #3170, 'distance_accuracy_value', 'NONE');
#1964 =( LENGTH_UNIT ( ) NAMED_UNIT ( * ) SI_UNIT ( .MILLI., .METRE. ) );
#1965 = SURFACE_SIDE_STYLE ('',( #1492 ) ) ;
#1966 = DIRECTION ( 'NONE',  ( 0.0000000000000000000, 0.7071067811865490160, -0.7071067811865460184 ) ) ;
#1967 = FILL_AREA_STYLE_COLOUR ( '', #4862 ) ;
#1968 = ORIENTED_EDGE ( 'NONE', *, *, #1684, .F. ) ;
#1969 = STYLED_ITEM ( 'NONE', ( #661 ), #1708 ) ;
#1970 = FACE_OUTER_BOUND ( 'NONE', #3904, .T. ) ;
#1971 = ORIENTED_EDGE ( 'NONE', *, *, #4599, .T. ) ;
#1972 = PLANE ( 'NONE',  #526 ) ;
#1973 = AXIS2_PLACEMENT_3D ( 'NONE', #4207, #3238, #156 ) ;
#1974 = CARTESIAN_POINT ( 'NONE',  ( -0.7500000000000047740, 4.500000000000000000, -1.789999999999995595 ) ) ;
#1975 = EDGE_LOOP ( 'NONE', ( #2483, #1071, #1865, #1817 ) ) ;
#1976 = SURFACE_SIDE_STYLE ('',( #4674 ) ) ;
#1977 = AXIS2_PLACEMENT_3D ( 'NONE', #5614, #740, #3920 ) ;
#1978 = PLANE ( 'NONE',  #1186 ) ;
#1979 = EDGE_LOOP ( 'NONE', ( #2837, #3109, #4428, #2445 ) ) ;
#1980 = LINE ( 'NONE', #2966, #716 ) ;
#1981 = PRESENTATION_STYLE_ASSIGNMENT (( #2500 ) ) ;
#1982 = FILL_AREA_STYLE ('',( #1602 ) ) ;
#1983 = ORIENTED_EDGE ( 'NONE', *, *, #4194, .T. ) ;
#1984 = CARTESIAN_POINT ( 'NONE',  ( -0.7500000000000034417, 4.500000000000000000, -7.969999999999999751 ) ) ;
#1985 = ORIENTED_EDGE ( 'NONE', *, *, #1319, .T. ) ;
#1986 = FACE_OUTER_BOUND ( 'NONE', #1420, .T. ) ;
#1987 = DIRECTION ( 'NONE',  ( -1.084202172485504311E-16, 0.0000000000000000000, -1.000000000000000000 ) ) ;
#1988 = EDGE_CURVE ( 'NONE', #436, #171, #1156, .T. ) ;
#1989 = FACE_OUTER_BOUND ( 'NONE', #3897, .T. ) ;
#1990 = VECTOR ( 'NONE', #5242, 1000.000000000000000 ) ;
#1991 = DIRECTION ( 'NONE',  ( -1.000000000000000000, 0.0000000000000000000, 1.548860246407863583E-16 ) ) ;
#1992 = VERTEX_POINT ( 'NONE', #2190 ) ;
#1993 =( NAMED_UNIT ( * ) PLANE_ANGLE_UNIT ( ) SI_UNIT ( $, .RADIAN. ) );
#1994 = ORIENTED_EDGE ( 'NONE', *, *, #5120, .F. ) ;
#1995 = EDGE_CURVE ( 'NONE', #153, #260, #3984, .T. ) ;
#1996 = VECTOR ( 'NONE', #2079, 1000.000000000000000 ) ;
#1997 = FILL_AREA_STYLE ('',( #1080 ) ) ;
#1998 = PLANE ( 'NONE',  #2484 ) ;
#1999 = CARTESIAN_POINT ( 'NONE',  ( -2.790000000000000924, -3.149999999999999911, -4.830000000000000071 ) ) ;
#2000 = FACE_OUTER_BOUND ( 'NONE', #4032, .T. ) ;
#2001 = VERTEX_POINT ( 'NONE', #750 ) ;
#2002 = VECTOR ( 'NONE', #2526, 1000.000000000000000 ) ;
#2003 = ORIENTED_EDGE ( 'NONE', *, *, #527, .T. ) ;
#2004 = STYLED_ITEM ( 'NONE', ( #4462 ), #2156 ) ;
#2005 = DIRECTION ( 'NONE',  ( -1.000000000000000000, -0.0000000000000000000, 1.084202172485503941E-16 ) ) ;
#2006 = ADVANCED_FACE ( 'NONE', ( #2098 ), #3398, .T. ) ;
#2007 = DIRECTION ( 'NONE',  ( 0.0000000000000000000, -0.0000000000000000000, 1.000000000000000000 ) ) ;
#2008 =( NAMED_UNIT ( * ) SI_UNIT ( $, .STERADIAN. ) SOLID_ANGLE_UNIT ( ) );
#2009 = ORIENTED_EDGE ( 'NONE', *, *, #4538, .T. ) ;
#2010 =( NAMED_UNIT ( * ) PLANE_ANGLE_UNIT ( ) SI_UNIT ( $, .RADIAN. ) );
#2011 = VECTOR ( 'NONE', #3974, 1000.000000000000000 ) ;
#2012 = CARTESIAN_POINT ( 'NONE',  ( -2.790000000000000924, 0.0000000000000000000, -7.870000000000000107 ) ) ;
#2013 = MECHANICAL_DESIGN_GEOMETRIC_PRESENTATION_REPRESENTATION (  '', ( #5639 ), #34 ) ;
#2014 = ORIENTED_EDGE ( 'NONE', *, *, #5142, .F. ) ;
#2015 = UNCERTAINTY_MEASURE_WITH_UNIT (LENGTH_MEASURE( 1.000000000000000082E-05 ), #4611, 'distance_accuracy_value', 'NONE');
#2016 =( NAMED_UNIT ( * ) PLANE_ANGLE_UNIT ( ) SI_UNIT ( $, .RADIAN. ) );
#2017 = VECTOR ( 'NONE', #5542, 1000.000000000000000 ) ;
#2018 = PRESENTATION_LAYER_ASSIGNMENT (  '', '', ( #2596 ) ) ;
#2019 = FACE_OUTER_BOUND ( 'NONE', #3489, .T. ) ;
#2020 = ORIENTED_EDGE ( 'NONE', *, *, #4924, .F. ) ;
#2021 = LINE ( 'NONE', #5486, #3697 ) ;
#2022 = ORIENTED_EDGE ( 'NONE', *, *, #887, .T. ) ;
#2023 = ORIENTED_EDGE ( 'NONE', *, *, #4646, .T. ) ;
#2024 = ADVANCED_FACE ( 'NONE', ( #1740 ), #1352, .F. ) ;
#2025 = UNCERTAINTY_MEASURE_WITH_UNIT (LENGTH_MEASURE( 1.000000000000000082E-05 ), #2625, 'distance_accuracy_value', 'NONE');
#2026 = CARTESIAN_POINT ( 'NONE',  ( -2.290000000000000036, -2.649999999999991029, 0.2500000000000002220 ) ) ;
#2027 = CLOSED_SHELL ( 'NONE', ( #3418, #1251, #4409, #12, #161, #2752, #3028, #1488, #1875, #2393, #3656, #5631, #4870, #3649, #1127, #3404, #3768, #679, #1601, #4320, #1391, #2044, #2938, #3769, #3154, #5285, #1237, #2024, #5259, #3521, #3149, #4601, #372, #5555, #2103, #4797, #2973, #2286, #4018, #2247, #412, #4997, #4373, #451, #5761, #5330, #2985, #2789, #1173, #5154, #5726, #2944, #3491, #3927, #2482, #2662, #3687, #4719, #2593, #5190, #4051, #4276, #2851, #54, #3063, #4543, #1065, #5258, #2279, #1184, #4237, #2523, #2623, #3478, #579, #3689, #3578, #3090, #1286, #4693, #4969, #5736, #1912, #2006, #4685, #3878, #5113, #3810, #5298, #2656, #5419, #3912, #2035, #3524, #2448, #3951, #1694, #4608, #1609, #2315, #813, #3156, #2815, #5520, #1101, #3554, #4865, #3514, #2664, #3962, #3508, #4503, #1708, #1561, #921, #705, #50, #5070, #3234, #753, #144, #4449, #2156, #3982, #5766, #4028, #4804, #4188, #2123, #963, #237, #314, #4471, #2861 ) ) ;
#2028 = FILL_AREA_STYLE_COLOUR ( '', #1204 ) ;
#2029 = DIRECTION ( 'NONE',  ( -1.000000000000000000, 0.0000000000000000000, 0.0000000000000000000 ) ) ;
#2030 = DIRECTION ( 'NONE',  ( -1.000000000000000000, 0.0000000000000000000, 1.548860246407863583E-16 ) ) ;
#2031 = PRESENTATION_LAYER_ASSIGNMENT (  '', '', ( #242 ) ) ;
#2032 = ORIENTED_EDGE ( 'NONE', *, *, #1960, .T. ) ;
#2033 = STYLED_ITEM ( 'NONE', ( #3358 ), #3912 ) ;
#2034 = EDGE_CURVE ( 'NONE', #2940, #3587, #3651, .T. ) ;
#2035 = ADVANCED_FACE ( 'NONE', ( #4520 ), #52, .T. ) ;
#2036 =( NAMED_UNIT ( * ) SI_UNIT ( $, .STERADIAN. ) SOLID_ANGLE_UNIT ( ) );
#2037 = ORIENTED_EDGE ( 'NONE', *, *, #2182, .T. ) ;
#2038 = CARTESIAN_POINT ( 'NONE',  ( -0.2500000000000006106, -3.149999999999999911, -5.330000000000000959 ) ) ;
#2039 = LINE ( 'NONE', #3723, #2002 ) ;
#2040 = AXIS2_PLACEMENT_3D ( 'NONE', #4425, #3552, #3997 ) ;
#2041 = SURFACE_STYLE_FILL_AREA ( #622 ) ;
#2042 = VECTOR ( 'NONE', #3607, 1000.000000000000000 ) ;
#2043 = DIRECTION ( 'NONE',  ( -1.000000000000000000, 0.0000000000000000000, 3.252606517456512316E-16 ) ) ;
#2044 = ADVANCED_FACE ( 'NONE', ( #1583 ), #3835, .F. ) ;
#2045 = VECTOR ( 'NONE', #1541, 1000.000000000000000 ) ;
#2046 = EDGE_CURVE ( 'NONE', #1855, #2453, #1234, .T. ) ;
#2047 = VECTOR ( 'NONE', #3035, 1000.000000000000000 ) ;
#2048 =( NAMED_UNIT ( * ) SI_UNIT ( $, .STERADIAN. ) SOLID_ANGLE_UNIT ( ) );
#2049 = ORIENTED_EDGE ( 'NONE', *, *, #2591, .T. ) ;
#2050 = LINE ( 'NONE', #5540, #2975 ) ;
#2051 = SURFACE_STYLE_FILL_AREA ( #3611 ) ;
#2052 = PRESENTATION_LAYER_ASSIGNMENT (  '', '', ( #5476 ) ) ;
#2053 =( NAMED_UNIT ( * ) PLANE_ANGLE_UNIT ( ) SI_UNIT ( $, .RADIAN. ) );
#2054 =( NAMED_UNIT ( * ) PLANE_ANGLE_UNIT ( ) SI_UNIT ( $, .RADIAN. ) );
#2055 = SURFACE_STYLE_FILL_AREA ( #5546 ) ;
#2056 = STYLED_ITEM ( 'NONE', ( #4267 ), #705 ) ;
#2057 = ORIENTED_EDGE ( 'NONE', *, *, #4514, .F. ) ;
#2058 = MECHANICAL_DESIGN_GEOMETRIC_PRESENTATION_REPRESENTATION (  '', ( #3648 ), #3943 ) ;
#2059 = FILL_AREA_STYLE ('',( #5663 ) ) ;
#2060 = VERTEX_POINT ( 'NONE', #297 ) ;
#2061 = CARTESIAN_POINT ( 'NONE',  ( -0.2500000000000002220, -2.649999999999991029, -2.290000000000000036 ) ) ;
#2062 = CARTESIAN_POINT ( 'NONE',  ( 0.3499999999999995337, 0.2999999999999990452, -5.430000000000000604 ) ) ;
#2063 = SURFACE_STYLE_FILL_AREA ( #5616 ) ;
#2064 = VERTEX_POINT ( 'NONE', #2091 ) ;
#2065 = LINE ( 'NONE', #3046, #570 ) ;
#2066 = SURFACE_STYLE_USAGE ( .BOTH. , #713 ) ;
#2067 = DIRECTION ( 'NONE',  ( 1.000000000000000000, 0.0000000000000000000, -1.084202172485504187E-16 ) ) ;
#2068 = SURFACE_SIDE_STYLE ('',( #2041 ) ) ;
#2069 = EDGE_CURVE ( 'NONE', #2874, #143, #5195, .T. ) ;
#2070 = STYLED_ITEM ( 'NONE', ( #5690 ), #1127 ) ;
#2071 = ORIENTED_EDGE ( 'NONE', *, *, #4185, .T. ) ;
#2072 = CARTESIAN_POINT ( 'NONE',  ( -2.189999999999999947, 4.099999999999998757, -0.3499999999999998113 ) ) ;
#2073 = ORIENTED_EDGE ( 'NONE', *, *, #2897, .T. ) ;
#2074 =( GEOMETRIC_REPRESENTATION_CONTEXT ( 3 ) GLOBAL_UNCERTAINTY_ASSIGNED_CONTEXT ( ( #2096 ) ) GLOBAL_UNIT_ASSIGNED_CONTEXT ( ( #642, #4243, #5430 ) ) REPRESENTATION_CONTEXT ( 'NONE', 'WORKASPACE' ) );
#2075 = FILL_AREA_STYLE_COLOUR ( '', #1318 ) ;
#2076 = EDGE_CURVE ( 'NONE', #3907, #1185, #3894, .T. ) ;
#2077 = DIRECTION ( 'NONE',  ( 1.000000000000000000, 0.0000000000000000000, 0.0000000000000000000 ) ) ;
#2078 = VECTOR ( 'NONE', #191, 1000.000000000000000 ) ;
#2079 = DIRECTION ( 'NONE',  ( -1.548860246407863583E-16, 0.0000000000000000000, -1.000000000000000000 ) ) ;
#2080 = VERTEX_POINT ( 'NONE', #1264 ) ;
#2081 = FILL_AREA_STYLE ('',( #2595 ) ) ;
#2082 =( LENGTH_UNIT ( ) NAMED_UNIT ( * ) SI_UNIT ( .MILLI., .METRE. ) );
#2083 = EDGE_CURVE ( 'NONE', #2759, #4056, #1148, .T. ) ;
#2084 = FILL_AREA_STYLE_COLOUR ( '', #1086 ) ;
#2085 = ORIENTED_EDGE ( 'NONE', *, *, #3763, .T. ) ;
#2086 = DIRECTION ( 'NONE',  ( 0.0000000000000000000, 1.000000000000000000, 0.0000000000000000000 ) ) ;
#2087 = ORIENTED_EDGE ( 'NONE', *, *, #4377, .T. ) ;
#2088 = UNCERTAINTY_MEASURE_WITH_UNIT (LENGTH_MEASURE( 1.000000000000000082E-05 ), #941, 'distance_accuracy_value', 'NONE');
#2089 = DIRECTION ( 'NONE',  ( -0.0000000000000000000, 1.000000000000000000, -0.0000000000000000000 ) ) ;
#2090 = FILL_AREA_STYLE ('',( #4724 ) ) ;
#2091 = CARTESIAN_POINT ( 'NONE',  ( -2.790000000000000924, -2.649999999999991918, -2.289999999999999591 ) ) ;
#2092 =( NAMED_UNIT ( * ) SI_UNIT ( $, .STERADIAN. ) SOLID_ANGLE_UNIT ( ) );
#2093 = PLANE ( 'NONE',  #4640 ) ;
#2094 = ORIENTED_EDGE ( 'NONE', *, *, #2657, .T. ) ;
#2095 = VECTOR ( 'NONE', #3232, 1000.000000000000000 ) ;
#2096 = UNCERTAINTY_MEASURE_WITH_UNIT (LENGTH_MEASURE( 1.000000000000000082E-05 ), #642, 'distance_accuracy_value', 'NONE');
#2097 = DIRECTION ( 'NONE',  ( 3.252606517456512316E-16, -0.0000000000000000000, 1.000000000000000000 ) ) ;
#2098 = FACE_OUTER_BOUND ( 'NONE', #1979, .T. ) ;
#2099 =( NAMED_UNIT ( * ) PLANE_ANGLE_UNIT ( ) SI_UNIT ( $, .RADIAN. ) );
#2100 = VERTEX_POINT ( 'NONE', #2950 ) ;
#2101 = MECHANICAL_DESIGN_GEOMETRIC_PRESENTATION_REPRESENTATION (  '', ( #978 ), #3898 ) ;
#2102 = VECTOR ( 'NONE', #3292, 1000.000000000000000 ) ;
#2103 = ADVANCED_FACE ( 'NONE', ( #772 ), #2984, .F. ) ;
#2104 = SURFACE_STYLE_USAGE ( .BOTH. , #308 ) ;
#2105 = LINE ( 'NONE', #815, #2171 ) ;
#2106 = DIRECTION ( 'NONE',  ( -0.2079116908177564282, -0.9781476007338061329, 0.0000000000000000000 ) ) ;
#2107 = SURFACE_SIDE_STYLE ('',( #313 ) ) ;
#2108 = MECHANICAL_DESIGN_GEOMETRIC_PRESENTATION_REPRESENTATION (  '', ( #2604 ), #3155 ) ;
#2109 =( GEOMETRIC_REPRESENTATION_CONTEXT ( 3 ) GLOBAL_UNCERTAINTY_ASSIGNED_CONTEXT ( ( #2025 ) ) GLOBAL_UNIT_ASSIGNED_CONTEXT ( ( #2625, #3173, #4509 ) ) REPRESENTATION_CONTEXT ( 'NONE', 'WORKASPACE' ) );
#2110 = CARTESIAN_POINT ( 'NONE',  ( -0.3500000000000000333, 4.100000000000000533, 0.3499999999999999223 ) ) ;
#2111 = EDGE_CURVE ( 'NONE', #5624, #533, #380, .T. ) ;
#2112 = MECHANICAL_DESIGN_GEOMETRIC_PRESENTATION_REPRESENTATION (  '', ( #111 ), #3059 ) ;
#2113 = EDGE_CURVE ( 'NONE', #143, #3454, #4516, .T. ) ;
#2114 = AXIS2_PLACEMENT_3D ( 'NONE', #3006, #4262, #248 ) ;
#2115 = FILL_AREA_STYLE_COLOUR ( '', #5672 ) ;
#2116 = DIRECTION ( 'NONE',  ( 0.0000000000000000000, -1.000000000000000000, 0.0000000000000000000 ) ) ;
#2117 = COLOUR_RGB ( '',0.2509803921568627416, 0.2509803921568627416, 0.2509803921568627416 ) ;
#2118 = PRESENTATION_STYLE_ASSIGNMENT (( #3472 ) ) ;
#2119 = DIRECTION ( 'NONE',  ( 1.000000000000000000, 0.0000000000000000000, -1.548860246407863583E-16 ) ) ;
#2120 = DIRECTION ( 'NONE',  ( -1.000000000000000000, -0.0000000000000000000, 1.548860246407863583E-16 ) ) ;
#2121 =( NAMED_UNIT ( * ) PLANE_ANGLE_UNIT ( ) SI_UNIT ( $, .RADIAN. ) );
#2122 = ORIENTED_EDGE ( 'NONE', *, *, #2729, .T. ) ;
#2123 = ADVANCED_FACE ( 'NONE', ( #2631 ), #5382, .F. ) ;
#2124 = CARTESIAN_POINT ( 'NONE',  ( -2.790000000000000924, -2.649999999999992806, -7.370000000000000107 ) ) ;
#2125 =( NAMED_UNIT ( * ) PLANE_ANGLE_UNIT ( ) SI_UNIT ( $, .RADIAN. ) );
#2126 = VECTOR ( 'NONE', #2828, 1000.000000000000114 ) ;
#2127 = MECHANICAL_DESIGN_GEOMETRIC_PRESENTATION_REPRESENTATION (  '', ( #4632 ), #3347 ) ;
#2128 = FILL_AREA_STYLE ('',( #773 ) ) ;
#2129 =( NAMED_UNIT ( * ) PLANE_ANGLE_UNIT ( ) SI_UNIT ( $, .RADIAN. ) );
#2130 = CARTESIAN_POINT ( 'NONE',  ( 0.7500000000000018874, 4.500000000000000000, -0.7500000000000022204 ) ) ;
#2131 = ORIENTED_EDGE ( 'NONE', *, *, #3219, .T. ) ;
#2132 = PRESENTATION_LAYER_ASSIGNMENT (  '', '', ( #1745 ) ) ;
#2133 = MECHANICAL_DESIGN_GEOMETRIC_PRESENTATION_REPRESENTATION (  '', ( #5742 ), #3825 ) ;
#2134 = FILL_AREA_STYLE ('',( #3485 ) ) ;
#2135 =( LENGTH_UNIT ( ) NAMED_UNIT ( * ) SI_UNIT ( .MILLI., .METRE. ) );
#2136 = LINE ( 'NONE', #1743, #1174 ) ;
#2137 = PRESENTATION_LAYER_ASSIGNMENT (  '', '', ( #3169 ) ) ;
#2138 = STYLED_ITEM ( 'NONE', ( #652 ), #5766 ) ;
#2139 = ORIENTED_EDGE ( 'NONE', *, *, #4347, .F. ) ;
#2140 =( NAMED_UNIT ( * ) PLANE_ANGLE_UNIT ( ) SI_UNIT ( $, .RADIAN. ) );
#2141 = CARTESIAN_POINT ( 'NONE',  ( -2.890000000000000568, 4.099999999999996980, -5.429999999999999716 ) ) ;
#2142 = FILL_AREA_STYLE_COLOUR ( '', #915 ) ;
#2143 = DIRECTION ( 'NONE',  ( -1.000000000000000000, 0.0000000000000000000, 0.0000000000000000000 ) ) ;
#2144 = PRESENTATION_LAYER_ASSIGNMENT (  '', '', ( #1674 ) ) ;
#2145 = VECTOR ( 'NONE', #474, 1000.000000000000114 ) ;
#2146 =( NAMED_UNIT ( * ) PLANE_ANGLE_UNIT ( ) SI_UNIT ( $, .RADIAN. ) );
#2147 = COLOUR_RGB ( '',1.000000000000000000, 1.000000000000000000, 0.5019607843137254832 ) ;
#2148 =( LENGTH_UNIT ( ) NAMED_UNIT ( * ) SI_UNIT ( .MILLI., .METRE. ) );
#2149 = FILL_AREA_STYLE_COLOUR ( '', #597 ) ;
#2150 = COLOUR_RGB ( '',1.000000000000000000, 1.000000000000000000, 0.5019607843137254832 ) ;
#2151 = AXIS2_PLACEMENT_3D ( 'NONE', #4012, #3024, #2665 ) ;
#2152 = LINE ( 'NONE', #3386, #3790 ) ;
#2153 = ORIENTED_EDGE ( 'NONE', *, *, #2699, .F. ) ;
#2154 = LINE ( 'NONE', #3388, #4510 ) ;
#2155 = CARTESIAN_POINT ( 'NONE',  ( -2.189999999999999947, 4.099999999999998757, 0.3500000000000001443 ) ) ;
#2156 = ADVANCED_FACE ( 'NONE', ( #4877 ), #5305, .F. ) ;
#2157 = VECTOR ( 'NONE', #2005, 1000.000000000000000 ) ;
#2158 = FILL_AREA_STYLE_COLOUR ( '', #211 ) ;
#2159 =( NAMED_UNIT ( * ) PLANE_ANGLE_UNIT ( ) SI_UNIT ( $, .RADIAN. ) );
#2160 = EDGE_CURVE ( 'NONE', #3830, #171, #3151, .T. ) ;
#2161 = ORIENTED_EDGE ( 'NONE', *, *, #2691, .T. ) ;
#2162 = CARTESIAN_POINT ( 'NONE',  ( -2.190000000000000391, 0.2999999999999990452, -7.969999999999999751 ) ) ;
#2163 = DIRECTION ( 'NONE',  ( -1.000000000000000000, 0.0000000000000000000, 0.0000000000000000000 ) ) ;
#2164 = LINE ( 'NONE', #5697, #4780 ) ;
#2165 = ORIENTED_EDGE ( 'NONE', *, *, #1958, .F. ) ;
#2166 = ORIENTED_EDGE ( 'NONE', *, *, #1744, .T. ) ;
#2167 = LINE ( 'NONE', #3515, #3539 ) ;
#2168 = ORIENTED_EDGE ( 'NONE', *, *, #4122, .T. ) ;
#2169 = SURFACE_STYLE_FILL_AREA ( #5233 ) ;
#2170 = PLANE ( 'NONE',  #2697 ) ;
#2171 = VECTOR ( 'NONE', #2644, 1000.000000000000000 ) ;
#2172 = DIRECTION ( 'NONE',  ( 1.000000000000000000, 0.0000000000000000000, -1.548860246407863583E-16 ) ) ;
#2173 = AXIS2_PLACEMENT_3D ( 'NONE', #577, #1966, #5559 ) ;
#2174 = PRESENTATION_STYLE_ASSIGNMENT (( #1227 ) ) ;
#2175 = DIRECTION ( 'NONE',  ( -1.000000000000000000, -0.0000000000000000000, 1.084202172485503941E-16 ) ) ;
#2176 = PRESENTATION_LAYER_ASSIGNMENT (  '', '', ( #4694 ) ) ;
#2177 = DIRECTION ( 'NONE',  ( 1.084202172485504311E-16, -0.0000000000000000000, 1.000000000000000000 ) ) ;
#2178 = DIRECTION ( 'NONE',  ( -1.000000000000000000, -0.0000000000000000000, 1.084202172485503941E-16 ) ) ;
#2179 = FACE_OUTER_BOUND ( 'NONE', #5760, .T. ) ;
#2180 = VERTEX_POINT ( 'NONE', #5487 ) ;
#2181 = FACE_OUTER_BOUND ( 'NONE', #4961, .T. ) ;
#2182 = EDGE_CURVE ( 'NONE', #3415, #224, #4144, .T. ) ;
#2183 = SURFACE_STYLE_FILL_AREA ( #5221 ) ;
#2184 = FILL_AREA_STYLE ('',( #5773 ) ) ;
#2185 =( NAMED_UNIT ( * ) PLANE_ANGLE_UNIT ( ) SI_UNIT ( $, .RADIAN. ) );
#2186 = VERTEX_POINT ( 'NONE', #4116 ) ;
#2187 = DIRECTION ( 'NONE',  ( 0.0000000000000000000, 0.0000000000000000000, 1.000000000000000000 ) ) ;
#2188 = EDGE_LOOP ( 'NONE', ( #3750, #1221, #3726, #4672 ) ) ;
#2189 = CARTESIAN_POINT ( 'NONE',  ( -0.2500000000000006661, -2.649999999999991029, -7.370000000000000107 ) ) ;
#2190 = CARTESIAN_POINT ( 'NONE',  ( -2.890000000000000568, 0.2999999999999990452, -7.969999999999999751 ) ) ;
#2191 = DIRECTION ( 'NONE',  ( 0.0000000000000000000, 1.000000000000000000, 0.0000000000000000000 ) ) ;
#2192 = VERTEX_POINT ( 'NONE', #1513 ) ;
#2193 = PRESENTATION_LAYER_ASSIGNMENT (  '', '', ( #3686 ) ) ;
#2194 = ORIENTED_EDGE ( 'NONE', *, *, #627, .F. ) ;
#2195 = EDGE_CURVE ( 'NONE', #5329, #1169, #1867, .T. ) ;
#2196 = UNCERTAINTY_MEASURE_WITH_UNIT (LENGTH_MEASURE( 1.000000000000000082E-05 ), #277, 'distance_accuracy_value', 'NONE');
#2197 = DIRECTION ( 'NONE',  ( -0.0000000000000000000, 1.000000000000000000, -0.0000000000000000000 ) ) ;
#2198 = LINE ( 'NONE', #2141, #555 ) ;
#2199 = AXIS2_PLACEMENT_3D ( 'NONE', #4565, #545, #5514 ) ;
#2200 = DIRECTION ( 'NONE',  ( 0.0000000000000000000, 1.000000000000000000, 0.0000000000000000000 ) ) ;
#2201 = VECTOR ( 'NONE', #5275, 1000.000000000000000 ) ;
#2202 = DIRECTION ( 'NONE',  ( 1.084202172485504311E-16, -0.0000000000000000000, 1.000000000000000000 ) ) ;
#2203 = EDGE_LOOP ( 'NONE', ( #300, #2766, #4841, #3131 ) ) ;
#2204 = LINE ( 'NONE', #4001, #791 ) ;
#2205 = FACE_OUTER_BOUND ( 'NONE', #4663, .T. ) ;
#2206 = PRESENTATION_STYLE_ASSIGNMENT (( #1725 ) ) ;
#2207 = CARTESIAN_POINT ( 'NONE',  ( 0.3499999999999997002, 0.2999999999999990452, -2.890000000000000124 ) ) ;
#2208 = VERTEX_POINT ( 'NONE', #2374 ) ;
#2209 = VECTOR ( 'NONE', #5374, 1000.000000000000000 ) ;
#2210 = COLOUR_RGB ( '',1.000000000000000000, 1.000000000000000000, 0.5019607843137254832 ) ;
#2211 = DIRECTION ( 'NONE',  ( -1.000000000000000000, -0.0000000000000000000, 1.548860246407863583E-16 ) ) ;
#2212 = SURFACE_SIDE_STYLE ('',( #5772 ) ) ;
#2213 = COLOUR_RGB ( '',0.5019607843137254832, 0.5019607843137254832, 0.5019607843137254832 ) ;
#2214 = EDGE_LOOP ( 'NONE', ( #1832, #4069, #1096, #1074, #5389, #4615 ) ) ;
#2215 = UNCERTAINTY_MEASURE_WITH_UNIT (LENGTH_MEASURE( 1.000000000000000082E-05 ), #1456, 'distance_accuracy_value', 'NONE');
#2216 = PRODUCT_CONTEXT ( 'NONE', #2234, 'mechanical' ) ;
#2217 = PRESENTATION_LAYER_ASSIGNMENT (  '', '', ( #4739 ) ) ;
#2218 = CARTESIAN_POINT ( 'NONE',  ( -2.189999999999999947, 0.2999999999999990452, 0.3500000000000001443 ) ) ;
#2219 = SURFACE_STYLE_USAGE ( .BOTH. , #416 ) ;
#2220 = ORIENTED_EDGE ( 'NONE', *, *, #5151, .T. ) ;
#2221 = EDGE_CURVE ( 'NONE', #2060, #3206, #1892, .T. ) ;
#2222 = VECTOR ( 'NONE', #3747, 1000.000000000000000 ) ;
#2223 = DIRECTION ( 'NONE',  ( 2.561107494060245658E-16, -0.0000000000000000000, 1.000000000000000000 ) ) ;
#2224 = ORIENTED_EDGE ( 'NONE', *, *, #186, .T. ) ;
#2225 = VECTOR ( 'NONE', #2534, 1000.000000000000000 ) ;
#2226 = PRESENTATION_LAYER_ASSIGNMENT (  '', '', ( #4749 ) ) ;
#2227 = DIRECTION ( 'NONE',  ( 0.0000000000000000000, -0.0000000000000000000, 1.000000000000000000 ) ) ;
#2228 = EDGE_CURVE ( 'NONE', #3382, #5347, #5093, .T. ) ;
#2229 = PLANE ( 'NONE',  #697 ) ;
#2230 = CARTESIAN_POINT ( 'NONE',  ( 0.3499999999999994227, 4.099999999999998757, -7.270000000000000462 ) ) ;
#2231 = PRESENTATION_LAYER_ASSIGNMENT (  '', '', ( #256 ) ) ;
#2232 = CARTESIAN_POINT ( 'NONE',  ( -0.3500000000000004774, 0.2999999999999990452, -5.429999999999999716 ) ) ;
#2233 = ORIENTED_EDGE ( 'NONE', *, *, #4538, .F. ) ;
#2234 = APPLICATION_CONTEXT ( 'automotive_design' ) ;
#2235 = CARTESIAN_POINT ( 'NONE',  ( 0.1166666666666657109, 3.866666666666665808, -7.503333333333333854 ) ) ;
#2236 =( GEOMETRIC_REPRESENTATION_CONTEXT ( 3 ) GLOBAL_UNCERTAINTY_ASSIGNED_CONTEXT ( ( #1012 ) ) GLOBAL_UNIT_ASSIGNED_CONTEXT ( ( #128, #5556, #5161 ) ) REPRESENTATION_CONTEXT ( 'NONE', 'WORKASPACE' ) );
#2237 = ORIENTED_EDGE ( 'NONE', *, *, #14, .T. ) ;
#2238 = DIRECTION ( 'NONE',  ( -0.0000000000000000000, 1.000000000000000000, -0.0000000000000000000 ) ) ;
#2239 = SURFACE_STYLE_USAGE ( .BOTH. , #2717 ) ;
#2240 = DIRECTION ( 'NONE',  ( 0.0000000000000000000, -0.0000000000000000000, 1.000000000000000000 ) ) ;
#2241 = CARTESIAN_POINT ( 'NONE',  ( -2.790000000000000924, -3.149999999999999911, -5.330000000000000959 ) ) ;
#2242 = VECTOR ( 'NONE', #648, 1000.000000000000000 ) ;
#2243 = ORIENTED_EDGE ( 'NONE', *, *, #3856, .T. ) ;
#2244 = CARTESIAN_POINT ( 'NONE',  ( 0.7500000000000044409, 4.500000000000000000, -3.290000000000005365 ) ) ;
#2245 = ORIENTED_EDGE ( 'NONE', *, *, #2435, .T. ) ;
#2246 = UNCERTAINTY_MEASURE_WITH_UNIT (LENGTH_MEASURE( 1.000000000000000082E-05 ), #5706, 'distance_accuracy_value', 'NONE');
#2247 = ADVANCED_FACE ( 'NONE', ( #1076 ), #2346, .F. ) ;
#2248 = FILL_AREA_STYLE ('',( #4531 ) ) ;
#2249 =( NAMED_UNIT ( * ) PLANE_ANGLE_UNIT ( ) SI_UNIT ( $, .RADIAN. ) );
#2250 =( NAMED_UNIT ( * ) PLANE_ANGLE_UNIT ( ) SI_UNIT ( $, .RADIAN. ) );
#2251 = UNCERTAINTY_MEASURE_WITH_UNIT (LENGTH_MEASURE( 1.000000000000000082E-05 ), #979, 'distance_accuracy_value', 'NONE');
#2252 = EDGE_CURVE ( 'NONE', #894, #3415, #2877, .T. ) ;
#2253 = DIRECTION ( 'NONE',  ( 0.0000000000000000000, 1.000000000000000000, 0.0000000000000000000 ) ) ;
#2254 =( NAMED_UNIT ( * ) SI_UNIT ( $, .STERADIAN. ) SOLID_ANGLE_UNIT ( ) );
#2255 = DIRECTION ( 'NONE',  ( -0.5773502691896266192, -0.5773502691896242878, 0.5773502691896263972 ) ) ;
#2256 = UNCERTAINTY_MEASURE_WITH_UNIT (LENGTH_MEASURE( 1.000000000000000082E-05 ), #2898, 'distance_accuracy_value', 'NONE');
#2257 = CARTESIAN_POINT ( 'NONE',  ( -2.190000000000000391, 4.099999999999996980, -2.189999999999999503 ) ) ;
#2258 = EDGE_CURVE ( 'NONE', #4129, #2812, #973, .T. ) ;
#2259 = VECTOR ( 'NONE', #3620, 1000.000000000000000 ) ;
#2260 =( LENGTH_UNIT ( ) NAMED_UNIT ( * ) SI_UNIT ( .MILLI., .METRE. ) );
#2261 = SURFACE_SIDE_STYLE ('',( #5715 ) ) ;
#2262 =( NAMED_UNIT ( * ) SI_UNIT ( $, .STERADIAN. ) SOLID_ANGLE_UNIT ( ) );
#2263 = SURFACE_SIDE_STYLE ('',( #2714 ) ) ;
#2264 = ORIENTED_EDGE ( 'NONE', *, *, #5322, .T. ) ;
#2265 = STYLED_ITEM ( 'NONE', ( #1178 ), #1601 ) ;
#2266 = PRESENTATION_STYLE_ASSIGNMENT (( #1796 ) ) ;
#2267 =( NAMED_UNIT ( * ) PLANE_ANGLE_UNIT ( ) SI_UNIT ( $, .RADIAN. ) );
#2268 = DIRECTION ( 'NONE',  ( 0.0000000000000000000, 0.7071067811865491270, -0.7071067811865459074 ) ) ;
#2269 = DIRECTION ( 'NONE',  ( 0.0000000000000000000, 0.0000000000000000000, 1.000000000000000000 ) ) ;
#2270 = PRESENTATION_STYLE_ASSIGNMENT (( #471 ) ) ;
#2271 = ORIENTED_EDGE ( 'NONE', *, *, #560, .F. ) ;
#2272 =( NAMED_UNIT ( * ) SI_UNIT ( $, .STERADIAN. ) SOLID_ANGLE_UNIT ( ) );
#2273 = LINE ( 'NONE', #5396, #5031 ) ;
#2274 = EDGE_CURVE ( 'NONE', #3290, #322, #2314, .T. ) ;
#2275 = SURFACE_SIDE_STYLE ('',( #5422 ) ) ;
#2276 = MECHANICAL_DESIGN_GEOMETRIC_PRESENTATION_REPRESENTATION (  '', ( #2835 ), #310 ) ;
#2277 = CARTESIAN_POINT ( 'NONE',  ( -0.3500000000000006994, 0.2999999999999990452, -7.969999999999999751 ) ) ;
#2278 = PRESENTATION_STYLE_ASSIGNMENT (( #481 ) ) ;
#2279 = ADVANCED_FACE ( 'NONE', ( #1486 ), #3294, .T. ) ;
#2280 =( NAMED_UNIT ( * ) PLANE_ANGLE_UNIT ( ) SI_UNIT ( $, .RADIAN. ) );
#2281 = EDGE_CURVE ( 'NONE', #403, #2186, #1611, .T. ) ;
#2282 = VERTEX_POINT ( 'NONE', #4298 ) ;
#2283 = CARTESIAN_POINT ( 'NONE',  ( -0.2500000000000006661, -3.149999999999999911, -7.370000000000000107 ) ) ;
#2284 = PLANE ( 'NONE',  #4994 ) ;
#2285 = EDGE_LOOP ( 'NONE', ( #3529, #4139, #2461, #5554 ) ) ;
#2286 = ADVANCED_FACE ( 'NONE', ( #3412 ), #4687, .F. ) ;
#2287 = COLOUR_RGB ( '',0.5019607843137254832, 0.5019607843137254832, 0.5019607843137254832 ) ;
#2288 = LINE ( 'NONE', #917, #764 ) ;
#2289 = SURFACE_STYLE_FILL_AREA ( #494 ) ;
#2290 = DIRECTION ( 'NONE',  ( -1.000000000000000000, 0.0000000000000000000, 0.0000000000000000000 ) ) ;
#2291 = VECTOR ( 'NONE', #758, 1000.000000000000000 ) ;
#2292 = LINE ( 'NONE', #4042, #359 ) ;
#2293 = DIRECTION ( 'NONE',  ( 1.000000000000000000, 0.0000000000000000000, -1.548860246407863583E-16 ) ) ;
#2294 = LINE ( 'NONE', #5362, #396 ) ;
#2295 = DIRECTION ( 'NONE',  ( -0.7071067811865494601, 0.7071067811865455743, 0.0000000000000000000 ) ) ;
#2296 = VERTEX_POINT ( 'NONE', #2569 ) ;
#2297 = CARTESIAN_POINT ( 'NONE',  ( -0.2500000000000001665, 0.0000000000000000000, -0.2500000000000000555 ) ) ;
#2298 = UNCERTAINTY_MEASURE_WITH_UNIT (LENGTH_MEASURE( 1.000000000000000082E-05 ), #865, 'distance_accuracy_value', 'NONE');
#2299 = ORIENTED_EDGE ( 'NONE', *, *, #3879, .F. ) ;
#2300 =( LENGTH_UNIT ( ) NAMED_UNIT ( * ) SI_UNIT ( .MILLI., .METRE. ) );
#2301 = VECTOR ( 'NONE', #1903, 1000.000000000000000 ) ;
#2302 = ORIENTED_EDGE ( 'NONE', *, *, #1848, .F. ) ;
#2303 = ORIENTED_EDGE ( 'NONE', *, *, #2814, .F. ) ;
#2304 = STYLED_ITEM ( 'NONE', ( #267 ), #3768 ) ;
#2305 = CARTESIAN_POINT ( 'NONE',  ( 0.2499999999999996392, -3.149999999999999911, -5.330000000000000959 ) ) ;
#2306 = DIRECTION ( 'NONE',  ( -0.0000000000000000000, 1.000000000000000000, -0.0000000000000000000 ) ) ;
#2307 = FILL_AREA_STYLE_COLOUR ( '', #5660 ) ;
#2308 =( GEOMETRIC_REPRESENTATION_CONTEXT ( 3 ) GLOBAL_UNCERTAINTY_ASSIGNED_CONTEXT ( ( #3972 ) ) GLOBAL_UNIT_ASSIGNED_CONTEXT ( ( #3089, #291, #5299 ) ) REPRESENTATION_CONTEXT ( 'NONE', 'WORKASPACE' ) );
#2309 = PLANE ( 'NONE',  #2199 ) ;
#2310 = ORIENTED_EDGE ( 'NONE', *, *, #4472, .T. ) ;
#2311 = PRESENTATION_LAYER_ASSIGNMENT (  '', '', ( #4753 ) ) ;
#2312 = VECTOR ( 'NONE', #2097, 1000.000000000000000 ) ;
#2313 = FILL_AREA_STYLE_COLOUR ( '', #3646 ) ;
#2314 = LINE ( 'NONE', #72, #2760 ) ;
#2315 = ADVANCED_FACE ( 'NONE', ( #3011 ), #1138, .T. ) ;
#2316 = EDGE_CURVE ( 'NONE', #5182, #4806, #3604, .T. ) ;
#2317 = PLANE ( 'NONE',  #3025 ) ;
#2318 =( LENGTH_UNIT ( ) NAMED_UNIT ( * ) SI_UNIT ( .MILLI., .METRE. ) );
#2319 = VECTOR ( 'NONE', #612, 1000.000000000000000 ) ;
#2320 = ORIENTED_EDGE ( 'NONE', *, *, #817, .F. ) ;
#2321 =( GEOMETRIC_REPRESENTATION_CONTEXT ( 3 ) GLOBAL_UNCERTAINTY_ASSIGNED_CONTEXT ( ( #5516 ) ) GLOBAL_UNIT_ASSIGNED_CONTEXT ( ( #3309, #2369, #3724 ) ) REPRESENTATION_CONTEXT ( 'NONE', 'WORKASPACE' ) );
#2322 = VECTOR ( 'NONE', #2143, 1000.000000000000000 ) ;
#2323 = UNCERTAINTY_MEASURE_WITH_UNIT (LENGTH_MEASURE( 1.000000000000000082E-05 ), #4636, 'distance_accuracy_value', 'NONE');
#2324 = EDGE_CURVE ( 'NONE', #1944, #3291, #1755, .T. ) ;
#2325 = FILL_AREA_STYLE_COLOUR ( '', #1705 ) ;
#2326 =( GEOMETRIC_REPRESENTATION_CONTEXT ( 3 ) GLOBAL_UNCERTAINTY_ASSIGNED_CONTEXT ( ( #3627 ) ) GLOBAL_UNIT_ASSIGNED_CONTEXT ( ( #3479, #3450, #4413 ) ) REPRESENTATION_CONTEXT ( 'NONE', 'WORKASPACE' ) );
#2327 = EDGE_CURVE ( 'NONE', #994, #1953, #4893, .T. ) ;
#2328 =( LENGTH_UNIT ( ) NAMED_UNIT ( * ) SI_UNIT ( .MILLI., .METRE. ) );
#2329 = DIRECTION ( 'NONE',  ( -1.000000000000000000, 0.0000000000000000000, 1.084202172485503941E-16 ) ) ;
#2330 = SURFACE_STYLE_FILL_AREA ( #4154 ) ;
#2331 =( GEOMETRIC_REPRESENTATION_CONTEXT ( 3 ) GLOBAL_UNCERTAINTY_ASSIGNED_CONTEXT ( ( #3146 ) ) GLOBAL_UNIT_ASSIGNED_CONTEXT ( ( #2135, #3570, #866 ) ) REPRESENTATION_CONTEXT ( 'NONE', 'WORKASPACE' ) );
#2332 = STYLED_ITEM ( 'NONE', ( #5080 ), #4608 ) ;
#2333 = SURFACE_STYLE_USAGE ( .BOTH. , #3681 ) ;
#2334 = ORIENTED_EDGE ( 'NONE', *, *, #880, .T. ) ;
#2335 = CARTESIAN_POINT ( 'NONE',  ( -0.2500000000000004441, -2.649999999999992806, -4.830000000000000071 ) ) ;
#2336 = VECTOR ( 'NONE', #3370, 1000.000000000000000 ) ;
#2337 = DIRECTION ( 'NONE',  ( 0.0000000000000000000, 0.7071067811865490160, -0.7071067811865461294 ) ) ;
#2338 = ORIENTED_EDGE ( 'NONE', *, *, #5042, .F. ) ;
#2339 = LINE ( 'NONE', #85, #5764 ) ;
#2340 = SURFACE_STYLE_USAGE ( .BOTH. , #4559 ) ;
#2341 = PLANE ( 'NONE',  #888 ) ;
#2342 = SURFACE_STYLE_USAGE ( .BOTH. , #906 ) ;
#2343 = LINE ( 'NONE', #5005, #4903 ) ;
#2344 = VERTEX_POINT ( 'NONE', #4917 ) ;
#2345 = CARTESIAN_POINT ( 'NONE',  ( -2.290000000000000480, 0.0000000000000000000, -2.289999999999999591 ) ) ;
#2346 = PLANE ( 'NONE',  #1728 ) ;
#2347 = PRESENTATION_LAYER_ASSIGNMENT (  '', '', ( #1969 ) ) ;
#2348 = MECHANICAL_DESIGN_GEOMETRIC_PRESENTATION_REPRESENTATION (  '', ( #5150 ), #660 ) ;
#2349 = LINE ( 'NONE', #4146, #3432 ) ;
#2350 =( NAMED_UNIT ( * ) SI_UNIT ( $, .STERADIAN. ) SOLID_ANGLE_UNIT ( ) );
#2351 = ORIENTED_EDGE ( 'NONE', *, *, #4677, .F. ) ;
#2352 = CARTESIAN_POINT ( 'NONE',  ( -0.3500000000000004774, 0.2999999999999990452, -5.429999999999999716 ) ) ;
#2353 = DIRECTION ( 'NONE',  ( -1.084202172485504187E-16, 0.0000000000000000000, -1.000000000000000000 ) ) ;
#2354 = FILL_AREA_STYLE_COLOUR ( '', #235 ) ;
#2355 = PRESENTATION_LAYER_ASSIGNMENT (  '', '', ( #2735 ) ) ;
#2356 = EDGE_CURVE ( 'NONE', #792, #3159, #4002, .T. ) ;
#2357 = DIRECTION ( 'NONE',  ( 3.252606517456512316E-16, 0.0000000000000000000, 1.000000000000000000 ) ) ;
#2358 = ORIENTED_EDGE ( 'NONE', *, *, #5034, .T. ) ;
#2359 = CARTESIAN_POINT ( 'NONE',  ( -0.3500000000000002554, 0.2999999999999990452, -2.189999999999999947 ) ) ;
#2360 =( LENGTH_UNIT ( ) NAMED_UNIT ( * ) SI_UNIT ( .MILLI., .METRE. ) );
#2361 = EDGE_CURVE ( 'NONE', #3632, #5634, #1722, .T. ) ;
#2362 = PRESENTATION_STYLE_ASSIGNMENT (( #83 ) ) ;
#2363 = ORIENTED_EDGE ( 'NONE', *, *, #5562, .T. ) ;
#2364 = FILL_AREA_STYLE ('',( #5053 ) ) ;
#2365 = UNCERTAINTY_MEASURE_WITH_UNIT (LENGTH_MEASURE( 1.000000000000000082E-05 ), #770, 'distance_accuracy_value', 'NONE');
#2366 = ORIENTED_EDGE ( 'NONE', *, *, #4777, .F. ) ;
#2367 = MECHANICAL_DESIGN_GEOMETRIC_PRESENTATION_REPRESENTATION (  '', ( #3686 ), #968 ) ;
#2368 =( NAMED_UNIT ( * ) PLANE_ANGLE_UNIT ( ) SI_UNIT ( $, .RADIAN. ) );
#2369 =( NAMED_UNIT ( * ) PLANE_ANGLE_UNIT ( ) SI_UNIT ( $, .RADIAN. ) );
#2370 = ORIENTED_EDGE ( 'NONE', *, *, #2566, .T. ) ;
#2371 = DIRECTION ( 'NONE',  ( -0.2079116908177564282, -0.9781476007338061329, 0.0000000000000000000 ) ) ;
#2372 = SURFACE_STYLE_FILL_AREA ( #4238 ) ;
#2373 = ORIENTED_EDGE ( 'NONE', *, *, #1824, .F. ) ;
#2374 = CARTESIAN_POINT ( 'NONE',  ( -0.2500000000000008327, 0.0000000000000000000, -7.870000000000000107 ) ) ;
#2375 = PRESENTATION_LAYER_ASSIGNMENT (  '', '', ( #3692 ) ) ;
#2376 = FILL_AREA_STYLE_COLOUR ( '', #324 ) ;
#2377 = ORIENTED_EDGE ( 'NONE', *, *, #3981, .F. ) ;
#2378 = COLOUR_RGB ( '',0.5019607843137254832, 0.5019607843137254832, 0.5019607843137254832 ) ;
#2379 = UNCERTAINTY_MEASURE_WITH_UNIT (LENGTH_MEASURE( 1.000000000000000082E-05 ), #4953, 'distance_accuracy_value', 'NONE');
#2380 = SURFACE_SIDE_STYLE ('',( #1114 ) ) ;
#2381 = CARTESIAN_POINT ( 'NONE',  ( -0.2500000000000001665, -3.149999999999999911, -0.2500000000000000555 ) ) ;
#2382 = PLANE ( 'NONE',  #3806 ) ;
#2383 = SURFACE_SIDE_STYLE ('',( #2063 ) ) ;
#2384 = PRESENTATION_LAYER_ASSIGNMENT (  '', '', ( #2495 ) ) ;
#2385 = DIRECTION ( 'NONE',  ( 0.0000000000000000000, -0.7071067811865462405, 0.7071067811865489050 ) ) ;
#2386 = VECTOR ( 'NONE', #4342, 1000.000000000000227 ) ;
#2387 = ORIENTED_EDGE ( 'NONE', *, *, #1809, .F. ) ;
#2388 = LINE ( 'NONE', #5464, #2301 ) ;
#2389 = ORIENTED_EDGE ( 'NONE', *, *, #3741, .T. ) ;
#2390 =( GEOMETRIC_REPRESENTATION_CONTEXT ( 3 ) GLOBAL_UNCERTAINTY_ASSIGNED_CONTEXT ( ( #3731 ) ) GLOBAL_UNIT_ASSIGNED_CONTEXT ( ( #1445, #569, #3725 ) ) REPRESENTATION_CONTEXT ( 'NONE', 'WORKASPACE' ) );
#2391 =( NAMED_UNIT ( * ) PLANE_ANGLE_UNIT ( ) SI_UNIT ( $, .RADIAN. ) );
#2392 = FILL_AREA_STYLE_COLOUR ( '', #3174 ) ;
#2393 = ADVANCED_FACE ( 'NONE', ( #903 ), #3498, .T. ) ;
#2394 = LINE ( 'NONE', #4487, #4733 ) ;
#2395 = EDGE_CURVE ( 'NONE', #5597, #2932, #3975, .T. ) ;
#2396 = STYLED_ITEM ( 'NONE', ( #4884 ), #3656 ) ;
#2397 = DIRECTION ( 'NONE',  ( -0.0000000000000000000, 1.000000000000000000, -0.0000000000000000000 ) ) ;
#2398 = ORIENTED_EDGE ( 'NONE', *, *, #3981, .T. ) ;
#2399 = EDGE_CURVE ( 'NONE', #5648, #2296, #5297, .T. ) ;
#2400 =( NAMED_UNIT ( * ) SI_UNIT ( $, .STERADIAN. ) SOLID_ANGLE_UNIT ( ) );
#2401 = MECHANICAL_DESIGN_GEOMETRIC_PRESENTATION_REPRESENTATION (  '', ( #1535 ), #3056 ) ;
#2402 = SURFACE_STYLE_FILL_AREA ( #2806 ) ;
#2403 = EDGE_CURVE ( 'NONE', #1321, #2782, #4431, .T. ) ;
#2404 = ORIENTED_EDGE ( 'NONE', *, *, #116, .T. ) ;
#2405 =( NAMED_UNIT ( * ) SI_UNIT ( $, .STERADIAN. ) SOLID_ANGLE_UNIT ( ) );
#2406 = ORIENTED_EDGE ( 'NONE', *, *, #1958, .T. ) ;
#2407 = SURFACE_STYLE_FILL_AREA ( #4203 ) ;
#2408 =( NAMED_UNIT ( * ) SI_UNIT ( $, .STERADIAN. ) SOLID_ANGLE_UNIT ( ) );
#2409 = PLANE ( 'NONE',  #1973 ) ;
#2410 = FACE_OUTER_BOUND ( 'NONE', #1338, .T. ) ;
#2411 = VECTOR ( 'NONE', #2976, 1000.000000000000000 ) ;
#2412 = ORIENTED_EDGE ( 'NONE', *, *, #1410, .F. ) ;
#2413 = FACE_OUTER_BOUND ( 'NONE', #3755, .T. ) ;
#2414 = AXIS2_PLACEMENT_3D ( 'NONE', #3110, #2562, #1667 ) ;
#2415 = ORIENTED_EDGE ( 'NONE', *, *, #5047, .F. ) ;
#2416 = PRESENTATION_STYLE_ASSIGNMENT (( #1079 ) ) ;
#2417 = COLOUR_RGB ( '',0.5019607843137254832, 0.5019607843137254832, 0.5019607843137254832 ) ;
#2418 = CARTESIAN_POINT ( 'NONE',  ( 0.1437217191649879100, -3.149999999999999911, -7.870000000000000107 ) ) ;
#2419 = LINE ( 'NONE', #1491, #4852 ) ;
#2420 = LINE ( 'NONE', #4218, #452 ) ;
#2421 = LINE ( 'NONE', #5560, #264 ) ;
#2422 = VECTOR ( 'NONE', #5673, 1000.000000000000000 ) ;
#2423 = STYLED_ITEM ( 'NONE', ( #1774 ), #2973 ) ;
#2424 = EDGE_LOOP ( 'NONE', ( #4586, #5215, #3233, #4459, #3712, #1 ) ) ;
#2425 = PRESENTATION_STYLE_ASSIGNMENT (( #3427 ) ) ;
#2426 = EDGE_LOOP ( 'NONE', ( #3759, #2635, #4589, #367 ) ) ;
#2427 = VECTOR ( 'NONE', #2460, 1000.000000000000114 ) ;
#2428 = DIRECTION ( 'NONE',  ( 1.000000000000000000, 0.0000000000000000000, 0.0000000000000000000 ) ) ;
#2429 = CARTESIAN_POINT ( 'NONE',  ( -2.396278280835011820, -3.149999999999999911, -4.830000000000000071 ) ) ;
#2430 = VECTOR ( 'NONE', #3439, 1000.000000000000227 ) ;
#2431 = ORIENTED_EDGE ( 'NONE', *, *, #3084, .F. ) ;
#2432 = PRESENTATION_LAYER_ASSIGNMENT (  '', '', ( #4118 ) ) ;
#2433 = ADVANCED_BREP_SHAPE_REPRESENTATION ( '5DB0DFF0-E47E-41DB-9742-EC08121F8517', ( #1128, #4299 ), #521 ) ;
#2434 = VERTEX_POINT ( 'NONE', #967 ) ;
#2435 = EDGE_CURVE ( 'NONE', #3103, #709, #1070, .T. ) ;
#2436 =( NAMED_UNIT ( * ) PLANE_ANGLE_UNIT ( ) SI_UNIT ( $, .RADIAN. ) );
#2437 = PRESENTATION_LAYER_ASSIGNMENT (  '', '', ( #3650 ) ) ;
#2438 = LINE ( 'NONE', #722, #5414 ) ;
#2439 = LINE ( 'NONE', #4232, #4653 ) ;
#2440 =( NAMED_UNIT ( * ) PLANE_ANGLE_UNIT ( ) SI_UNIT ( $, .RADIAN. ) );
#2441 = EDGE_CURVE ( 'NONE', #5423, #3794, #4233, .T. ) ;
#2442 = EDGE_LOOP ( 'NONE', ( #1036, #4063, #4114, #1804 ) ) ;
#2443 = DIRECTION ( 'NONE',  ( 0.7071067811865461294, 0.7071067811865490160, 0.0000000000000000000 ) ) ;
#2444 = CARTESIAN_POINT ( 'NONE',  ( -2.890000000000000568, 0.2999999999999990452, -7.969999999999999751 ) ) ;
#2445 = ORIENTED_EDGE ( 'NONE', *, *, #3741, .F. ) ;
#2446 = DIRECTION ( 'NONE',  ( -0.7071067811865452413, 0.7071067811865499042, 1.095209583345263896E-16 ) ) ;
#2447 = ORIENTED_EDGE ( 'NONE', *, *, #2195, .T. ) ;
#2448 = ADVANCED_FACE ( 'NONE', ( #5509 ), #2341, .T. ) ;
#2449 = DIRECTION ( 'NONE',  ( 1.000000000000000000, 0.0000000000000000000, -2.561107494060245658E-16 ) ) ;
#2450 = AXIS2_PLACEMENT_3D ( 'NONE', #42, #5177, #4193 ) ;
#2451 = DIRECTION ( 'NONE',  ( -0.0000000000000000000, 1.000000000000000000, -0.0000000000000000000 ) ) ;
#2452 = CARTESIAN_POINT ( 'NONE',  ( -2.790000000000000036, -3.149999999999999911, 0.2500000000000002776 ) ) ;
#2453 = VERTEX_POINT ( 'NONE', #3310 ) ;
#2454 =( GEOMETRIC_REPRESENTATION_CONTEXT ( 3 ) GLOBAL_UNCERTAINTY_ASSIGNED_CONTEXT ( ( #2215 ) ) GLOBAL_UNIT_ASSIGNED_CONTEXT ( ( #1456, #3275, #2818 ) ) REPRESENTATION_CONTEXT ( 'NONE', 'WORKASPACE' ) );
#2455 = UNCERTAINTY_MEASURE_WITH_UNIT (LENGTH_MEASURE( 1.000000000000000082E-05 ), #3466, 'distance_accuracy_value', 'NONE');
#2456 =( LENGTH_UNIT ( ) NAMED_UNIT ( * ) SI_UNIT ( .MILLI., .METRE. ) );
#2457 = ORIENTED_EDGE ( 'NONE', *, *, #5008, .T. ) ;
#2458 = FILL_AREA_STYLE ('',( #3813 ) ) ;
#2459 = CARTESIAN_POINT ( 'NONE',  ( -0.2500000000000002220, 0.0000000000000000000, -2.290000000000000036 ) ) ;
#2460 = DIRECTION ( 'NONE',  ( -0.2079116908177565393, -0.9781476007338061329, 2.254183068697460020E-17 ) ) ;
#2461 = ORIENTED_EDGE ( 'NONE', *, *, #4568, .T. ) ;
#2462 = PRESENTATION_STYLE_ASSIGNMENT (( #140 ) ) ;
#2463 = DIRECTION ( 'NONE',  ( 1.084202172485504311E-16, -0.0000000000000000000, 1.000000000000000000 ) ) ;
#2464 = ORIENTED_EDGE ( 'NONE', *, *, #4761, .F. ) ;
#2465 = DIRECTION ( 'NONE',  ( 1.000000000000000000, 0.0000000000000000000, -1.084202172485504187E-16 ) ) ;
#2466 = CARTESIAN_POINT ( 'NONE',  ( -2.290000000000000480, 0.0000000000000000000, -2.790000000000000036 ) ) ;
#2467 = CARTESIAN_POINT ( 'NONE',  ( -2.189999999999999947, 4.099999999999998757, -0.3499999999999998113 ) ) ;
#2468 = EDGE_CURVE ( 'NONE', #4283, #293, #4138, .T. ) ;
#2469 = CARTESIAN_POINT ( 'NONE',  ( -2.790000000000000924, 0.0000000000000000000, -4.830000000000000071 ) ) ;
#2470 = ORIENTED_EDGE ( 'NONE', *, *, #3664, .F. ) ;
#2471 = FILL_AREA_STYLE_COLOUR ( '', #4730 ) ;
#2472 = PLANE ( 'NONE',  #3147 ) ;
#2473 = EDGE_CURVE ( 'NONE', #3433, #5597, #115, .T. ) ;
#2474 = ORIENTED_EDGE ( 'NONE', *, *, #971, .T. ) ;
#2475 = LINE ( 'NONE', #4790, #1990 ) ;
#2476 = ORIENTED_EDGE ( 'NONE', *, *, #986, .T. ) ;
#2477 = PRESENTATION_LAYER_ASSIGNMENT (  '', '', ( #3980 ) ) ;
#2478 = CARTESIAN_POINT ( 'NONE',  ( -0.1437217191649892978, -3.149999999999999911, -7.870000000000000107 ) ) ;
#2479 = EDGE_CURVE ( 'NONE', #5342, #2080, #1017, .T. ) ;
#2480 = LINE ( 'NONE', #4152, #365 ) ;
#2481 = CARTESIAN_POINT ( 'NONE',  ( -0.3500000000000004774, 0.2999999999999990452, -5.429999999999999716 ) ) ;
#2482 = ADVANCED_FACE ( 'NONE', ( #3668 ), #4110, .F. ) ;
#2483 = ORIENTED_EDGE ( 'NONE', *, *, #1417, .T. ) ;
#2484 = AXIS2_PLACEMENT_3D ( 'NONE', #4716, #3761, #4618 ) ;
#2485 = ORIENTED_EDGE ( 'NONE', *, *, #1688, .F. ) ;
#2486 = DIRECTION ( 'NONE',  ( 0.2079116908177567336, -0.9781476007338061329, -2.254183068697463410E-17 ) ) ;
#2487 = CARTESIAN_POINT ( 'NONE',  ( -2.890000000000000568, 4.099999999999996980, -7.270000000000000462 ) ) ;
#2488 = PRESENTATION_LAYER_ASSIGNMENT (  '', '', ( #1058 ) ) ;
#2489 = FACE_OUTER_BOUND ( 'NONE', #4602, .T. ) ;
#2490 = PRESENTATION_LAYER_ASSIGNMENT (  '', '', ( #319 ) ) ;
#2491 = SURFACE_SIDE_STYLE ('',( #3751 ) ) ;
#2492 = CARTESIAN_POINT ( 'NONE',  ( -0.3500000000000002554, 4.099999999999996980, -2.890000000000000124 ) ) ;
#2493 = STYLED_ITEM ( 'NONE', ( #676 ), #3508 ) ;
#2494 = VERTEX_POINT ( 'NONE', #2466 ) ;
#2495 = STYLED_ITEM ( 'NONE', ( #5185 ), #2286 ) ;
#2496 = MECHANICAL_DESIGN_GEOMETRIC_PRESENTATION_REPRESENTATION (  '', ( #506 ), #2680 ) ;
#2497 = ORIENTED_EDGE ( 'NONE', *, *, #2113, .F. ) ;
#2498 = UNCERTAINTY_MEASURE_WITH_UNIT (LENGTH_MEASURE( 1.000000000000000082E-05 ), #657, 'distance_accuracy_value', 'NONE');
#2499 = CARTESIAN_POINT ( 'NONE',  ( 0.2499999999999998335, -3.149999999999999911, -2.790000000000000480 ) ) ;
#2500 = SURFACE_STYLE_USAGE ( .BOTH. , #593 ) ;
#2501 = DIRECTION ( 'NONE',  ( -0.9781476007338062439, 0.2079116908177564560, 1.060509753727076412E-16 ) ) ;
#2502 = SURFACE_STYLE_USAGE ( .BOTH. , #2107 ) ;
#2503 = FILL_AREA_STYLE_COLOUR ( '', #691 ) ;
#2504 = VERTEX_POINT ( 'NONE', #4353 ) ;
#2505 = UNCERTAINTY_MEASURE_WITH_UNIT (LENGTH_MEASURE( 1.000000000000000082E-05 ), #3017, 'distance_accuracy_value', 'NONE');
#2506 = LINE ( 'NONE', #1574, #1252 ) ;
#2507 =( LENGTH_UNIT ( ) NAMED_UNIT ( * ) SI_UNIT ( .MILLI., .METRE. ) );
#2508 = CARTESIAN_POINT ( 'NONE',  ( 0.1166666666666656693, 3.866666666666667584, 0.1166666666666656416 ) ) ;
#2509 = SURFACE_STYLE_USAGE ( .BOTH. , #1139 ) ;
#2510 =( LENGTH_UNIT ( ) NAMED_UNIT ( * ) SI_UNIT ( .MILLI., .METRE. ) );
#2511 = PRESENTATION_LAYER_ASSIGNMENT (  '', '', ( #4548 ) ) ;
#2512 = ORIENTED_EDGE ( 'NONE', *, *, #516, .T. ) ;
#2513 =( LENGTH_UNIT ( ) NAMED_UNIT ( * ) SI_UNIT ( .MILLI., .METRE. ) );
#2514 = MECHANICAL_DESIGN_GEOMETRIC_PRESENTATION_REPRESENTATION (  '', ( #4644 ), #431 ) ;
#2515 = PRODUCT_DEFINITION ( 'UNKNOWN', '', #2990, #61 ) ;
#2516 = DIRECTION ( 'NONE',  ( 1.000000000000000000, 0.0000000000000000000, 0.0000000000000000000 ) ) ;
#2517 = DIRECTION ( 'NONE',  ( 0.5773502691896271743, -0.5773502691896240657, 0.5773502691896259531 ) ) ;
#2518 = PRESENTATION_STYLE_ASSIGNMENT (( #265 ) ) ;
#2519 = CARTESIAN_POINT ( 'NONE',  ( -0.3500000000000002554, 4.099999999999996980, -2.890000000000000124 ) ) ;
#2520 = AXIS2_PLACEMENT_3D ( 'NONE', #4708, #1097, #3756 ) ;
#2521 = AXIS2_PLACEMENT_3D ( 'NONE', #3071, #4878, #5250 ) ;
#2522 = ORIENTED_EDGE ( 'NONE', *, *, #3268, .T. ) ;
#2523 = ADVANCED_FACE ( 'NONE', ( #2967 ), #1671, .T. ) ;
#2524 = FILL_AREA_STYLE_COLOUR ( '', #4310 ) ;
#2525 =( LENGTH_UNIT ( ) NAMED_UNIT ( * ) SI_UNIT ( .MILLI., .METRE. ) );
#2526 = DIRECTION ( 'NONE',  ( 1.548860246407863583E-16, 0.0000000000000000000, 1.000000000000000000 ) ) ;
#2527 = LINE ( 'NONE', #2459, #1686 ) ;
#2528 = PRESENTATION_LAYER_ASSIGNMENT (  '', '', ( #5581 ) ) ;
#2529 = ORIENTED_EDGE ( 'NONE', *, *, #4479, .F. ) ;
#2530 = COLOUR_RGB ( '',0.2509803921568627416, 0.2509803921568627416, 0.2509803921568627416 ) ;
#2531 = VECTOR ( 'NONE', #2800, 1000.000000000000000 ) ;
#2532 = DIRECTION ( 'NONE',  ( -1.000000000000000000, 0.0000000000000000000, 3.252606517456512316E-16 ) ) ;
#2533 = ORIENTED_EDGE ( 'NONE', *, *, #848, .T. ) ;
#2534 = DIRECTION ( 'NONE',  ( 0.0000000000000000000, 1.000000000000000000, 0.0000000000000000000 ) ) ;
#2535 = LINE ( 'NONE', #337, #5607 ) ;
#2536 = SURFACE_STYLE_FILL_AREA ( #5117 ) ;
#2537 = MECHANICAL_DESIGN_GEOMETRIC_PRESENTATION_REPRESENTATION (  '', ( #4485 ), #1470 ) ;
#2538 = CARTESIAN_POINT ( 'NONE',  ( -2.190000000000000391, 4.500000000000000000, -3.290000000000004921 ) ) ;
#2539 = DIRECTION ( 'NONE',  ( 1.548860246407863583E-16, 0.0000000000000000000, 1.000000000000000000 ) ) ;
#2540 = ORIENTED_EDGE ( 'NONE', *, *, #4055, .F. ) ;
#2541 = COLOUR_RGB ( '',0.1254901960784313708, 0.1254901960784313708, 0.1254901960784313708 ) ;
#2542 = DIRECTION ( 'NONE',  ( 0.0000000000000000000, 1.000000000000000000, 0.0000000000000000000 ) ) ;
#2543 = FACE_OUTER_BOUND ( 'NONE', #5445, .T. ) ;
#2544 = VERTEX_POINT ( 'NONE', #1131 ) ;
#2545 = ORIENTED_EDGE ( 'NONE', *, *, #2473, .T. ) ;
#2546 = CARTESIAN_POINT ( 'NONE',  ( -2.190000000000000391, 0.2999999999999990452, -5.430000000000000604 ) ) ;
#2547 = DIRECTION ( 'NONE',  ( -1.000000000000000000, 0.0000000000000000000, 0.0000000000000000000 ) ) ;
#2548 = DIRECTION ( 'NONE',  ( 1.000000000000000000, 0.0000000000000000000, -1.084202172485504311E-16 ) ) ;
#2549 = PLANE ( 'NONE',  #3718 ) ;
#2550 = EDGE_CURVE ( 'NONE', #4527, #734, #5606, .T. ) ;
#2551 = APPLICATION_CONTEXT ( 'automotive_design' ) ;
#2552 = EDGE_LOOP ( 'NONE', ( #2404, #940, #3041, #2540 ) ) ;
#2553 =( LENGTH_UNIT ( ) NAMED_UNIT ( * ) SI_UNIT ( .MILLI., .METRE. ) );
#2554 =( NAMED_UNIT ( * ) PLANE_ANGLE_UNIT ( ) SI_UNIT ( $, .RADIAN. ) );
#2555 = SURFACE_SIDE_STYLE ('',( #4771 ) ) ;
#2556 = SURFACE_STYLE_USAGE ( .BOTH. , #1341 ) ;
#2557 = MECHANICAL_DESIGN_GEOMETRIC_PRESENTATION_REPRESENTATION (  '', ( #4341 ), #5506 ) ;
#2558 = VERTEX_POINT ( 'NONE', #1603 ) ;
#2559 = ORIENTED_EDGE ( 'NONE', *, *, #4508, .F. ) ;
#2560 = CARTESIAN_POINT ( 'NONE',  ( 1.269999999999999796, 4.500000000000000000, 1.270000000000000240 ) ) ;
#2561 = UNCERTAINTY_MEASURE_WITH_UNIT (LENGTH_MEASURE( 1.000000000000000082E-05 ), #1443, 'distance_accuracy_value', 'NONE');
#2562 = DIRECTION ( 'NONE',  ( -1.084202172485503941E-16, 0.0000000000000000000, -1.000000000000000000 ) ) ;
#2563 = CARTESIAN_POINT ( 'NONE',  ( -2.683721719164989583, -3.149999999999999911, -4.830000000000000071 ) ) ;
#2564 =( LENGTH_UNIT ( ) NAMED_UNIT ( * ) SI_UNIT ( .MILLI., .METRE. ) );
#2565 = CARTESIAN_POINT ( 'NONE',  ( -2.683721719164987807, -3.149999999999999911, 0.2500000000000002776 ) ) ;
#2566 = EDGE_CURVE ( 'NONE', #1197, #4691, #3792, .T. ) ;
#2567 = PLANE ( 'NONE',  #4404 ) ;
#2568 =( LENGTH_UNIT ( ) NAMED_UNIT ( * ) SI_UNIT ( .MILLI., .METRE. ) );
#2569 = CARTESIAN_POINT ( 'NONE',  ( -2.190000000000000391, 4.099999999999996980, -7.270000000000000462 ) ) ;
#2570 = PLANE ( 'NONE',  #801 ) ;
#2571 = EDGE_LOOP ( 'NONE', ( #1066, #3602, #5360, #1845 ) ) ;
#2572 = DIRECTION ( 'NONE',  ( 1.084202172485504311E-16, -0.0000000000000000000, 1.000000000000000000 ) ) ;
#2573 = MECHANICAL_DESIGN_GEOMETRIC_PRESENTATION_REPRESENTATION (  '', ( #2943 ), #4813 ) ;
#2574 = CARTESIAN_POINT ( 'NONE',  ( 0.3499999999999997002, 4.099999999999996980, -2.890000000000000124 ) ) ;
#2575 = CARTESIAN_POINT ( 'NONE',  ( -0.3500000000000002554, 0.2999999999999990452, -2.890000000000000124 ) ) ;
#2576 = EDGE_LOOP ( 'NONE', ( #5510, #808, #1143, #692 ) ) ;
#2577 = VECTOR ( 'NONE', #5302, 1000.000000000000000 ) ;
#2578 =( NAMED_UNIT ( * ) PLANE_ANGLE_UNIT ( ) SI_UNIT ( $, .RADIAN. ) );
#2579 = LINE ( 'NONE', #1739, #1563 ) ;
#2580 = SURFACE_STYLE_FILL_AREA ( #2134 ) ;
#2581 = EDGE_LOOP ( 'NONE', ( #4489, #3160, #5393, #4501 ) ) ;
#2582 = LINE ( 'NONE', #4475, #5018 ) ;
#2583 = ORIENTED_EDGE ( 'NONE', *, *, #4323, .T. ) ;
#2584 = STYLED_ITEM ( 'NONE', ( #3016 ), #2103 ) ;
#2585 = DIRECTION ( 'NONE',  ( 8.537024980200817627E-17, 0.0000000000000000000, 1.000000000000000000 ) ) ;
#2586 =( LENGTH_UNIT ( ) NAMED_UNIT ( * ) SI_UNIT ( .MILLI., .METRE. ) );
#2587 = EDGE_CURVE ( 'NONE', #56, #4039, #4680, .T. ) ;
#2588 = PRESENTATION_LAYER_ASSIGNMENT (  '', '', ( #1535 ) ) ;
#2589 = SURFACE_STYLE_USAGE ( .BOTH. , #1285 ) ;
#2590 = AXIS2_PLACEMENT_3D ( 'NONE', #913, #4569, #462 ) ;
#2591 = EDGE_CURVE ( 'NONE', #5105, #559, #3105, .T. ) ;
#2592 = PRESENTATION_STYLE_ASSIGNMENT (( #760 ) ) ;
#2593 = ADVANCED_FACE ( 'NONE', ( #1542 ), #4746, .T. ) ;
#2594 =( NAMED_UNIT ( * ) PLANE_ANGLE_UNIT ( ) SI_UNIT ( $, .RADIAN. ) );
#2595 = FILL_AREA_STYLE_COLOUR ( '', #1825 ) ;
#2596 = STYLED_ITEM ( 'NONE', ( #290 ), #3554 ) ;
#2597 = PRESENTATION_STYLE_ASSIGNMENT (( #1724 ) ) ;
#2598 =( GEOMETRIC_REPRESENTATION_CONTEXT ( 3 ) GLOBAL_UNCERTAINTY_ASSIGNED_CONTEXT ( ( #5061 ) ) GLOBAL_UNIT_ASSIGNED_CONTEXT ( ( #2328, #3653, #443 ) ) REPRESENTATION_CONTEXT ( 'NONE', 'WORKASPACE' ) );
#2599 = PLANE ( 'NONE',  #3221 ) ;
#2600 = ORIENTED_EDGE ( 'NONE', *, *, #3020, .F. ) ;
#2601 = CARTESIAN_POINT ( 'NONE',  ( 0.2500000000000001665, -2.649999999999991029, 0.2500000000000000000 ) ) ;
#2602 = LINE ( 'NONE', #2949, #5483 ) ;
#2603 =( NAMED_UNIT ( * ) PLANE_ANGLE_UNIT ( ) SI_UNIT ( $, .RADIAN. ) );
#2604 = STYLED_ITEM ( 'NONE', ( #2702 ), #2752 ) ;
#2605 = DIRECTION ( 'NONE',  ( -1.084202172485504311E-16, 0.0000000000000000000, -1.000000000000000000 ) ) ;
#2606 =( LENGTH_UNIT ( ) NAMED_UNIT ( * ) SI_UNIT ( .MILLI., .METRE. ) );
#2607 = ORIENTED_EDGE ( 'NONE', *, *, #4236, .T. ) ;
#2608 = PRESENTATION_LAYER_ASSIGNMENT (  '', '', ( #5112 ) ) ;
#2609 = VECTOR ( 'NONE', #5225, 1000.000000000000000 ) ;
#2610 = LINE ( 'NONE', #1692, #1041 ) ;
#2611 = CARTESIAN_POINT ( 'NONE',  ( -0.2500000000000003886, -2.649999999999991029, -2.790000000000000480 ) ) ;
#2612 = PRESENTATION_STYLE_ASSIGNMENT (( #1331 ) ) ;
#2613 = PRESENTATION_LAYER_ASSIGNMENT (  '', '', ( #907 ) ) ;
#2614 = ORIENTED_EDGE ( 'NONE', *, *, #4382, .T. ) ;
#2615 = VECTOR ( 'NONE', #1463, 1000.000000000000000 ) ;
#2616 = ORIENTED_EDGE ( 'NONE', *, *, #551, .F. ) ;
#2617 = CARTESIAN_POINT ( 'NONE',  ( 0.2499999999999996669, 0.0000000000000000000, -4.830000000000000071 ) ) ;
#2618 = UNCERTAINTY_MEASURE_WITH_UNIT (LENGTH_MEASURE( 1.000000000000000082E-05 ), #2300, 'distance_accuracy_value', 'NONE');
#2619 = VECTOR ( 'NONE', #1072, 1000.000000000000000 ) ;
#2620 =( NAMED_UNIT ( * ) PLANE_ANGLE_UNIT ( ) SI_UNIT ( $, .RADIAN. ) );
#2621 = STYLED_ITEM ( 'NONE', ( #4328 ), #2861 ) ;
#2622 = VECTOR ( 'NONE', #3058, 1000.000000000000000 ) ;
#2623 = ADVANCED_FACE ( 'NONE', ( #4125 ), #4067, .T. ) ;
#2624 = UNCERTAINTY_MEASURE_WITH_UNIT (LENGTH_MEASURE( 1.000000000000000082E-05 ), #2510, 'distance_accuracy_value', 'NONE');
#2625 =( LENGTH_UNIT ( ) NAMED_UNIT ( * ) SI_UNIT ( .MILLI., .METRE. ) );
#2626 = CARTESIAN_POINT ( 'NONE',  ( -2.790000000000000480, 0.0000000000000000000, -0.2499999999999998335 ) ) ;
#2627 = ORIENTED_EDGE ( 'NONE', *, *, #3780, .F. ) ;
#2628 = PRESENTATION_LAYER_ASSIGNMENT (  '', '', ( #735 ) ) ;
#2629 = LINE ( 'NONE', #825, #1618 ) ;
#2630 = ORIENTED_EDGE ( 'NONE', *, *, #1523, .T. ) ;
#2631 = FACE_OUTER_BOUND ( 'NONE', #5086, .T. ) ;
#2632 = FILL_AREA_STYLE ('',( #3923 ) ) ;
#2633 = DIRECTION ( 'NONE',  ( 1.000000000000000000, 0.0000000000000000000, -1.084202172485504187E-16 ) ) ;
#2634 = LINE ( 'NONE', #3957, #129 ) ;
#2635 = ORIENTED_EDGE ( 'NONE', *, *, #4407, .T. ) ;
#2636 = EDGE_CURVE ( 'NONE', #2504, #1597, #3128, .T. ) ;
#2637 = ORIENTED_EDGE ( 'NONE', *, *, #1054, .T. ) ;
#2638 = CARTESIAN_POINT ( 'NONE',  ( -1.789999999999996039, 4.500000000000000000, -6.869999999999995666 ) ) ;
#2639 = FACE_OUTER_BOUND ( 'NONE', #5232, .T. ) ;
#2640 = VERTEX_POINT ( 'NONE', #5074 ) ;
#2641 = DIRECTION ( 'NONE',  ( -1.000000000000000000, 0.0000000000000000000, 1.548860246407863583E-16 ) ) ;
#2642 = VERTEX_POINT ( 'NONE', #4597 ) ;
#2643 =( LENGTH_UNIT ( ) NAMED_UNIT ( * ) SI_UNIT ( .MILLI., .METRE. ) );
#2644 = DIRECTION ( 'NONE',  ( 1.548860246407863583E-16, 0.0000000000000000000, 1.000000000000000000 ) ) ;
#2645 = VECTOR ( 'NONE', #1224, 1000.000000000000000 ) ;
#2646 = FACE_OUTER_BOUND ( 'NONE', #2442, .T. ) ;
#2647 = DIRECTION ( 'NONE',  ( -0.5773502691896270633, 0.5773502691896232886, 0.5773502691896269523 ) ) ;
#2648 = FILL_AREA_STYLE_COLOUR ( '', #1532 ) ;
#2649 = ORIENTED_EDGE ( 'NONE', *, *, #1648, .T. ) ;
#2650 = CARTESIAN_POINT ( 'NONE',  ( -2.190000000000000391, 4.099999999999996980, -5.430000000000000604 ) ) ;
#2651 = AXIS2_PLACEMENT_3D ( 'NONE', #1928, #352, #1580 ) ;
#2652 = DIRECTION ( 'NONE',  ( -1.548860246407863583E-16, -0.0000000000000000000, -1.000000000000000000 ) ) ;
#2653 = ORIENTED_EDGE ( 'NONE', *, *, #2724, .F. ) ;
#2654 = LINE ( 'NONE', #4490, #285 ) ;
#2655 = DIRECTION ( 'NONE',  ( 0.9781476007338062439, 0.2079116908177565670, -3.181529261181228373E-16 ) ) ;
#2656 = ADVANCED_FACE ( 'NONE', ( #1082 ), #786, .T. ) ;
#2657 = EDGE_CURVE ( 'NONE', #3698, #530, #3886, .T. ) ;
#2658 = FILL_AREA_STYLE_COLOUR ( '', #948 ) ;
#2659 = CARTESIAN_POINT ( 'NONE',  ( 0.1437217191649881598, -3.149999999999999911, -4.830000000000000071 ) ) ;
#2660 = ORIENTED_EDGE ( 'NONE', *, *, #1222, .F. ) ;
#2661 =( NAMED_UNIT ( * ) SI_UNIT ( $, .STERADIAN. ) SOLID_ANGLE_UNIT ( ) );
#2662 = ADVANCED_FACE ( 'NONE', ( #3777 ), #2382, .F. ) ;
#2663 = FILL_AREA_STYLE_COLOUR ( '', #1719 ) ;
#2664 = ADVANCED_FACE ( 'NONE', ( #5457 ), #288, .T. ) ;
#2665 = DIRECTION ( 'NONE',  ( 1.000000000000000000, 0.0000000000000000000, 0.0000000000000000000 ) ) ;
#2666 = DIRECTION ( 'NONE',  ( 0.0000000000000000000, 1.000000000000000000, 0.0000000000000000000 ) ) ;
#2667 = PLANE ( 'NONE',  #3166 ) ;
#2668 = EDGE_LOOP ( 'NONE', ( #3126, #3538, #189, #4120 ) ) ;
#2669 = VECTOR ( 'NONE', #513, 1000.000000000000000 ) ;
#2670 =( LENGTH_UNIT ( ) NAMED_UNIT ( * ) SI_UNIT ( .MILLI., .METRE. ) );
#2671 = SURFACE_STYLE_USAGE ( .BOTH. , #3113 ) ;
#2672 = VECTOR ( 'NONE', #1987, 1000.000000000000000 ) ;
#2673 = MECHANICAL_DESIGN_GEOMETRIC_PRESENTATION_REPRESENTATION (  '', ( #206 ), #4717 ) ;
#2674 = DIRECTION ( 'NONE',  ( 1.000000000000000000, 0.0000000000000000000, 0.0000000000000000000 ) ) ;
#2675 = CARTESIAN_POINT ( 'NONE',  ( 0.3499999999999994227, 4.099999999999998757, -7.270000000000000462 ) ) ;
#2676 = SURFACE_STYLE_FILL_AREA ( #1340 ) ;
#2677 = CARTESIAN_POINT ( 'NONE',  ( -2.790000000000000480, -3.149999999999999911, -0.2499999999999998335 ) ) ;
#2678 = VERTEX_POINT ( 'NONE', #2650 ) ;
#2679 = MECHANICAL_DESIGN_GEOMETRIC_PRESENTATION_REPRESENTATION (  '', ( #5368 ), #3610 ) ;
#2680 =( GEOMETRIC_REPRESENTATION_CONTEXT ( 3 ) GLOBAL_UNCERTAINTY_ASSIGNED_CONTEXT ( ( #3915 ) ) GLOBAL_UNIT_ASSIGNED_CONTEXT ( ( #3528, #5188, #4378 ) ) REPRESENTATION_CONTEXT ( 'NONE', 'WORKASPACE' ) );
#2681 = DIRECTION ( 'NONE',  ( 1.000000000000000000, 0.0000000000000000000, -1.084202172485504311E-16 ) ) ;
#2682 = CARTESIAN_POINT ( 'NONE',  ( -3.810000000000000941, 4.500000000000000000, -8.890000000000000568 ) ) ;
#2683 = DIRECTION ( 'NONE',  ( 0.9781476007338062439, 0.2079116908177567613, -3.181529261181228866E-16 ) ) ;
#2684 =( LENGTH_UNIT ( ) NAMED_UNIT ( * ) SI_UNIT ( .MILLI., .METRE. ) );
#2685 = CARTESIAN_POINT ( 'NONE',  ( -1.789999999999997371, 4.500000000000000000, -0.7500000000000027756 ) ) ;
#2686 = ORIENTED_EDGE ( 'NONE', *, *, #1816, .F. ) ;
#2687 = EDGE_CURVE ( 'NONE', #4806, #508, #1754, .T. ) ;
#2688 = FACE_OUTER_BOUND ( 'NONE', #5501, .T. ) ;
#2689 = AXIS2_PLACEMENT_3D ( 'NONE', #1403, #5046, #2385 ) ;
#2690 = CARTESIAN_POINT ( 'NONE',  ( -2.890000000000000568, 4.099999999999996980, -7.270000000000000462 ) ) ;
#2691 = EDGE_CURVE ( 'NONE', #4272, #1529, #2204, .T. ) ;
#2692 = UNCERTAINTY_MEASURE_WITH_UNIT (LENGTH_MEASURE( 1.000000000000000082E-05 ), #33, 'distance_accuracy_value', 'NONE');
#2693 = LINE ( 'NONE', #3936, #44 ) ;
#2694 = EDGE_LOOP ( 'NONE', ( #1393, #5160, #2358, #1545 ) ) ;
#2695 = MECHANICAL_DESIGN_GEOMETRIC_PRESENTATION_REPRESENTATION (  '', ( #907 ), #1662 ) ;
#2696 =( LENGTH_UNIT ( ) NAMED_UNIT ( * ) SI_UNIT ( .MILLI., .METRE. ) );
#2697 = AXIS2_PLACEMENT_3D ( 'NONE', #5704, #5290, #5316 ) ;
#2698 = COLOUR_RGB ( '',1.000000000000000000, 1.000000000000000000, 0.5019607843137254832 ) ;
#2699 = EDGE_CURVE ( 'NONE', #827, #3958, #3497, .T. ) ;
#2700 = AXIS2_PLACEMENT_3D ( 'NONE', #2232, #3639, #3230 ) ;
#2701 = ORIENTED_EDGE ( 'NONE', *, *, #1029, .T. ) ;
#2702 = PRESENTATION_STYLE_ASSIGNMENT (( #5768 ) ) ;
#2703 = DIRECTION ( 'NONE',  ( 0.5773502691896265082, -0.5773502691896240657, 0.5773502691896267303 ) ) ;
#2704 = CARTESIAN_POINT ( 'NONE',  ( -2.190000000000000391, 4.099999999999996980, -7.969999999999999751 ) ) ;
#2705 = COLOUR_RGB ( '',0.2509803921568627416, 0.2509803921568627416, 0.2509803921568627416 ) ;
#2706 = CARTESIAN_POINT ( 'NONE',  ( -0.2500000000000004441, -2.649999999999992806, -4.830000000000000071 ) ) ;
#2707 =( NAMED_UNIT ( * ) SI_UNIT ( $, .STERADIAN. ) SOLID_ANGLE_UNIT ( ) );
#2708 = VECTOR ( 'NONE', #3504, 1000.000000000000000 ) ;
#2709 = ORIENTED_EDGE ( 'NONE', *, *, #2395, .F. ) ;
#2710 = VECTOR ( 'NONE', #4954, 1000.000000000000000 ) ;
#2711 = LINE ( 'NONE', #2283, #4426 ) ;
#2712 = PRESENTATION_STYLE_ASSIGNMENT (( #4921 ) ) ;
#2713 =( NAMED_UNIT ( * ) PLANE_ANGLE_UNIT ( ) SI_UNIT ( $, .RADIAN. ) );
#2714 = SURFACE_STYLE_FILL_AREA ( #519 ) ;
#2715 = VECTOR ( 'NONE', #2191, 1000.000000000000000 ) ;
#2716 = CARTESIAN_POINT ( 'NONE',  ( 0.2499999999999993616, -2.649999999999991029, -7.870000000000000107 ) ) ;
#2717 = SURFACE_SIDE_STYLE ('',( #3622 ) ) ;
#2718 = LINE ( 'NONE', #4521, #4315 ) ;
#2719 = DIRECTION ( 'NONE',  ( 3.252606517456512316E-16, 0.0000000000000000000, 1.000000000000000000 ) ) ;
#2720 = VERTEX_POINT ( 'NONE', #5737 ) ;
#2721 = ORIENTED_EDGE ( 'NONE', *, *, #2228, .F. ) ;
#2722 =( NAMED_UNIT ( * ) PLANE_ANGLE_UNIT ( ) SI_UNIT ( $, .RADIAN. ) );
#2723 = ORIENTED_EDGE ( 'NONE', *, *, #1849, .F. ) ;
#2724 = EDGE_CURVE ( 'NONE', #2904, #3703, #5707, .T. ) ;
#2725 = EDGE_CURVE ( 'NONE', #707, #4272, #1288, .T. ) ;
#2726 = CARTESIAN_POINT ( 'NONE',  ( -2.396278280835011376, -3.149999999999999911, -0.2499999999999998890 ) ) ;
#2727 = ORIENTED_EDGE ( 'NONE', *, *, #677, .T. ) ;
#2728 = DIRECTION ( 'NONE',  ( 1.000000000000000000, 0.0000000000000000000, 0.0000000000000000000 ) ) ;
#2729 = EDGE_CURVE ( 'NONE', #1343, #127, #5323, .T. ) ;
#2730 = STYLED_ITEM ( 'NONE', ( #1238 ), #1912 ) ;
#2731 = COLOUR_RGB ( '',0.2509803921568627416, 0.2509803921568627416, 0.2509803921568627416 ) ;
#2732 = ORIENTED_EDGE ( 'NONE', *, *, #4127, .T. ) ;
#2733 = AXIS2_PLACEMENT_3D ( 'NONE', #169, #4161, #5600 ) ;
#2734 = CARTESIAN_POINT ( 'NONE',  ( 1.269999999999998908, 4.500000000000000000, -8.890000000000000568 ) ) ;
#2735 = STYLED_ITEM ( 'NONE', ( #4664 ), #1391 ) ;
#2736 = PLANE ( 'NONE',  #959 ) ;
#2737 =( NAMED_UNIT ( * ) PLANE_ANGLE_UNIT ( ) SI_UNIT ( $, .RADIAN. ) );
#2738 = FACE_BOUND ( 'NONE', #4828, .T. ) ;
#2739 = LINE ( 'NONE', #496, #3849 ) ;
#2740 = CARTESIAN_POINT ( 'NONE',  ( 0.2499999999999994171, 0.0000000000000000000, -7.870000000000000107 ) ) ;
#2741 = LINE ( 'NONE', #4526, #1151 ) ;
#2742 = ORIENTED_EDGE ( 'NONE', *, *, #5252, .T. ) ;
#2743 = CARTESIAN_POINT ( 'NONE',  ( -2.290000000000000480, -3.149999999999999911, -2.289999999999999591 ) ) ;
#2744 =( NAMED_UNIT ( * ) SI_UNIT ( $, .STERADIAN. ) SOLID_ANGLE_UNIT ( ) );
#2745 = VECTOR ( 'NONE', #2652, 1000.000000000000000 ) ;
#2746 = SURFACE_STYLE_USAGE ( .BOTH. , #1412 ) ;
#2747 = FILL_AREA_STYLE_COLOUR ( '', #5376 ) ;
#2748 = ORIENTED_EDGE ( 'NONE', *, *, #3442, .T. ) ;
#2749 = VECTOR ( 'NONE', #2539, 1000.000000000000000 ) ;
#2750 = EDGE_CURVE ( 'NONE', #3291, #56, #846, .T. ) ;
#2751 = LINE ( 'NONE', #4537, #1668 ) ;
#2752 = ADVANCED_FACE ( 'NONE', ( #3116 ), #4486, .F. ) ;
#2753 = ORIENTED_EDGE ( 'NONE', *, *, #4482, .T. ) ;
#2754 = VECTOR ( 'NONE', #93, 1000.000000000000114 ) ;
#2755 = CARTESIAN_POINT ( 'NONE',  ( -3.290000000000003144, 4.500000000000000000, -0.7500000000000024425 ) ) ;
#2756 = PRESENTATION_LAYER_ASSIGNMENT (  '', '', ( #3808 ) ) ;
#2757 = DIRECTION ( 'NONE',  ( -1.548860246407863583E-16, 0.0000000000000000000, -1.000000000000000000 ) ) ;
#2758 = VECTOR ( 'NONE', #2175, 1000.000000000000000 ) ;
#2759 = VERTEX_POINT ( 'NONE', #3667 ) ;
#2760 = VECTOR ( 'NONE', #3674, 1000.000000000000000 ) ;
#2761 = PRESENTATION_LAYER_ASSIGNMENT (  '', '', ( #5549 ) ) ;
#2762 = SURFACE_STYLE_USAGE ( .BOTH. , #5557 ) ;
#2763 = STYLED_ITEM ( 'NONE', ( #282 ), #2593 ) ;
#2764 = VECTOR ( 'NONE', #3037, 1000.000000000000000 ) ;
#2765 = FILL_AREA_STYLE ('',( #4986 ) ) ;
#2766 = ORIENTED_EDGE ( 'NONE', *, *, #413, .T. ) ;
#2767 = AXIS2_PLACEMENT_3D ( 'NONE', #2862, #2463, #1159 ) ;
#2768 = PRESENTATION_STYLE_ASSIGNMENT (( #2746 ) ) ;
#2769 = COLOUR_RGB ( '',0.2509803921568627416, 0.2509803921568627416, 0.2509803921568627416 ) ;
#2770 = ORIENTED_EDGE ( 'NONE', *, *, #3581, .T. ) ;
#2771 = LINE ( 'NONE', #3693, #4669 ) ;
#2772 = UNCERTAINTY_MEASURE_WITH_UNIT (LENGTH_MEASURE( 1.000000000000000082E-05 ), #5504, 'distance_accuracy_value', 'NONE');
#2773 = PRESENTATION_LAYER_ASSIGNMENT (  '', '', ( #2304 ) ) ;
#2774 = FILL_AREA_STYLE_COLOUR ( '', #3605 ) ;
#2775 = STYLED_ITEM ( 'NONE', ( #886 ), #2433 ) ;
#2776 = ORIENTED_EDGE ( 'NONE', *, *, #4974, .T. ) ;
#2777 = EDGE_CURVE ( 'NONE', #1696, #1608, #2832, .T. ) ;
#2778 = VECTOR ( 'NONE', #3567, 1000.000000000000114 ) ;
#2779 = FILL_AREA_STYLE_COLOUR ( '', #5351 ) ;
#2780 = ORIENTED_EDGE ( 'NONE', *, *, #1995, .F. ) ;
#2781 = PRESENTATION_STYLE_ASSIGNMENT (( #995 ) ) ;
#2782 = VERTEX_POINT ( 'NONE', #5508 ) ;
#2783 = AXIS2_PLACEMENT_3D ( 'NONE', #933, #4505, #4452 ) ;
#2784 = FACE_OUTER_BOUND ( 'NONE', #5426, .T. ) ;
#2785 =( NAMED_UNIT ( * ) PLANE_ANGLE_UNIT ( ) SI_UNIT ( $, .RADIAN. ) );
#2786 =( LENGTH_UNIT ( ) NAMED_UNIT ( * ) SI_UNIT ( .MILLI., .METRE. ) );
#2787 = CARTESIAN_POINT ( 'NONE',  ( -2.413297796358300218, -3.230070525179599361, -2.790000000000000036 ) ) ;
#2788 = LINE ( 'NONE', #4575, #5456 ) ;
#2789 = ADVANCED_FACE ( 'NONE', ( #4195 ), #5000, .F. ) ;
#2790 = VERTEX_POINT ( 'NONE', #541 ) ;
#2791 = COLOUR_RGB ( '',1.000000000000000000, 1.000000000000000000, 0.5019607843137254832 ) ;
#2792 = VECTOR ( 'NONE', #5459, 1000.000000000000114 ) ;
#2793 = VECTOR ( 'NONE', #2486, 1000.000000000000227 ) ;
#2794 = CARTESIAN_POINT ( 'NONE',  ( -2.190000000000000391, 0.2999999999999990452, -7.969999999999999751 ) ) ;
#2795 = ORIENTED_EDGE ( 'NONE', *, *, #3955, .T. ) ;
#2796 = LINE ( 'NONE', #3281, #1853 ) ;
#2797 = CARTESIAN_POINT ( 'NONE',  ( -2.890000000000000568, 0.2999999999999990452, -7.270000000000000462 ) ) ;
#2798 = FILL_AREA_STYLE ('',( #930 ) ) ;
#2799 = COLOUR_RGB ( '',1.000000000000000000, 1.000000000000000000, 0.5019607843137254832 ) ;
#2800 = DIRECTION ( 'NONE',  ( -1.000000000000000000, -0.0000000000000000000, 1.548860246407863583E-16 ) ) ;
#2801 = SURFACE_STYLE_FILL_AREA ( #5398 ) ;
#2802 = ORIENTED_EDGE ( 'NONE', *, *, #5480, .F. ) ;
#2803 = DIRECTION ( 'NONE',  ( -1.000000000000000000, 0.0000000000000000000, 1.548860246407863583E-16 ) ) ;
#2804 = EDGE_LOOP ( 'NONE', ( #5119, #2085, #1707, #1595 ) ) ;
#2805 =( NAMED_UNIT ( * ) SI_UNIT ( $, .STERADIAN. ) SOLID_ANGLE_UNIT ( ) );
#2806 = FILL_AREA_STYLE ('',( #3289 ) ) ;
#2807 = ORIENTED_EDGE ( 'NONE', *, *, #3376, .T. ) ;
#2808 = ORIENTED_EDGE ( 'NONE', *, *, #3955, .F. ) ;
#2809 = CARTESIAN_POINT ( 'NONE',  ( -2.290000000000000480, -2.649999999999991029, -2.289999999999999591 ) ) ;
#2810 = CARTESIAN_POINT ( 'NONE',  ( 0.2500000000000000000, 0.0000000000000000000, -2.289999999999999591 ) ) ;
#2811 =( LENGTH_UNIT ( ) NAMED_UNIT ( * ) SI_UNIT ( .MILLI., .METRE. ) );
#2812 = VERTEX_POINT ( 'NONE', #568 ) ;
#2813 = PLANE ( 'NONE',  #4858 ) ;
#2814 = EDGE_CURVE ( 'NONE', #3206, #1197, #1039, .T. ) ;
#2815 = ADVANCED_FACE ( 'NONE', ( #966 ), #1069, .T. ) ;
#2816 = DIRECTION ( 'NONE',  ( -0.9781476007338062439, 0.2079116908177565670, 1.060509753727076412E-16 ) ) ;
#2817 =( NAMED_UNIT ( * ) PLANE_ANGLE_UNIT ( ) SI_UNIT ( $, .RADIAN. ) );
#2818 =( NAMED_UNIT ( * ) SI_UNIT ( $, .STERADIAN. ) SOLID_ANGLE_UNIT ( ) );
#2819 = MECHANICAL_DESIGN_GEOMETRIC_PRESENTATION_REPRESENTATION (  '', ( #2265 ), #1605 ) ;
#2820 = ORIENTED_EDGE ( 'NONE', *, *, #2441, .F. ) ;
#2821 = EDGE_CURVE ( 'NONE', #4179, #2720, #2869, .T. ) ;
#2822 = FILL_AREA_STYLE ('',( #103 ) ) ;
#2823 = ORIENTED_EDGE ( 'NONE', *, *, #1496, .T. ) ;
#2824 = EDGE_CURVE ( 'NONE', #3144, #1343, #510, .T. ) ;
#2825 = DIRECTION ( 'NONE',  ( 1.084202172485504311E-16, 0.0000000000000000000, 1.000000000000000000 ) ) ;
#2826 = CARTESIAN_POINT ( 'NONE',  ( 1.269999999999998908, 4.500000000000000000, -8.890000000000000568 ) ) ;
#2827 = DIRECTION ( 'NONE',  ( 1.000000000000000000, 0.0000000000000000000, -1.084202172485504187E-16 ) ) ;
#2828 = DIRECTION ( 'NONE',  ( 0.2079116908177565393, -0.9781476007338061329, -2.254183068697460945E-17 ) ) ;
#2829 = ORIENTED_EDGE ( 'NONE', *, *, #1213, .F. ) ;
#2830 = LINE ( 'NONE', #4612, #373 ) ;
#2831 = PRESENTATION_LAYER_ASSIGNMENT (  '', '', ( #2943 ) ) ;
#2832 = LINE ( 'NONE', #4613, #3914 ) ;
#2833 =( NAMED_UNIT ( * ) SI_UNIT ( $, .STERADIAN. ) SOLID_ANGLE_UNIT ( ) );
#2834 = VERTEX_POINT ( 'NONE', #4109 ) ;
#2835 = STYLED_ITEM ( 'NONE', ( #3313 ), #5154 ) ;
#2836 = CARTESIAN_POINT ( 'NONE',  ( -2.890000000000000124, 0.2999999999999990452, 0.3500000000000001443 ) ) ;
#2837 = ORIENTED_EDGE ( 'NONE', *, *, #2076, .T. ) ;
#2838 = FILL_AREA_STYLE ('',( #1045 ) ) ;
#2839 = MECHANICAL_DESIGN_GEOMETRIC_PRESENTATION_REPRESENTATION (  '', ( #3692 ), #3048 ) ;
#2840 = DIRECTION ( 'NONE',  ( -1.000000000000000000, 0.0000000000000000000, 3.252606517456512316E-16 ) ) ;
#2841 = PLANE ( 'NONE',  #342 ) ;
#2842 = DIRECTION ( 'NONE',  ( -1.084202172485504187E-16, 0.0000000000000000000, -1.000000000000000000 ) ) ;
#2843 = MECHANICAL_DESIGN_GEOMETRIC_PRESENTATION_REPRESENTATION (  '', ( #319 ), #4992 ) ;
#2844 = AXIS2_PLACEMENT_3D ( 'NONE', #5526, #3362, #3833 ) ;
#2845 = UNCERTAINTY_MEASURE_WITH_UNIT (LENGTH_MEASURE( 1.000000000000000082E-05 ), #4088, 'distance_accuracy_value', 'NONE');
#2846 = CARTESIAN_POINT ( 'NONE',  ( -2.290000000000000480, 0.0000000000000000000, -2.289999999999999591 ) ) ;
#2847 = LINE ( 'NONE', #2381, #2319 ) ;
#2848 = CARTESIAN_POINT ( 'NONE',  ( -0.3500000000000002554, 4.099999999999996980, -2.189999999999999947 ) ) ;
#2849 = PLANE ( 'NONE',  #5758 ) ;
#2850 = DIRECTION ( 'NONE',  ( 1.000000000000000000, 0.0000000000000000000, -1.084202172485504311E-16 ) ) ;
#2851 = ADVANCED_FACE ( 'NONE', ( #1165 ), #696, .T. ) ;
#2852 = SURFACE_STYLE_FILL_AREA ( #3396 ) ;
#2853 = ORIENTED_EDGE ( 'NONE', *, *, #5625, .T. ) ;
#2854 = VECTOR ( 'NONE', #1394, 1000.000000000000000 ) ;
#2855 =( LENGTH_UNIT ( ) NAMED_UNIT ( * ) SI_UNIT ( .MILLI., .METRE. ) );
#2856 = VECTOR ( 'NONE', #1504, 1000.000000000000000 ) ;
#2857 = SURFACE_SIDE_STYLE ('',( #1032 ) ) ;
#2858 = DIRECTION ( 'NONE',  ( -1.548860246407863583E-16, 0.0000000000000000000, -1.000000000000000000 ) ) ;
#2859 = ORIENTED_EDGE ( 'NONE', *, *, #3371, .F. ) ;
#2860 = CARTESIAN_POINT ( 'NONE',  ( 0.2500000000000001110, -2.649999999999991029, 0.2500000000000000000 ) ) ;
#2861 = ADVANCED_FACE ( 'NONE', ( #4744 ), #4711, .F. ) ;
#2862 = CARTESIAN_POINT ( 'NONE',  ( -0.2500000000000004441, -3.149999999999999911, -4.830000000000000071 ) ) ;
#2863 = ORIENTED_EDGE ( 'NONE', *, *, #381, .T. ) ;
#2864 =( NAMED_UNIT ( * ) PLANE_ANGLE_UNIT ( ) SI_UNIT ( $, .RADIAN. ) );
#2865 = SURFACE_SIDE_STYLE ('',( #1540 ) ) ;
#2866 = LINE ( 'NONE', #4742, #3202 ) ;
#2867 = VECTOR ( 'NONE', #3665, 1000.000000000000114 ) ;
#2868 = VECTOR ( 'NONE', #1315, 1000.000000000000000 ) ;
#2869 = LINE ( 'NONE', #5057, #2888 ) ;
#2870 = VERTEX_POINT ( 'NONE', #3406 ) ;
#2871 = LINE ( 'NONE', #634, #3361 ) ;
#2872 = EDGE_CURVE ( 'NONE', #278, #1992, #5178, .T. ) ;
#2873 = PLANE ( 'NONE',  #4525 ) ;
#2874 = VERTEX_POINT ( 'NONE', #5235 ) ;
#2875 = DIRECTION ( 'NONE',  ( 0.0000000000000000000, 0.0000000000000000000, -1.000000000000000000 ) ) ;
#2876 = FILL_AREA_STYLE_COLOUR ( '', #2150 ) ;
#2877 = LINE ( 'NONE', #3355, #5284 ) ;
#2878 =( NAMED_UNIT ( * ) PLANE_ANGLE_UNIT ( ) SI_UNIT ( $, .RADIAN. ) );
#2879 =( NAMED_UNIT ( * ) PLANE_ANGLE_UNIT ( ) SI_UNIT ( $, .RADIAN. ) );
#2880 =( GEOMETRIC_REPRESENTATION_CONTEXT ( 3 ) GLOBAL_UNCERTAINTY_ASSIGNED_CONTEXT ( ( #4962 ) ) GLOBAL_UNIT_ASSIGNED_CONTEXT ( ( #2586, #814, #5262 ) ) REPRESENTATION_CONTEXT ( 'NONE', 'WORKASPACE' ) );
#2881 = EDGE_LOOP ( 'NONE', ( #651, #305, #2233, #598 ) ) ;
#2882 =( GEOMETRIC_REPRESENTATION_CONTEXT ( 3 ) GLOBAL_UNCERTAINTY_ASSIGNED_CONTEXT ( ( #1779 ) ) GLOBAL_UNIT_ASSIGNED_CONTEXT ( ( #1915, #2440, #2405 ) ) REPRESENTATION_CONTEXT ( 'NONE', 'WORKASPACE' ) );
#2883 = FACE_OUTER_BOUND ( 'NONE', #4700, .T. ) ;
#2884 = SURFACE_SIDE_STYLE ('',( #1052 ) ) ;
#2885 = SURFACE_STYLE_FILL_AREA ( #3708 ) ;
#2886 = MECHANICAL_DESIGN_GEOMETRIC_PRESENTATION_REPRESENTATION (  '', ( #3838 ), #5124 ) ;
#2887 = FACE_OUTER_BOUND ( 'NONE', #490, .T. ) ;
#2888 = VECTOR ( 'NONE', #4647, 1000.000000000000000 ) ;
#2889 = MECHANICAL_DESIGN_GEOMETRIC_PRESENTATION_REPRESENTATION (  '', ( #1674 ), #1094 ) ;
#2890 = ORIENTED_EDGE ( 'NONE', *, *, #1410, .T. ) ;
#2891 = VECTOR ( 'NONE', #830, 1000.000000000000000 ) ;
#2892 = EDGE_LOOP ( 'NONE', ( #3260, #1934, #215, #2264, #3531, #3482 ) ) ;
#2893 = VECTOR ( 'NONE', #1435, 1000.000000000000000 ) ;
#2894 = PLANE ( 'NONE',  #1005 ) ;
#2895 = VECTOR ( 'NONE', #4496, 1000.000000000000000 ) ;
#2896 = LINE ( 'NONE', #5620, #2157 ) ;
#2897 = EDGE_CURVE ( 'NONE', #2208, #4181, #2439, .T. ) ;
#2898 =( LENGTH_UNIT ( ) NAMED_UNIT ( * ) SI_UNIT ( .MILLI., .METRE. ) );
#2899 = VECTOR ( 'NONE', #3700, 1000.000000000000114 ) ;
#2900 = PLANE ( 'NONE',  #536 ) ;
#2901 = AXIS2_PLACEMENT_3D ( 'NONE', #4956, #1902, #2329 ) ;
#2902 = PRESENTATION_LAYER_ASSIGNMENT (  '', '', ( #3094 ) ) ;
#2903 = PLANE ( 'NONE',  #2767 ) ;
#2904 = VERTEX_POINT ( 'NONE', #3791 ) ;
#2905 = UNCERTAINTY_MEASURE_WITH_UNIT (LENGTH_MEASURE( 1.000000000000000082E-05 ), #4642, 'distance_accuracy_value', 'NONE');
#2906 = FACE_BOUND ( 'NONE', #1650, .T. ) ;
#2907 = CARTESIAN_POINT ( 'NONE',  ( -2.790000000000000924, -3.149999999999999911, -2.790000000000000036 ) ) ;
#2908 = EDGE_CURVE ( 'NONE', #1169, #271, #5541, .T. ) ;
#2909 = ORIENTED_EDGE ( 'NONE', *, *, #560, .T. ) ;
#2910 = LINE ( 'NONE', #1673, #4556 ) ;
#2911 = SURFACE_SIDE_STYLE ('',( #700 ) ) ;
#2912 = ORIENTED_EDGE ( 'NONE', *, *, #1640, .F. ) ;
#2913 = UNCERTAINTY_MEASURE_WITH_UNIT (LENGTH_MEASURE( 1.000000000000000082E-05 ), #3320, 'distance_accuracy_value', 'NONE');
#2914 = DIRECTION ( 'NONE',  ( 1.000000000000000000, -0.0000000000000000000, -8.537024980200825023E-17 ) ) ;
#2915 = EDGE_CURVE ( 'NONE', #914, #4337, #3348, .T. ) ;
#2916 = CARTESIAN_POINT ( 'NONE',  ( -2.890000000000000124, 4.099999999999998757, -0.3499999999999997002 ) ) ;
#2917 = SURFACE_STYLE_USAGE ( .BOTH. , #1645 ) ;
#2918 = FILL_AREA_STYLE ('',( #221 ) ) ;
#2919 = ORIENTED_EDGE ( 'NONE', *, *, #1381, .F. ) ;
#2920 = ORIENTED_EDGE ( 'NONE', *, *, #276, .T. ) ;
#2921 = CARTESIAN_POINT ( 'NONE',  ( 0.2499999999999994726, -2.649999999999991029, -7.370000000000000107 ) ) ;
#2922 = CARTESIAN_POINT ( 'NONE',  ( -2.290000000000000480, -2.649999999999991473, -4.830000000000000071 ) ) ;
#2923 = FILL_AREA_STYLE_COLOUR ( '', #427 ) ;
#2924 = ORIENTED_EDGE ( 'NONE', *, *, #557, .F. ) ;
#2925 = MECHANICAL_DESIGN_GEOMETRIC_PRESENTATION_REPRESENTATION (  '', ( #5417 ), #1594 ) ;
#2926 = DIRECTION ( 'NONE',  ( -1.548860246407863583E-16, 0.0000000000000000000, -1.000000000000000000 ) ) ;
#2927 = ORIENTED_EDGE ( 'NONE', *, *, #677, .F. ) ;
#2928 = DIRECTION ( 'NONE',  ( 0.0000000000000000000, -0.0000000000000000000, 1.000000000000000000 ) ) ;
#2929 = SURFACE_STYLE_USAGE ( .BOTH. , #5200 ) ;
#2930 = CARTESIAN_POINT ( 'NONE',  ( 1.269999999999998908, 4.500000000000000000, -8.890000000000000568 ) ) ;
#2931 = AXIS2_PLACEMENT_3D ( 'NONE', #3517, #3490, #5261 ) ;
#2932 = VERTEX_POINT ( 'NONE', #1717 ) ;
#2933 = VECTOR ( 'NONE', #5170, 1000.000000000000114 ) ;
#2934 = VERTEX_POINT ( 'NONE', #897 ) ;
#2935 = FACE_OUTER_BOUND ( 'NONE', #4112, .T. ) ;
#2936 = CARTESIAN_POINT ( 'NONE',  ( -0.3500000000000002554, 0.2999999999999990452, -2.189999999999999947 ) ) ;
#2937 = CARTESIAN_POINT ( 'NONE',  ( -3.290000000000005809, 4.500000000000000000, -2.889999999999999680 ) ) ;
#2938 = ADVANCED_FACE ( 'NONE', ( #3598 ), #338, .F. ) ;
#2939 = SURFACE_STYLE_USAGE ( .BOTH. , #2911 ) ;
#2940 = VERTEX_POINT ( 'NONE', #422 ) ;
#2941 = CARTESIAN_POINT ( 'NONE',  ( -2.890000000000000568, 0.2999999999999990452, -2.189999999999999503 ) ) ;
#2942 = SURFACE_STYLE_USAGE ( .BOTH. , #5522 ) ;
#2943 = STYLED_ITEM ( 'NONE', ( #4273 ), #4997 ) ;
#2944 = ADVANCED_FACE ( 'NONE', ( #2646 ), #3520, .T. ) ;
#2945 = SURFACE_SIDE_STYLE ('',( #5686 ) ) ;
#2946 = EDGE_LOOP ( 'NONE', ( #4715, #659, #3634, #3738, #3568, #38 ) ) ;
#2947 = AXIS2_PLACEMENT_3D ( 'NONE', #2677, #5059, #4588 ) ;
#2948 = FILL_AREA_STYLE_COLOUR ( '', #3495 ) ;
#2949 = CARTESIAN_POINT ( 'NONE',  ( -2.290000000000000480, -3.149999999999999911, -5.330000000000000959 ) ) ;
#2950 = CARTESIAN_POINT ( 'NONE',  ( -0.7500000000000032196, 4.500000000000000000, -5.830000000000002736 ) ) ;
#2951 = LINE ( 'NONE', #1999, #4767 ) ;
#2952 = ORIENTED_EDGE ( 'NONE', *, *, #4020, .F. ) ;
#2953 = AXIS2_PLACEMENT_3D ( 'NONE', #860, #2683, #1843 ) ;
#2954 =( GEOMETRIC_REPRESENTATION_CONTEXT ( 3 ) GLOBAL_UNCERTAINTY_ASSIGNED_CONTEXT ( ( #5505 ) ) GLOBAL_UNIT_ASSIGNED_CONTEXT ( ( #4100, #2879, #606 ) ) REPRESENTATION_CONTEXT ( 'NONE', 'WORKASPACE' ) );
#2955 =( NAMED_UNIT ( * ) PLANE_ANGLE_UNIT ( ) SI_UNIT ( $, .RADIAN. ) );
#2956 = FILL_AREA_STYLE ('',( #1625 ) ) ;
#2957 = AXIS2_PLACEMENT_3D ( 'NONE', #844, #5681, #2674 ) ;
#2958 = SURFACE_STYLE_FILL_AREA ( #1157 ) ;
#2959 = PRESENTATION_STYLE_ASSIGNMENT (( #5536 ) ) ;
#2960 = PRESENTATION_LAYER_ASSIGNMENT (  '', '', ( #111 ) ) ;
#2961 = ORIENTED_EDGE ( 'NONE', *, *, #2083, .F. ) ;
#2962 = PRESENTATION_LAYER_ASSIGNMENT (  '', '', ( #1166 ) ) ;
#2963 = SURFACE_STYLE_FILL_AREA ( #3820 ) ;
#2964 = EDGE_LOOP ( 'NONE', ( #4610, #2637, #9, #2660 ) ) ;
#2965 =( NAMED_UNIT ( * ) SI_UNIT ( $, .STERADIAN. ) SOLID_ANGLE_UNIT ( ) );
#2966 = CARTESIAN_POINT ( 'NONE',  ( 0.2499999999999996669, -3.149999999999999911, -4.830000000000000071 ) ) ;
#2967 = FACE_OUTER_BOUND ( 'NONE', #5503, .T. ) ;
#2968 =( LENGTH_UNIT ( ) NAMED_UNIT ( * ) SI_UNIT ( .MILLI., .METRE. ) );
#2969 = ORIENTED_EDGE ( 'NONE', *, *, #3199, .T. ) ;
#2970 = MECHANICAL_DESIGN_GEOMETRIC_PRESENTATION_REPRESENTATION (  '', ( #4739 ), #2598 ) ;
#2971 = UNCERTAINTY_MEASURE_WITH_UNIT (LENGTH_MEASURE( 1.000000000000000082E-05 ), #2360, 'distance_accuracy_value', 'NONE');
#2972 = LINE ( 'NONE', #1642, #2430 ) ;
#2973 = ADVANCED_FACE ( 'NONE', ( #4019 ), #5340, .T. ) ;
#2974 = CARTESIAN_POINT ( 'NONE',  ( -2.790000000000000036, -2.649999999999990141, 0.2500000000000002776 ) ) ;
#2975 = VECTOR ( 'NONE', #145, 1000.000000000000000 ) ;
#2976 = DIRECTION ( 'NONE',  ( 0.0000000000000000000, 1.000000000000000000, 0.0000000000000000000 ) ) ;
#2977 = DIRECTION ( 'NONE',  ( 1.000000000000000000, 0.0000000000000000000, -1.548860246407863583E-16 ) ) ;
#2978 = ORIENTED_EDGE ( 'NONE', *, *, #1847, .F. ) ;
#2979 = CARTESIAN_POINT ( 'NONE',  ( 0.2499999999999996669, -2.649999999999991029, -4.830000000000000071 ) ) ;
#2980 = EDGE_CURVE ( 'NONE', #530, #3890, #4935, .T. ) ;
#2981 = MECHANICAL_DESIGN_GEOMETRIC_PRESENTATION_REPRESENTATION (  '', ( #1084 ), #4010 ) ;
#2982 = PRESENTATION_STYLE_ASSIGNMENT (( #5162 ) ) ;
#2983 = FACE_OUTER_BOUND ( 'NONE', #3829, .T. ) ;
#2984 = PLANE ( 'NONE',  #3993 ) ;
#2985 = ADVANCED_FACE ( 'NONE', ( #3197 ), #4553, .T. ) ;
#2986 = SURFACE_STYLE_FILL_AREA ( #2632 ) ;
#2987 = CARTESIAN_POINT ( 'NONE',  ( -2.890000000000001013, 4.500000000000000000, -4.329999999999996518 ) ) ;
#2988 = DIRECTION ( 'NONE',  ( -1.084202172485504311E-16, 0.0000000000000000000, -1.000000000000000000 ) ) ;
#2989 = STYLED_ITEM ( 'NONE', ( #4045 ), #161 ) ;
#2990 = PRODUCT_DEFINITION_FORMATION_WITH_SPECIFIED_SOURCE ( 'ANY', '', #3749, .NOT_KNOWN. ) ;
#2991 = VERTEX_POINT ( 'NONE', #984 ) ;
#2992 =( NAMED_UNIT ( * ) PLANE_ANGLE_UNIT ( ) SI_UNIT ( $, .RADIAN. ) );
#2993 = ORIENTED_EDGE ( 'NONE', *, *, #4761, .T. ) ;
#2994 = CARTESIAN_POINT ( 'NONE',  ( -2.890000000000000568, 0.2999999999999990452, -2.189999999999999503 ) ) ;
#2995 = SURFACE_STYLE_FILL_AREA ( #3022 ) ;
#2996 = PRESENTATION_LAYER_ASSIGNMENT (  '', '', ( #2423 ) ) ;
#2997 =( LENGTH_UNIT ( ) NAMED_UNIT ( * ) SI_UNIT ( .MILLI., .METRE. ) );
#2998 = VECTOR ( 'NONE', #843, 1000.000000000000000 ) ;
#2999 = ORIENTED_EDGE ( 'NONE', *, *, #2636, .T. ) ;
#3000 = COLOUR_RGB ( '',1.000000000000000000, 1.000000000000000000, 0.5019607843137254832 ) ;
#3001 = CARTESIAN_POINT ( 'NONE',  ( -2.290000000000000480, 0.0000000000000000000, -7.870000000000000107 ) ) ;
#3002 = ORIENTED_EDGE ( 'NONE', *, *, #276, .F. ) ;
#3003 = SURFACE_STYLE_USAGE ( .BOTH. , #306 ) ;
#3004 = LINE ( 'NONE', #4424, #4303 ) ;
#3005 = DIRECTION ( 'NONE',  ( 0.0000000000000000000, 1.000000000000000000, 0.0000000000000000000 ) ) ;
#3006 = CARTESIAN_POINT ( 'NONE',  ( -2.190000000000000391, 0.2999999999999990452, -7.969999999999999751 ) ) ;
#3007 = MECHANICAL_DESIGN_GEOMETRIC_PRESENTATION_REPRESENTATION (  '', ( #735 ), #2331 ) ;
#3008 = AXIS2_PLACEMENT_3D ( 'NONE', #2026, #1615, #4626 ) ;
#3009 = FACE_OUTER_BOUND ( 'NONE', #117, .T. ) ;
#3010 =( GEOMETRIC_REPRESENTATION_CONTEXT ( 3 ) GLOBAL_UNCERTAINTY_ASSIGNED_CONTEXT ( ( #4223 ) ) GLOBAL_UNIT_ASSIGNED_CONTEXT ( ( #547, #155, #2408 ) ) REPRESENTATION_CONTEXT ( 'NONE', 'WORKASPACE' ) );
#3011 = FACE_OUTER_BOUND ( 'NONE', #104, .T. ) ;
#3012 = SURFACE_SIDE_STYLE ('',( #5241 ) ) ;
#3013 = ORIENTED_EDGE ( 'NONE', *, *, #4638, .T. ) ;
#3014 = PLANE ( 'NONE',  #638 ) ;
#3015 = PRESENTATION_STYLE_ASSIGNMENT (( #4760 ) ) ;
#3016 = PRESENTATION_STYLE_ASSIGNMENT (( #3453 ) ) ;
#3017 =( LENGTH_UNIT ( ) NAMED_UNIT ( * ) SI_UNIT ( .MILLI., .METRE. ) );
#3018 = DIRECTION ( 'NONE',  ( 0.5773502691896262862, 0.5773502691896242878, 0.5773502691896267303 ) ) ;
#3019 = ORIENTED_EDGE ( 'NONE', *, *, #4924, .T. ) ;
#3020 = EDGE_CURVE ( 'NONE', #3628, #3382, #3220, .T. ) ;
#3021 = ORIENTED_EDGE ( 'NONE', *, *, #4130, .T. ) ;
#3022 = FILL_AREA_STYLE ('',( #2524 ) ) ;
#3023 = CARTESIAN_POINT ( 'NONE',  ( -3.809999999999999609, 4.500000000000000000, 1.270000000000000684 ) ) ;
#3024 = DIRECTION ( 'NONE',  ( -0.0000000000000000000, 0.0000000000000000000, 1.000000000000000000 ) ) ;
#3025 = AXIS2_PLACEMENT_3D ( 'NONE', #5012, #2443, #3675 ) ;
#3026 = EDGE_CURVE ( 'NONE', #4959, #2782, #5499, .T. ) ;
#3027 = ORIENTED_EDGE ( 'NONE', *, *, #4937, .T. ) ;
#3028 = ADVANCED_FACE ( 'NONE', ( #1466 ), #3283, .F. ) ;
#3029 = EDGE_LOOP ( 'NONE', ( #450, #618, #5410, #329 ) ) ;
#3030 = UNCERTAINTY_MEASURE_WITH_UNIT (LENGTH_MEASURE( 1.000000000000000082E-05 ), #214, 'distance_accuracy_value', 'NONE');
#3031 = COLOUR_RGB ( '',0.1254901960784313708, 0.1254901960784313708, 0.1254901960784313708 ) ;
#3032 = FILL_AREA_STYLE ('',( #5679 ) ) ;
#3033 = CARTESIAN_POINT ( 'NONE',  ( -2.189999999999999947, 4.099999999999998757, -0.3499999999999998113 ) ) ;
#3034 = SURFACE_STYLE_USAGE ( .BOTH. , #3378 ) ;
#3035 = DIRECTION ( 'NONE',  ( 0.0000000000000000000, 1.000000000000000000, 0.0000000000000000000 ) ) ;
#3036 = UNCERTAINTY_MEASURE_WITH_UNIT (LENGTH_MEASURE( 1.000000000000000082E-05 ), #364, 'distance_accuracy_value', 'NONE');
#3037 = DIRECTION ( 'NONE',  ( -8.537024980200818860E-17, 0.0000000000000000000, -1.000000000000000000 ) ) ;
#3038 = PRESENTATION_STYLE_ASSIGNMENT (( #345 ) ) ;
#3039 = ORIENTED_EDGE ( 'NONE', *, *, #2473, .F. ) ;
#3040 =( NAMED_UNIT ( * ) SI_UNIT ( $, .STERADIAN. ) SOLID_ANGLE_UNIT ( ) );
#3041 = ORIENTED_EDGE ( 'NONE', *, *, #1417, .F. ) ;
#3042 = UNCERTAINTY_MEASURE_WITH_UNIT (LENGTH_MEASURE( 1.000000000000000082E-05 ), #3403, 'distance_accuracy_value', 'NONE');
#3043 =( LENGTH_UNIT ( ) NAMED_UNIT ( * ) SI_UNIT ( .MILLI., .METRE. ) );
#3044 =( LENGTH_UNIT ( ) NAMED_UNIT ( * ) SI_UNIT ( .MILLI., .METRE. ) );
#3045 = ORIENTED_EDGE ( 'NONE', *, *, #5223, .F. ) ;
#3046 = CARTESIAN_POINT ( 'NONE',  ( -0.7500000000000019984, 4.500000000000000000, -0.3499999999999999223 ) ) ;
#3047 = DIRECTION ( 'NONE',  ( 0.0000000000000000000, 0.0000000000000000000, -1.000000000000000000 ) ) ;
#3048 =( GEOMETRIC_REPRESENTATION_CONTEXT ( 3 ) GLOBAL_UNCERTAINTY_ASSIGNED_CONTEXT ( ( #2379 ) ) GLOBAL_UNIT_ASSIGNED_CONTEXT ( ( #4953, #2737, #4066 ) ) REPRESENTATION_CONTEXT ( 'NONE', 'WORKASPACE' ) );
#3049 = SURFACE_STYLE_FILL_AREA ( #1354 ) ;
#3050 = EDGE_CURVE ( 'NONE', #3263, #3547, #715, .T. ) ;
#3051 = VERTEX_POINT ( 'NONE', #4637 ) ;
#3052 =( NAMED_UNIT ( * ) PLANE_ANGLE_UNIT ( ) SI_UNIT ( $, .RADIAN. ) );
#3053 = ORIENTED_EDGE ( 'NONE', *, *, #5106, .T. ) ;
#3054 = DIRECTION ( 'NONE',  ( -1.000000000000000000, 0.0000000000000000000, 8.537024980200817627E-17 ) ) ;
#3055 = SURFACE_SIDE_STYLE ('',( #4399 ) ) ;
#3056 =( GEOMETRIC_REPRESENTATION_CONTEXT ( 3 ) GLOBAL_UNCERTAINTY_ASSIGNED_CONTEXT ( ( #4202 ) ) GLOBAL_UNIT_ASSIGNED_CONTEXT ( ( #130, #2817, #3471 ) ) REPRESENTATION_CONTEXT ( 'NONE', 'WORKASPACE' ) );
#3057 = VECTOR ( 'NONE', #2703, 1000.000000000000000 ) ;
#3058 = DIRECTION ( 'NONE',  ( -0.0000000000000000000, 1.000000000000000000, -0.0000000000000000000 ) ) ;
#3059 =( GEOMETRIC_REPRESENTATION_CONTEXT ( 3 ) GLOBAL_UNCERTAINTY_ASSIGNED_CONTEXT ( ( #901 ) ) GLOBAL_UNIT_ASSIGNED_CONTEXT ( ( #435, #94, #488 ) ) REPRESENTATION_CONTEXT ( 'NONE', 'WORKASPACE' ) );
#3060 = FILL_AREA_STYLE ('',( #2648 ) ) ;
#3061 = LINE ( 'NONE', #4333, #262 ) ;
#3062 = CARTESIAN_POINT ( 'NONE',  ( -2.790000000000000924, -3.149999999999999911, -4.830000000000000071 ) ) ;
#3063 = ADVANCED_FACE ( 'NONE', ( #3903 ), #5566, .T. ) ;
#3064 =( NAMED_UNIT ( * ) PLANE_ANGLE_UNIT ( ) SI_UNIT ( $, .RADIAN. ) );
#3065 = DIRECTION ( 'NONE',  ( 0.0000000000000000000, -1.000000000000000000, 0.0000000000000000000 ) ) ;
#3066 = ORIENTED_EDGE ( 'NONE', *, *, #1287, .T. ) ;
#3067 = CARTESIAN_POINT ( 'NONE',  ( -2.683721719164989583, -3.149999999999999911, -7.870000000000000107 ) ) ;
#3068 = PRESENTATION_STYLE_ASSIGNMENT (( #4762 ) ) ;
#3069 = CARTESIAN_POINT ( 'NONE',  ( -0.2500000000000006106, -3.149999999999999911, -5.330000000000000959 ) ) ;
#3070 = SURFACE_STYLE_USAGE ( .BOTH. , #1215 ) ;
#3071 = CARTESIAN_POINT ( 'NONE',  ( -2.290000000000000036, -3.149999999999999911, 0.2500000000000002220 ) ) ;
#3072 = ORIENTED_EDGE ( 'NONE', *, *, #1814, .T. ) ;
#3073 =( NAMED_UNIT ( * ) PLANE_ANGLE_UNIT ( ) SI_UNIT ( $, .RADIAN. ) );
#3074 =( NAMED_UNIT ( * ) SI_UNIT ( $, .STERADIAN. ) SOLID_ANGLE_UNIT ( ) );
#3075 = FILL_AREA_STYLE ('',( #1240 ) ) ;
#3076 =( NAMED_UNIT ( * ) PLANE_ANGLE_UNIT ( ) SI_UNIT ( $, .RADIAN. ) );
#3077 = ORIENTED_EDGE ( 'NONE', *, *, #3551, .T. ) ;
#3078 =( NAMED_UNIT ( * ) PLANE_ANGLE_UNIT ( ) SI_UNIT ( $, .RADIAN. ) );
#3079 = VERTEX_POINT ( 'NONE', #1974 ) ;
#3080 = EDGE_CURVE ( 'NONE', #2544, #4860, #4346, .T. ) ;
#3081 = COLOUR_RGB ( '',1.000000000000000000, 1.000000000000000000, 0.5019607843137254832 ) ;
#3082 = CARTESIAN_POINT ( 'NONE',  ( 0.3499999999999998113, 4.099999999999996980, -2.189999999999999947 ) ) ;
#3083 = SURFACE_STYLE_FILL_AREA ( #4400 ) ;
#3084 = EDGE_CURVE ( 'NONE', #5428, #946, #752, .T. ) ;
#3085 = COLOUR_RGB ( '',0.2509803921568627416, 0.2509803921568627416, 0.2509803921568627416 ) ;
#3086 = AXIS2_PLACEMENT_3D ( 'NONE', #3919, #3891, #3579 ) ;
#3087 =( NAMED_UNIT ( * ) PLANE_ANGLE_UNIT ( ) SI_UNIT ( $, .RADIAN. ) );
#3088 = FILL_AREA_STYLE_COLOUR ( '', #1268 ) ;
#3089 =( LENGTH_UNIT ( ) NAMED_UNIT ( * ) SI_UNIT ( .MILLI., .METRE. ) );
#3090 = ADVANCED_FACE ( 'NONE', ( #3785 ), #3341, .T. ) ;
#3091 = PRESENTATION_LAYER_ASSIGNMENT (  '', '', ( #2056 ) ) ;
#3092 = ORIENTED_EDGE ( 'NONE', *, *, #4765, .F. ) ;
#3093 = COLOUR_RGB ( '',1.000000000000000000, 1.000000000000000000, 0.5019607843137254832 ) ;
#3094 = STYLED_ITEM ( 'NONE', ( #5599 ), #4685 ) ;
#3095 = PLANE ( 'NONE',  #1805 ) ;
#3096 = ORIENTED_EDGE ( 'NONE', *, *, #3948, .F. ) ;
#3097 = UNCERTAINTY_MEASURE_WITH_UNIT (LENGTH_MEASURE( 1.000000000000000082E-05 ), #3214, 'distance_accuracy_value', 'NONE');
#3098 = SURFACE_STYLE_USAGE ( .BOTH. , #406 ) ;
#3099 = CARTESIAN_POINT ( 'NONE',  ( -2.189999999999999947, 0.2999999999999990452, 0.3500000000000001443 ) ) ;
#3100 = PRESENTATION_LAYER_ASSIGNMENT (  '', '', ( #1481 ) ) ;
#3101 = CARTESIAN_POINT ( 'NONE',  ( -0.2500000000000002220, -2.649999999999991029, -2.290000000000000036 ) ) ;
#3102 = FILL_AREA_STYLE ('',( #1379 ) ) ;
#3103 = VERTEX_POINT ( 'NONE', #3872 ) ;
#3104 = SURFACE_STYLE_USAGE ( .BOTH. , #4390 ) ;
#3105 = LINE ( 'NONE', #210, #2017 ) ;
#3106 = CARTESIAN_POINT ( 'NONE',  ( -2.890000000000001013, 4.500000000000000000, -6.869999999999995666 ) ) ;
#3107 = VERTEX_POINT ( 'NONE', #5172 ) ;
#3108 = FILL_AREA_STYLE ('',( #1771 ) ) ;
#3109 = ORIENTED_EDGE ( 'NONE', *, *, #413, .F. ) ;
#3110 = CARTESIAN_POINT ( 'NONE',  ( -2.790000000000000924, -3.149999999999999911, -7.870000000000000107 ) ) ;
#3111 = LINE ( 'NONE', #4889, #77 ) ;
#3112 = PRESENTATION_LAYER_ASSIGNMENT (  '', '', ( #2070 ) ) ;
#3113 = SURFACE_SIDE_STYLE ('',( #4555 ) ) ;
#3114 = LINE ( 'NONE', #1337, #582 ) ;
#3115 = CARTESIAN_POINT ( 'NONE',  ( -0.2500000000000000000, -2.649999999999991029, 0.2500000000000000555 ) ) ;
#3116 = FACE_OUTER_BOUND ( 'NONE', #835, .T. ) ;
#3117 = VECTOR ( 'NONE', #5454, 1000.000000000000000 ) ;
#3118 = DIRECTION ( 'NONE',  ( 3.252606517456512316E-16, 0.0000000000000000000, 1.000000000000000000 ) ) ;
#3119 = EDGE_CURVE ( 'NONE', #5547, #581, #4737, .T. ) ;
#3120 = ORIENTED_EDGE ( 'NONE', *, *, #4312, .T. ) ;
#3121 = FACE_OUTER_BOUND ( 'NONE', #3369, .T. ) ;
#3122 = DIRECTION ( 'NONE',  ( 1.000000000000000000, 0.0000000000000000000, -1.548860246407863583E-16 ) ) ;
#3123 = LINE ( 'NONE', #5717, #2386 ) ;
#3124 = FILL_AREA_STYLE ('',( #1267 ) ) ;
#3125 = EDGE_CURVE ( 'NONE', #1620, #2001, #5201, .T. ) ;
#3126 = ORIENTED_EDGE ( 'NONE', *, *, #5321, .F. ) ;
#3127 = FACE_BOUND ( 'NONE', #574, .T. ) ;
#3128 = LINE ( 'NONE', #4908, #5293 ) ;
#3129 = PLANE ( 'NONE',  #5400 ) ;
#3130 = EDGE_CURVE ( 'NONE', #928, #3307, #1306, .T. ) ;
#3131 = ORIENTED_EDGE ( 'NONE', *, *, #2872, .F. ) ;
#3132 = SURFACE_STYLE_FILL_AREA ( #3108 ) ;
#3133 = ORIENTED_EDGE ( 'NONE', *, *, #5078, .T. ) ;
#3134 =( NAMED_UNIT ( * ) PLANE_ANGLE_UNIT ( ) SI_UNIT ( $, .RADIAN. ) );
#3135 = CARTESIAN_POINT ( 'NONE',  ( 0.3499999999999993117, 4.099999999999998757, -7.969999999999999751 ) ) ;
#3136 = PLANE ( 'NONE',  #2957 ) ;
#3137 = EDGE_LOOP ( 'NONE', ( #3918, #5449, #3889, #409 ) ) ;
#3138 =( NAMED_UNIT ( * ) SI_UNIT ( $, .STERADIAN. ) SOLID_ANGLE_UNIT ( ) );
#3139 =( NAMED_UNIT ( * ) SI_UNIT ( $, .STERADIAN. ) SOLID_ANGLE_UNIT ( ) );
#3140 =( LENGTH_UNIT ( ) NAMED_UNIT ( * ) SI_UNIT ( .MILLI., .METRE. ) );
#3141 = PRESENTATION_LAYER_ASSIGNMENT (  '', '', ( #5280 ) ) ;
#3142 = SURFACE_STYLE_FILL_AREA ( #457 ) ;
#3143 = FILL_AREA_STYLE_COLOUR ( '', #3928 ) ;
#3144 = VERTEX_POINT ( 'NONE', #1277 ) ;
#3145 = VECTOR ( 'NONE', #4712, 1000.000000000000000 ) ;
#3146 = UNCERTAINTY_MEASURE_WITH_UNIT (LENGTH_MEASURE( 1.000000000000000082E-05 ), #2135, 'distance_accuracy_value', 'NONE');
#3147 = AXIS2_PLACEMENT_3D ( 'NONE', #4839, #2119, #3473 ) ;
#3148 =( NAMED_UNIT ( * ) SI_UNIT ( $, .STERADIAN. ) SOLID_ANGLE_UNIT ( ) );
#3149 = ADVANCED_FACE ( 'NONE', ( #4800 ), #333, .F. ) ;
#3150 = LINE ( 'NONE', #881, #1300 ) ;
#3151 = LINE ( 'NONE', #1448, #1897 ) ;
#3152 =( NAMED_UNIT ( * ) PLANE_ANGLE_UNIT ( ) SI_UNIT ( $, .RADIAN. ) );
#3153 =( NAMED_UNIT ( * ) PLANE_ANGLE_UNIT ( ) SI_UNIT ( $, .RADIAN. ) );
#3154 = ADVANCED_FACE ( 'NONE', ( #2639 ), #3129, .F. ) ;
#3155 =( GEOMETRIC_REPRESENTATION_CONTEXT ( 3 ) GLOBAL_UNCERTAINTY_ASSIGNED_CONTEXT ( ( #1954 ) ) GLOBAL_UNIT_ASSIGNED_CONTEXT ( ( #5267, #4943, #3139 ) ) REPRESENTATION_CONTEXT ( 'NONE', 'WORKASPACE' ) );
#3156 = ADVANCED_FACE ( 'NONE', ( #1384 ), #1822, .T. ) ;
#3157 = FILL_AREA_STYLE ('',( #99 ) ) ;
#3158 = LINE ( 'NONE', #920, #3647 ) ;
#3159 = VERTEX_POINT ( 'NONE', #5355 ) ;
#3160 = ORIENTED_EDGE ( 'NONE', *, *, #4058, .F. ) ;
#3161 = STYLED_ITEM ( 'NONE', ( #5104 ), #3769 ) ;
#3162 = LINE ( 'NONE', #3595, #1418 ) ;
#3163 = ORIENTED_EDGE ( 'NONE', *, *, #2687, .F. ) ;
#3164 = EDGE_CURVE ( 'NONE', #3720, #2870, #2292, .T. ) ;
#3165 = SURFACE_STYLE_USAGE ( .BOTH. , #1360 ) ;
#3166 = AXIS2_PLACEMENT_3D ( 'NONE', #1714, #5701, #4827 ) ;
#3167 = COLOUR_RGB ( '',0.5019607843137254832, 0.5019607843137254832, 0.5019607843137254832 ) ;
#3168 =( NAMED_UNIT ( * ) PLANE_ANGLE_UNIT ( ) SI_UNIT ( $, .RADIAN. ) );
#3169 = STYLED_ITEM ( 'NONE', ( #3909 ), #54 ) ;
#3170 =( LENGTH_UNIT ( ) NAMED_UNIT ( * ) SI_UNIT ( .MILLI., .METRE. ) );
#3171 = ORIENTED_EDGE ( 'NONE', *, *, #4904, .F. ) ;
#3172 =( NAMED_UNIT ( * ) PLANE_ANGLE_UNIT ( ) SI_UNIT ( $, .RADIAN. ) );
#3173 =( NAMED_UNIT ( * ) PLANE_ANGLE_UNIT ( ) SI_UNIT ( $, .RADIAN. ) );
#3174 = COLOUR_RGB ( '',0.5019607843137254832, 0.5019607843137254832, 0.5019607843137254832 ) ;
#3175 = DIRECTION ( 'NONE',  ( -1.548860246407863583E-16, 0.0000000000000000000, -1.000000000000000000 ) ) ;
#3176 = LINE ( 'NONE', #3500, #3589 ) ;
#3177 = ORIENTED_EDGE ( 'NONE', *, *, #3728, .F. ) ;
#3178 = VECTOR ( 'NONE', #1806, 1000.000000000000000 ) ;
#3179 = CARTESIAN_POINT ( 'NONE',  ( -2.890000000000000124, 0.2999999999999990452, -0.3499999999999997002 ) ) ;
#3180 =( LENGTH_UNIT ( ) NAMED_UNIT ( * ) SI_UNIT ( .MILLI., .METRE. ) );
#3181 = FACE_OUTER_BOUND ( 'NONE', #890, .T. ) ;
#3182 =( NAMED_UNIT ( * ) PLANE_ANGLE_UNIT ( ) SI_UNIT ( $, .RADIAN. ) );
#3183 = VECTOR ( 'NONE', #2269, 1000.000000000000000 ) ;
#3184 = PRESENTATION_LAYER_ASSIGNMENT (  '', '', ( #1209 ) ) ;
#3185 = ORIENTED_EDGE ( 'NONE', *, *, #4929, .T. ) ;
#3186 = LINE ( 'NONE', #439, #5058 ) ;
#3187 = SURFACE_STYLE_FILL_AREA ( #3157 ) ;
#3188 = SURFACE_STYLE_USAGE ( .BOTH. , #3624 ) ;
#3189 = CARTESIAN_POINT ( 'NONE',  ( -1.789999999999996261, 4.500000000000000000, -3.290000000000004921 ) ) ;
#3190 = ORIENTED_EDGE ( 'NONE', *, *, #3657, .F. ) ;
#3191 = EDGE_CURVE ( 'NONE', #3222, #2640, #1353, .T. ) ;
#3192 = ORIENTED_EDGE ( 'NONE', *, *, #2034, .F. ) ;
#3193 = SURFACE_SIDE_STYLE ('',( #4662 ) ) ;
#3194 = FACE_OUTER_BOUND ( 'NONE', #4756, .T. ) ;
#3195 = EDGE_LOOP ( 'NONE', ( #2122, #2220, #222, #3066 ) ) ;
#3196 = UNCERTAINTY_MEASURE_WITH_UNIT (LENGTH_MEASURE( 1.000000000000000082E-05 ), #708, 'distance_accuracy_value', 'NONE');
#3197 = FACE_OUTER_BOUND ( 'NONE', #4043, .T. ) ;
#3198 = EDGE_CURVE ( 'NONE', #390, #2064, #3158, .T. ) ;
#3199 = EDGE_CURVE ( 'NONE', #1150, #4419, #4497, .T. ) ;
#3200 = LINE ( 'NONE', #1392, #989 ) ;
#3201 = ORIENTED_EDGE ( 'NONE', *, *, #1348, .F. ) ;
#3202 = VECTOR ( 'NONE', #3822, 1000.000000000000000 ) ;
#3203 = UNCERTAINTY_MEASURE_WITH_UNIT (LENGTH_MEASURE( 1.000000000000000082E-05 ), #5319, 'distance_accuracy_value', 'NONE');
#3204 =( NAMED_UNIT ( * ) SI_UNIT ( $, .STERADIAN. ) SOLID_ANGLE_UNIT ( ) );
#3205 = COLOUR_RGB ( '',1.000000000000000000, 1.000000000000000000, 0.5019607843137254832 ) ;
#3206 = VERTEX_POINT ( 'NONE', #952 ) ;
#3207 =( NAMED_UNIT ( * ) PLANE_ANGLE_UNIT ( ) SI_UNIT ( $, .RADIAN. ) );
#3208 = SURFACE_SIDE_STYLE ('',( #1791 ) ) ;
#3209 = PRESENTATION_STYLE_ASSIGNMENT (( #1815 ) ) ;
#3210 = ORIENTED_EDGE ( 'NONE', *, *, #1606, .F. ) ;
#3211 = COLOUR_RGB ( '',1.000000000000000000, 1.000000000000000000, 0.5019607843137254832 ) ;
#3212 = LINE ( 'NONE', #4248, #3970 ) ;
#3213 = DIRECTION ( 'NONE',  ( 0.0000000000000000000, 0.0000000000000000000, 1.000000000000000000 ) ) ;
#3214 =( LENGTH_UNIT ( ) NAMED_UNIT ( * ) SI_UNIT ( .MILLI., .METRE. ) );
#3215 = DIRECTION ( 'NONE',  ( 0.0000000000000000000, 1.000000000000000000, 0.0000000000000000000 ) ) ;
#3216 = UNCERTAINTY_MEASURE_WITH_UNIT (LENGTH_MEASURE( 1.000000000000000082E-05 ), #2507, 'distance_accuracy_value', 'NONE');
#3217 = CARTESIAN_POINT ( 'NONE',  ( -2.683721719164989583, -3.149999999999999911, -5.330000000000000959 ) ) ;
#3218 = ORIENTED_EDGE ( 'NONE', *, *, #3130, .T. ) ;
#3219 = EDGE_CURVE ( 'NONE', #2991, #403, #2739, .T. ) ;
#3220 = LINE ( 'NONE', #4604, #2145 ) ;
#3221 = AXIS2_PLACEMENT_3D ( 'NONE', #766, #4361, #5612 ) ;
#3222 = VERTEX_POINT ( 'NONE', #3654 ) ;
#3223 = CARTESIAN_POINT ( 'NONE',  ( 0.7500000000000018874, 4.500000000000000000, -5.830000000000002736 ) ) ;
#3224 = EDGE_CURVE ( 'NONE', #3454, #946, #5413, .T. ) ;
#3225 = FACE_OUTER_BOUND ( 'NONE', #4641, .T. ) ;
#3226 = PRESENTATION_LAYER_ASSIGNMENT (  '', '', ( #1893 ) ) ;
#3227 = DIRECTION ( 'NONE',  ( 0.0000000000000000000, 1.000000000000000000, 0.0000000000000000000 ) ) ;
#3228 = CARTESIAN_POINT ( 'NONE',  ( 0.2499999999999998890, -3.149999999999999911, -2.290000000000000480 ) ) ;
#3229 = CARTESIAN_POINT ( 'NONE',  ( 0.3499999999999998668, 4.500000000000000000, -0.7500000000000021094 ) ) ;
#3230 = DIRECTION ( 'NONE',  ( -1.000000000000000000, 0.0000000000000000000, 1.548860246407863583E-16 ) ) ;
#3231 = VECTOR ( 'NONE', #1911, 1000.000000000000000 ) ;
#3232 = DIRECTION ( 'NONE',  ( 3.252606517456512316E-16, -0.0000000000000000000, 1.000000000000000000 ) ) ;
#3233 = ORIENTED_EDGE ( 'NONE', *, *, #3333, .T. ) ;
#3234 = ADVANCED_FACE ( 'NONE', ( #5529 ), #2849, .T. ) ;
#3235 = DIRECTION ( 'NONE',  ( 1.000000000000000000, 0.0000000000000000000, 0.0000000000000000000 ) ) ;
#3236 =( GEOMETRIC_REPRESENTATION_CONTEXT ( 3 ) GLOBAL_UNCERTAINTY_ASSIGNED_CONTEXT ( ( #2505 ) ) GLOBAL_UNIT_ASSIGNED_CONTEXT ( ( #3017, #2159, #4848 ) ) REPRESENTATION_CONTEXT ( 'NONE', 'WORKASPACE' ) );
#3237 = CARTESIAN_POINT ( 'NONE',  ( 0.1267022036416998731, -3.230070525179599361, -4.830000000000000071 ) ) ;
#3238 = DIRECTION ( 'NONE',  ( 0.0000000000000000000, 1.000000000000000000, 0.0000000000000000000 ) ) ;
#3239 = SURFACE_SIDE_STYLE ('',( #1792 ) ) ;
#3240 = VERTEX_POINT ( 'NONE', #2481 ) ;
#3241 = STYLED_ITEM ( 'NONE', ( #3038 ), #2279 ) ;
#3242 =( GEOMETRIC_REPRESENTATION_CONTEXT ( 3 ) GLOBAL_UNCERTAINTY_ASSIGNED_CONTEXT ( ( #5183 ) ) GLOBAL_UNIT_ASSIGNED_CONTEXT ( ( #3499, #3064, #4406 ) ) REPRESENTATION_CONTEXT ( 'NONE', 'WORKASPACE' ) );
#3243 = FACE_BOUND ( 'NONE', #744, .T. ) ;
#3244 = SURFACE_STYLE_USAGE ( .BOTH. , #578 ) ;
#3245 = AXIS2_PLACEMENT_3D ( 'NONE', #5336, #3592, #3486 ) ;
#3246 = EDGE_LOOP ( 'NONE', ( #3171, #2999, #1217, #5776 ) ) ;
#3247 =( LENGTH_UNIT ( ) NAMED_UNIT ( * ) SI_UNIT ( .MILLI., .METRE. ) );
#3248 =( GEOMETRIC_REPRESENTATION_CONTEXT ( 3 ) GLOBAL_UNCERTAINTY_ASSIGNED_CONTEXT ( ( #2251 ) ) GLOBAL_UNIT_ASSIGNED_CONTEXT ( ( #979, #133, #4957 ) ) REPRESENTATION_CONTEXT ( 'NONE', 'WORKASPACE' ) );
#3249 = EDGE_LOOP ( 'NONE', ( #4975, #5251, #5613, #4332 ) ) ;
#3250 = PRESENTATION_STYLE_ASSIGNMENT (( #961 ) ) ;
#3251 = LINE ( 'NONE', #1939, #2856 ) ;
#3252 = LINE ( 'NONE', #4607, #2531 ) ;
#3253 = LINE ( 'NONE', #5051, #3616 ) ;
#3254 = AXIS2_PLACEMENT_3D ( 'NONE', #5391, #500, #2295 ) ;
#3255 = LINE ( 'NONE', #5028, #4863 ) ;
#3256 = EDGE_LOOP ( 'NONE', ( #4228, #5644, #1271, #5531 ) ) ;
#3257 = PRESENTATION_LAYER_ASSIGNMENT (  '', '', ( #5742 ) ) ;
#3258 = DIRECTION ( 'NONE',  ( -3.252606517456512316E-16, 0.0000000000000000000, -1.000000000000000000 ) ) ;
#3259 = FILL_AREA_STYLE_COLOUR ( '', #1735 ) ;
#3260 = ORIENTED_EDGE ( 'NONE', *, *, #3344, .F. ) ;
#3261 = SURFACE_SIDE_STYLE ('',( #5345 ) ) ;
#3262 =( NAMED_UNIT ( * ) SI_UNIT ( $, .STERADIAN. ) SOLID_ANGLE_UNIT ( ) );
#3263 = VERTEX_POINT ( 'NONE', #4668 ) ;
#3264 = COLOUR_RGB ( '',0.5019607843137254832, 0.5019607843137254832, 0.5019607843137254832 ) ;
#3265 = DIRECTION ( 'NONE',  ( 0.0000000000000000000, 0.7071067811865490160, -0.7071067811865460184 ) ) ;
#3266 = CARTESIAN_POINT ( 'NONE',  ( -2.790000000000000480, -3.149999999999999911, -0.2499999999999998335 ) ) ;
#3267 = DIRECTION ( 'NONE',  ( 0.0000000000000000000, 0.0000000000000000000, 1.000000000000000000 ) ) ;
#3268 = EDGE_CURVE ( 'NONE', #3222, #3107, #2421, .T. ) ;
#3269 = EDGE_LOOP ( 'NONE', ( #4773, #4234, #4289, #1119 ) ) ;
#3270 = MECHANICAL_DESIGN_GEOMETRIC_PRESENTATION_REPRESENTATION (  '', ( #5754 ), #633 ) ;
#3271 = COLOUR_RGB ( '',0.5019607843137254832, 0.5019607843137254832, 0.5019607843137254832 ) ;
#3272 = UNCERTAINTY_MEASURE_WITH_UNIT (LENGTH_MEASURE( 1.000000000000000082E-05 ), #4261, 'distance_accuracy_value', 'NONE');
#3273 = CARTESIAN_POINT ( 'NONE',  ( -2.890000000000000124, 4.099999999999998757, 0.3500000000000001443 ) ) ;
#3274 = SURFACE_STYLE_USAGE ( .BOTH. , #3834 ) ;
#3275 =( NAMED_UNIT ( * ) PLANE_ANGLE_UNIT ( ) SI_UNIT ( $, .RADIAN. ) );
#3276 = AXIS2_PLACEMENT_3D ( 'NONE', #4124, #495, #2240 ) ;
#3277 =( NAMED_UNIT ( * ) PLANE_ANGLE_UNIT ( ) SI_UNIT ( $, .RADIAN. ) );
#3278 = VECTOR ( 'NONE', #640, 1000.000000000000114 ) ;
#3279 = COLOUR_RGB ( '',0.2509803921568627416, 0.2509803921568627416, 0.2509803921568627416 ) ;
#3280 = ORIENTED_EDGE ( 'NONE', *, *, #2915, .F. ) ;
#3281 = CARTESIAN_POINT ( 'NONE',  ( 0.2499999999999998890, -2.649999999999991029, -2.290000000000000480 ) ) ;
#3282 = FILL_AREA_STYLE_COLOUR ( '', #857 ) ;
#3283 = PLANE ( 'NONE',  #4857 ) ;
#3284 = PRESENTATION_STYLE_ASSIGNMENT (( #5500 ) ) ;
#3285 = SURFACE_SIDE_STYLE ('',( #3753 ) ) ;
#3286 =( NAMED_UNIT ( * ) PLANE_ANGLE_UNIT ( ) SI_UNIT ( $, .RADIAN. ) );
#3287 = ORIENTED_EDGE ( 'NONE', *, *, #5321, .T. ) ;
#3288 = FACE_BOUND ( 'NONE', #1917, .T. ) ;
#3289 = FILL_AREA_STYLE_COLOUR ( '', #1362 ) ;
#3290 = VERTEX_POINT ( 'NONE', #649 ) ;
#3291 = VERTEX_POINT ( 'NONE', #132 ) ;
#3292 = DIRECTION ( 'NONE',  ( -1.000000000000000000, 0.0000000000000000000, 8.537024980200823790E-17 ) ) ;
#3293 = DIRECTION ( 'NONE',  ( 0.0000000000000000000, 0.7071067811865460184, 0.7071067811865490160 ) ) ;
#3294 = PLANE ( 'NONE',  #4911 ) ;
#3295 =( NAMED_UNIT ( * ) PLANE_ANGLE_UNIT ( ) SI_UNIT ( $, .RADIAN. ) );
#3296 = ORIENTED_EDGE ( 'NONE', *, *, #5562, .F. ) ;
#3297 = CARTESIAN_POINT ( 'NONE',  ( -0.3500000000000000333, 0.2999999999999990452, -0.3499999999999999223 ) ) ;
#3298 = CARTESIAN_POINT ( 'NONE',  ( 0.3499999999999995337, 0.2999999999999990452, -5.430000000000000604 ) ) ;
#3299 = DIRECTION ( 'NONE',  ( 0.5773502691896268413, 0.5773502691896239547, 0.5773502691896263972 ) ) ;
#3300 = CARTESIAN_POINT ( 'NONE',  ( 1.269999999999999796, 4.500000000000000000, 1.270000000000000240 ) ) ;
#3301 = ORIENTED_EDGE ( 'NONE', *, *, #2324, .F. ) ;
#3302 = FILL_AREA_STYLE ('',( #1935 ) ) ;
#3303 = CARTESIAN_POINT ( 'NONE',  ( 0.2499999999999996669, -2.649999999999991029, -4.830000000000000071 ) ) ;
#3304 = CARTESIAN_POINT ( 'NONE',  ( 0.3499999999999999223, 4.100000000000000533, -0.3500000000000000333 ) ) ;
#3305 = EDGE_CURVE ( 'NONE', #5114, #2180, #1930, .T. ) ;
#3306 = CARTESIAN_POINT ( 'NONE',  ( -2.396278280835011820, -3.149999999999999911, -2.289999999999999591 ) ) ;
#3307 = VERTEX_POINT ( 'NONE', #4309 ) ;
#3308 =( LENGTH_UNIT ( ) NAMED_UNIT ( * ) SI_UNIT ( .MILLI., .METRE. ) );
#3309 =( LENGTH_UNIT ( ) NAMED_UNIT ( * ) SI_UNIT ( .MILLI., .METRE. ) );
#3310 = CARTESIAN_POINT ( 'NONE',  ( -0.2500000000000006661, -2.649999999999992806, -5.330000000000000959 ) ) ;
#3311 = ORIENTED_EDGE ( 'NONE', *, *, #931, .T. ) ;
#3312 = PRESENTATION_LAYER_ASSIGNMENT (  '', '', ( #19 ) ) ;
#3313 = PRESENTATION_STYLE_ASSIGNMENT (( #4616 ) ) ;
#3314 = ORIENTED_EDGE ( 'NONE', *, *, #5380, .F. ) ;
#3315 = DIRECTION ( 'NONE',  ( 0.5773502691896265082, -0.5773502691896241767, 0.5773502691896265082 ) ) ;
#3316 = FACE_OUTER_BOUND ( 'NONE', #3694, .T. ) ;
#3317 = CARTESIAN_POINT ( 'NONE',  ( 0.1267022036417000952, -3.230070525179599361, -2.290000000000000036 ) ) ;
#3318 = MECHANICAL_DESIGN_GEOMETRIC_PRESENTATION_REPRESENTATION (  '', ( #875 ), #1424 ) ;
#3319 = FILL_AREA_STYLE_COLOUR ( '', #3031 ) ;
#3320 =( LENGTH_UNIT ( ) NAMED_UNIT ( * ) SI_UNIT ( .MILLI., .METRE. ) );
#3321 = ORIENTED_EDGE ( 'NONE', *, *, #631, .T. ) ;
#3322 = PLANE ( 'NONE',  #3506 ) ;
#3323 = ORIENTED_EDGE ( 'NONE', *, *, #3084, .T. ) ;
#3324 = COLOUR_RGB ( '',1.000000000000000000, 1.000000000000000000, 0.5019607843137254832 ) ;
#3325 = EDGE_CURVE ( 'NONE', #2001, #5771, #1619, .T. ) ;
#3326 = UNCERTAINTY_MEASURE_WITH_UNIT (LENGTH_MEASURE( 1.000000000000000082E-05 ), #5525, 'distance_accuracy_value', 'NONE');
#3327 = DIRECTION ( 'NONE',  ( -0.5773502691896265082, 0.5773502691896240657, 0.5773502691896267303 ) ) ;
#3328 = SURFACE_STYLE_FILL_AREA ( #4176 ) ;
#3329 = PLANE ( 'NONE',  #4583 ) ;
#3330 =( GEOMETRIC_REPRESENTATION_CONTEXT ( 3 ) GLOBAL_UNCERTAINTY_ASSIGNED_CONTEXT ( ( #5009 ) ) GLOBAL_UNIT_ASSIGNED_CONTEXT ( ( #2568, #3087, #3526 ) ) REPRESENTATION_CONTEXT ( 'NONE', 'WORKASPACE' ) );
#3331 = MECHANICAL_DESIGN_GEOMETRIC_PRESENTATION_REPRESENTATION (  '', ( #5280 ), #588 ) ;
#3332 = SURFACE_SIDE_STYLE ('',( #5530 ) ) ;
#3333 = EDGE_CURVE ( 'NONE', #4170, #2344, #4219, .T. ) ;
#3334 = VERTEX_POINT ( 'NONE', #4251 ) ;
#3335 = EDGE_CURVE ( 'NONE', #5342, #2759, #3745, .T. ) ;
#3336 = ORIENTED_EDGE ( 'NONE', *, *, #357, .T. ) ;
#3337 = STYLED_ITEM ( 'NONE', ( #149 ), #2482 ) ;
#3338 = LINE ( 'NONE', #105, #344 ) ;
#3339 =( GEOMETRIC_REPRESENTATION_CONTEXT ( 3 ) GLOBAL_UNCERTAINTY_ASSIGNED_CONTEXT ( ( #315 ) ) GLOBAL_UNIT_ASSIGNED_CONTEXT ( ( #1515, #4658, #4788 ) ) REPRESENTATION_CONTEXT ( 'NONE', 'WORKASPACE' ) );
#3340 = LINE ( 'NONE', #1626, #4946 ) ;
#3341 = PLANE ( 'NONE',  #4025 ) ;
#3342 = PRESENTATION_LAYER_ASSIGNMENT (  '', '', ( #27 ) ) ;
#3343 = PRESENTATION_STYLE_ASSIGNMENT (( #1534 ) ) ;
#3344 = EDGE_CURVE ( 'NONE', #2720, #1862, #2951, .T. ) ;
#3345 = ORIENTED_EDGE ( 'NONE', *, *, #5008, .F. ) ;
#3346 =( NAMED_UNIT ( * ) SI_UNIT ( $, .STERADIAN. ) SOLID_ANGLE_UNIT ( ) );
#3347 =( GEOMETRIC_REPRESENTATION_CONTEXT ( 3 ) GLOBAL_UNCERTAINTY_ASSIGNED_CONTEXT ( ( #855 ) ) GLOBAL_UNIT_ASSIGNED_CONTEXT ( ( #4168, #1478, #594 ) ) REPRESENTATION_CONTEXT ( 'NONE', 'WORKASPACE' ) );
#3348 = LINE ( 'NONE', #662, #3461 ) ;
#3349 = FILL_AREA_STYLE_COLOUR ( '', #5287 ) ;
#3350 = ORIENTED_EDGE ( 'NONE', *, *, #311, .T. ) ;
#3351 = LINE ( 'NONE', #4683, #1621 ) ;
#3352 = ORIENTED_EDGE ( 'NONE', *, *, #349, .T. ) ;
#3353 =( NAMED_UNIT ( * ) SI_UNIT ( $, .STERADIAN. ) SOLID_ANGLE_UNIT ( ) );
#3354 = CARTESIAN_POINT ( 'NONE',  ( -2.890000000000000568, 0.2999999999999990452, -7.270000000000000462 ) ) ;
#3355 = CARTESIAN_POINT ( 'NONE',  ( 0.1437217191649881043, -3.149999999999999911, -5.330000000000000959 ) ) ;
#3356 =( GEOMETRIC_REPRESENTATION_CONTEXT ( 3 ) GLOBAL_UNCERTAINTY_ASSIGNED_CONTEXT ( ( #4477 ) ) GLOBAL_UNIT_ASSIGNED_CONTEXT ( ( #2456, #2955, #2036 ) ) REPRESENTATION_CONTEXT ( 'NONE', 'WORKASPACE' ) );
#3357 = FILL_AREA_STYLE ('',( #2376 ) ) ;
#3358 = PRESENTATION_STYLE_ASSIGNMENT (( #706 ) ) ;
#3359 = CARTESIAN_POINT ( 'NONE',  ( -0.3499999999999999223, 4.500000000000000000, 0.7500000000000017764 ) ) ;
#3360 = ORIENTED_EDGE ( 'NONE', *, *, #5395, .T. ) ;
#3361 = VECTOR ( 'NONE', #4263, 1000.000000000000000 ) ;
#3362 = DIRECTION ( 'NONE',  ( 1.095209583345264635E-16, 0.7071067811865491270, 0.7071067811865459074 ) ) ;
#3363 = LINE ( 'NONE', #1525, #2242 ) ;
#3364 = LINE ( 'NONE', #2987, #925 ) ;
#3365 = SURFACE_SIDE_STYLE ('',( #4343 ) ) ;
#3366 = PRESENTATION_LAYER_ASSIGNMENT (  '', '', ( #5471 ) ) ;
#3367 = VERTEX_POINT ( 'NONE', #1494 ) ;
#3368 = AXIS2_PLACEMENT_3D ( 'NONE', #5689, #2547, #5714 ) ;
#3369 = EDGE_LOOP ( 'NONE', ( #528, #4108, #2071, #2927, #2723, #5712 ) ) ;
#3370 = DIRECTION ( 'NONE',  ( 0.0000000000000000000, 1.000000000000000000, 0.0000000000000000000 ) ) ;
#3371 = EDGE_CURVE ( 'NONE', #470, #4699, #5493, .T. ) ;
#3372 = AXIS2_PLACEMENT_3D ( 'NONE', #1021, #1955, #1512 ) ;
#3373 = PRESENTATION_LAYER_ASSIGNMENT (  '', '', ( #1572 ) ) ;
#3374 = SURFACE_STYLE_USAGE ( .BOTH. , #5623 ) ;
#3375 = EDGE_LOOP ( 'NONE', ( #738, #1499, #5757, #3501 ) ) ;
#3376 = EDGE_CURVE ( 'NONE', #3593, #4198, #3364, .T. ) ;
#3377 = COLOUR_RGB ( '',1.000000000000000000, 1.000000000000000000, 0.5019607843137254832 ) ;
#3378 = SURFACE_SIDE_STYLE ('',( #3854 ) ) ;
#3379 =( LENGTH_UNIT ( ) NAMED_UNIT ( * ) SI_UNIT ( .MILLI., .METRE. ) );
#3380 = EDGE_CURVE ( 'NONE', #559, #5561, #5136, .T. ) ;
#3381 = PLANE ( 'NONE',  #5435 ) ;
#3382 = VERTEX_POINT ( 'NONE', #4280 ) ;
#3383 = UNCERTAINTY_MEASURE_WITH_UNIT (LENGTH_MEASURE( 1.000000000000000082E-05 ), #200, 'distance_accuracy_value', 'NONE');
#3384 = DIRECTION ( 'NONE',  ( 0.0000000000000000000, 0.0000000000000000000, 1.000000000000000000 ) ) ;
#3385 = CARTESIAN_POINT ( 'NONE',  ( 0.3499999999999997558, 4.099999999999998757, -5.429999999999999716 ) ) ;
#3386 = CARTESIAN_POINT ( 'NONE',  ( -2.190000000000000391, 4.099999999999996980, -7.969999999999999751 ) ) ;
#3387 = ORIENTED_EDGE ( 'NONE', *, *, #3442, .F. ) ;
#3388 = CARTESIAN_POINT ( 'NONE',  ( 0.7500000000000021094, 4.500000000000000000, 0.3499999999999998668 ) ) ;
#3389 =( GEOMETRIC_REPRESENTATION_CONTEXT ( 3 ) GLOBAL_UNCERTAINTY_ASSIGNED_CONTEXT ( ( #493 ) ) GLOBAL_UNIT_ASSIGNED_CONTEXT ( ( #4415, #3535, #5224 ) ) REPRESENTATION_CONTEXT ( 'NONE', 'WORKASPACE' ) );
#3390 = DIRECTION ( 'NONE',  ( 1.000000000000000000, 0.0000000000000000000, -1.084202172485504311E-16 ) ) ;
#3391 = LINE ( 'NONE', #2848, #268 ) ;
#3392 =( LENGTH_UNIT ( ) NAMED_UNIT ( * ) SI_UNIT ( .MILLI., .METRE. ) );
#3393 =( NAMED_UNIT ( * ) SI_UNIT ( $, .STERADIAN. ) SOLID_ANGLE_UNIT ( ) );
#3394 = VERTEX_POINT ( 'NONE', #2922 ) ;
#3395 = UNCERTAINTY_MEASURE_WITH_UNIT (LENGTH_MEASURE( 1.000000000000000082E-05 ), #3586, 'distance_accuracy_value', 'NONE');
#3396 = FILL_AREA_STYLE ('',( #1187 ) ) ;
#3397 = DIRECTION ( 'NONE',  ( 0.0000000000000000000, 0.0000000000000000000, 1.000000000000000000 ) ) ;
#3398 = PLANE ( 'NONE',  #4072 ) ;
#3399 = LINE ( 'NONE', #688, #492 ) ;
#3400 = PRESENTATION_LAYER_ASSIGNMENT (  '', '', ( #2265 ) ) ;
#3401 = CARTESIAN_POINT ( 'NONE',  ( -0.7500000000000047740, 4.500000000000000000, -3.290000000000005365 ) ) ;
#3402 = ORIENTED_EDGE ( 'NONE', *, *, #3371, .T. ) ;
#3403 =( LENGTH_UNIT ( ) NAMED_UNIT ( * ) SI_UNIT ( .MILLI., .METRE. ) );
#3404 = ADVANCED_FACE ( 'NONE', ( #4696 ), #5307, .T. ) ;
#3405 =( NAMED_UNIT ( * ) SI_UNIT ( $, .STERADIAN. ) SOLID_ANGLE_UNIT ( ) );
#3406 = CARTESIAN_POINT ( 'NONE',  ( -1.789999999999996039, 4.500000000000000000, -1.789999999999995151 ) ) ;
#3407 = CARTESIAN_POINT ( 'NONE',  ( 0.2499999999999998890, 0.0000000000000000000, -2.290000000000000480 ) ) ;
#3408 = DIRECTION ( 'NONE',  ( -0.7071067811865491270, -0.7071067811865459074, 0.0000000000000000000 ) ) ;
#3409 = DIRECTION ( 'NONE',  ( 1.095209583345264389E-16, 0.7071067811865491270, 0.7071067811865459074 ) ) ;
#3410 = ORIENTED_EDGE ( 'NONE', *, *, #851, .T. ) ;
#3411 = SURFACE_STYLE_USAGE ( .BOTH. , #287 ) ;
#3412 = FACE_OUTER_BOUND ( 'NONE', #2576, .T. ) ;
#3413 = SURFACE_STYLE_FILL_AREA ( #788 ) ;
#3414 = CARTESIAN_POINT ( 'NONE',  ( -0.2500000000000003886, -3.149999999999999911, -2.790000000000000480 ) ) ;
#3415 = VERTEX_POINT ( 'NONE', #2659 ) ;
#3416 = DIRECTION ( 'NONE',  ( 0.0000000000000000000, -0.0000000000000000000, 1.000000000000000000 ) ) ;
#3417 = ORIENTED_EDGE ( 'NONE', *, *, #1381, .T. ) ;
#3418 = ADVANCED_FACE ( 'NONE', ( #3924 ), #5691, .F. ) ;
#3419 =( NAMED_UNIT ( * ) SI_UNIT ( $, .STERADIAN. ) SOLID_ANGLE_UNIT ( ) );
#3420 = SURFACE_STYLE_USAGE ( .BOTH. , #5163 ) ;
#3421 = CARTESIAN_POINT ( 'NONE',  ( -0.2500000000000001665, -3.149999999999999911, -0.2500000000000000555 ) ) ;
#3422 = CARTESIAN_POINT ( 'NONE',  ( -2.790000000000000924, -3.149999999999999911, -7.370000000000000107 ) ) ;
#3423 = ORIENTED_EDGE ( 'NONE', *, *, #1092, .T. ) ;
#3424 = PRESENTATION_LAYER_ASSIGNMENT (  '', '', ( #875 ) ) ;
#3425 =( GEOMETRIC_REPRESENTATION_CONTEXT ( 3 ) GLOBAL_UNCERTAINTY_ASSIGNED_CONTEXT ( ( #1490 ) ) GLOBAL_UNIT_ASSIGNED_CONTEXT ( ( #326, #1687, #4037 ) ) REPRESENTATION_CONTEXT ( 'NONE', 'WORKASPACE' ) );
#3426 = STYLED_ITEM ( 'NONE', ( #2270 ), #4870 ) ;
#3427 = SURFACE_STYLE_USAGE ( .BOTH. , #5108 ) ;
#3428 = CARTESIAN_POINT ( 'NONE',  ( -0.1437217191649893533, -3.149999999999999911, -4.830000000000000071 ) ) ;
#3429 =( GEOMETRIC_REPRESENTATION_CONTEXT ( 3 ) GLOBAL_UNCERTAINTY_ASSIGNED_CONTEXT ( ( #1963 ) ) GLOBAL_UNIT_ASSIGNED_CONTEXT ( ( #3170, #2249, #1803 ) ) REPRESENTATION_CONTEXT ( 'NONE', 'WORKASPACE' ) );
#3430 = FACE_OUTER_BOUND ( 'NONE', #478, .T. ) ;
#3431 = LINE ( 'NONE', #5141, #5598 ) ;
#3432 = VECTOR ( 'NONE', #1895, 1000.000000000000114 ) ;
#3433 = VERTEX_POINT ( 'NONE', #3507 ) ;
#3434 = MECHANICAL_DESIGN_GEOMETRIC_PRESENTATION_REPRESENTATION (  '', ( #2596 ), #3242 ) ;
#3435 = ORIENTED_EDGE ( 'NONE', *, *, #3325, .T. ) ;
#3436 = UNCERTAINTY_MEASURE_WITH_UNIT (LENGTH_MEASURE( 1.000000000000000082E-05 ), #2696, 'distance_accuracy_value', 'NONE');
#3437 = LINE ( 'NONE', #3033, #1593 ) ;
#3438 = SURFACE_SIDE_STYLE ('',( #2055 ) ) ;
#3439 = DIRECTION ( 'NONE',  ( 0.2079116908177567336, -0.9781476007338061329, -2.254183068697463410E-17 ) ) ;
#3440 = PRESENTATION_STYLE_ASSIGNMENT (( #1524 ) ) ;
#3441 =( NAMED_UNIT ( * ) PLANE_ANGLE_UNIT ( ) SI_UNIT ( $, .RADIAN. ) );
#3442 = EDGE_CURVE ( 'NONE', #260, #3415, #774, .T. ) ;
#3443 = CARTESIAN_POINT ( 'NONE',  ( 0.3499999999999999223, 0.2999999999999990452, -0.3500000000000000333 ) ) ;
#3444 = EDGE_CURVE ( 'NONE', #4198, #3222, #383, .T. ) ;
#3445 = COLOUR_RGB ( '',1.000000000000000000, 1.000000000000000000, 0.5019607843137254832 ) ;
#3446 = SURFACE_STYLE_USAGE ( .BOTH. , #2945 ) ;
#3447 = ORIENTED_EDGE ( 'NONE', *, *, #3879, .T. ) ;
#3448 = SURFACE_STYLE_FILL_AREA ( #4053 ) ;
#3449 = SURFACE_SIDE_STYLE ('',( #4364 ) ) ;
#3450 =( NAMED_UNIT ( * ) PLANE_ANGLE_UNIT ( ) SI_UNIT ( $, .RADIAN. ) );
#3451 = VECTOR ( 'NONE', #3018, 1000.000000000000000 ) ;
#3452 = EDGE_CURVE ( 'NONE', #2282, #390, #3123, .T. ) ;
#3453 = SURFACE_STYLE_USAGE ( .BOTH. , #1653 ) ;
#3454 = VERTEX_POINT ( 'NONE', #2574 ) ;
#3455 = AXIS2_PLACEMENT_3D ( 'NONE', #2467, #4199, #3408 ) ;
#3456 = ORIENTED_EDGE ( 'NONE', *, *, #5384, .F. ) ;
#3457 = CARTESIAN_POINT ( 'NONE',  ( -0.2500000000000008327, -3.149999999999999911, -7.870000000000000107 ) ) ;
#3458 = MECHANICAL_DESIGN_GEOMETRIC_PRESENTATION_REPRESENTATION (  '', ( #5214 ), #4930 ) ;
#3459 = CARTESIAN_POINT ( 'NONE',  ( 0.3499999999999995337, 4.099999999999998757, -5.430000000000000604 ) ) ;
#3460 = SURFACE_STYLE_USAGE ( .BOTH. , #2491 ) ;
#3461 = VECTOR ( 'NONE', #2465, 1000.000000000000000 ) ;
#3462 = COLOUR_RGB ( '',1.000000000000000000, 1.000000000000000000, 0.5019607843137254832 ) ;
#3463 = ORIENTED_EDGE ( 'NONE', *, *, #4638, .F. ) ;
#3464 = ORIENTED_EDGE ( 'NONE', *, *, #45, .T. ) ;
#3465 = SURFACE_STYLE_FILL_AREA ( #4657 ) ;
#3466 =( LENGTH_UNIT ( ) NAMED_UNIT ( * ) SI_UNIT ( .MILLI., .METRE. ) );
#3467 =( GEOMETRIC_REPRESENTATION_CONTEXT ( 3 ) GLOBAL_UNCERTAINTY_ASSIGNED_CONTEXT ( ( #3216 ) ) GLOBAL_UNIT_ASSIGNED_CONTEXT ( ( #2507, #2146, #3827 ) ) REPRESENTATION_CONTEXT ( 'NONE', 'WORKASPACE' ) );
#3468 = FILL_AREA_STYLE ('',( #3881 ) ) ;
#3469 = LINE ( 'NONE', #3998, #4562 ) ;
#3470 = SURFACE_STYLE_FILL_AREA ( #3916 ) ;
#3471 =( NAMED_UNIT ( * ) SI_UNIT ( $, .STERADIAN. ) SOLID_ANGLE_UNIT ( ) );
#3472 = SURFACE_STYLE_USAGE ( .BOTH. , #5657 ) ;
#3473 = DIRECTION ( 'NONE',  ( -1.548860246407863583E-16, 0.0000000000000000000, -1.000000000000000000 ) ) ;
#3474 =( NAMED_UNIT ( * ) PLANE_ANGLE_UNIT ( ) SI_UNIT ( $, .RADIAN. ) );
#3475 =( NAMED_UNIT ( * ) SI_UNIT ( $, .STERADIAN. ) SOLID_ANGLE_UNIT ( ) );
#3476 = EDGE_LOOP ( 'NONE', ( #2853, #2993, #2094, #3950 ) ) ;
#3477 = DIRECTION ( 'NONE',  ( -0.2079116908177564282, -0.9781476007338061329, 2.254183068697459096E-17 ) ) ;
#3478 = ADVANCED_FACE ( 'NONE', ( #3181 ), #997, .T. ) ;
#3479 =( LENGTH_UNIT ( ) NAMED_UNIT ( * ) SI_UNIT ( .MILLI., .METRE. ) );
#3480 = CARTESIAN_POINT ( 'NONE',  ( 0.2499999999999998890, -3.149999999999999911, -2.290000000000000480 ) ) ;
#3481 = CARTESIAN_POINT ( 'NONE',  ( 0.2500000000000001110, -3.149999999999999911, 0.2500000000000000000 ) ) ;
#3482 = ORIENTED_EDGE ( 'NONE', *, *, #5253, .F. ) ;
#3483 = EDGE_CURVE ( 'NONE', #2080, #4692, #2349, .T. ) ;
#3484 = SURFACE_STYLE_USAGE ( .BOTH. , #4316 ) ;
#3485 = FILL_AREA_STYLE_COLOUR ( '', #3377 ) ;
#3486 = DIRECTION ( 'NONE',  ( 0.0000000000000000000, 0.7071067811865453523, 0.7071067811865497932 ) ) ;
#3487 = MECHANICAL_DESIGN_GEOMETRIC_PRESENTATION_REPRESENTATION (  '', ( #1124 ), #4417 ) ;
#3488 =( NAMED_UNIT ( * ) SI_UNIT ( $, .STERADIAN. ) SOLID_ANGLE_UNIT ( ) );
#3489 = EDGE_LOOP ( 'NONE', ( #5270, #1587, #160, #1909 ) ) ;
#3490 = DIRECTION ( 'NONE',  ( 0.0000000000000000000, 0.7071067811865490160, -0.7071067811865461294 ) ) ;
#3491 = ADVANCED_FACE ( 'NONE', ( #4492 ), #2284, .F. ) ;
#3492 = PLANE ( 'NONE',  #2733 ) ;
#3493 =( NAMED_UNIT ( * ) SI_UNIT ( $, .STERADIAN. ) SOLID_ANGLE_UNIT ( ) );
#3494 = PLANE ( 'NONE',  #3933 ) ;
#3495 = COLOUR_RGB ( '',1.000000000000000000, 1.000000000000000000, 0.5019607843137254832 ) ;
#3496 = CARTESIAN_POINT ( 'NONE',  ( -3.290000000000005809, 4.500000000000000000, -3.290000000000004921 ) ) ;
#3497 = LINE ( 'NONE', #4430, #4536 ) ;
#3498 = PLANE ( 'NONE',  #5366 ) ;
#3499 =( LENGTH_UNIT ( ) NAMED_UNIT ( * ) SI_UNIT ( .MILLI., .METRE. ) );
#3500 = CARTESIAN_POINT ( 'NONE',  ( -2.790000000000000924, -3.149999999999999911, -7.370000000000000107 ) ) ;
#3501 = ORIENTED_EDGE ( 'NONE', *, *, #446, .F. ) ;
#3502 = UNCERTAINTY_MEASURE_WITH_UNIT (LENGTH_MEASURE( 1.000000000000000082E-05 ), #2564, 'distance_accuracy_value', 'NONE');
#3503 = DIRECTION ( 'NONE',  ( -0.5773502691896269523, 0.5773502691896239547, 0.5773502691896263972 ) ) ;
#3504 = DIRECTION ( 'NONE',  ( 1.000000000000000000, 0.0000000000000000000, -1.548860246407863583E-16 ) ) ;
#3505 = CARTESIAN_POINT ( 'NONE',  ( 0.3499999999999998113, 0.2999999999999990452, -2.189999999999999947 ) ) ;
#3506 = AXIS2_PLACEMENT_3D ( 'NONE', #3626, #2446, #955 ) ;
#3507 = CARTESIAN_POINT ( 'NONE',  ( -0.2500000000000002220, -2.649999999999991029, -2.290000000000000036 ) ) ;
#3508 = ADVANCED_FACE ( 'NONE', ( #3645 ), #4542, .T. ) ;
#3509 = MECHANICAL_DESIGN_GEOMETRIC_PRESENTATION_REPRESENTATION (  '', ( #3980 ), #4714 ) ;
#3510 = DIRECTION ( 'NONE',  ( -0.2079116908177565393, 0.9781476007338061329, 0.0000000000000000000 ) ) ;
#3511 = LINE ( 'NONE', #1275, #475 ) ;
#3512 = CARTESIAN_POINT ( 'NONE',  ( -0.2500000000000008327, -3.149999999999999911, -7.870000000000000107 ) ) ;
#3513 = SURFACE_SIDE_STYLE ('',( #5143 ) ) ;
#3514 = ADVANCED_FACE ( 'NONE', ( #643 ), #3860, .T. ) ;
#3515 = CARTESIAN_POINT ( 'NONE',  ( -2.190000000000000391, 0.2999999999999990452, -2.889999999999999680 ) ) ;
#3516 = ORIENTED_EDGE ( 'NONE', *, *, #4377, .F. ) ;
#3517 = CARTESIAN_POINT ( 'NONE',  ( -0.3500000000000006994, 4.099999999999998757, -7.270000000000000462 ) ) ;
#3518 = PRESENTATION_LAYER_ASSIGNMENT (  '', '', ( #218 ) ) ;
#3519 = DIRECTION ( 'NONE',  ( -1.000000000000000000, 0.0000000000000000000, 0.0000000000000000000 ) ) ;
#3520 = PLANE ( 'NONE',  #5751 ) ;
#3521 = ADVANCED_FACE ( 'NONE', ( #2410 ), #2472, .F. ) ;
#3522 = AXIS2_PLACEMENT_3D ( 'NONE', #1289, #5343, #5738 ) ;
#3523 = LINE ( 'NONE', #2110, #4655 ) ;
#3524 = ADVANCED_FACE ( 'NONE', ( #1291 ), #2570, .T. ) ;
#3525 = SURFACE_STYLE_FILL_AREA ( #3060 ) ;
#3526 =( NAMED_UNIT ( * ) SI_UNIT ( $, .STERADIAN. ) SOLID_ANGLE_UNIT ( ) );
#3527 = DIRECTION ( 'NONE',  ( -0.7071067811865497932, 0.7071067811865452413, 0.0000000000000000000 ) ) ;
#3528 =( LENGTH_UNIT ( ) NAMED_UNIT ( * ) SI_UNIT ( .MILLI., .METRE. ) );
#3529 = ORIENTED_EDGE ( 'NONE', *, *, #627, .T. ) ;
#3530 = CARTESIAN_POINT ( 'NONE',  ( -2.890000000000000568, 0.2999999999999990452, -5.429999999999999716 ) ) ;
#3531 = ORIENTED_EDGE ( 'NONE', *, *, #5040, .T. ) ;
#3532 = FILL_AREA_STYLE_COLOUR ( '', #673 ) ;
#3533 = DIRECTION ( 'NONE',  ( -1.084202172485504311E-16, 0.0000000000000000000, -1.000000000000000000 ) ) ;
#3534 =( LENGTH_UNIT ( ) NAMED_UNIT ( * ) SI_UNIT ( .MILLI., .METRE. ) );
#3535 =( NAMED_UNIT ( * ) PLANE_ANGLE_UNIT ( ) SI_UNIT ( $, .RADIAN. ) );
#3536 = DIRECTION ( 'NONE',  ( -8.537024980200825023E-17, 0.0000000000000000000, -1.000000000000000000 ) ) ;
#3537 = PRESENTATION_LAYER_ASSIGNMENT (  '', '', ( #993 ) ) ;
#3538 = ORIENTED_EDGE ( 'NONE', *, *, #2228, .T. ) ;
#3539 = VECTOR ( 'NONE', #1747, 1000.000000000000000 ) ;
#3540 = LINE ( 'NONE', #3457, #5579 ) ;
#3541 = SURFACE_STYLE_USAGE ( .BOTH. , #3985 ) ;
#3542 = DIRECTION ( 'NONE',  ( -1.548860246407863583E-16, 0.0000000000000000000, -1.000000000000000000 ) ) ;
#3543 = SURFACE_STYLE_USAGE ( .BOTH. , #1278 ) ;
#3544 = MECHANICAL_DESIGN_GEOMETRIC_PRESENTATION_REPRESENTATION (  '', ( #1834 ), #2308 ) ;
#3545 = VERTEX_POINT ( 'NONE', #2974 ) ;
#3546 =( GEOMETRIC_REPRESENTATION_CONTEXT ( 3 ) GLOBAL_UNCERTAINTY_ASSIGNED_CONTEXT ( ( #2455 ) ) GLOBAL_UNIT_ASSIGNED_CONTEXT ( ( #3466, #1223, #4831 ) ) REPRESENTATION_CONTEXT ( 'NONE', 'WORKASPACE' ) );
#3547 = VERTEX_POINT ( 'NONE', #347 ) ;
#3548 = CARTESIAN_POINT ( 'NONE',  ( -0.2500000000000000000, 0.0000000000000000000, 0.2500000000000000555 ) ) ;
#3549 = DIRECTION ( 'NONE',  ( 1.000000000000000000, 0.0000000000000000000, -1.084202172485504187E-16 ) ) ;
#3550 = EDGE_CURVE ( 'NONE', #271, #4764, #4869, .T. ) ;
#3551 = EDGE_CURVE ( 'NONE', #922, #4434, #5659, .T. ) ;
#3552 = DIRECTION ( 'NONE',  ( -1.000000000000000000, 0.0000000000000000000, 0.0000000000000000000 ) ) ;
#3553 = MECHANICAL_DESIGN_GEOMETRIC_PRESENTATION_REPRESENTATION (  '', ( #438 ), #829 ) ;
#3554 = ADVANCED_FACE ( 'NONE', ( #2205 ), #320, .T. ) ;
#3555 = DIRECTION ( 'NONE',  ( 0.0000000000000000000, 1.000000000000000000, 0.0000000000000000000 ) ) ;
#3556 = COLOUR_RGB ( '',0.5019607843137254832, 0.5019607843137254832, 0.5019607843137254832 ) ;
#3557 = VECTOR ( 'NONE', #266, 1000.000000000000000 ) ;
#3558 = PRESENTATION_LAYER_ASSIGNMENT (  '', '', ( #5759 ) ) ;
#3559 = CARTESIAN_POINT ( 'NONE',  ( -3.809999999999999609, 4.500000000000000000, 1.270000000000000684 ) ) ;
#3560 = MECHANICAL_DESIGN_GEOMETRIC_PRESENTATION_REPRESENTATION (  '', ( #1940 ), #3467 ) ;
#3561 = MECHANICAL_DESIGN_GEOMETRIC_PRESENTATION_REPRESENTATION (  '', ( #1572 ), #3942 ) ;
#3562 = SURFACE_STYLE_USAGE ( .BOTH. , #4433 ) ;
#3563 = VERTEX_POINT ( 'NONE', #562 ) ;
#3564 = SURFACE_STYLE_FILL_AREA ( #4513 ) ;
#3565 = LINE ( 'NONE', #972, #1767 ) ;
#3566 = FILL_AREA_STYLE ('',( #5249 ) ) ;
#3567 = DIRECTION ( 'NONE',  ( 0.2079116908177565393, 0.9781476007338061329, -2.254183068697460945E-17 ) ) ;
#3568 = ORIENTED_EDGE ( 'NONE', *, *, #2824, .F. ) ;
#3569 = DIRECTION ( 'NONE',  ( -0.7071067811865489050, -0.7071067811865462405, 0.0000000000000000000 ) ) ;
#3570 =( NAMED_UNIT ( * ) PLANE_ANGLE_UNIT ( ) SI_UNIT ( $, .RADIAN. ) );
#3571 = ORIENTED_EDGE ( 'NONE', *, *, #1348, .T. ) ;
#3572 = ORIENTED_EDGE ( 'NONE', *, *, #3198, .F. ) ;
#3573 = PRESENTATION_LAYER_ASSIGNMENT (  '', '', ( #4046 ) ) ;
#3574 = AXIS2_PLACEMENT_3D ( 'NONE', #4491, #4517, #46 ) ;
#3575 =( NAMED_UNIT ( * ) SI_UNIT ( $, .STERADIAN. ) SOLID_ANGLE_UNIT ( ) );
#3576 = DIRECTION ( 'NONE',  ( 1.084202172485504311E-16, 0.0000000000000000000, 1.000000000000000000 ) ) ;
#3577 = MECHANICAL_DESIGN_GEOMETRIC_PRESENTATION_REPRESENTATION (  '', ( #3773 ), #5511 ) ;
#3578 = ADVANCED_FACE ( 'NONE', ( #874 ), #904, .T. ) ;
#3579 = DIRECTION ( 'NONE',  ( -1.000000000000000000, 0.0000000000000000000, 1.084202172485503941E-16 ) ) ;
#3580 = DIRECTION ( 'NONE',  ( 0.0000000000000000000, 1.000000000000000000, 0.0000000000000000000 ) ) ;
#3581 = EDGE_CURVE ( 'NONE', #4201, #909, #1880, .T. ) ;
#3582 = FILL_AREA_STYLE ('',( #3143 ) ) ;
#3583 =( NAMED_UNIT ( * ) PLANE_ANGLE_UNIT ( ) SI_UNIT ( $, .RADIAN. ) );
#3584 = ORIENTED_EDGE ( 'NONE', *, *, #4958, .T. ) ;
#3585 = CARTESIAN_POINT ( 'NONE',  ( -2.190000000000000391, 0.2999999999999990452, -2.889999999999999680 ) ) ;
#3586 =( LENGTH_UNIT ( ) NAMED_UNIT ( * ) SI_UNIT ( .MILLI., .METRE. ) );
#3587 = VERTEX_POINT ( 'NONE', #2429 ) ;
#3588 = EDGE_CURVE ( 'NONE', #1571, #2558, #108, .T. ) ;
#3589 = VECTOR ( 'NONE', #853, 1000.000000000000000 ) ;
#3590 = DIRECTION ( 'NONE',  ( 0.0000000000000000000, 0.0000000000000000000, -1.000000000000000000 ) ) ;
#3591 = FACE_BOUND ( 'NONE', #3864, .T. ) ;
#3592 = DIRECTION ( 'NONE',  ( 0.0000000000000000000, 0.7071067811865497932, -0.7071067811865453523 ) ) ;
#3593 = VERTEX_POINT ( 'NONE', #1436 ) ;
#3594 = ORIENTED_EDGE ( 'NONE', *, *, #551, .T. ) ;
#3595 = CARTESIAN_POINT ( 'NONE',  ( -0.3500000000000006994, 0.2999999999999990452, -7.969999999999999751 ) ) ;
#3596 = VERTEX_POINT ( 'NONE', #2230 ) ;
#3597 = UNCERTAINTY_MEASURE_WITH_UNIT (LENGTH_MEASURE( 1.000000000000000082E-05 ), #4784, 'distance_accuracy_value', 'NONE');
#3598 = FACE_OUTER_BOUND ( 'NONE', #4191, .T. ) ;
#3599 =( NAMED_UNIT ( * ) PLANE_ANGLE_UNIT ( ) SI_UNIT ( $, .RADIAN. ) );
#3600 = PRESENTATION_LAYER_ASSIGNMENT (  '', '', ( #5357 ) ) ;
#3601 = DIRECTION ( 'NONE',  ( -1.000000000000000000, 0.0000000000000000000, 1.548860246407863583E-16 ) ) ;
#3602 = ORIENTED_EDGE ( 'NONE', *, *, #1778, .T. ) ;
#3603 = DIRECTION ( 'NONE',  ( 1.000000000000000000, 0.0000000000000000000, 0.0000000000000000000 ) ) ;
#3604 = LINE ( 'NONE', #1367, #1433 ) ;
#3605 = COLOUR_RGB ( '',1.000000000000000000, 1.000000000000000000, 0.5019607843137254832 ) ;
#3606 =( GEOMETRIC_REPRESENTATION_CONTEXT ( 3 ) GLOBAL_UNCERTAINTY_ASSIGNED_CONTEXT ( ( #5589 ) ) GLOBAL_UNIT_ASSIGNED_CONTEXT ( ( #3140, #4027, #873 ) ) REPRESENTATION_CONTEXT ( 'NONE', 'WORKASPACE' ) );
#3607 = DIRECTION ( 'NONE',  ( 3.252606517456512316E-16, 0.0000000000000000000, 1.000000000000000000 ) ) ;
#3608 = DIRECTION ( 'NONE',  ( -0.0000000000000000000, 1.000000000000000000, -0.0000000000000000000 ) ) ;
#3609 = EDGE_LOOP ( 'NONE', ( #3788, #2823, #3185, #1210 ) ) ;
#3610 =( GEOMETRIC_REPRESENTATION_CONTEXT ( 3 ) GLOBAL_UNCERTAINTY_ASSIGNED_CONTEXT ( ( #1729 ) ) GLOBAL_UNIT_ASSIGNED_CONTEXT ( ( #3379, #2053, #724 ) ) REPRESENTATION_CONTEXT ( 'NONE', 'WORKASPACE' ) );
#3611 = FILL_AREA_STYLE ('',( #4460 ) ) ;
#3612 = DIRECTION ( 'NONE',  ( -0.0000000000000000000, 1.000000000000000000, -0.0000000000000000000 ) ) ;
#3613 = DIRECTION ( 'NONE',  ( -1.548860246407863583E-16, 0.0000000000000000000, -1.000000000000000000 ) ) ;
#3614 = CARTESIAN_POINT ( 'NONE',  ( -2.683721719164987807, -3.149999999999999911, -0.2499999999999998335 ) ) ;
#3615 =( NAMED_UNIT ( * ) SI_UNIT ( $, .STERADIAN. ) SOLID_ANGLE_UNIT ( ) );
#3616 = VECTOR ( 'NONE', #4189, 1000.000000000000000 ) ;
#3617 = ORIENTED_EDGE ( 'NONE', *, *, #2724, .T. ) ;
#3618 = EDGE_CURVE ( 'NONE', #1810, #470, #2394, .T. ) ;
#3619 = VECTOR ( 'NONE', #5684, 1000.000000000000000 ) ;
#3620 = DIRECTION ( 'NONE',  ( 1.548860246407863583E-16, 0.0000000000000000000, 1.000000000000000000 ) ) ;
#3621 = MECHANICAL_DESIGN_GEOMETRIC_PRESENTATION_REPRESENTATION (  '', ( #4548 ), #3248 ) ;
#3622 = SURFACE_STYLE_FILL_AREA ( #4905 ) ;
#3623 = EDGE_CURVE ( 'NONE', #3760, #2208, #3251, .T. ) ;
#3624 = SURFACE_SIDE_STYLE ('',( #4522 ) ) ;
#3625 = CARTESIAN_POINT ( 'NONE',  ( -2.890000000000000568, 4.099999999999996980, -5.429999999999999716 ) ) ;
#3626 = CARTESIAN_POINT ( 'NONE',  ( 0.3499999999999999223, 4.100000000000000533, -0.3500000000000000333 ) ) ;
#3627 = UNCERTAINTY_MEASURE_WITH_UNIT (LENGTH_MEASURE( 1.000000000000000082E-05 ), #3479, 'distance_accuracy_value', 'NONE');
#3628 = VERTEX_POINT ( 'NONE', #3306 ) ;
#3629 = VECTOR ( 'NONE', #1245, 1000.000000000000000 ) ;
#3630 =( GEOMETRIC_REPRESENTATION_CONTEXT ( 3 ) GLOBAL_UNCERTAINTY_ASSIGNED_CONTEXT ( ( #5399 ) ) GLOBAL_UNIT_ASSIGNED_CONTEXT ( ( #1949, #2054, #3855 ) ) REPRESENTATION_CONTEXT ( 'NONE', 'WORKASPACE' ) );
#3631 = CARTESIAN_POINT ( 'NONE',  ( -2.290000000000000480, -2.649999999999991473, -2.790000000000000036 ) ) ;
#3632 = VERTEX_POINT ( 'NONE', #5025 ) ;
#3633 = CARTESIAN_POINT ( 'NONE',  ( 0.7500000000000021094, 4.500000000000000000, -4.730000000000000426 ) ) ;
#3634 = ORIENTED_EDGE ( 'NONE', *, *, #5415, .T. ) ;
#3635 = PRESENTATION_STYLE_ASSIGNMENT (( #5401 ) ) ;
#3636 = PRESENTATION_LAYER_ASSIGNMENT (  '', '', ( #3838 ) ) ;
#3637 = COLOUR_RGB ( '',0.5019607843137254832, 0.5019607843137254832, 0.5019607843137254832 ) ;
#3638 = AXIS2_PLACEMENT_3D ( 'NONE', #5765, #2337, #36 ) ;
#3639 = DIRECTION ( 'NONE',  ( -1.548860246407863583E-16, 0.0000000000000000000, -1.000000000000000000 ) ) ;
#3640 =( LENGTH_UNIT ( ) NAMED_UNIT ( * ) SI_UNIT ( .MILLI., .METRE. ) );
#3641 = ORIENTED_EDGE ( 'NONE', *, *, #5727, .F. ) ;
#3642 = LINE ( 'NONE', #1475, #656 ) ;
#3643 = CARTESIAN_POINT ( 'NONE',  ( -2.890000000000000568, 0.2999999999999990452, -5.429999999999999716 ) ) ;
#3644 =( NAMED_UNIT ( * ) PLANE_ANGLE_UNIT ( ) SI_UNIT ( $, .RADIAN. ) );
#3645 = FACE_OUTER_BOUND ( 'NONE', #1766, .T. ) ;
#3646 = COLOUR_RGB ( '',0.2509803921568627416, 0.2509803921568627416, 0.2509803921568627416 ) ;
#3647 = VECTOR ( 'NONE', #2719, 1000.000000000000000 ) ;
#3648 = STYLED_ITEM ( 'NONE', ( #4998 ), #4543 ) ;
#3649 = ADVANCED_FACE ( 'NONE', ( #3717 ), #4639, .T. ) ;
#3650 = STYLED_ITEM ( 'NONE', ( #4824 ), #921 ) ;
#3651 = LINE ( 'NONE', #950, #3795 ) ;
#3652 = LINE ( 'NONE', #524, #2710 ) ;
#3653 =( NAMED_UNIT ( * ) PLANE_ANGLE_UNIT ( ) SI_UNIT ( $, .RADIAN. ) );
#3654 = CARTESIAN_POINT ( 'NONE',  ( -3.290000000000005809, 4.500000000000000000, -5.830000000000004512 ) ) ;
#3655 = LINE ( 'NONE', #5077, #5300 ) ;
#3656 = ADVANCED_FACE ( 'NONE', ( #3818 ), #4802, .T. ) ;
#3657 = EDGE_CURVE ( 'NONE', #4179, #5634, #5780, .T. ) ;
#3658 =( NAMED_UNIT ( * ) SI_UNIT ( $, .STERADIAN. ) SOLID_ANGLE_UNIT ( ) );
#3659 = ORIENTED_EDGE ( 'NONE', *, *, #1606, .T. ) ;
#3660 = DIRECTION ( 'NONE',  ( -1.084202172485504311E-16, 0.0000000000000000000, -1.000000000000000000 ) ) ;
#3661 = UNCERTAINTY_MEASURE_WITH_UNIT (LENGTH_MEASURE( 1.000000000000000082E-05 ), #867, 'distance_accuracy_value', 'NONE');
#3662 = DIRECTION ( 'NONE',  ( 0.0000000000000000000, -0.0000000000000000000, 1.000000000000000000 ) ) ;
#3663 = FACE_OUTER_BOUND ( 'NONE', #4245, .T. ) ;
#3664 = EDGE_CURVE ( 'NONE', #792, #571, #2136, .T. ) ;
#3665 = DIRECTION ( 'NONE',  ( -0.2079116908177565393, -0.9781476007338061329, 2.254183068697460020E-17 ) ) ;
#3666 = ORIENTED_EDGE ( 'NONE', *, *, #931, .F. ) ;
#3667 = CARTESIAN_POINT ( 'NONE',  ( 0.3499999999999994227, 0.2999999999999990452, -7.270000000000000462 ) ) ;
#3668 = FACE_OUTER_BOUND ( 'NONE', #5578, .T. ) ;
#3669 = ORIENTED_EDGE ( 'NONE', *, *, #2636, .F. ) ;
#3670 = VECTOR ( 'NONE', #5777, 1000.000000000000000 ) ;
#3671 =( NAMED_UNIT ( * ) PLANE_ANGLE_UNIT ( ) SI_UNIT ( $, .RADIAN. ) );
#3672 = ORIENTED_EDGE ( 'NONE', *, *, #1416, .F. ) ;
#3673 = VECTOR ( 'NONE', #4398, 1000.000000000000000 ) ;
#3674 = DIRECTION ( 'NONE',  ( -1.000000000000000000, -0.0000000000000000000, 1.084202172485503941E-16 ) ) ;
#3675 = DIRECTION ( 'NONE',  ( -0.7071067811865489050, 0.7071067811865460184, 0.0000000000000000000 ) ) ;
#3676 = EDGE_LOOP ( 'NONE', ( #636, #1334, #1452, #5243 ) ) ;
#3677 = AXIS2_PLACEMENT_3D ( 'NONE', #856, #4920, #2681 ) ;
#3678 = SURFACE_STYLE_USAGE ( .BOTH. , #1870 ) ;
#3679 = DIRECTION ( 'NONE',  ( 0.5773502691896266192, 0.5773502691896240657, 0.5773502691896265082 ) ) ;
#3680 =( NAMED_UNIT ( * ) SI_UNIT ( $, .STERADIAN. ) SOLID_ANGLE_UNIT ( ) );
#3681 = SURFACE_SIDE_STYLE ('',( #472 ) ) ;
#3682 = ORIENTED_EDGE ( 'NONE', *, *, #1283, .F. ) ;
#3683 = DIRECTION ( 'NONE',  ( 0.0000000000000000000, 1.000000000000000000, 0.0000000000000000000 ) ) ;
#3684 = FILL_AREA_STYLE_COLOUR ( '', #5468 ) ;
#3685 = DIRECTION ( 'NONE',  ( 0.0000000000000000000, 1.000000000000000000, 0.0000000000000000000 ) ) ;
#3686 = STYLED_ITEM ( 'NONE', ( #1112 ), #4969 ) ;
#3687 = ADVANCED_FACE ( 'NONE', ( #2688 ), #1241, .T. ) ;
#3688 = FILL_AREA_STYLE_COLOUR ( '', #2117 ) ;
#3689 = ADVANCED_FACE ( 'NONE', ( #5460 ), #468, .T. ) ;
#3690 =( NAMED_UNIT ( * ) PLANE_ANGLE_UNIT ( ) SI_UNIT ( $, .RADIAN. ) );
#3691 = COLOUR_RGB ( '',0.5019607843137254832, 0.5019607843137254832, 0.5019607843137254832 ) ;
#3692 = STYLED_ITEM ( 'NONE', ( #523 ), #2024 ) ;
#3693 = CARTESIAN_POINT ( 'NONE',  ( -2.190000000000000391, 4.099999999999996980, -2.889999999999999680 ) ) ;
#3694 = EDGE_LOOP ( 'NONE', ( #2299, #2920, #1770, #180 ) ) ;
#3695 = COLOUR_RGB ( '',0.5019607843137254832, 0.5019607843137254832, 0.5019607843137254832 ) ;
#3696 = SURFACE_STYLE_FILL_AREA ( #3582 ) ;
#3697 = VECTOR ( 'NONE', #3732, 1000.000000000000000 ) ;
#3698 = VERTEX_POINT ( 'NONE', #4524 ) ;
#3699 = VECTOR ( 'NONE', #4944, 1000.000000000000000 ) ;
#3700 = DIRECTION ( 'NONE',  ( -0.2079116908177564282, -0.9781476007338061329, 2.254183068697459096E-17 ) ) ;
#3701 =( GEOMETRIC_REPRESENTATION_CONTEXT ( 3 ) GLOBAL_UNCERTAINTY_ASSIGNED_CONTEXT ( ( #671 ) ) GLOBAL_UNIT_ASSIGNED_CONTEXT ( ( #4620, #1957, #257 ) ) REPRESENTATION_CONTEXT ( 'NONE', 'WORKASPACE' ) );
#3702 = DIRECTION ( 'NONE',  ( 1.084202172485504311E-16, 0.0000000000000000000, 1.000000000000000000 ) ) ;
#3703 = VERTEX_POINT ( 'NONE', #5017 ) ;
#3704 = COLOUR_RGB ( '',0.2509803921568627416, 0.2509803921568627416, 0.2509803921568627416 ) ;
#3705 = CARTESIAN_POINT ( 'NONE',  ( -0.2500000000000000000, 0.0000000000000000000, 0.2500000000000000555 ) ) ;
#3706 = SURFACE_STYLE_FILL_AREA ( #5455 ) ;
#3707 = FACE_BOUND ( 'NONE', #1959, .T. ) ;
#3708 = FILL_AREA_STYLE ('',( #100 ) ) ;
#3709 = DIRECTION ( 'NONE',  ( 1.548860246407863583E-16, 0.0000000000000000000, 1.000000000000000000 ) ) ;
#3710 = ORIENTED_EDGE ( 'NONE', *, *, #819, .F. ) ;
#3711 = CARTESIAN_POINT ( 'NONE',  ( -0.2500000000000002220, 0.0000000000000000000, -2.290000000000000036 ) ) ;
#3712 = ORIENTED_EDGE ( 'NONE', *, *, #2403, .T. ) ;
#3713 = SURFACE_STYLE_USAGE ( .BOTH. , #4965 ) ;
#3714 = SURFACE_STYLE_FILL_AREA ( #3815 ) ;
#3715 = DIRECTION ( 'NONE',  ( -1.548860246407863583E-16, 0.0000000000000000000, -1.000000000000000000 ) ) ;
#3716 = MECHANICAL_DESIGN_GEOMETRIC_PRESENTATION_REPRESENTATION (  '', ( #233 ), #4546 ) ;
#3717 = FACE_OUTER_BOUND ( 'NONE', #3249, .T. ) ;
#3718 = AXIS2_PLACEMENT_3D ( 'NONE', #4221, #3779, #2850 ) ;
#3719 = DIRECTION ( 'NONE',  ( -0.0000000000000000000, 0.0000000000000000000, 1.000000000000000000 ) ) ;
#3720 = VERTEX_POINT ( 'NONE', #3189 ) ;
#3721 = PRESENTATION_STYLE_ASSIGNMENT (( #1910 ) ) ;
#3722 = AXIS2_PLACEMENT_3D ( 'NONE', #4147, #5159, #5068 ) ;
#3723 = CARTESIAN_POINT ( 'NONE',  ( -1.789999999999996039, 4.500000000000000000, -4.730000000000000426 ) ) ;
#3724 =( NAMED_UNIT ( * ) SI_UNIT ( $, .STERADIAN. ) SOLID_ANGLE_UNIT ( ) );
#3725 =( NAMED_UNIT ( * ) SI_UNIT ( $, .STERADIAN. ) SOLID_ANGLE_UNIT ( ) );
#3726 = ORIENTED_EDGE ( 'NONE', *, *, #2399, .F. ) ;
#3727 = PRESENTATION_LAYER_ASSIGNMENT (  '', '', ( #4755 ) ) ;
#3728 = EDGE_CURVE ( 'NONE', #1321, #4129, #1004, .T. ) ;
#3729 = CARTESIAN_POINT ( 'NONE',  ( -2.890000000000000124, 4.099999999999998757, -0.3499999999999997002 ) ) ;
#3730 = VERTEX_POINT ( 'NONE', #1495 ) ;
#3731 = UNCERTAINTY_MEASURE_WITH_UNIT (LENGTH_MEASURE( 1.000000000000000082E-05 ), #1445, 'distance_accuracy_value', 'NONE');
#3732 = DIRECTION ( 'NONE',  ( -0.0000000000000000000, 1.000000000000000000, -0.0000000000000000000 ) ) ;
#3733 = PRESENTATION_LAYER_ASSIGNMENT (  '', '', ( #2621 ) ) ;
#3734 = DIRECTION ( 'NONE',  ( -1.000000000000000000, -0.0000000000000000000, 1.084202172485503941E-16 ) ) ;
#3735 = VECTOR ( 'NONE', #3576, 1000.000000000000000 ) ;
#3736 = CARTESIAN_POINT ( 'NONE',  ( 0.3499999999999995337, 0.2999999999999990452, -5.430000000000000604 ) ) ;
#3737 = DIRECTION ( 'NONE',  ( -1.084202172485503941E-16, 0.0000000000000000000, -1.000000000000000000 ) ) ;
#3738 = ORIENTED_EDGE ( 'NONE', *, *, #2729, .F. ) ;
#3739 = STYLED_ITEM ( 'NONE', ( #3250 ), #3028 ) ;
#3740 = PRESENTATION_LAYER_ASSIGNMENT (  '', '', ( #444 ) ) ;
#3741 = EDGE_CURVE ( 'NONE', #3907, #1571, #2788, .T. ) ;
#3742 = FILL_AREA_STYLE ('',( #2325 ) ) ;
#3743 =( GEOMETRIC_REPRESENTATION_CONTEXT ( 3 ) GLOBAL_UNCERTAINTY_ASSIGNED_CONTEXT ( ( #78 ) ) GLOBAL_UNIT_ASSIGNED_CONTEXT ( ( #820, #2594, #5609 ) ) REPRESENTATION_CONTEXT ( 'NONE', 'WORKASPACE' ) );
#3744 = FACE_OUTER_BOUND ( 'NONE', #1877, .T. ) ;
#3745 = LINE ( 'NONE', #5197, #1009 ) ;
#3746 = PRESENTATION_LAYER_ASSIGNMENT (  '', '', ( #2332 ) ) ;
#3747 = DIRECTION ( 'NONE',  ( -1.084202172485504311E-16, 0.0000000000000000000, -1.000000000000000000 ) ) ;
#3748 = MECHANICAL_DESIGN_GEOMETRIC_PRESENTATION_REPRESENTATION (  '', ( #2056 ), #3743 ) ;
#3749 = PRODUCT ( '5DB0DFF0-E47E-41DB-9742-EC08121F8517', '5DB0DFF0-E47E-41DB-9742-EC08121F8517', '', ( #2216 ) ) ;
#3750 = ORIENTED_EDGE ( 'NONE', *, *, #934, .T. ) ;
#3751 = SURFACE_STYLE_FILL_AREA ( #689 ) ;
#3752 =( NAMED_UNIT ( * ) PLANE_ANGLE_UNIT ( ) SI_UNIT ( $, .RADIAN. ) );
#3753 = SURFACE_STYLE_FILL_AREA ( #5470 ) ;
#3754 = FILL_AREA_STYLE ('',( #2747 ) ) ;
#3755 = EDGE_LOOP ( 'NONE', ( #1056, #236, #4222, #3045 ) ) ;
#3756 = DIRECTION ( 'NONE',  ( 0.0000000000000000000, -0.0000000000000000000, 1.000000000000000000 ) ) ;
#3757 = DIRECTION ( 'NONE',  ( 0.2079116908177567336, -0.9781476007338061329, -2.254183068697463410E-17 ) ) ;
#3758 = DIRECTION ( 'NONE',  ( 0.2079116908177577883, -0.9781476007338059109, -2.254183068697474503E-17 ) ) ;
#3759 = ORIENTED_EDGE ( 'NONE', *, *, #4732, .T. ) ;
#3760 = VERTEX_POINT ( 'NONE', #2740 ) ;
#3761 = DIRECTION ( 'NONE',  ( 0.7071067811865461294, 0.7071067811865490160, 0.0000000000000000000 ) ) ;
#3762 = CARTESIAN_POINT ( 'NONE',  ( -2.413297796358300218, -3.230070525179599361, -7.870000000000000107 ) ) ;
#3763 = EDGE_CURVE ( 'NONE', #3394, #3334, #3655, .T. ) ;
#3764 = DIRECTION ( 'NONE',  ( 1.548860246407863583E-16, 0.0000000000000000000, 1.000000000000000000 ) ) ;
#3765 = VECTOR ( 'NONE', #1812, 1000.000000000000000 ) ;
#3766 = VECTOR ( 'NONE', #1929, 1000.000000000000114 ) ;
#3767 = SURFACE_STYLE_FILL_AREA ( #1046 ) ;
#3768 = ADVANCED_FACE ( 'NONE', ( #2000 ), #2549, .T. ) ;
#3769 = ADVANCED_FACE ( 'NONE', ( #2887 ), #2093, .F. ) ;
#3770 = ORIENTED_EDGE ( 'NONE', *, *, #2399, .T. ) ;
#3771 = LINE ( 'NONE', #3297, #96 ) ;
#3772 = ORIENTED_EDGE ( 'NONE', *, *, #5219, .T. ) ;
#3773 = STYLED_ITEM ( 'NONE', ( #4832 ), #1875 ) ;
#3774 = SURFACE_STYLE_FILL_AREA ( #3742 ) ;
#3775 =( NAMED_UNIT ( * ) SI_UNIT ( $, .STERADIAN. ) SOLID_ANGLE_UNIT ( ) );
#3776 =( NAMED_UNIT ( * ) SI_UNIT ( $, .STERADIAN. ) SOLID_ANGLE_UNIT ( ) );
#3777 = FACE_OUTER_BOUND ( 'NONE', #2188, .T. ) ;
#3778 = LINE ( 'NONE', #4250, #1577 ) ;
#3779 = DIRECTION ( 'NONE',  ( 1.084202172485504311E-16, -0.0000000000000000000, 1.000000000000000000 ) ) ;
#3780 = EDGE_CURVE ( 'NONE', #2790, #2282, #384, .T. ) ;
#3781 =( GEOMETRIC_REPRESENTATION_CONTEXT ( 3 ) GLOBAL_UNCERTAINTY_ASSIGNED_CONTEXT ( ( #1145 ) ) GLOBAL_UNIT_ASSIGNED_CONTEXT ( ( #796, #2125, #5220 ) ) REPRESENTATION_CONTEXT ( 'NONE', 'WORKASPACE' ) );
#3782 = ORIENTED_EDGE ( 'NONE', *, *, #1841, .T. ) ;
#3783 = ORIENTED_EDGE ( 'NONE', *, *, #5359, .T. ) ;
#3784 = LINE ( 'NONE', #3304, #4036 ) ;
#3785 = FACE_OUTER_BOUND ( 'NONE', #2581, .T. ) ;
#3786 = FACE_OUTER_BOUND ( 'NONE', #2426, .T. ) ;
#3787 = FILL_AREA_STYLE_COLOUR ( '', #4292 ) ;
#3788 = ORIENTED_EDGE ( 'NONE', *, *, #2441, .T. ) ;
#3789 = SURFACE_SIDE_STYLE ('',( #695 ) ) ;
#3790 = VECTOR ( 'NONE', #680, 1000.000000000000000 ) ;
#3791 = CARTESIAN_POINT ( 'NONE',  ( -0.1437217191649879655, -3.149999999999999911, -0.2500000000000000555 ) ) ;
#3792 = LINE ( 'NONE', #3407, #2291 ) ;
#3793 = CARTESIAN_POINT ( 'NONE',  ( -2.290000000000000480, -2.649999999999991029, -2.289999999999999591 ) ) ;
#3794 = VERTEX_POINT ( 'NONE', #2130 ) ;
#3795 = VECTOR ( 'NONE', #4883, 1000.000000000000000 ) ;
#3796 = COLOUR_RGB ( '',1.000000000000000000, 1.000000000000000000, 0.5019607843137254832 ) ;
#3797 =( NAMED_UNIT ( * ) PLANE_ANGLE_UNIT ( ) SI_UNIT ( $, .RADIAN. ) );
#3798 = DIRECTION ( 'NONE',  ( 0.0000000000000000000, 1.000000000000000000, 0.0000000000000000000 ) ) ;
#3799 = EDGE_LOOP ( 'NONE', ( #459, #5372, #1883, #3710 ) ) ;
#3800 = MECHANICAL_DESIGN_GEOMETRIC_PRESENTATION_REPRESENTATION (  '', ( #583 ), #1059 ) ;
#3801 = UNCERTAINTY_MEASURE_WITH_UNIT (LENGTH_MEASURE( 1.000000000000000082E-05 ), #5448, 'distance_accuracy_value', 'NONE');
#3802 = FILL_AREA_STYLE ('',( #646 ) ) ;
#3803 = EDGE_CURVE ( 'NONE', #4980, #4634, #2634, .T. ) ;
#3804 = CARTESIAN_POINT ( 'NONE',  ( -2.290000000000000480, 0.0000000000000000000, -4.830000000000000071 ) ) ;
#3805 = CARTESIAN_POINT ( 'NONE',  ( -2.790000000000000924, 0.0000000000000000000, -2.289999999999999591 ) ) ;
#3806 = AXIS2_PLACEMENT_3D ( 'NONE', #5527, #762, #5239 ) ;
#3807 = MECHANICAL_DESIGN_GEOMETRIC_PRESENTATION_REPRESENTATION (  '', ( #702 ), #2109 ) ;
#3808 = STYLED_ITEM ( 'NONE', ( #5067 ), #3514 ) ;
#3809 = ORIENTED_EDGE ( 'NONE', *, *, #5327, .F. ) ;
#3810 = ADVANCED_FACE ( 'NONE', ( #5278 ), #882, .T. ) ;
#3811 = VERTEX_POINT ( 'NONE', #5775 ) ;
#3812 = AXIS2_PLACEMENT_3D ( 'NONE', #5149, #5236, #1566 ) ;
#3813 = FILL_AREA_STYLE_COLOUR ( '', #4942 ) ;
#3814 = EDGE_CURVE ( 'NONE', #1461, #994, #4008, .T. ) ;
#3815 = FILL_AREA_STYLE ('',( #4256 ) ) ;
#3816 = DIRECTION ( 'NONE',  ( -0.5773502691896268413, -0.5773502691896231775, 0.5773502691896271743 ) ) ;
#3817 = FILL_AREA_STYLE_COLOUR ( '', #2530 ) ;
#3818 = FACE_OUTER_BOUND ( 'NONE', #5478, .T. ) ;
#3819 = AXIS2_PLACEMENT_3D ( 'NONE', #576, #2116, #5045 ) ;
#3820 = FILL_AREA_STYLE ('',( #4675 ) ) ;
#3821 = ORIENTED_EDGE ( 'NONE', *, *, #226, .T. ) ;
#3822 = DIRECTION ( 'NONE',  ( 1.000000000000000000, 0.0000000000000000000, 0.0000000000000000000 ) ) ;
#3823 = AXIS2_PLACEMENT_3D ( 'NONE', #755, #2532, #203 ) ;
#3824 = PRESENTATION_STYLE_ASSIGNMENT (( #1636 ) ) ;
#3825 =( GEOMETRIC_REPRESENTATION_CONTEXT ( 3 ) GLOBAL_UNCERTAINTY_ASSIGNED_CONTEXT ( ( #1254 ) ) GLOBAL_UNIT_ASSIGNED_CONTEXT ( ( #2606, #2185, #5333 ) ) REPRESENTATION_CONTEXT ( 'NONE', 'WORKASPACE' ) );
#3826 = EDGE_LOOP ( 'NONE', ( #1176, #5144, #5431, #554 ) ) ;
#3827 =( NAMED_UNIT ( * ) SI_UNIT ( $, .STERADIAN. ) SOLID_ANGLE_UNIT ( ) );
#3828 =( NAMED_UNIT ( * ) PLANE_ANGLE_UNIT ( ) SI_UNIT ( $, .RADIAN. ) );
#3829 = EDGE_LOOP ( 'NONE', ( #3053, #3821, #5260, #4931 ) ) ;
#3830 = VERTEX_POINT ( 'NONE', #2685 ) ;
#3831 = SURFACE_STYLE_USAGE ( .BOTH. , #2380 ) ;
#3832 =( NAMED_UNIT ( * ) SI_UNIT ( $, .STERADIAN. ) SOLID_ANGLE_UNIT ( ) );
#3833 = DIRECTION ( 'NONE',  ( 0.0000000000000000000, -0.7071067811865459074, 0.7071067811865491270 ) ) ;
#3834 = SURFACE_SIDE_STYLE ('',( #3706 ) ) ;
#3835 = PLANE ( 'NONE',  #1345 ) ;
#3836 = CARTESIAN_POINT ( 'NONE',  ( -2.790000000000000924, -2.649999999999991918, -7.370000000000000107 ) ) ;
#3837 = SURFACE_STYLE_USAGE ( .BOTH. , #2383 ) ;
#3838 = STYLED_ITEM ( 'NONE', ( #1691 ), #314 ) ;
#3839 =( GEOMETRIC_REPRESENTATION_CONTEXT ( 3 ) GLOBAL_UNCERTAINTY_ASSIGNED_CONTEXT ( ( #1075 ) ) GLOBAL_UNIT_ASSIGNED_CONTEXT ( ( #209, #1670, #632 ) ) REPRESENTATION_CONTEXT ( 'NONE', 'WORKASPACE' ) );
#3840 = VECTOR ( 'NONE', #2827, 1000.000000000000000 ) ;
#3841 = EDGE_LOOP ( 'NONE', ( #5605, #3201, #2909, #2497 ) ) ;
#3842 = EDGE_CURVE ( 'NONE', #3596, #3367, #1216, .T. ) ;
#3843 = STYLED_ITEM ( 'NONE', ( #408 ), #451 ) ;
#3844 = ORIENTED_EDGE ( 'NONE', *, *, #851, .F. ) ;
#3845 = SURFACE_SIDE_STYLE ('',( #5140 ) ) ;
#3846 = STYLED_ITEM ( 'NONE', ( #1177 ), #4503 ) ;
#3847 = LINE ( 'NONE', #1013, #693 ) ;
#3848 = VERTEX_POINT ( 'NONE', #2575 ) ;
#3849 = VECTOR ( 'NONE', #4097, 1000.000000000000000 ) ;
#3850 = FACE_OUTER_BOUND ( 'NONE', #4816, .T. ) ;
#3851 = ORIENTED_EDGE ( 'NONE', *, *, #2113, .T. ) ;
#3852 = FACE_BOUND ( 'NONE', #4826, .T. ) ;
#3853 = VECTOR ( 'NONE', #1584, 1000.000000000000114 ) ;
#3854 = SURFACE_STYLE_FILL_AREA ( #247 ) ;
#3855 =( NAMED_UNIT ( * ) SI_UNIT ( $, .STERADIAN. ) SOLID_ANGLE_UNIT ( ) );
#3856 = EDGE_CURVE ( 'NONE', #1992, #1896, #5383, .T. ) ;
#3857 = FACE_OUTER_BOUND ( 'NONE', #1564, .T. ) ;
#3858 = ORIENTED_EDGE ( 'NONE', *, *, #1744, .F. ) ;
#3859 = SURFACE_STYLE_FILL_AREA ( #730 ) ;
#3860 = PLANE ( 'NONE',  #5720 ) ;
#3861 = LINE ( 'NONE', #3385, #4846 ) ;
#3862 = ORIENTED_EDGE ( 'NONE', *, *, #5661, .T. ) ;
#3863 = SURFACE_STYLE_USAGE ( .BOTH. , #5213 ) ;
#3864 = EDGE_LOOP ( 'NONE', ( #187, #2753, #112, #1111 ) ) ;
#3865 = FACE_OUTER_BOUND ( 'NONE', #728, .T. ) ;
#3866 = VECTOR ( 'NONE', #1697, 1000.000000000000114 ) ;
#3867 = FILL_AREA_STYLE_COLOUR ( '', #837 ) ;
#3868 = SURFACE_SIDE_STYLE ('',( #4279 ) ) ;
#3869 = DIRECTION ( 'NONE',  ( 1.084202172485504311E-16, -0.0000000000000000000, 1.000000000000000000 ) ) ;
#3870 = ORIENTED_EDGE ( 'NONE', *, *, #5693, .F. ) ;
#3871 = PRESENTATION_STYLE_ASSIGNMENT (( #2066 ) ) ;
#3872 = CARTESIAN_POINT ( 'NONE',  ( -0.2500000000000000000, -2.649999999999991029, 0.2500000000000000555 ) ) ;
#3873 =( NAMED_UNIT ( * ) PLANE_ANGLE_UNIT ( ) SI_UNIT ( $, .RADIAN. ) );
#3874 = ORIENTED_EDGE ( 'NONE', *, *, #2046, .F. ) ;
#3875 = ORIENTED_EDGE ( 'NONE', *, *, #5229, .T. ) ;
#3876 = SURFACE_STYLE_FILL_AREA ( #4260 ) ;
#3877 = SURFACE_STYLE_USAGE ( .BOTH. , #3055 ) ;
#3878 = ADVANCED_FACE ( 'NONE', ( #1451 ), #998, .T. ) ;
#3879 = EDGE_CURVE ( 'NONE', #3811, #5443, #1924, .T. ) ;
#3880 = CARTESIAN_POINT ( 'NONE',  ( -0.3500000000000002554, 4.099999999999996980, -2.189999999999999947 ) ) ;
#3881 = FILL_AREA_STYLE_COLOUR ( '', #4083 ) ;
#3882 =( NAMED_UNIT ( * ) PLANE_ANGLE_UNIT ( ) SI_UNIT ( $, .RADIAN. ) );
#3883 = LINE ( 'NONE', #1203, #199 ) ;
#3884 = EDGE_CURVE ( 'NONE', #4230, #4806, #3861, .T. ) ;
#3885 = CARTESIAN_POINT ( 'NONE',  ( 0.1437217191649879100, -3.149999999999999911, -0.2500000000000001110 ) ) ;
#3886 = LINE ( 'NONE', #3300, #2764 ) ;
#3887 = CARTESIAN_POINT ( 'NONE',  ( -2.190000000000000391, 4.099999999999996980, -2.889999999999999680 ) ) ;
#3888 =( LENGTH_UNIT ( ) NAMED_UNIT ( * ) SI_UNIT ( .MILLI., .METRE. ) );
#3889 = ORIENTED_EDGE ( 'NONE', *, *, #5480, .T. ) ;
#3890 = VERTEX_POINT ( 'NONE', #4659 ) ;
#3891 = DIRECTION ( 'NONE',  ( -1.084202172485503941E-16, 0.0000000000000000000, -1.000000000000000000 ) ) ;
#3892 = CARTESIAN_POINT ( 'NONE',  ( -0.3500000000000000333, 0.2999999999999990452, 0.3499999999999999223 ) ) ;
#3893 = LINE ( 'NONE', #3067, #4313 ) ;
#3894 = LINE ( 'NONE', #1182, #5440 ) ;
#3895 = SURFACE_STYLE_FILL_AREA ( #2128 ) ;
#3896 = SURFACE_STYLE_FILL_AREA ( #3566 ) ;
#3897 = EDGE_LOOP ( 'NONE', ( #1543, #22, #5095, #4796 ) ) ;
#3898 =( GEOMETRIC_REPRESENTATION_CONTEXT ( 3 ) GLOBAL_UNCERTAINTY_ASSIGNED_CONTEXT ( ( #4275 ) ) GLOBAL_UNIT_ASSIGNED_CONTEXT ( ( #3953, #2603, #1617 ) ) REPRESENTATION_CONTEXT ( 'NONE', 'WORKASPACE' ) );
#3899 = COLOUR_RGB ( '',0.2509803921568627416, 0.2509803921568627416, 0.2509803921568627416 ) ;
#3900 = LINE ( 'NONE', #273, #298 ) ;
#3901 = COLOUR_RGB ( '',1.000000000000000000, 1.000000000000000000, 0.5019607843137254832 ) ;
#3902 = FACE_OUTER_BOUND ( 'NONE', #999, .T. ) ;
#3903 = FACE_OUTER_BOUND ( 'NONE', #3841, .T. ) ;
#3904 = EDGE_LOOP ( 'NONE', ( #5301, #936, #4082, #3572 ) ) ;
#3905 =( GEOMETRIC_REPRESENTATION_CONTEXT ( 3 ) GLOBAL_UNCERTAINTY_ASSIGNED_CONTEXT ( ( #261 ) ) GLOBAL_UNIT_ASSIGNED_CONTEXT ( ( #1509, #511, #2833 ) ) REPRESENTATION_CONTEXT ( 'NONE', 'WORKASPACE' ) );
#3906 = CARTESIAN_POINT ( 'NONE',  ( 0.3499999999999997002, 0.2999999999999990452, -2.890000000000000124 ) ) ;
#3907 = VERTEX_POINT ( 'NONE', #1549 ) ;
#3908 = UNCERTAINTY_MEASURE_WITH_UNIT (LENGTH_MEASURE( 1.000000000000000082E-05 ), #2855, 'distance_accuracy_value', 'NONE');
#3909 = PRESENTATION_STYLE_ASSIGNMENT (( #1310 ) ) ;
#3910 = LINE ( 'NONE', #5207, #3866 ) ;
#3911 = CARTESIAN_POINT ( 'NONE',  ( -2.790000000000000924, -3.149999999999999911, -2.790000000000000036 ) ) ;
#3912 = ADVANCED_FACE ( 'NONE', ( #2543 ), #1047, .T. ) ;
#3913 = PLANE ( 'NONE',  #205 ) ;
#3914 = VECTOR ( 'NONE', #1885, 1000.000000000000000 ) ;
#3915 = UNCERTAINTY_MEASURE_WITH_UNIT (LENGTH_MEASURE( 1.000000000000000082E-05 ), #3528, 'distance_accuracy_value', 'NONE');
#3916 = FILL_AREA_STYLE ('',( #2115 ) ) ;
#3917 = FILL_AREA_STYLE ('',( #2084 ) ) ;
#3918 = ORIENTED_EDGE ( 'NONE', *, *, #3842, .T. ) ;
#3919 = CARTESIAN_POINT ( 'NONE',  ( -0.2500000000000008327, -3.149999999999999911, -7.870000000000000107 ) ) ;
#3920 = DIRECTION ( 'NONE',  ( -0.2079116908177577883, 0.9781476007338059109, 0.0000000000000000000 ) ) ;
#3921 = CARTESIAN_POINT ( 'NONE',  ( -0.3500000000000004774, 0.2999999999999990452, -4.730000000000000426 ) ) ;
#3922 = CARTESIAN_POINT ( 'NONE',  ( 0.3499999999999993117, 0.2999999999999990452, -7.969999999999999751 ) ) ;
#3923 = FILL_AREA_STYLE_COLOUR ( '', #375 ) ;
#3924 = FACE_OUTER_BOUND ( 'NONE', #4301, .T. ) ;
#3925 = SURFACE_STYLE_USAGE ( .BOTH. , #5718 ) ;
#3926 = ORIENTED_EDGE ( 'NONE', *, *, #2361, .F. ) ;
#3927 = ADVANCED_FACE ( 'NONE', ( #5488 ), #2841, .F. ) ;
#3928 = COLOUR_RGB ( '',1.000000000000000000, 1.000000000000000000, 0.5019607843137254832 ) ;
#3929 = DIRECTION ( 'NONE',  ( -1.548860246407863583E-16, 0.0000000000000000000, -1.000000000000000000 ) ) ;
#3930 =( NAMED_UNIT ( * ) PLANE_ANGLE_UNIT ( ) SI_UNIT ( $, .RADIAN. ) );
#3931 = STYLED_ITEM ( 'NONE', ( #4162 ), #2985 ) ;
#3932 = FILL_AREA_STYLE_COLOUR ( '', #4571 ) ;
#3933 = AXIS2_PLACEMENT_3D ( 'NONE', #1201, #4783, #4810 ) ;
#3934 = ORIENTED_EDGE ( 'NONE', *, *, #3191, .F. ) ;
#3935 =( GEOMETRIC_REPRESENTATION_CONTEXT ( 3 ) GLOBAL_UNCERTAINTY_ASSIGNED_CONTEXT ( ( #2905 ) ) GLOBAL_UNIT_ASSIGNED_CONTEXT ( ( #4642, #2010, #951 ) ) REPRESENTATION_CONTEXT ( 'NONE', 'WORKASPACE' ) );
#3936 = CARTESIAN_POINT ( 'NONE',  ( -0.3500000000000006994, 4.099999999999998757, -7.270000000000000462 ) ) ;
#3937 = ORIENTED_EDGE ( 'NONE', *, *, #1049, .T. ) ;
#3938 = CARTESIAN_POINT ( 'NONE',  ( -0.2500000000000006661, 0.0000000000000000000, -7.370000000000000107 ) ) ;
#3939 = FILL_AREA_STYLE_COLOUR ( '', #525 ) ;
#3940 = CARTESIAN_POINT ( 'NONE',  ( -2.790000000000000924, 0.0000000000000000000, -4.830000000000000071 ) ) ;
#3941 = COLOUR_RGB ( '',1.000000000000000000, 1.000000000000000000, 0.5019607843137254832 ) ;
#3942 =( GEOMETRIC_REPRESENTATION_CONTEXT ( 3 ) GLOBAL_UNCERTAINTY_ASSIGNED_CONTEXT ( ( #484 ) ) GLOBAL_UNIT_ASSIGNED_CONTEXT ( ( #1427, #4153, #4523 ) ) REPRESENTATION_CONTEXT ( 'NONE', 'WORKASPACE' ) );
#3943 =( GEOMETRIC_REPRESENTATION_CONTEXT ( 3 ) GLOBAL_UNCERTAINTY_ASSIGNED_CONTEXT ( ( #2772 ) ) GLOBAL_UNIT_ASSIGNED_CONTEXT ( ( #5504, #2864, #5444 ) ) REPRESENTATION_CONTEXT ( 'NONE', 'WORKASPACE' ) );
#3944 = CARTESIAN_POINT ( 'NONE',  ( 0.3499999999999993117, 0.2999999999999990452, -7.969999999999999751 ) ) ;
#3945 = SURFACE_STYLE_USAGE ( .BOTH. , #1702 ) ;
#3946 = FILL_AREA_STYLE_COLOUR ( '', #125 ) ;
#3947 =( NAMED_UNIT ( * ) SI_UNIT ( $, .STERADIAN. ) SOLID_ANGLE_UNIT ( ) );
#3948 = EDGE_CURVE ( 'NONE', #2991, #2934, #5633, .T. ) ;
#3949 = CARTESIAN_POINT ( 'NONE',  ( 0.2500000000000000555, 0.0000000000000000000, -0.2500000000000001110 ) ) ;
#3950 = ORIENTED_EDGE ( 'NONE', *, *, #2980, .T. ) ;
#3951 = ADVANCED_FACE ( 'NONE', ( #400 ), #4335, .T. ) ;
#3952 = LINE ( 'NONE', #1616, #2708 ) ;
#3953 =( LENGTH_UNIT ( ) NAMED_UNIT ( * ) SI_UNIT ( .MILLI., .METRE. ) );
#3954 = EDGE_CURVE ( 'NONE', #2790, #3628, #4789, .T. ) ;
#3955 = EDGE_CURVE ( 'NONE', #5719, #5105, #321, .T. ) ;
#3956 = PRESENTATION_STYLE_ASSIGNMENT (( #5668 ) ) ;
#3957 = CARTESIAN_POINT ( 'NONE',  ( -0.2500000000000001665, 0.0000000000000000000, -0.2500000000000000555 ) ) ;
#3958 = VERTEX_POINT ( 'NONE', #1647 ) ;
#3959 = VECTOR ( 'NONE', #3519, 1000.000000000000000 ) ;
#3960 = DIRECTION ( 'NONE',  ( 0.9781476007338062439, 0.2079116908177565670, -3.181529261181228373E-16 ) ) ;
#3961 =( LENGTH_UNIT ( ) NAMED_UNIT ( * ) SI_UNIT ( .MILLI., .METRE. ) );
#3962 = ADVANCED_FACE ( 'NONE', ( #1758 ), #4360, .T. ) ;
#3963 = EDGE_LOOP ( 'NONE', ( #1682, #5339, #1614, #3862 ) ) ;
#3964 = CARTESIAN_POINT ( 'NONE',  ( -2.890000000000000568, 0.2999999999999990452, -2.889999999999999680 ) ) ;
#3965 = EDGE_LOOP ( 'NONE', ( #2727, #607, #3402, #4387 ) ) ;
#3966 = PRESENTATION_STYLE_ASSIGNMENT (( #3003 ) ) ;
#3967 =( GEOMETRIC_REPRESENTATION_CONTEXT ( 3 ) GLOBAL_UNCERTAINTY_ASSIGNED_CONTEXT ( ( #1152 ) ) GLOBAL_UNIT_ASSIGNED_CONTEXT ( ( #2643, #2140, #1247 ) ) REPRESENTATION_CONTEXT ( 'NONE', 'WORKASPACE' ) );
#3968 = CARTESIAN_POINT ( 'NONE',  ( -2.290000000000000480, 0.0000000000000000000, -4.830000000000000071 ) ) ;
#3969 = FILL_AREA_STYLE ('',( #2075 ) ) ;
#3970 = VECTOR ( 'NONE', #5432, 1000.000000000000000 ) ;
#3971 = SURFACE_SIDE_STYLE ('',( #4000 ) ) ;
#3972 = UNCERTAINTY_MEASURE_WITH_UNIT (LENGTH_MEASURE( 1.000000000000000082E-05 ), #3089, 'distance_accuracy_value', 'NONE');
#3973 = STYLED_ITEM ( 'NONE', ( #4345 ), #2006 ) ;
#3974 = DIRECTION ( 'NONE',  ( 1.000000000000000000, -0.0000000000000000000, -8.537024980200825023E-17 ) ) ;
#3975 = LINE ( 'NONE', #1255, #4079 ) ;
#3976 = SURFACE_STYLE_FILL_AREA ( #1678 ) ;
#3977 = FILL_AREA_STYLE ('',( #4005 ) ) ;
#3978 = ORIENTED_EDGE ( 'NONE', *, *, #5252, .F. ) ;
#3979 = ORIENTED_EDGE ( 'NONE', *, *, #631, .F. ) ;
#3980 = STYLED_ITEM ( 'NONE', ( #727 ), #5258 ) ;
#3981 = EDGE_CURVE ( 'NONE', #2812, #4764, #824, .T. ) ;
#3982 = ADVANCED_FACE ( 'NONE', ( #5709 ), #1887, .F. ) ;
#3983 = CARTESIAN_POINT ( 'NONE',  ( -2.790000000000000480, -2.649999999999987477, -0.2499999999999998335 ) ) ;
#3984 = LINE ( 'NONE', #4798, #1511 ) ;
#3985 = SURFACE_SIDE_STYLE ('',( #2580 ) ) ;
#3986 = DIRECTION ( 'NONE',  ( 1.000000000000000000, 0.0000000000000000000, -1.548860246407863583E-16 ) ) ;
#3987 = STYLED_ITEM ( 'NONE', ( #3871 ), #4865 ) ;
#3988 = EDGE_CURVE ( 'NONE', #2453, #153, #1808, .T. ) ;
#3989 = EDGE_CURVE ( 'NONE', #1656, #5114, #1782, .T. ) ;
#3990 = UNCERTAINTY_MEASURE_WITH_UNIT (LENGTH_MEASURE( 1.000000000000000082E-05 ), #4741, 'distance_accuracy_value', 'NONE');
#3991 = LINE ( 'NONE', #1308, #4463 ) ;
#3992 = ORIENTED_EDGE ( 'NONE', *, *, #557, .T. ) ;
#3993 = AXIS2_PLACEMENT_3D ( 'NONE', #3585, #3122, #3613 ) ;
#3994 = DIRECTION ( 'NONE',  ( 0.0000000000000000000, -0.7071067811865459074, 0.7071067811865491270 ) ) ;
#3995 = AXIS2_PLACEMENT_3D ( 'NONE', #799, #3536, #4438 ) ;
#3996 = DIRECTION ( 'NONE',  ( -1.000000000000000000, 0.0000000000000000000, 1.548860246407863583E-16 ) ) ;
#3997 = DIRECTION ( 'NONE',  ( 0.0000000000000000000, 0.0000000000000000000, 1.000000000000000000 ) ) ;
#3998 = CARTESIAN_POINT ( 'NONE',  ( 0.1267022036416994013, -3.230070525179599805, -0.2500000000000001110 ) ) ;
#3999 =( GEOMETRIC_REPRESENTATION_CONTEXT ( 3 ) GLOBAL_UNCERTAINTY_ASSIGNED_CONTEXT ( ( #2971 ) ) GLOBAL_UNIT_ASSIGNED_CONTEXT ( ( #2360, #4132, #4918 ) ) REPRESENTATION_CONTEXT ( 'NONE', 'WORKASPACE' ) );
#4000 = SURFACE_STYLE_FILL_AREA ( #4050 ) ;
#4001 = CARTESIAN_POINT ( 'NONE',  ( 0.1267022036416995123, -3.230070525179599805, 0.2500000000000000000 ) ) ;
#4002 = LINE ( 'NONE', #371, #3057 ) ;
#4003 = CARTESIAN_POINT ( 'NONE',  ( -0.2500000000000002220, -3.149999999999999911, -2.290000000000000036 ) ) ;
#4004 = CARTESIAN_POINT ( 'NONE',  ( -2.890000000000000568, 0.2999999999999990452, -5.429999999999999716 ) ) ;
#4005 = FILL_AREA_STYLE_COLOUR ( '', #1716 ) ;
#4006 = ORIENTED_EDGE ( 'NONE', *, *, #2221, .F. ) ;
#4007 = DIRECTION ( 'NONE',  ( -1.548860246407863583E-16, 0.0000000000000000000, -1.000000000000000000 ) ) ;
#4008 = LINE ( 'NONE', #4849, #2778 ) ;
#4009 = ORIENTED_EDGE ( 'NONE', *, *, #1777, .T. ) ;
#4010 =( GEOMETRIC_REPRESENTATION_CONTEXT ( 3 ) GLOBAL_UNCERTAINTY_ASSIGNED_CONTEXT ( ( #3661 ) ) GLOBAL_UNIT_ASSIGNED_CONTEXT ( ( #867, #3052, #3488 ) ) REPRESENTATION_CONTEXT ( 'NONE', 'WORKASPACE' ) );
#4011 = LINE ( 'NONE', #1820, #2259 ) ;
#4012 = CARTESIAN_POINT ( 'NONE',  ( -0.3500000000000002554, 0.2999999999999990452, -2.189999999999999947 ) ) ;
#4013 =( GEOMETRIC_REPRESENTATION_CONTEXT ( 3 ) GLOBAL_UNCERTAINTY_ASSIGNED_CONTEXT ( ( #2624 ) ) GLOBAL_UNIT_ASSIGNED_CONTEXT ( ( #2510, #2878, #157 ) ) REPRESENTATION_CONTEXT ( 'NONE', 'WORKASPACE' ) );
#4014 = CARTESIAN_POINT ( 'NONE',  ( 0.3499999999999997002, 0.2999999999999990452, -2.890000000000000124 ) ) ;
#4015 = VECTOR ( 'NONE', #1155, 1000.000000000000114 ) ;
#4016 = ORIENTED_EDGE ( 'NONE', *, *, #1404, .F. ) ;
#4017 = DIRECTION ( 'NONE',  ( 3.252606517456512316E-16, -0.0000000000000000000, 1.000000000000000000 ) ) ;
#4018 = ADVANCED_FACE ( 'NONE', ( #5447 ), #4113, .F. ) ;
#4019 = FACE_OUTER_BOUND ( 'NONE', #4274, .T. ) ;
#4020 = EDGE_CURVE ( 'NONE', #559, #4044, #2751, .T. ) ;
#4021 = PLANE ( 'NONE',  #2783 ) ;
#4022 = STYLED_ITEM ( 'NONE', ( #2462 ), #4373 ) ;
#4023 = PRESENTATION_STYLE_ASSIGNMENT (( #5341 ) ) ;
#4024 = DIRECTION ( 'NONE',  ( -0.2079116908177567336, 0.9781476007338061329, 0.0000000000000000000 ) ) ;
#4025 = AXIS2_PLACEMENT_3D ( 'NONE', #4705, #4286, #1592 ) ;
#4026 = STYLED_ITEM ( 'NONE', ( #2416 ), #4449 ) ;
#4027 =( NAMED_UNIT ( * ) PLANE_ANGLE_UNIT ( ) SI_UNIT ( $, .RADIAN. ) );
#4028 = ADVANCED_FACE ( 'NONE', ( #544 ), #512, .F. ) ;
#4029 = SURFACE_STYLE_FILL_AREA ( #5739 ) ;
#4030 = VECTOR ( 'NONE', #3734, 1000.000000000000000 ) ;
#4031 = MECHANICAL_DESIGN_GEOMETRIC_PRESENTATION_REPRESENTATION (  '', ( #1014 ), #1477 ) ;
#4032 = EDGE_LOOP ( 'NONE', ( #5088, #2245, #2583, #2161, #3336, #1085 ) ) ;
#4033 = UNCERTAINTY_MEASURE_WITH_UNIT (LENGTH_MEASURE( 1.000000000000000082E-05 ), #4835, 'distance_accuracy_value', 'NONE');
#4034 =( NAMED_UNIT ( * ) PLANE_ANGLE_UNIT ( ) SI_UNIT ( $, .RADIAN. ) );
#4035 = LINE ( 'NONE', #2682, #742 ) ;
#4036 = VECTOR ( 'NONE', #3816, 1000.000000000000114 ) ;
#4037 =( NAMED_UNIT ( * ) SI_UNIT ( $, .STERADIAN. ) SOLID_ANGLE_UNIT ( ) );
#4038 = CARTESIAN_POINT ( 'NONE',  ( -2.790000000000000924, -3.149999999999999911, -2.790000000000000036 ) ) ;
#4039 = VERTEX_POINT ( 'NONE', #250 ) ;
#4040 = CARTESIAN_POINT ( 'NONE',  ( -2.290000000000000036, -2.649999999999991473, 0.2500000000000002220 ) ) ;
#4041 = SURFACE_SIDE_STYLE ('',( #2289 ) ) ;
#4042 = CARTESIAN_POINT ( 'NONE',  ( -1.789999999999996039, 4.500000000000000000, -2.189999999999999503 ) ) ;
#4043 = EDGE_LOOP ( 'NONE', ( #2049, #5131, #350, #2795 ) ) ;
#4044 = VERTEX_POINT ( 'NONE', #5545 ) ;
#4045 = PRESENTATION_STYLE_ASSIGNMENT (( #3165 ) ) ;
#4046 = STYLED_ITEM ( 'NONE', ( #1981 ), #1694 ) ;
#4047 = VECTOR ( 'NONE', #5306, 1000.000000000000000 ) ;
#4048 = SURFACE_STYLE_FILL_AREA ( #4451 ) ;
#4049 = CARTESIAN_POINT ( 'NONE',  ( -3.290000000000005809, 4.500000000000000000, -4.329999999999996518 ) ) ;
#4050 = FILL_AREA_STYLE ('',( #343 ) ) ;
#4051 = ADVANCED_FACE ( 'NONE', ( #2019 ), #1604, .T. ) ;
#4052 = EDGE_CURVE ( 'NONE', #3545, #4959, #1018, .T. ) ;
#4053 = FILL_AREA_STYLE ('',( #4891 ) ) ;
#4054 = DIRECTION ( 'NONE',  ( 0.2079116908177577883, 0.9781476007338059109, -2.254183068697474503E-17 ) ) ;
#4055 = EDGE_CURVE ( 'NONE', #2642, #4707, #2871, .T. ) ;
#4056 = VERTEX_POINT ( 'NONE', #4235 ) ;
#4057 = AXIS2_PLACEMENT_3D ( 'NONE', #1191, #5254, #5645 ) ;
#4058 = EDGE_CURVE ( 'NONE', #4692, #792, #176, .T. ) ;
#4059 = PRESENTATION_STYLE_ASSIGNMENT (( #3098 ) ) ;
#4060 = DIRECTION ( 'NONE',  ( -1.000000000000000000, 0.0000000000000000000, 1.548860246407863583E-16 ) ) ;
#4061 =( NAMED_UNIT ( * ) SI_UNIT ( $, .STERADIAN. ) SOLID_ANGLE_UNIT ( ) );
#4062 = SURFACE_STYLE_FILL_AREA ( #4951 ) ;
#4063 = ORIENTED_EDGE ( 'NONE', *, *, #3335, .T. ) ;
#4064 = VECTOR ( 'NONE', #2842, 1000.000000000000000 ) ;
#4065 = LINE ( 'NONE', #2218, #378 ) ;
#4066 =( NAMED_UNIT ( * ) SI_UNIT ( $, .STERADIAN. ) SOLID_ANGLE_UNIT ( ) );
#4067 = PLANE ( 'NONE',  #4177 ) ;
#4068 =( NAMED_UNIT ( * ) SI_UNIT ( $, .STERADIAN. ) SOLID_ANGLE_UNIT ( ) );
#4069 = ORIENTED_EDGE ( 'NONE', *, *, #1756, .T. ) ;
#4070 = UNCERTAINTY_MEASURE_WITH_UNIT (LENGTH_MEASURE( 1.000000000000000082E-05 ), #197, 'distance_accuracy_value', 'NONE');
#4071 = STYLED_ITEM ( 'NONE', ( #871 ), #5285 ) ;
#4072 = AXIS2_PLACEMENT_3D ( 'NONE', #4123, #1821, #5412 ) ;
#4073 =( GEOMETRIC_REPRESENTATION_CONTEXT ( 3 ) GLOBAL_UNCERTAINTY_ASSIGNED_CONTEXT ( ( #2561 ) ) GLOBAL_UNIT_ASSIGNED_CONTEXT ( ( #1443, #2368, #2805 ) ) REPRESENTATION_CONTEXT ( 'NONE', 'WORKASPACE' ) );
#4074 = PRESENTATION_STYLE_ASSIGNMENT (( #2671 ) ) ;
#4075 = AXIS2_PLACEMENT_3D ( 'NONE', #3480, #3390, #5222 ) ;
#4076 = ORIENTED_EDGE ( 'NONE', *, *, #4929, .F. ) ;
#4077 = PLANE ( 'NONE',  #3086 ) ;
#4078 = UNCERTAINTY_MEASURE_WITH_UNIT (LENGTH_MEASURE( 1.000000000000000082E-05 ), #5097, 'distance_accuracy_value', 'NONE');
#4079 = VECTOR ( 'NONE', #5708, 1000.000000000000000 ) ;
#4080 = VECTOR ( 'NONE', #2633, 1000.000000000000000 ) ;
#4081 = PRESENTATION_STYLE_ASSIGNMENT (( #2342 ) ) ;
#4082 = ORIENTED_EDGE ( 'NONE', *, *, #4648, .F. ) ;
#4083 = COLOUR_RGB ( '',0.2509803921568627416, 0.2509803921568627416, 0.2509803921568627416 ) ;
#4084 = UNCERTAINTY_MEASURE_WITH_UNIT (LENGTH_MEASURE( 1.000000000000000082E-05 ), #3392, 'distance_accuracy_value', 'NONE');
#4085 = MECHANICAL_DESIGN_GEOMETRIC_PRESENTATION_REPRESENTATION (  '', ( #4370 ), #1171 ) ;
#4086 =( NAMED_UNIT ( * ) PLANE_ANGLE_UNIT ( ) SI_UNIT ( $, .RADIAN. ) );
#4087 = DIRECTION ( 'NONE',  ( -1.000000000000000000, -0.0000000000000000000, 1.084202172485503941E-16 ) ) ;
#4088 =( LENGTH_UNIT ( ) NAMED_UNIT ( * ) SI_UNIT ( .MILLI., .METRE. ) );
#4089 = CARTESIAN_POINT ( 'NONE',  ( -2.890000000000000568, 0.2999999999999990452, -7.969999999999999751 ) ) ;
#4090 = FILL_AREA_STYLE ('',( #74 ) ) ;
#4091 = EDGE_CURVE ( 'NONE', #4210, #2642, #2910, .T. ) ;
#4092 = ORIENTED_EDGE ( 'NONE', *, *, #4441, .T. ) ;
#4093 = PRESENTATION_LAYER_ASSIGNMENT (  '', '', ( #233 ) ) ;
#4094 = VECTOR ( 'NONE', #1946, 1000.000000000000000 ) ;
#4095 = DIRECTION ( 'NONE',  ( 1.000000000000000000, 0.0000000000000000000, -1.084202172485504187E-16 ) ) ;
#4096 = CARTESIAN_POINT ( 'NONE',  ( 1.269999999999999796, 4.500000000000000000, 1.270000000000000240 ) ) ;
#4097 = DIRECTION ( 'NONE',  ( -0.0000000000000000000, 1.000000000000000000, -0.0000000000000000000 ) ) ;
#4098 = EDGE_CURVE ( 'NONE', #2192, #707, #3469, .T. ) ;
#4099 = COLOUR_RGB ( '',0.5019607843137254832, 0.5019607843137254832, 0.5019607843137254832 ) ;
#4100 =( LENGTH_UNIT ( ) NAMED_UNIT ( * ) SI_UNIT ( .MILLI., .METRE. ) );
#4101 = UNCERTAINTY_MEASURE_WITH_UNIT (LENGTH_MEASURE( 1.000000000000000082E-05 ), #2260, 'distance_accuracy_value', 'NONE');
#4102 = SURFACE_STYLE_USAGE ( .BOTH. , #1460 ) ;
#4103 = ORIENTED_EDGE ( 'NONE', *, *, #5734, .F. ) ;
#4104 = DIRECTION ( 'NONE',  ( -1.084202172485504311E-16, 0.0000000000000000000, -1.000000000000000000 ) ) ;
#4105 = CARTESIAN_POINT ( 'NONE',  ( 0.3499999999999999223, 0.2999999999999990452, -0.3500000000000000333 ) ) ;
#4106 = PRESENTATION_LAYER_ASSIGNMENT (  '', '', ( #4220 ) ) ;
#4107 = FILL_AREA_STYLE_COLOUR ( '', #1344 ) ;
#4108 = ORIENTED_EDGE ( 'NONE', *, *, #3452, .T. ) ;
#4109 = CARTESIAN_POINT ( 'NONE',  ( 0.3499999999999999223, 4.100000000000000533, -0.3500000000000000333 ) ) ;
#4110 = PLANE ( 'NONE',  #2114 ) ;
#4111 = VECTOR ( 'NONE', #723, 1000.000000000000000 ) ;
#4112 = EDGE_LOOP ( 'NONE', ( #1533, #2302, #2366, #4985 ) ) ;
#4113 = PLANE ( 'NONE',  #2700 ) ;
#4114 = ORIENTED_EDGE ( 'NONE', *, *, #2083, .T. ) ;
#4115 = AXIS2_PLACEMENT_3D ( 'NONE', #1879, #3685, #586 ) ;
#4116 = CARTESIAN_POINT ( 'NONE',  ( 0.7500000000000022204, 4.500000000000000000, 0.7500000000000017764 ) ) ;
#4117 = STYLED_ITEM ( 'NONE', ( #2174 ), #813 ) ;
#4118 = STYLED_ITEM ( 'NONE', ( #2612 ), #3154 ) ;
#4119 = MECHANICAL_DESIGN_GEOMETRIC_PRESENTATION_REPRESENTATION (  '', ( #1209 ), #584 ) ;
#4120 = ORIENTED_EDGE ( 'NONE', *, *, #667, .F. ) ;
#4121 =( GEOMETRIC_REPRESENTATION_CONTEXT ( 3 ) GLOBAL_UNCERTAINTY_ASSIGNED_CONTEXT ( ( #4494 ) ) GLOBAL_UNIT_ASSIGNED_CONTEXT ( ( #3961, #2554, #3074 ) ) REPRESENTATION_CONTEXT ( 'NONE', 'WORKASPACE' ) );
#4122 = EDGE_CURVE ( 'NONE', #3433, #5694, #5680, .T. ) ;
#4123 = CARTESIAN_POINT ( 'NONE',  ( -2.890000000000000568, 4.099999999999996980, -7.969999999999999751 ) ) ;
#4124 = CARTESIAN_POINT ( 'NONE',  ( -1.270000000000000018, 4.500000000000000000, -1.270000000000000462 ) ) ;
#4125 = FACE_OUTER_BOUND ( 'NONE', #95, .T. ) ;
#4126 = PRESENTATION_STYLE_ASSIGNMENT (( #1823 ) ) ;
#4127 = EDGE_CURVE ( 'NONE', #4056, #173, #1718, .T. ) ;
#4128 = SURFACE_STYLE_FILL_AREA ( #2822 ) ;
#4129 = VERTEX_POINT ( 'NONE', #726 ) ;
#4130 = EDGE_CURVE ( 'NONE', #734, #3720, #339, .T. ) ;
#4131 = FILL_AREA_STYLE ('',( #2392 ) ) ;
#4132 =( NAMED_UNIT ( * ) PLANE_ANGLE_UNIT ( ) SI_UNIT ( $, .RADIAN. ) );
#4133 = SURFACE_STYLE_FILL_AREA ( #1802 ) ;
#4134 = ORIENTED_EDGE ( 'NONE', *, *, #3050, .T. ) ;
#4135 = MECHANICAL_DESIGN_GEOMETRIC_PRESENTATION_REPRESENTATION (  '', ( #4046 ), #4502 ) ;
#4136 = EDGE_LOOP ( 'NONE', ( #1663, #2686, #5379, #4939 ) ) ;
#4137 = DIRECTION ( 'NONE',  ( -1.000000000000000000, 0.0000000000000000000, 0.0000000000000000000 ) ) ;
#4138 = LINE ( 'NONE', #4196, #2854 ) ;
#4139 = ORIENTED_EDGE ( 'NONE', *, *, #3164, .F. ) ;
#4140 = LINE ( 'NONE', #1419, #2095 ) ;
#4141 = ORIENTED_EDGE ( 'NONE', *, *, #3325, .F. ) ;
#4142 = MECHANICAL_DESIGN_GEOMETRIC_PRESENTATION_REPRESENTATION (  '', ( #2735 ), #1329 ) ;
#4143 = FILL_AREA_STYLE ('',( #1866 ) ) ;
#4144 = LINE ( 'NONE', #3237, #2754 ) ;
#4145 = LINE ( 'NONE', #996, #1599 ) ;
#4146 = CARTESIAN_POINT ( 'NONE',  ( -0.3500000000000006994, 4.099999999999998757, -7.270000000000000462 ) ) ;
#4147 = CARTESIAN_POINT ( 'NONE',  ( -2.790000000000000036, -3.149999999999999911, 0.2500000000000002776 ) ) ;
#4148 = ORIENTED_EDGE ( 'NONE', *, *, #1951, .F. ) ;
#4149 = CARTESIAN_POINT ( 'NONE',  ( 0.1437217191649879655, -3.149999999999999911, -7.370000000000000107 ) ) ;
#4150 = DIRECTION ( 'NONE',  ( 0.0000000000000000000, 1.000000000000000000, 0.0000000000000000000 ) ) ;
#4151 = DIRECTION ( 'NONE',  ( 3.252606517456512316E-16, -0.0000000000000000000, 1.000000000000000000 ) ) ;
#4152 = CARTESIAN_POINT ( 'NONE',  ( -0.3500000000000000333, 0.2999999999999990452, -0.3499999999999999223 ) ) ;
#4153 =( NAMED_UNIT ( * ) PLANE_ANGLE_UNIT ( ) SI_UNIT ( $, .RADIAN. ) );
#4154 = FILL_AREA_STYLE ('',( #2354 ) ) ;
#4155 = EDGE_CURVE ( 'NONE', #3367, #4692, #1751, .T. ) ;
#4156 = VECTOR ( 'NONE', #2255, 1000.000000000000000 ) ;
#4157 = PLANE ( 'NONE',  #3254 ) ;
#4158 = ORIENTED_EDGE ( 'NONE', *, *, #971, .F. ) ;
#4159 = CARTESIAN_POINT ( 'NONE',  ( -2.790000000000000036, 0.0000000000000000000, 0.2500000000000002776 ) ) ;
#4160 = CARTESIAN_POINT ( 'NONE',  ( -0.3500000000000000333, 4.100000000000000533, -0.3499999999999999223 ) ) ;
#4161 = DIRECTION ( 'NONE',  ( 0.0000000000000000000, 1.000000000000000000, 0.0000000000000000000 ) ) ;
#4162 = PRESENTATION_STYLE_ASSIGNMENT (( #503 ) ) ;
#4163 = CARTESIAN_POINT ( 'NONE',  ( -0.2500000000000000000, -3.149999999999999911, 0.2500000000000000555 ) ) ;
#4164 = EDGE_CURVE ( 'NONE', #3547, #1309, #3523, .T. ) ;
#4165 = ORIENTED_EDGE ( 'NONE', *, *, #5229, .F. ) ;
#4166 = SURFACE_STYLE_FILL_AREA ( #2364 ) ;
#4167 = ORIENTED_EDGE ( 'NONE', *, *, #3618, .F. ) ;
#4168 =( LENGTH_UNIT ( ) NAMED_UNIT ( * ) SI_UNIT ( .MILLI., .METRE. ) );
#4169 = VERTEX_POINT ( 'NONE', #5237 ) ;
#4170 = VERTEX_POINT ( 'NONE', #2565 ) ;
#4171 = PRESENTATION_LAYER_ASSIGNMENT (  '', '', ( #3241 ) ) ;
#4172 = CARTESIAN_POINT ( 'NONE',  ( -2.890000000000000568, 0.2999999999999990452, -5.429999999999999716 ) ) ;
#4173 = LINE ( 'NONE', #4686, #4941 ) ;
#4174 = ORIENTED_EDGE ( 'NONE', *, *, #2872, .T. ) ;
#4175 = LINE ( 'NONE', #4627, #2078 ) ;
#4176 = FILL_AREA_STYLE ('',( #1643 ) ) ;
#4177 = AXIS2_PLACEMENT_3D ( 'NONE', #5755, #1769, #3569 ) ;
#4178 = DIRECTION ( 'NONE',  ( 1.000000000000000000, 0.0000000000000000000, -1.084202172485504311E-16 ) ) ;
#4179 = VERTEX_POINT ( 'NONE', #394 ) ;
#4180 =( LENGTH_UNIT ( ) NAMED_UNIT ( * ) SI_UNIT ( .MILLI., .METRE. ) );
#4181 = VERTEX_POINT ( 'NONE', #4330 ) ;
#4182 = FACE_OUTER_BOUND ( 'NONE', #2668, .T. ) ;
#4183 = LINE ( 'NONE', #4577, #5156 ) ;
#4184 = FACE_OUTER_BOUND ( 'NONE', #3246, .T. ) ;
#4185 = EDGE_CURVE ( 'NONE', #390, #1810, #283, .T. ) ;
#4186 = SURFACE_SIDE_STYLE ('',( #3142 ) ) ;
#4187 = FILL_AREA_STYLE ('',( #587 ) ) ;
#4188 = ADVANCED_FACE ( 'NONE', ( #1167 ), #3494, .F. ) ;
#4189 = DIRECTION ( 'NONE',  ( 0.0000000000000000000, 0.0000000000000000000, -1.000000000000000000 ) ) ;
#4190 = PRESENTATION_LAYER_ASSIGNMENT (  '', '', ( #1084 ) ) ;
#4191 = EDGE_LOOP ( 'NONE', ( #2512, #543, #1269, #41 ) ) ;
#4192 = CARTESIAN_POINT ( 'NONE',  ( -0.2500000000000004441, -3.149999999999999911, -4.830000000000000071 ) ) ;
#4193 = DIRECTION ( 'NONE',  ( -1.084202172485504311E-16, 0.0000000000000000000, -1.000000000000000000 ) ) ;
#4194 = EDGE_CURVE ( 'NONE', #3596, #173, #1250, .T. ) ;
#4195 = FACE_OUTER_BOUND ( 'NONE', #4412, .T. ) ;
#4196 = CARTESIAN_POINT ( 'NONE',  ( -2.790000000000000924, 0.0000000000000000000, -7.370000000000000107 ) ) ;
#4197 = VECTOR ( 'NONE', #2928, 1000.000000000000000 ) ;
#4198 = VERTEX_POINT ( 'NONE', #4049 ) ;
#4199 = DIRECTION ( 'NONE',  ( -0.7071067811865459074, 0.7071067811865491270, 1.095209583345264635E-16 ) ) ;
#4200 = STYLED_ITEM ( 'NONE', ( #4457 ), #4018 ) ;
#4201 = VERTEX_POINT ( 'NONE', #1363 ) ;
#4202 = UNCERTAINTY_MEASURE_WITH_UNIT (LENGTH_MEASURE( 1.000000000000000082E-05 ), #130, 'distance_accuracy_value', 'NONE');
#4203 = FILL_AREA_STYLE ('',( #599 ) ) ;
#4204 = MECHANICAL_DESIGN_GEOMETRIC_PRESENTATION_REPRESENTATION (  '', ( #5471 ), #4561 ) ;
#4205 = CARTESIAN_POINT ( 'NONE',  ( -2.413297796358300218, -3.230070525179599361, -5.330000000000000959 ) ) ;
#4206 = PRESENTATION_LAYER_ASSIGNMENT (  '', '', ( #438 ) ) ;
#4207 = CARTESIAN_POINT ( 'NONE',  ( -2.890000000000000124, 0.2999999999999990452, 0.3500000000000001443 ) ) ;
#4208 = FILL_AREA_STYLE_COLOUR ( '', #2287 ) ;
#4209 = PRESENTATION_LAYER_ASSIGNMENT (  '', '', ( #3843 ) ) ;
#4210 = VERTEX_POINT ( 'NONE', #4991 ) ;
#4211 = ORIENTED_EDGE ( 'NONE', *, *, #1144, .F. ) ;
#4212 = UNCERTAINTY_MEASURE_WITH_UNIT (LENGTH_MEASURE( 1.000000000000000082E-05 ), #4590, 'distance_accuracy_value', 'NONE');
#4213 = UNCERTAINTY_MEASURE_WITH_UNIT (LENGTH_MEASURE( 1.000000000000000082E-05 ), #4458, 'distance_accuracy_value', 'NONE');
#4214 = PRESENTATION_STYLE_ASSIGNMENT (( #3678 ) ) ;
#4215 = LINE ( 'NONE', #162, #4819 ) ;
#4216 = PLANE ( 'NONE',  #3368 ) ;
#4217 = PRESENTATION_STYLE_ASSIGNMENT (( #1028 ) ) ;
#4218 = CARTESIAN_POINT ( 'NONE',  ( -2.190000000000000391, 0.2999999999999990452, -4.730000000000000426 ) ) ;
#4219 = LINE ( 'NONE', #2452, #3557 ) ;
#4220 = STYLED_ITEM ( 'NONE', ( #3721 ), #4601 ) ;
#4221 = CARTESIAN_POINT ( 'NONE',  ( -0.2500000000000000000, -3.149999999999999911, 0.2500000000000000555 ) ) ;
#4222 = ORIENTED_EDGE ( 'NONE', *, *, #817, .T. ) ;
#4223 = UNCERTAINTY_MEASURE_WITH_UNIT (LENGTH_MEASURE( 1.000000000000000082E-05 ), #547, 'distance_accuracy_value', 'NONE');
#4224 = FILL_AREA_STYLE_COLOUR ( '', #346 ) ;
#4225 = ORIENTED_EDGE ( 'NONE', *, *, #2324, .T. ) ;
#4226 = DIRECTION ( 'NONE',  ( -1.000000000000000000, 0.0000000000000000000, 3.252606517456512316E-16 ) ) ;
#4227 =( NAMED_UNIT ( * ) SI_UNIT ( $, .STERADIAN. ) SOLID_ANGLE_UNIT ( ) );
#4228 = ORIENTED_EDGE ( 'NONE', *, *, #4376, .T. ) ;
#4229 = CARTESIAN_POINT ( 'NONE',  ( -2.413297796358299774, -3.230070525179599361, 0.2500000000000002220 ) ) ;
#4230 = VERTEX_POINT ( 'NONE', #3223 ) ;
#4231 = DIRECTION ( 'NONE',  ( -1.084202172485504311E-16, 0.0000000000000000000, -1.000000000000000000 ) ) ;
#4232 = CARTESIAN_POINT ( 'NONE',  ( -0.2500000000000006661, 0.0000000000000000000, -7.370000000000000107 ) ) ;
#4233 = LINE ( 'NONE', #3229, #1536 ) ;
#4234 = ORIENTED_EDGE ( 'NONE', *, *, #3130, .F. ) ;
#4235 = CARTESIAN_POINT ( 'NONE',  ( 0.3499999999999993117, 0.2999999999999990452, -7.969999999999999751 ) ) ;
#4236 = EDGE_CURVE ( 'NONE', #3290, #5003, #5421, .T. ) ;
#4237 = ADVANCED_FACE ( 'NONE', ( #7 ), #534, .T. ) ;
#4238 = FILL_AREA_STYLE ('',( #4650 ) ) ;
#4239 = ORIENTED_EDGE ( 'NONE', *, *, #1485, .F. ) ;
#4240 = SURFACE_SIDE_STYLE ('',( #2407 ) ) ;
#4241 = SURFACE_SIDE_STYLE ('',( #600 ) ) ;
#4242 = MECHANICAL_DESIGN_GEOMETRIC_PRESENTATION_REPRESENTATION (  '', ( #2070 ), #3389 ) ;
#4243 =( NAMED_UNIT ( * ) PLANE_ANGLE_UNIT ( ) SI_UNIT ( $, .RADIAN. ) );
#4244 = DIRECTION ( 'NONE',  ( -1.548860246407863583E-16, 0.0000000000000000000, -1.000000000000000000 ) ) ;
#4245 = EDGE_LOOP ( 'NONE', ( #2431, #2919, #1295, #5227 ) ) ;
#4246 = FILL_AREA_STYLE_COLOUR ( '', #5187 ) ;
#4247 = ORIENTED_EDGE ( 'NONE', *, *, #862, .F. ) ;
#4248 = CARTESIAN_POINT ( 'NONE',  ( 0.2500000000000001110, 0.0000000000000000000, 0.2500000000000000000 ) ) ;
#4249 =( NAMED_UNIT ( * ) PLANE_ANGLE_UNIT ( ) SI_UNIT ( $, .RADIAN. ) );
#4250 = CARTESIAN_POINT ( 'NONE',  ( -0.3500000000000001443, 4.500000000000000000, -1.789999999999995595 ) ) ;
#4251 = CARTESIAN_POINT ( 'NONE',  ( -2.290000000000000480, -2.649999999999991473, -5.330000000000000959 ) ) ;
#4252 = MECHANICAL_DESIGN_GEOMETRIC_PRESENTATION_REPRESENTATION (  '', ( #5 ), #3781 ) ;
#4253 = EDGE_LOOP ( 'NONE', ( #2009, #1389, #4321, #2808 ) ) ;
#4254 = PLANE ( 'NONE',  #818 ) ;
#4255 = EDGE_LOOP ( 'NONE', ( #678, #4791, #4239, #3870 ) ) ;
#4256 = FILL_AREA_STYLE_COLOUR ( '', #1672 ) ;
#4257 = DIRECTION ( 'NONE',  ( 0.5773502691896266192, -0.5773502691896240657, 0.5773502691896266192 ) ) ;
#4258 = ORIENTED_EDGE ( 'NONE', *, *, #4482, .F. ) ;
#4259 = ORIENTED_EDGE ( 'NONE', *, *, #2274, .T. ) ;
#4260 = FILL_AREA_STYLE ('',( #5573 ) ) ;
#4261 =( LENGTH_UNIT ( ) NAMED_UNIT ( * ) SI_UNIT ( .MILLI., .METRE. ) );
#4262 = DIRECTION ( 'NONE',  ( 1.000000000000000000, 0.0000000000000000000, -1.548860246407863583E-16 ) ) ;
#4263 = DIRECTION ( 'NONE',  ( -1.548860246407863583E-16, -0.0000000000000000000, -1.000000000000000000 ) ) ;
#4264 = MECHANICAL_DESIGN_GEOMETRIC_PRESENTATION_REPRESENTATION (  '', ( #303 ), #4359 ) ;
#4265 = ORIENTED_EDGE ( 'NONE', *, *, #5047, .T. ) ;
#4266 = LINE ( 'NONE', #4172, #4444 ) ;
#4267 = PRESENTATION_STYLE_ASSIGNMENT (( #3945 ) ) ;
#4268 = DIRECTION ( 'NONE',  ( 0.5773502691896270633, 0.5773502691896232886, 0.5773502691896268413 ) ) ;
#4269 = MECHANICAL_DESIGN_GEOMETRIC_PRESENTATION_REPRESENTATION (  '', ( #4071 ), #404 ) ;
#4270 =( GEOMETRIC_REPRESENTATION_CONTEXT ( 3 ) GLOBAL_UNCERTAINTY_ASSIGNED_CONTEXT ( ( #4778 ) ) GLOBAL_UNIT_ASSIGNED_CONTEXT ( ( #181, #5091, #3353 ) ) REPRESENTATION_CONTEXT ( 'NONE', 'WORKASPACE' ) );
#4271 = FILL_AREA_STYLE ('',( #4208 ) ) ;
#4272 = VERTEX_POINT ( 'NONE', #899 ) ;
#4273 = PRESENTATION_STYLE_ASSIGNMENT (( #3863 ) ) ;
#4274 = EDGE_LOOP ( 'NONE', ( #420, #3435, #1746, #4987 ) ) ;
#4275 = UNCERTAINTY_MEASURE_WITH_UNIT (LENGTH_MEASURE( 1.000000000000000082E-05 ), #3953, 'distance_accuracy_value', 'NONE');
#4276 = ADVANCED_FACE ( 'NONE', ( #3663 ), #4021, .T. ) ;
#4277 = FILL_AREA_STYLE ('',( #2948 ) ) ;
#4278 = DIRECTION ( 'NONE',  ( -0.2079116908177565393, -0.9781476007338061329, 0.0000000000000000000 ) ) ;
#4279 = SURFACE_STYLE_FILL_AREA ( #1214 ) ;
#4280 = CARTESIAN_POINT ( 'NONE',  ( -2.290000000000000480, -2.649999999999991473, -2.289999999999999591 ) ) ;
#4281 =( GEOMETRIC_REPRESENTATION_CONTEXT ( 3 ) GLOBAL_UNCERTAINTY_ASSIGNED_CONTEXT ( ( #190 ) ) GLOBAL_UNIT_ASSIGNED_CONTEXT ( ( #2148, #3828, #3947 ) ) REPRESENTATION_CONTEXT ( 'NONE', 'WORKASPACE' ) );
#4282 = ORIENTED_EDGE ( 'NONE', *, *, #516, .F. ) ;
#4283 = VERTEX_POINT ( 'NONE', #1775 ) ;
#4284 = DIRECTION ( 'NONE',  ( -1.548860246407863583E-16, -0.0000000000000000000, -1.000000000000000000 ) ) ;
#4285 = CARTESIAN_POINT ( 'NONE',  ( 0.1437217191649881043, -3.149999999999999911, -5.330000000000000959 ) ) ;
#4286 = DIRECTION ( 'NONE',  ( 0.7071067811865461294, 0.7071067811865490160, 0.0000000000000000000 ) ) ;
#4287 = VECTOR ( 'NONE', #589, 1000.000000000000000 ) ;
#4288 = ORIENTED_EDGE ( 'NONE', *, *, #2327, .F. ) ;
#4289 = ORIENTED_EDGE ( 'NONE', *, *, #4376, .F. ) ;
#4290 = FACE_OUTER_BOUND ( 'NONE', #204, .T. ) ;
#4291 = SURFACE_STYLE_USAGE ( .BOTH. , #3789 ) ;
#4292 = COLOUR_RGB ( '',0.5019607843137254832, 0.5019607843137254832, 0.5019607843137254832 ) ;
#4293 =( NAMED_UNIT ( * ) SI_UNIT ( $, .STERADIAN. ) SOLID_ANGLE_UNIT ( ) );
#4294 = MECHANICAL_DESIGN_GEOMETRIC_PRESENTATION_REPRESENTATION (  '', ( #2304 ), #1188 ) ;
#4295 =( NAMED_UNIT ( * ) SI_UNIT ( $, .STERADIAN. ) SOLID_ANGLE_UNIT ( ) );
#4296 = ORIENTED_EDGE ( 'NONE', *, *, #3305, .F. ) ;
#4297 = DIRECTION ( 'NONE',  ( -0.0000000000000000000, 0.0000000000000000000, 1.000000000000000000 ) ) ;
#4298 = CARTESIAN_POINT ( 'NONE',  ( -2.683721719164989583, -3.149999999999999911, -2.790000000000000036 ) ) ;
#4299 = AXIS2_PLACEMENT_3D ( 'NONE', #330, #2187, #4418 ) ;
#4300 =( GEOMETRIC_REPRESENTATION_CONTEXT ( 3 ) GLOBAL_UNCERTAINTY_ASSIGNED_CONTEXT ( ( #10 ) ) GLOBAL_UNIT_ASSIGNED_CONTEXT ( ( #5094, #3797, #5127 ) ) REPRESENTATION_CONTEXT ( 'NONE', 'WORKASPACE' ) );
#4301 = EDGE_LOOP ( 'NONE', ( #4720, #3516, #2464, #4225 ) ) ;
#4302 =( NAMED_UNIT ( * ) PLANE_ANGLE_UNIT ( ) SI_UNIT ( $, .RADIAN. ) );
#4303 = VECTOR ( 'NONE', #2197, 1000.000000000000000 ) ;
#4304 = ORIENTED_EDGE ( 'NONE', *, *, #1213, .T. ) ;
#4305 = MECHANICAL_DESIGN_GEOMETRIC_PRESENTATION_REPRESENTATION (  '', ( #2621 ), #3839 ) ;
#4306 = CARTESIAN_POINT ( 'NONE',  ( -2.190000000000000391, 4.099999999999996980, -7.969999999999999751 ) ) ;
#4307 = LINE ( 'NONE', #5641, #1099 ) ;
#4308 = FILL_AREA_STYLE ('',( #4727 ) ) ;
#4309 = CARTESIAN_POINT ( 'NONE',  ( -3.290000000000005809, 4.500000000000000000, -6.869999999999995666 ) ) ;
#4310 = COLOUR_RGB ( '',1.000000000000000000, 1.000000000000000000, 0.5019607843137254832 ) ;
#4311 =( GEOMETRIC_REPRESENTATION_CONTEXT ( 3 ) GLOBAL_UNCERTAINTY_ASSIGNED_CONTEXT ( ( #5348 ) ) GLOBAL_UNIT_ASSIGNED_CONTEXT ( ( #2997, #2099, #4227 ) ) REPRESENTATION_CONTEXT ( 'NONE', 'WORKASPACE' ) );
#4312 = EDGE_CURVE ( 'NONE', #4576, #1656, #2273, .T. ) ;
#4313 = VECTOR ( 'NONE', #1233, 1000.000000000000000 ) ;
#4314 = VECTOR ( 'NONE', #4392, 1000.000000000000000 ) ;
#4315 = VECTOR ( 'NONE', #3679, 1000.000000000000114 ) ;
#4316 = SURFACE_SIDE_STYLE ('',( #778 ) ) ;
#4317 = DIRECTION ( 'NONE',  ( 0.9781476007338062439, 0.2079116908177564282, -3.181529261181228373E-16 ) ) ;
#4318 = CARTESIAN_POINT ( 'NONE',  ( 0.3499999999999997002, 4.099999999999996980, -2.890000000000000124 ) ) ;
#4319 = PRESENTATION_STYLE_ASSIGNMENT (( #2556 ) ) ;
#4320 = ADVANCED_FACE ( 'NONE', ( #1881 ), #5026, .F. ) ;
#4321 = ORIENTED_EDGE ( 'NONE', *, *, #4732, .F. ) ;
#4322 = COLOUR_RGB ( '',1.000000000000000000, 1.000000000000000000, 0.5019607843137254832 ) ;
#4323 = EDGE_CURVE ( 'NONE', #709, #4272, #4579, .T. ) ;
#4324 = DIRECTION ( 'NONE',  ( 0.2079116908177564282, 0.9781476007338061329, -2.254183068697460020E-17 ) ) ;
#4325 = ORIENTED_EDGE ( 'NONE', *, *, #746, .T. ) ;
#4326 = SURFACE_STYLE_USAGE ( .BOTH. , #2865 ) ;
#4327 = DIRECTION ( 'NONE',  ( 0.5773502691896266192, 0.5773502691896240657, 0.5773502691896265082 ) ) ;
#4328 = PRESENTATION_STYLE_ASSIGNMENT (( #3034 ) ) ;
#4329 = SURFACE_STYLE_USAGE ( .BOTH. , #663 ) ;
#4330 = CARTESIAN_POINT ( 'NONE',  ( -0.2500000000000006661, 0.0000000000000000000, -7.370000000000000107 ) ) ;
#4331 = DIRECTION ( 'NONE',  ( -0.5773502691896269523, 0.5773502691896239547, 0.5773502691896263972 ) ) ;
#4332 = ORIENTED_EDGE ( 'NONE', *, *, #109, .F. ) ;
#4333 = CARTESIAN_POINT ( 'NONE',  ( -0.3500000000000002554, 4.099999999999996980, -2.189999999999999947 ) ) ;
#4334 = SURFACE_SIDE_STYLE ('',( #3976 ) ) ;
#4335 = PLANE ( 'NONE',  #5462 ) ;
#4336 = CARTESIAN_POINT ( 'NONE',  ( -2.189999999999999947, 4.099999999999996980, -5.429999999999999716 ) ) ;
#4337 = VERTEX_POINT ( 'NONE', #1008 ) ;
#4338 = SURFACE_SIDE_STYLE ('',( #1652 ) ) ;
#4339 = AXIS2_PLACEMENT_3D ( 'NONE', #2907, #4678, #1945 ) ;
#4340 =( NAMED_UNIT ( * ) PLANE_ANGLE_UNIT ( ) SI_UNIT ( $, .RADIAN. ) );
#4341 = STYLED_ITEM ( 'NONE', ( #487 ), #1184 ) ;
#4342 = DIRECTION ( 'NONE',  ( -0.2079116908177567336, 0.9781476007338061329, 2.254183068697462485E-17 ) ) ;
#4343 = SURFACE_STYLE_FILL_AREA ( #615 ) ;
#4344 = ORIENTED_EDGE ( 'NONE', *, *, #8, .F. ) ;
#4345 = PRESENTATION_STYLE_ASSIGNMENT (( #3484 ) ) ;
#4346 = LINE ( 'NONE', #5602, #2427 ) ;
#4347 = EDGE_CURVE ( 'NONE', #1505, #1620, #3252, .T. ) ;
#4348 =( LENGTH_UNIT ( ) NAMED_UNIT ( * ) SI_UNIT ( .MILLI., .METRE. ) );
#4349 = ORIENTED_EDGE ( 'NONE', *, *, #3954, .F. ) ;
#4350 = FACE_OUTER_BOUND ( 'NONE', #5622, .T. ) ;
#4351 = SURFACE_STYLE_FILL_AREA ( #3032 ) ;
#4352 =( NAMED_UNIT ( * ) PLANE_ANGLE_UNIT ( ) SI_UNIT ( $, .RADIAN. ) );
#4353 = CARTESIAN_POINT ( 'NONE',  ( -0.1437217191649891590, -3.149999999999999911, -7.370000000000000107 ) ) ;
#4354 = EDGE_CURVE ( 'NONE', #4534, #2296, #625, .T. ) ;
#4355 =( NAMED_UNIT ( * ) PLANE_ANGLE_UNIT ( ) SI_UNIT ( $, .RADIAN. ) );
#4356 =( GEOMETRIC_REPRESENTATION_CONTEXT ( 3 ) GLOBAL_UNCERTAINTY_ASSIGNED_CONTEXT ( ( #4078 ) ) GLOBAL_UNIT_ASSIGNED_CONTEXT ( ( #5097, #1993, #1077 ) ) REPRESENTATION_CONTEXT ( 'NONE', 'WORKASPACE' ) );
#4357 = DIRECTION ( 'NONE',  ( -0.7071067811865461294, 0.7071067811865490160, 1.095209583345265005E-16 ) ) ;
#4358 = DIRECTION ( 'NONE',  ( 1.000000000000000000, 0.0000000000000000000, -1.084202172485504311E-16 ) ) ;
#4359 =( GEOMETRIC_REPRESENTATION_CONTEXT ( 3 ) GLOBAL_UNCERTAINTY_ASSIGNED_CONTEXT ( ( #4830 ) ) GLOBAL_UNIT_ASSIGNED_CONTEXT ( ( #1785, #4411, #5711 ) ) REPRESENTATION_CONTEXT ( 'NONE', 'WORKASPACE' ) );
#4360 = PLANE ( 'NONE',  #4469 ) ;
#4361 = DIRECTION ( 'NONE',  ( -0.7071067811865464625, 0.7071067811865486830, 1.095209583345265622E-16 ) ) ;
#4362 = ORIENTED_EDGE ( 'NONE', *, *, #1988, .F. ) ;
#4363 = SURFACE_STYLE_USAGE ( .BOTH. , #425 ) ;
#4364 = SURFACE_STYLE_FILL_AREA ( #2090 ) ;
#4365 = ORIENTED_EDGE ( 'NONE', *, *, #4907, .F. ) ;
#4366 = PRESENTATION_LAYER_ASSIGNMENT (  '', '', ( #206 ) ) ;
#4367 = ORIENTED_EDGE ( 'NONE', *, *, #1319, .F. ) ;
#4368 = DIRECTION ( 'NONE',  ( -3.252606517456512316E-16, 0.0000000000000000000, -1.000000000000000000 ) ) ;
#4369 = ORIENTED_EDGE ( 'NONE', *, *, #2725, .T. ) ;
#4370 = STYLED_ITEM ( 'NONE', ( #4319 ), #3649 ) ;
#4371 = EDGE_LOOP ( 'NONE', ( #158, #4381, #5123, #2020 ) ) ;
#4372 = SURFACE_SIDE_STYLE ('',( #2169 ) ) ;
#4373 = ADVANCED_FACE ( 'NONE', ( #3786 ), #2900, .F. ) ;
#4374 = UNCERTAINTY_MEASURE_WITH_UNIT (LENGTH_MEASURE( 1.000000000000000082E-05 ), #3640, 'distance_accuracy_value', 'NONE');
#4375 = DIRECTION ( 'NONE',  ( 2.561107494060245658E-16, -0.0000000000000000000, 1.000000000000000000 ) ) ;
#4376 = EDGE_CURVE ( 'NONE', #2296, #928, #2718, .T. ) ;
#4377 = EDGE_CURVE ( 'NONE', #3698, #56, #552, .T. ) ;
#4378 =( NAMED_UNIT ( * ) SI_UNIT ( $, .STERADIAN. ) SOLID_ANGLE_UNIT ( ) );
#4379 = SURFACE_STYLE_FILL_AREA ( #3917 ) ;
#4380 = PLANE ( 'NONE',  #1713 ) ;
#4381 = ORIENTED_EDGE ( 'NONE', *, *, #862, .T. ) ;
#4382 = EDGE_CURVE ( 'NONE', #2180, #4576, #4925, .T. ) ;
#4383 = FACE_OUTER_BOUND ( 'NONE', #546, .T. ) ;
#4384 = DIRECTION ( 'NONE',  ( 0.0000000000000000000, 1.000000000000000000, 0.0000000000000000000 ) ) ;
#4385 = PRESENTATION_LAYER_ASSIGNMENT (  '', '', ( #721 ) ) ;
#4386 = DIRECTION ( 'NONE',  ( -1.000000000000000000, 0.0000000000000000000, 1.084202172485503941E-16 ) ) ;
#4387 = ORIENTED_EDGE ( 'NONE', *, *, #667, .T. ) ;
#4388 = APPLICATION_PROTOCOL_DEFINITION ( 'draft international standard', 'automotive_design', 1998, #2551 ) ;
#4389 = ORIENTED_EDGE ( 'NONE', *, *, #986, .F. ) ;
#4390 = SURFACE_SIDE_STYLE ('',( #2995 ) ) ;
#4391 =( LENGTH_UNIT ( ) NAMED_UNIT ( * ) SI_UNIT ( .MILLI., .METRE. ) );
#4392 = DIRECTION ( 'NONE',  ( 0.0000000000000000000, 0.0000000000000000000, 1.000000000000000000 ) ) ;
#4393 = STYLED_ITEM ( 'NONE', ( #3343 ), #4320 ) ;
#4394 = ORIENTED_EDGE ( 'NONE', *, *, #4765, .T. ) ;
#4395 = VECTOR ( 'NONE', #2728, 1000.000000000000000 ) ;
#4396 = DIRECTION ( 'NONE',  ( -0.0000000000000000000, 1.000000000000000000, -0.0000000000000000000 ) ) ;
#4397 = ORIENTED_EDGE ( 'NONE', *, *, #446, .T. ) ;
#4398 = DIRECTION ( 'NONE',  ( -1.084202172485504187E-16, 0.0000000000000000000, -1.000000000000000000 ) ) ;
#4399 = SURFACE_STYLE_FILL_AREA ( #3969 ) ;
#4400 = FILL_AREA_STYLE ('',( #1284 ) ) ;
#4401 = STYLED_ITEM ( 'NONE', ( #2712 ), #579 ) ;
#4402 =( GEOMETRIC_REPRESENTATION_CONTEXT ( 3 ) GLOBAL_UNCERTAINTY_ASSIGNED_CONTEXT ( ( #2015 ) ) GLOBAL_UNIT_ASSIGNED_CONTEXT ( ( #4611, #5289, #1878 ) ) REPRESENTATION_CONTEXT ( 'NONE', 'WORKASPACE' ) );
#4403 = DIRECTION ( 'NONE',  ( 0.2079116908177564282, 0.9781476007338061329, -2.254183068697460020E-17 ) ) ;
#4404 = AXIS2_PLACEMENT_3D ( 'NONE', #4736, #4226, #1501 ) ;
#4405 = DIRECTION ( 'NONE',  ( 0.7071067811865452413, 0.7071067811865497932, 0.0000000000000000000 ) ) ;
#4406 =( NAMED_UNIT ( * ) SI_UNIT ( $, .STERADIAN. ) SOLID_ANGLE_UNIT ( ) );
#4407 = EDGE_CURVE ( 'NONE', #2640, #5561, #3652, .T. ) ;
#4408 =( NAMED_UNIT ( * ) SI_UNIT ( $, .STERADIAN. ) SOLID_ANGLE_UNIT ( ) );
#4409 = ADVANCED_FACE ( 'NONE', ( #2738, #1871, #1330, #3591, #3127, #3707, #3243, #977, #4549 ), #1003, .T. ) ;
#4410 = ORIENTED_EDGE ( 'NONE', *, *, #4185, .F. ) ;
#4411 =( NAMED_UNIT ( * ) PLANE_ANGLE_UNIT ( ) SI_UNIT ( $, .RADIAN. ) );
#4412 = EDGE_LOOP ( 'NONE', ( #4009, #5288, #5286, #1044 ) ) ;
#4413 =( NAMED_UNIT ( * ) SI_UNIT ( $, .STERADIAN. ) SOLID_ANGLE_UNIT ( ) );
#4414 = EDGE_CURVE ( 'NONE', #3240, #4210, #5778, .T. ) ;
#4415 =( LENGTH_UNIT ( ) NAMED_UNIT ( * ) SI_UNIT ( .MILLI., .METRE. ) );
#4416 = DIRECTION ( 'NONE',  ( 0.0000000000000000000, 0.0000000000000000000, -1.000000000000000000 ) ) ;
#4417 =( GEOMETRIC_REPRESENTATION_CONTEXT ( 3 ) GLOBAL_UNCERTAINTY_ASSIGNED_CONTEXT ( ( #269 ) ) GLOBAL_UNIT_ASSIGNED_CONTEXT ( ( #3180, #3644, #5332 ) ) REPRESENTATION_CONTEXT ( 'NONE', 'WORKASPACE' ) );
#4418 = DIRECTION ( 'NONE',  ( 1.000000000000000000, 0.0000000000000000000, 0.0000000000000000000 ) ) ;
#4419 = VERTEX_POINT ( 'NONE', #5354 ) ;
#4420 =( NAMED_UNIT ( * ) SI_UNIT ( $, .STERADIAN. ) SOLID_ANGLE_UNIT ( ) );
#4421 = ORIENTED_EDGE ( 'NONE', *, *, #1756, .F. ) ;
#4422 = SURFACE_STYLE_USAGE ( .BOTH. , #4859 ) ;
#4423 =( GEOMETRIC_REPRESENTATION_CONTEXT ( 3 ) GLOBAL_UNCERTAINTY_ASSIGNED_CONTEXT ( ( #794 ) ) GLOBAL_UNIT_ASSIGNED_CONTEXT ( ( #1027, #5015, #4596 ) ) REPRESENTATION_CONTEXT ( 'NONE', 'WORKASPACE' ) );
#4424 = CARTESIAN_POINT ( 'NONE',  ( 0.3499999999999996447, 0.2999999999999990452, -4.730000000000000426 ) ) ;
#4425 = CARTESIAN_POINT ( 'NONE',  ( -2.890000000000000124, 0.2999999999999990452, -0.3499999999999997002 ) ) ;
#4426 = VECTOR ( 'NONE', #4875, 1000.000000000000000 ) ;
#4427 = CARTESIAN_POINT ( 'NONE',  ( -2.413297796358300218, -3.230070525179599361, -4.830000000000000071 ) ) ;
#4428 = ORIENTED_EDGE ( 'NONE', *, *, #3588, .F. ) ;
#4429 = UNCERTAINTY_MEASURE_WITH_UNIT (LENGTH_MEASURE( 1.000000000000000082E-05 ), #4945, 'distance_accuracy_value', 'NONE');
#4430 = CARTESIAN_POINT ( 'NONE',  ( -2.890000000000000124, 0.2999999999999990452, -0.3499999999999997002 ) ) ;
#4431 = LINE ( 'NONE', #5769, #793 ) ;
#4432 = CARTESIAN_POINT ( 'NONE',  ( -2.790000000000000480, -3.149999999999999911, -0.2499999999999998335 ) ) ;
#4433 = SURFACE_SIDE_STYLE ('',( #4511 ) ) ;
#4434 = VERTEX_POINT ( 'NONE', #4574 ) ;
#4435 = DIRECTION ( 'NONE',  ( -0.0000000000000000000, 1.000000000000000000, -0.0000000000000000000 ) ) ;
#4436 = DIRECTION ( 'NONE',  ( -0.2079116908177565393, 0.9781476007338061329, 0.0000000000000000000 ) ) ;
#4437 = SURFACE_SIDE_STYLE ('',( #945 ) ) ;
#4438 = DIRECTION ( 'NONE',  ( -1.000000000000000000, 0.0000000000000000000, 8.537024980200825023E-17 ) ) ;
#4439 = MECHANICAL_DESIGN_GEOMETRIC_PRESENTATION_REPRESENTATION (  '', ( #19 ), #1249 ) ;
#4440 =( GEOMETRIC_REPRESENTATION_CONTEXT ( 3 ) GLOBAL_UNCERTAINTY_ASSIGNED_CONTEXT ( ( #1026 ) ) GLOBAL_UNIT_ASSIGNED_CONTEXT ( ( #301, #5199, #332 ) ) REPRESENTATION_CONTEXT ( 'NONE', 'WORKASPACE' ) );
#4441 = EDGE_CURVE ( 'NONE', #5443, #4283, #5386, .T. ) ;
#4442 = CARTESIAN_POINT ( 'NONE',  ( -2.890000000000000568, 0.2999999999999990452, -2.889999999999999680 ) ) ;
#4443 = PRESENTATION_LAYER_ASSIGNMENT (  '', '', ( #583 ) ) ;
#4444 = VECTOR ( 'NONE', #216, 1000.000000000000000 ) ;
#4445 = PRESENTATION_STYLE_ASSIGNMENT (( #3543 ) ) ;
#4446 = ORIENTED_EDGE ( 'NONE', *, *, #4646, .F. ) ;
#4447 = ORIENTED_EDGE ( 'NONE', *, *, #1648, .F. ) ;
#4448 = MECHANICAL_DESIGN_GEOMETRIC_PRESENTATION_REPRESENTATION (  '', ( #1166 ), #3606 ) ;
#4449 = ADVANCED_FACE ( 'NONE', ( #4467 ), #1519, .F. ) ;
#4450 = CARTESIAN_POINT ( 'NONE',  ( 1.269999999999999796, 0.0000000000000000000, 1.270000000000000240 ) ) ;
#4451 = FILL_AREA_STYLE ('',( #2142 ) ) ;
#4452 = DIRECTION ( 'NONE',  ( -0.7071067811865490160, 0.7071067811865460184, 0.0000000000000000000 ) ) ;
#4453 = PRESENTATION_LAYER_ASSIGNMENT (  '', '', ( #4370 ) ) ;
#4454 = SURFACE_SIDE_STYLE ('',( #3525 ) ) ;
#4455 = LINE ( 'NONE', #3633, #3178 ) ;
#4456 = FILL_AREA_STYLE_COLOUR ( '', #5446 ) ;
#4457 = PRESENTATION_STYLE_ASSIGNMENT (( #5402 ) ) ;
#4458 =( LENGTH_UNIT ( ) NAMED_UNIT ( * ) SI_UNIT ( .MILLI., .METRE. ) );
#4459 = ORIENTED_EDGE ( 'NONE', *, *, #5535, .T. ) ;
#4460 = FILL_AREA_STYLE_COLOUR ( '', #944 ) ;
#4461 = FACE_OUTER_BOUND ( 'NONE', #3799, .T. ) ;
#4462 = PRESENTATION_STYLE_ASSIGNMENT (( #912 ) ) ;
#4463 = VECTOR ( 'NONE', #391, 1000.000000000000000 ) ;
#4464 = ORIENTED_EDGE ( 'NONE', *, *, #4904, .T. ) ;
#4465 = VECTOR ( 'NONE', #2357, 1000.000000000000000 ) ;
#4466 = DIRECTION ( 'NONE',  ( -1.000000000000000000, 0.0000000000000000000, 0.0000000000000000000 ) ) ;
#4467 = FACE_OUTER_BOUND ( 'NONE', #5060, .T. ) ;
#4468 = COLOUR_RGB ( '',1.000000000000000000, 1.000000000000000000, 0.5019607843137254832 ) ;
#4469 = AXIS2_PLACEMENT_3D ( 'NONE', #1257, #3065, #4840 ) ;
#4470 = ORIENTED_EDGE ( 'NONE', *, *, #2395, .T. ) ;
#4471 = ADVANCED_FACE ( 'NONE', ( #1962 ), #2813, .F. ) ;
#4472 = EDGE_CURVE ( 'NONE', #4129, #5329, #295, .T. ) ;
#4473 = ORIENTED_EDGE ( 'NONE', *, *, #3199, .F. ) ;
#4474 = DIRECTION ( 'NONE',  ( 0.0000000000000000000, -0.0000000000000000000, 1.000000000000000000 ) ) ;
#4475 = CARTESIAN_POINT ( 'NONE',  ( -3.809999999999999609, 4.500000000000000000, 1.270000000000000684 ) ) ;
#4476 = MECHANICAL_DESIGN_GEOMETRIC_PRESENTATION_REPRESENTATION (  '', ( #2423 ), #437 ) ;
#4477 = UNCERTAINTY_MEASURE_WITH_UNIT (LENGTH_MEASURE( 1.000000000000000082E-05 ), #2456, 'distance_accuracy_value', 'NONE');
#4478 = FILL_AREA_STYLE_COLOUR ( '', #3264 ) ;
#4479 = EDGE_CURVE ( 'NONE', #2080, #3596, #937, .T. ) ;
#4480 = PRESENTATION_LAYER_ASSIGNMENT (  '', '', ( #5128 ) ) ;
#4481 = FILL_AREA_STYLE_COLOUR ( '', #2705 ) ;
#4482 = EDGE_CURVE ( 'NONE', #4230, #802, #4455, .T. ) ;
#4483 = MECHANICAL_DESIGN_GEOMETRIC_PRESENTATION_REPRESENTATION (  '', ( #444 ), #833 ) ;
#4484 = LINE ( 'NONE', #1776, #4722 ) ;
#4485 = STYLED_ITEM ( 'NONE', ( #683 ), #3234 ) ;
#4486 = PLANE ( 'NONE',  #604 ) ;
#4487 = CARTESIAN_POINT ( 'NONE',  ( -2.790000000000000924, 0.0000000000000000000, -2.289999999999999591 ) ) ;
#4488 = FILL_AREA_STYLE ('',( #5375 ) ) ;
#4489 = ORIENTED_EDGE ( 'NONE', *, *, #2356, .F. ) ;
#4490 = CARTESIAN_POINT ( 'NONE',  ( -0.3500000000000002554, 0.2999999999999990452, -2.890000000000000124 ) ) ;
#4491 = CARTESIAN_POINT ( 'NONE',  ( -0.3500000000000006994, 0.2999999999999990452, -7.969999999999999751 ) ) ;
#4492 = FACE_OUTER_BOUND ( 'NONE', #1786, .T. ) ;
#4493 = ORIENTED_EDGE ( 'NONE', *, *, #4907, .T. ) ;
#4494 = UNCERTAINTY_MEASURE_WITH_UNIT (LENGTH_MEASURE( 1.000000000000000082E-05 ), #3961, 'distance_accuracy_value', 'NONE');
#4495 = LINE ( 'NONE', #51, #3670 ) ;
#4496 = DIRECTION ( 'NONE',  ( -0.0000000000000000000, -1.000000000000000000, -0.0000000000000000000 ) ) ;
#4497 = LINE ( 'NONE', #467, #3183 ) ;
#4498 = EDGE_LOOP ( 'NONE', ( #253, #4148, #883, #86 ) ) ;
#4499 = EDGE_LOOP ( 'NONE', ( #4544, #1539, #954, #75 ) ) ;
#4500 = UNCERTAINTY_MEASURE_WITH_UNIT (LENGTH_MEASURE( 1.000000000000000082E-05 ), #272, 'distance_accuracy_value', 'NONE');
#4501 = ORIENTED_EDGE ( 'NONE', *, *, #5568, .F. ) ;
#4502 =( GEOMETRIC_REPRESENTATION_CONTEXT ( 3 ) GLOBAL_UNCERTAINTY_ASSIGNED_CONTEXT ( ( #5453 ) ) GLOBAL_UNIT_ASSIGNED_CONTEXT ( ( #3308, #4086, #2400 ) ) REPRESENTATION_CONTEXT ( 'NONE', 'WORKASPACE' ) );
#4503 = ADVANCED_FACE ( 'NONE', ( #768 ), #4077, .T. ) ;
#4504 = VECTOR ( 'NONE', #1956, 1000.000000000000000 ) ;
#4505 = DIRECTION ( 'NONE',  ( 0.7071067811865460184, 0.7071067811865490160, 0.0000000000000000000 ) ) ;
#4506 = ORIENTED_EDGE ( 'NONE', *, *, #4545, .F. ) ;
#4507 = FILL_AREA_STYLE ('',( #4914 ) ) ;
#4508 = EDGE_CURVE ( 'NONE', #224, #3144, #5665, .T. ) ;
#4509 =( NAMED_UNIT ( * ) SI_UNIT ( $, .STERADIAN. ) SOLID_ANGLE_UNIT ( ) );
#4510 = VECTOR ( 'NONE', #769, 1000.000000000000000 ) ;
#4511 = SURFACE_STYLE_FILL_AREA ( #939 ) ;
#4512 = ORIENTED_EDGE ( 'NONE', *, *, #284, .T. ) ;
#4513 = FILL_AREA_STYLE ('',( #3532 ) ) ;
#4514 = EDGE_CURVE ( 'NONE', #3703, #3103, #1314, .T. ) ;
#4515 = CARTESIAN_POINT ( 'NONE',  ( 0.7500000000000014433, 4.500000000000000000, -8.370000000000002771 ) ) ;
#4516 = LINE ( 'NONE', #4899, #5356 ) ;
#4517 = DIRECTION ( 'NONE',  ( -1.548860246407863583E-16, 0.0000000000000000000, -1.000000000000000000 ) ) ;
#4518 = ORIENTED_EDGE ( 'NONE', *, *, #226, .F. ) ;
#4519 = CARTESIAN_POINT ( 'NONE',  ( 0.2499999999999996392, 0.0000000000000000000, -5.330000000000000959 ) ) ;
#4520 = FACE_OUTER_BOUND ( 'NONE', #4593, .T. ) ;
#4521 = CARTESIAN_POINT ( 'NONE',  ( -2.423333333333334227, 3.866666666666664032, -7.503333333333333854 ) ) ;
#4522 = SURFACE_STYLE_FILL_AREA ( #1426 ) ;
#4523 =( NAMED_UNIT ( * ) SI_UNIT ( $, .STERADIAN. ) SOLID_ANGLE_UNIT ( ) );
#4524 = CARTESIAN_POINT ( 'NONE',  ( 1.269999999999999796, 4.500000000000000000, 1.270000000000000240 ) ) ;
#4525 = AXIS2_PLACEMENT_3D ( 'NONE', #3729, #1864, #5482 ) ;
#4526 = CARTESIAN_POINT ( 'NONE',  ( -0.2500000000000006661, -3.149999999999999911, -7.370000000000000107 ) ) ;
#4527 = VERTEX_POINT ( 'NONE', #739 ) ;
#4528 = DIRECTION ( 'NONE',  ( 1.000000000000000000, 0.0000000000000000000, -1.084202172485504311E-16 ) ) ;
#4529 = UNCERTAINTY_MEASURE_WITH_UNIT (LENGTH_MEASURE( 1.000000000000000082E-05 ), #1943, 'distance_accuracy_value', 'NONE');
#4530 = CARTESIAN_POINT ( 'NONE',  ( -2.790000000000000036, 0.0000000000000000000, 0.2500000000000002776 ) ) ;
#4531 = FILL_AREA_STYLE_COLOUR ( '', #4934 ) ;
#4532 = PRESENTATION_LAYER_ASSIGNMENT (  '', '', ( #978 ) ) ;
#4533 = LINE ( 'NONE', #507, #2867 ) ;
#4534 = VERTEX_POINT ( 'NONE', #900 ) ;
#4535 = DIRECTION ( 'NONE',  ( 0.0000000000000000000, 0.0000000000000000000, -1.000000000000000000 ) ) ;
#4536 = VECTOR ( 'NONE', #1807, 1000.000000000000000 ) ;
#4537 = CARTESIAN_POINT ( 'NONE',  ( -2.890000000000000568, 0.2999999999999990452, -4.730000000000000426 ) ) ;
#4538 = EDGE_CURVE ( 'NONE', #5719, #2678, #4758, .T. ) ;
#4539 = VECTOR ( 'NONE', #5629, 1000.000000000000000 ) ;
#4540 = VECTOR ( 'NONE', #2542, 1000.000000000000000 ) ;
#4541 = CARTESIAN_POINT ( 'NONE',  ( -0.3500000000000000333, 0.2999999999999990452, -0.3499999999999999223 ) ) ;
#4542 = PLANE ( 'NONE',  #699 ) ;
#4543 = ADVANCED_FACE ( 'NONE', ( #1651 ), #3014, .T. ) ;
#4544 = ORIENTED_EDGE ( 'NONE', *, *, #5415, .F. ) ;
#4545 = EDGE_CURVE ( 'NONE', #153, #914, #1415, .T. ) ;
#4546 =( GEOMETRIC_REPRESENTATION_CONTEXT ( 3 ) GLOBAL_UNCERTAINTY_ASSIGNED_CONTEXT ( ( #5678 ) ) GLOBAL_UNIT_ASSIGNED_CONTEXT ( ( #4348, #304, #2048 ) ) REPRESENTATION_CONTEXT ( 'NONE', 'WORKASPACE' ) );
#4547 = DIRECTION ( 'NONE',  ( -2.561107494060245658E-16, 0.0000000000000000000, -1.000000000000000000 ) ) ;
#4548 = STYLED_ITEM ( 'NONE', ( #4445 ), #3687 ) ;
#4549 = FACE_BOUND ( 'NONE', #3609, .T. ) ;
#4550 =( NAMED_UNIT ( * ) PLANE_ANGLE_UNIT ( ) SI_UNIT ( $, .RADIAN. ) );
#4551 = MECHANICAL_DESIGN_GEOMETRIC_PRESENTATION_REPRESENTATION (  '', ( #5112 ), #816 ) ;
#4552 = ORIENTED_EDGE ( 'NONE', *, *, #2550, .F. ) ;
#4553 = PLANE ( 'NONE',  #4115 ) ;
#4554 = COLOUR_RGB ( '',1.000000000000000000, 1.000000000000000000, 0.5019607843137254832 ) ;
#4555 = SURFACE_STYLE_FILL_AREA ( #2248 ) ;
#4556 = VECTOR ( 'NONE', #2077, 1000.000000000000000 ) ;
#4557 =( NAMED_UNIT ( * ) PLANE_ANGLE_UNIT ( ) SI_UNIT ( $, .RADIAN. ) );
#4558 = DIRECTION ( 'NONE',  ( -0.5773502691896263972, -0.5773502691896241767, 0.5773502691896268413 ) ) ;
#4559 = SURFACE_SIDE_STYLE ('',( #87 ) ) ;
#4560 = PRESENTATION_STYLE_ASSIGNMENT (( #595 ) ) ;
#4561 =( GEOMETRIC_REPRESENTATION_CONTEXT ( 3 ) GLOBAL_UNCERTAINTY_ASSIGNED_CONTEXT ( ( #4896 ) ) GLOBAL_UNIT_ASSIGNED_CONTEXT ( ( #2670, #1312, #3575 ) ) REPRESENTATION_CONTEXT ( 'NONE', 'WORKASPACE' ) );
#4562 = VECTOR ( 'NONE', #4864, 1000.000000000000114 ) ;
#4563 = EDGE_LOOP ( 'NONE', ( #983, #854, #2533, #2370 ) ) ;
#4564 = SURFACE_SIDE_STYLE ('',( #1863 ) ) ;
#4565 = CARTESIAN_POINT ( 'NONE',  ( 0.3499999999999993117, 0.2999999999999990452, -7.969999999999999751 ) ) ;
#4566 = ORIENTED_EDGE ( 'NONE', *, *, #828, .F. ) ;
#4567 = STYLED_ITEM ( 'NONE', ( #5084 ), #3063 ) ;
#4568 = EDGE_CURVE ( 'NONE', #3720, #5114, #2771, .T. ) ;
#4569 = DIRECTION ( 'NONE',  ( 0.7071067811865455743, 0.7071067811865494601, 0.0000000000000000000 ) ) ;
#4570 = MECHANICAL_DESIGN_GEOMETRIC_PRESENTATION_REPRESENTATION (  '', ( #4401 ), #5763 ) ;
#4571 = COLOUR_RGB ( '',0.5019607843137254832, 0.5019607843137254832, 0.5019607843137254832 ) ;
#4572 = ORIENTED_EDGE ( 'NONE', *, *, #2316, .F. ) ;
#4573 = VECTOR ( 'NONE', #682, 1000.000000000000000 ) ;
#4574 = CARTESIAN_POINT ( 'NONE',  ( -0.2500000000000003886, 0.0000000000000000000, -2.790000000000000480 ) ) ;
#4575 = CARTESIAN_POINT ( 'NONE',  ( -2.190000000000000391, 4.500000000000000000, -8.370000000000004547 ) ) ;
#4576 = VERTEX_POINT ( 'NONE', #539 ) ;
#4577 = CARTESIAN_POINT ( 'NONE',  ( -2.190000000000000391, 4.099999999999996980, -5.430000000000000604 ) ) ;
#4578 = DIRECTION ( 'NONE',  ( -0.7071067811865460184, 0.7071067811865490160, 1.095209583345265005E-16 ) ) ;
#4579 = LINE ( 'NONE', #4163, #3840 ) ;
#4580 = LINE ( 'NONE', #1472, #1272 ) ;
#4581 = FACE_OUTER_BOUND ( 'NONE', #48, .T. ) ;
#4582 = UNCERTAINTY_MEASURE_WITH_UNIT (LENGTH_MEASURE( 1.000000000000000082E-05 ), #5492, 'distance_accuracy_value', 'NONE');
#4583 = AXIS2_PLACEMENT_3D ( 'NONE', #3069, #831, #5716 ) ;
#4584 = DIRECTION ( 'NONE',  ( 0.5773502691896263972, 0.5773502691896242878, 0.5773502691896266192 ) ) ;
#4585 = DIRECTION ( 'NONE',  ( 1.000000000000000000, 0.0000000000000000000, -1.548860246407863583E-16 ) ) ;
#4586 = ORIENTED_EDGE ( 'NONE', *, *, #4052, .F. ) ;
#4587 = MECHANICAL_DESIGN_GEOMETRIC_PRESENTATION_REPRESENTATION (  '', ( #4694 ), #5337 ) ;
#4588 = DIRECTION ( 'NONE',  ( -1.000000000000000000, 0.0000000000000000000, 1.084202172485503941E-16 ) ) ;
#4589 = ORIENTED_EDGE ( 'NONE', *, *, #3380, .F. ) ;
#4590 =( LENGTH_UNIT ( ) NAMED_UNIT ( * ) SI_UNIT ( .MILLI., .METRE. ) );
#4591 = FILL_AREA_STYLE_COLOUR ( '', #4971 ) ;
#4592 = DIRECTION ( 'NONE',  ( 3.252606517456512316E-16, 0.0000000000000000000, 1.000000000000000000 ) ) ;
#4593 = EDGE_LOOP ( 'NONE', ( #2303, #3013, #3464, #5515 ) ) ;
#4594 = EDGE_CURVE ( 'NONE', #4860, #2932, #2339, .T. ) ;
#4595 = FILL_AREA_STYLE_COLOUR ( '', #3000 ) ;
#4596 =( NAMED_UNIT ( * ) SI_UNIT ( $, .STERADIAN. ) SOLID_ANGLE_UNIT ( ) );
#4597 = CARTESIAN_POINT ( 'NONE',  ( 0.3499999999999996447, 0.2999999999999990452, -4.730000000000000426 ) ) ;
#4598 = CARTESIAN_POINT ( 'NONE',  ( -2.290000000000000036, -2.649999999999991029, 0.2500000000000002220 ) ) ;
#4599 = EDGE_CURVE ( 'NONE', #2834, #3263, #3255, .T. ) ;
#4600 = ORIENTED_EDGE ( 'NONE', *, *, #5120, .T. ) ;
#4601 = ADVANCED_FACE ( 'NONE', ( #4581 ), #567, .T. ) ;
#4602 = EDGE_LOOP ( 'NONE', ( #3410, #3772, #1748, #3926, #1704, #4752 ) ) ;
#4603 = DIRECTION ( 'NONE',  ( -0.0000000000000000000, 1.000000000000000000, -0.0000000000000000000 ) ) ;
#4604 = CARTESIAN_POINT ( 'NONE',  ( -2.413297796358300218, -3.230070525179599361, -2.289999999999999591 ) ) ;
#4605 = MECHANICAL_DESIGN_GEOMETRIC_PRESENTATION_REPRESENTATION (  '', ( #1893 ), #5181 ) ;
#4606 = CARTESIAN_POINT ( 'NONE',  ( -2.190000000000000391, 4.099999999999996980, -5.430000000000000604 ) ) ;
#4607 = CARTESIAN_POINT ( 'NONE',  ( -2.890000000000000568, 0.2999999999999990452, -2.889999999999999680 ) ) ;
#4608 = ADVANCED_FACE ( 'NONE', ( #4182 ), #958, .T. ) ;
#4609 = LINE ( 'NONE', #1908, #4287 ) ;
#4610 = ORIENTED_EDGE ( 'NONE', *, *, #1847, .T. ) ;
#4611 =( LENGTH_UNIT ( ) NAMED_UNIT ( * ) SI_UNIT ( .MILLI., .METRE. ) );
#4612 = CARTESIAN_POINT ( 'NONE',  ( -2.189999999999999947, 0.2999999999999990452, -0.3499999999999998113 ) ) ;
#4613 = CARTESIAN_POINT ( 'NONE',  ( -0.3500000000000002554, 0.2999999999999990452, -2.189999999999999947 ) ) ;
#4614 = DIRECTION ( 'NONE',  ( 0.2079116908177565393, -0.9781476007338061329, -2.254183068697460945E-17 ) ) ;
#4615 = ORIENTED_EDGE ( 'NONE', *, *, #2468, .F. ) ;
#4616 = SURFACE_STYLE_USAGE ( .BOTH. , #152 ) ;
#4617 = ORIENTED_EDGE ( 'NONE', *, *, #819, .T. ) ;
#4618 = DIRECTION ( 'NONE',  ( -0.7071067811865489050, 0.7071067811865460184, 0.0000000000000000000 ) ) ;
#4619 = LINE ( 'NONE', #5064, #5133 ) ;
#4620 =( LENGTH_UNIT ( ) NAMED_UNIT ( * ) SI_UNIT ( .MILLI., .METRE. ) );
#4621 = PRESENTATION_STYLE_ASSIGNMENT (( #4690 ) ) ;
#4622 = ORIENTED_EDGE ( 'NONE', *, *, #4479, .T. ) ;
#4623 = COLOUR_RGB ( '',0.5019607843137254832, 0.5019607843137254832, 0.5019607843137254832 ) ;
#4624 = DIRECTION ( 'NONE',  ( -1.000000000000000000, 0.0000000000000000000, 1.084202172485503941E-16 ) ) ;
#4625 = ORIENTED_EDGE ( 'NONE', *, *, #2479, .T. ) ;
#4626 = DIRECTION ( 'NONE',  ( -0.2079116908177564282, -0.9781476007338061329, 0.0000000000000000000 ) ) ;
#4627 = CARTESIAN_POINT ( 'NONE',  ( -2.790000000000000924, -3.149999999999999911, -2.289999999999999591 ) ) ;
#4628 = DIRECTION ( 'NONE',  ( -0.7071067811865490160, -0.7071067811865460184, 0.0000000000000000000 ) ) ;
#4629 = SURFACE_STYLE_USAGE ( .BOTH. , #2884 ) ;
#4630 = CARTESIAN_POINT ( 'NONE',  ( -2.890000000000000568, 0.2999999999999990452, -2.189999999999999503 ) ) ;
#4631 = AXIS2_PLACEMENT_3D ( 'NONE', #1010, #3719, #142 ) ;
#4632 = STYLED_ITEM ( 'NONE', ( #3635 ), #2789 ) ;
#4633 = FILL_AREA_STYLE ('',( #4224 ) ) ;
#4634 = VERTEX_POINT ( 'NONE', #2297 ) ;
#4635 = LINE ( 'NONE', #2038, #5137 ) ;
#4636 =( LENGTH_UNIT ( ) NAMED_UNIT ( * ) SI_UNIT ( .MILLI., .METRE. ) );
#4637 = CARTESIAN_POINT ( 'NONE',  ( -0.2500000000000000000, 0.0000000000000000000, 0.2500000000000000555 ) ) ;
#4638 = EDGE_CURVE ( 'NONE', #3206, #2544, #2796, .T. ) ;
#4639 = PLANE ( 'NONE',  #417 ) ;
#4640 = AXIS2_PLACEMENT_3D ( 'NONE', #5596, #5167, #4731 ) ;
#4641 = EDGE_LOOP ( 'NONE', ( #644, #4617, #1158, #2952 ) ) ;
#4642 =( LENGTH_UNIT ( ) NAMED_UNIT ( * ) SI_UNIT ( .MILLI., .METRE. ) );
#4643 = LINE ( 'NONE', #4229, #1365 ) ;
#4644 = STYLED_ITEM ( 'NONE', ( #982 ), #5726 ) ;
#4645 = ORIENTED_EDGE ( 'NONE', *, *, #4098, .T. ) ;
#4646 = EDGE_CURVE ( 'NONE', #4764, #4959, #1856, .T. ) ;
#4647 = DIRECTION ( 'NONE',  ( 3.252606517456512316E-16, 0.0000000000000000000, 1.000000000000000000 ) ) ;
#4648 = EDGE_CURVE ( 'NONE', #2064, #1948, #1623, .T. ) ;
#4649 = MECHANICAL_DESIGN_GEOMETRIC_PRESENTATION_REPRESENTATION (  '', ( #4851 ), #2882 ) ;
#4650 = FILL_AREA_STYLE_COLOUR ( '', #5537 ) ;
#4651 = ORIENTED_EDGE ( 'NONE', *, *, #5253, .T. ) ;
#4652 = SURFACE_STYLE_USAGE ( .BOTH. , #4240 ) ;
#4653 = VECTOR ( 'NONE', #175, 1000.000000000000000 ) ;
#4654 = DIRECTION ( 'NONE',  ( -1.084202172485504187E-16, 0.0000000000000000000, -1.000000000000000000 ) ) ;
#4655 = VECTOR ( 'NONE', #2647, 1000.000000000000000 ) ;
#4656 = FILL_AREA_STYLE_COLOUR ( '', #1256 ) ;
#4657 = FILL_AREA_STYLE ('',( #3319 ) ) ;
#4658 =( NAMED_UNIT ( * ) PLANE_ANGLE_UNIT ( ) SI_UNIT ( $, .RADIAN. ) );
#4659 = CARTESIAN_POINT ( 'NONE',  ( -3.810000000000000941, 4.500000000000000000, -8.890000000000000568 ) ) ;
#4660 =( GEOMETRIC_REPRESENTATION_CONTEXT ( 3 ) GLOBAL_UNCERTAINTY_ASSIGNED_CONTEXT ( ( #926 ) ) GLOBAL_UNIT_ASSIGNED_CONTEXT ( ( #1964, #2785, #3776 ) ) REPRESENTATION_CONTEXT ( 'NONE', 'WORKASPACE' ) );
#4661 = COLOUR_RGB ( '',1.000000000000000000, 1.000000000000000000, 0.5019607843137254832 ) ;
#4662 = SURFACE_STYLE_FILL_AREA ( #5523 ) ;
#4663 = EDGE_LOOP ( 'NONE', ( #3190, #4738, #1727, #4947 ) ) ;
#4664 = PRESENTATION_STYLE_ASSIGNMENT (( #2762 ) ) ;
#4665 = FACE_OUTER_BOUND ( 'NONE', #1579, .T. ) ;
#4666 = CARTESIAN_POINT ( 'NONE',  ( 0.2499999999999994726, -2.649999999999991029, -7.370000000000000107 ) ) ;
#4667 =( NAMED_UNIT ( * ) SI_UNIT ( $, .STERADIAN. ) SOLID_ANGLE_UNIT ( ) );
#4668 = CARTESIAN_POINT ( 'NONE',  ( -0.3500000000000000333, 4.100000000000000533, -0.3499999999999999223 ) ) ;
#4669 = VECTOR ( 'NONE', #4558, 999.9999999999998863 ) ;
#4670 = ORIENTED_EDGE ( 'NONE', *, *, #3125, .F. ) ;
#4671 = SURFACE_SIDE_STYLE ('',( #712 ) ) ;
#4672 = ORIENTED_EDGE ( 'NONE', *, *, #621, .F. ) ;
#4673 = DIRECTION ( 'NONE',  ( 0.0000000000000000000, 1.000000000000000000, 0.0000000000000000000 ) ) ;
#4674 = SURFACE_STYLE_FILL_AREA ( #4187 ) ;
#4675 = FILL_AREA_STYLE_COLOUR ( '', #610 ) ;
#4676 = ORIENTED_EDGE ( 'NONE', *, *, #3219, .F. ) ;
#4677 = EDGE_CURVE ( 'NONE', #2001, #4576, #1530, .T. ) ;
#4678 = DIRECTION ( 'NONE',  ( -1.084202172485503941E-16, 0.0000000000000000000, -1.000000000000000000 ) ) ;
#4679 = CARTESIAN_POINT ( 'NONE',  ( -2.688315839231048887, -3.128386364410649989, -0.2499999999999998335 ) ) ;
#4680 = LINE ( 'NONE', #5179, #4539 ) ;
#4681 = EDGE_CURVE ( 'NONE', #894, #1855, #4635, .T. ) ;
#4682 = VECTOR ( 'NONE', #3503, 1000.000000000000114 ) ;
#4683 = CARTESIAN_POINT ( 'NONE',  ( -2.688315839231050663, -3.128386364410650433, -5.330000000000000959 ) ) ;
#4684 = ORIENTED_EDGE ( 'NONE', *, *, #5081, .F. ) ;
#4685 = ADVANCED_FACE ( 'NONE', ( #1088 ), #1972, .T. ) ;
#4686 = CARTESIAN_POINT ( 'NONE',  ( -0.2500000000000002220, 0.0000000000000000000, -2.290000000000000036 ) ) ;
#4687 = PLANE ( 'NONE',  #1818 ) ;
#4688 = PRESENTATION_LAYER_ASSIGNMENT (  '', '', ( #3773 ) ) ;
#4689 = COLOUR_RGB ( '',1.000000000000000000, 1.000000000000000000, 0.5019607843137254832 ) ;
#4690 = SURFACE_STYLE_USAGE ( .BOTH. , #5584 ) ;
#4691 = VERTEX_POINT ( 'NONE', #5132 ) ;
#4692 = VERTEX_POINT ( 'NONE', #5100 ) ;
#4693 = ADVANCED_FACE ( 'NONE', ( #4665 ), #5072, .T. ) ;
#4694 = STYLED_ITEM ( 'NONE', ( #4807 ), #1286 ) ;
#4695 = SURFACE_SIDE_STYLE ('',( #1179 ) ) ;
#4696 = FACE_OUTER_BOUND ( 'NONE', #5129, .T. ) ;
#4697 =( NAMED_UNIT ( * ) PLANE_ANGLE_UNIT ( ) SI_UNIT ( $, .RADIAN. ) );
#4698 = PRESENTATION_LAYER_ASSIGNMENT (  '', '', ( #1408 ) ) ;
#4699 = VERTEX_POINT ( 'NONE', #2846 ) ;
#4700 = EDGE_LOOP ( 'NONE', ( #1526, #5312, #2412, #1968 ) ) ;
#4701 = PRESENTATION_LAYER_ASSIGNMENT (  '', '', ( #3973 ) ) ;
#4702 = SURFACE_STYLE_USAGE ( .BOTH. , #3845 ) ;
#4703 = LINE ( 'NONE', #4770, #3231 ) ;
#4704 =( NAMED_UNIT ( * ) SI_UNIT ( $, .STERADIAN. ) SOLID_ANGLE_UNIT ( ) );
#4705 = CARTESIAN_POINT ( 'NONE',  ( -0.3500000000000006994, 4.099999999999998757, -7.969999999999999751 ) ) ;
#4706 = CARTESIAN_POINT ( 'NONE',  ( 0.3499999999999992562, 4.099999999999998757, -7.969999999999999751 ) ) ;
#4707 = VERTEX_POINT ( 'NONE', #2062 ) ;
#4708 = CARTESIAN_POINT ( 'NONE',  ( -1.270000000000000018, 0.0000000000000000000, -1.270000000000000462 ) ) ;
#4709 = FACE_OUTER_BOUND ( 'NONE', #5192, .T. ) ;
#4710 = VECTOR ( 'NONE', #5069, 1000.000000000000000 ) ;
#4711 = PLANE ( 'NONE',  #4757 ) ;
#4712 = DIRECTION ( 'NONE',  ( 0.0000000000000000000, 0.0000000000000000000, -1.000000000000000000 ) ) ;
#4713 = PRESENTATION_STYLE_ASSIGNMENT (( #1568 ) ) ;
#4714 =( GEOMETRIC_REPRESENTATION_CONTEXT ( 3 ) GLOBAL_UNCERTAINTY_ASSIGNED_CONTEXT ( ( #3030 ) ) GLOBAL_UNIT_ASSIGNED_CONTEXT ( ( #214, #4355, #4295 ) ) REPRESENTATION_CONTEXT ( 'NONE', 'WORKASPACE' ) );
#4715 = ORIENTED_EDGE ( 'NONE', *, *, #4681, .T. ) ;
#4716 = CARTESIAN_POINT ( 'NONE',  ( -2.890000000000000124, 4.099999999999998757, -0.3499999999999997002 ) ) ;
#4717 =( GEOMETRIC_REPRESENTATION_CONTEXT ( 3 ) GLOBAL_UNCERTAINTY_ASSIGNED_CONTEXT ( ( #2365 ) ) GLOBAL_UNIT_ASSIGNED_CONTEXT ( ( #770, #4844, #858 ) ) REPRESENTATION_CONTEXT ( 'NONE', 'WORKASPACE' ) );
#4718 = EDGE_CURVE ( 'NONE', #2100, #508, #4215, .T. ) ;
#4719 = ADVANCED_FACE ( 'NONE', ( #2883 ), #1998, .T. ) ;
#4720 = ORIENTED_EDGE ( 'NONE', *, *, #2750, .T. ) ;
#4721 = SURFACE_STYLE_FILL_AREA ( #2059 ) ;
#4722 = VECTOR ( 'NONE', #3555, 1000.000000000000000 ) ;
#4723 = ORIENTED_EDGE ( 'NONE', *, *, #5291, .F. ) ;
#4724 = FILL_AREA_STYLE_COLOUR ( '', #3211 ) ;
#4725 = FILL_AREA_STYLE_COLOUR ( '', #148 ) ;
#4726 = EDGE_CURVE ( 'NONE', #5006, #2100, #5580, .T. ) ;
#4727 = FILL_AREA_STYLE_COLOUR ( '', #3695 ) ;
#4728 = FACE_OUTER_BOUND ( 'NONE', #1510, .T. ) ;
#4729 = DIRECTION ( 'NONE',  ( 1.000000000000000000, 0.0000000000000000000, -1.548860246407863583E-16 ) ) ;
#4730 = COLOUR_RGB ( '',0.5019607843137254832, 0.5019607843137254832, 0.5019607843137254832 ) ;
#4731 = DIRECTION ( 'NONE',  ( -1.000000000000000000, 0.0000000000000000000, 1.548860246407863583E-16 ) ) ;
#4732 = EDGE_CURVE ( 'NONE', #5105, #2640, #4266, .T. ) ;
#4733 = VECTOR ( 'NONE', #430, 1000.000000000000000 ) ;
#4734 = EDGE_LOOP ( 'NONE', ( #2131, #5677, #3092, #3096 ) ) ;
#4735 = CARTESIAN_POINT ( 'NONE',  ( -0.2500000000000004441, -2.649999999999992806, -4.830000000000000071 ) ) ;
#4736 = CARTESIAN_POINT ( 'NONE',  ( -0.2500000000000004441, -3.149999999999999911, -4.830000000000000071 ) ) ;
#4737 = LINE ( 'NONE', #275, #1386 ) ;
#4738 = ORIENTED_EDGE ( 'NONE', *, *, #2821, .T. ) ;
#4739 = STYLED_ITEM ( 'NONE', ( #4955 ), #2623 ) ;
#4740 = ORIENTED_EDGE ( 'NONE', *, *, #4880, .F. ) ;
#4741 =( LENGTH_UNIT ( ) NAMED_UNIT ( * ) SI_UNIT ( .MILLI., .METRE. ) );
#4742 = CARTESIAN_POINT ( 'NONE',  ( 0.3500000000000000333, 4.100000000000000533, 0.3499999999999999223 ) ) ;
#4743 = MECHANICAL_DESIGN_GEOMETRIC_PRESENTATION_REPRESENTATION (  '', ( #1737 ), #4922 ) ;
#4744 = FACE_OUTER_BOUND ( 'NONE', #5692, .T. ) ;
#4745 =( GEOMETRIC_REPRESENTATION_CONTEXT ( 3 ) GLOBAL_UNCERTAINTY_ASSIGNED_CONTEXT ( ( #845 ) ) GLOBAL_UNIT_ASSIGNED_CONTEXT ( ( #5387, #3277, #3680 ) ) REPRESENTATION_CONTEXT ( 'NONE', 'WORKASPACE' ) );
#4746 = PLANE ( 'NONE',  #120 ) ;
#4747 =( NAMED_UNIT ( * ) SI_UNIT ( $, .STERADIAN. ) SOLID_ANGLE_UNIT ( ) );
#4748 = MECHANICAL_DESIGN_GEOMETRIC_PRESENTATION_REPRESENTATION (  '', ( #242 ), #5022 ) ;
#4749 = STYLED_ITEM ( 'NONE', ( #2425 ), #5761 ) ;
#4750 = PRESENTATION_LAYER_ASSIGNMENT (  '', '', ( #1834 ) ) ;
#4751 = DIRECTION ( 'NONE',  ( 0.0000000000000000000, 1.000000000000000000, 0.0000000000000000000 ) ) ;
#4752 = ORIENTED_EDGE ( 'NONE', *, *, #668, .T. ) ;
#4753 = STYLED_ITEM ( 'NONE', ( #279 ), #50 ) ;
#4754 = DIRECTION ( 'NONE',  ( 0.0000000000000000000, 1.000000000000000000, 0.0000000000000000000 ) ) ;
#4755 = STYLED_ITEM ( 'NONE', ( #4081 ), #3982 ) ;
#4756 = EDGE_LOOP ( 'NONE', ( #4625, #4622, #3809, #839 ) ) ;
#4757 = AXIS2_PLACEMENT_3D ( 'NONE', #1130, #2501, #2106 ) ;
#4758 = LINE ( 'NONE', #2546, #154 ) ;
#4759 =( GEOMETRIC_REPRESENTATION_CONTEXT ( 3 ) GLOBAL_UNCERTAINTY_ASSIGNED_CONTEXT ( ( #1721 ) ) GLOBAL_UNIT_ASSIGNED_CONTEXT ( ( #3888, #3474, #4408 ) ) REPRESENTATION_CONTEXT ( 'NONE', 'WORKASPACE' ) );
#4760 = SURFACE_STYLE_USAGE ( .BOTH. , #4338 ) ;
#4761 = EDGE_CURVE ( 'NONE', #1944, #3698, #1918, .T. ) ;
#4762 = SURFACE_STYLE_USAGE ( .BOTH. , #3868 ) ;
#4763 = MECHANICAL_DESIGN_GEOMETRIC_PRESENTATION_REPRESENTATION (  '', ( #4022 ), #3935 ) ;
#4764 = VERTEX_POINT ( 'NONE', #703 ) ;
#4765 = EDGE_CURVE ( 'NONE', #2934, #2834, #2021, .T. ) ;
#4766 = EDGE_LOOP ( 'NONE', ( #701, #241, #5361, #2014 ) ) ;
#4767 = VECTOR ( 'NONE', #1183, 1000.000000000000000 ) ;
#4768 = EDGE_CURVE ( 'NONE', #533, #581, #2506, .T. ) ;
#4769 = DIRECTION ( 'NONE',  ( -1.084202172485504187E-16, 0.0000000000000000000, -1.000000000000000000 ) ) ;
#4770 = CARTESIAN_POINT ( 'NONE',  ( 0.1437217191649879100, -3.149999999999999911, -7.870000000000000107 ) ) ;
#4771 = SURFACE_STYLE_FILL_AREA ( #1091 ) ;
#4772 = MECHANICAL_DESIGN_GEOMETRIC_PRESENTATION_REPRESENTATION (  '', ( #1474 ), #3010 ) ;
#4773 = ORIENTED_EDGE ( 'NONE', *, *, #232, .T. ) ;
#4774 = AXIS2_PLACEMENT_3D ( 'NONE', #3481, #2548, #2605 ) ;
#4775 = FACE_OUTER_BOUND ( 'NONE', #5036, .T. ) ;
#4776 = ORIENTED_EDGE ( 'NONE', *, *, #5481, .T. ) ;
#4777 = EDGE_CURVE ( 'NONE', #4039, #5572, #121, .T. ) ;
#4778 = UNCERTAINTY_MEASURE_WITH_UNIT (LENGTH_MEASURE( 1.000000000000000082E-05 ), #181, 'distance_accuracy_value', 'NONE');
#4779 = CARTESIAN_POINT ( 'NONE',  ( -0.2500000000000006106, 0.0000000000000000000, -5.330000000000000959 ) ) ;
#4780 = VECTOR ( 'NONE', #1710, 1000.000000000000000 ) ;
#4781 = DIRECTION ( 'NONE',  ( -0.5773502691896266192, -0.5773502691896240657, 0.5773502691896266192 ) ) ;
#4782 = SURFACE_SIDE_STYLE ('',( #5148 ) ) ;
#4783 = DIRECTION ( 'NONE',  ( -0.9781476007338062439, 0.2079116908177565670, 1.060509753727076412E-16 ) ) ;
#4784 =( LENGTH_UNIT ( ) NAMED_UNIT ( * ) SI_UNIT ( .MILLI., .METRE. ) );
#4785 = FACE_OUTER_BOUND ( 'NONE', #4499, .T. ) ;
#4786 =( LENGTH_UNIT ( ) NAMED_UNIT ( * ) SI_UNIT ( .MILLI., .METRE. ) );
#4787 = FILL_AREA_STYLE_COLOUR ( '', #3901 ) ;
#4788 =( NAMED_UNIT ( * ) SI_UNIT ( $, .STERADIAN. ) SOLID_ANGLE_UNIT ( ) );
#4789 = LINE ( 'NONE', #5212, #1923 ) ;
#4790 = CARTESIAN_POINT ( 'NONE',  ( -2.890000000000001013, 4.500000000000000000, -1.789999999999995151 ) ) ;
#4791 = ORIENTED_EDGE ( 'NONE', *, *, #386, .F. ) ;
#4792 = CARTESIAN_POINT ( 'NONE',  ( -2.413297796358299774, -3.230070525179599361, -0.2499999999999998890 ) ) ;
#4793 = PRESENTATION_LAYER_ASSIGNMENT (  '', '', ( #5150 ) ) ;
#4794 = CARTESIAN_POINT ( 'NONE',  ( -2.790000000000000924, -2.649999999999994138, -2.790000000000000036 ) ) ;
#4795 = PLANE ( 'NONE',  #5334 ) ;
#4796 = ORIENTED_EDGE ( 'NONE', *, *, #2699, .T. ) ;
#4797 = ADVANCED_FACE ( 'NONE', ( #5062 ), #672, .F. ) ;
#4798 = CARTESIAN_POINT ( 'NONE',  ( -0.1483158392310502671, -3.128386364410650433, -4.830000000000000071 ) ) ;
#4799 = CARTESIAN_POINT ( 'NONE',  ( -0.2500000000000008327, -3.149999999999999911, -7.870000000000000107 ) ) ;
#4800 = FACE_OUTER_BOUND ( 'NONE', #4371, .T. ) ;
#4801 = EDGE_CURVE ( 'NONE', #4044, #5719, #3847, .T. ) ;
#4802 = PLANE ( 'NONE',  #3245 ) ;
#4803 = ORIENTED_EDGE ( 'NONE', *, *, #3020, .T. ) ;
#4804 = ADVANCED_FACE ( 'NONE', ( #3430 ), #114, .F. ) ;
#4805 = LINE ( 'NONE', #810, #3629 ) ;
#4806 = VERTEX_POINT ( 'NONE', #3459 ) ;
#4807 = PRESENTATION_STYLE_ASSIGNMENT (( #5703 ) ) ;
#4808 = CARTESIAN_POINT ( 'NONE',  ( -0.3500000000000003664, 4.500000000000000000, -4.329999999999998295 ) ) ;
#4809 = MECHANICAL_DESIGN_GEOMETRIC_PRESENTATION_REPRESENTATION (  '', ( #3973 ), #4440 ) ;
#4810 = DIRECTION ( 'NONE',  ( -0.2079116908177565393, -0.9781476007338061329, 0.0000000000000000000 ) ) ;
#4811 = EDGE_CURVE ( 'NONE', #1473, #1461, #4703, .T. ) ;
#4812 =( NAMED_UNIT ( * ) SI_UNIT ( $, .STERADIAN. ) SOLID_ANGLE_UNIT ( ) );
#4813 =( GEOMETRIC_REPRESENTATION_CONTEXT ( 3 ) GLOBAL_UNCERTAINTY_ASSIGNED_CONTEXT ( ( #3196 ) ) GLOBAL_UNIT_ASSIGNED_CONTEXT ( ( #708, #2121, #3040 ) ) REPRESENTATION_CONTEXT ( 'NONE', 'WORKASPACE' ) );
#4814 = FILL_AREA_STYLE_COLOUR ( '', #1654 ) ;
#4815 = PRESENTATION_LAYER_ASSIGNMENT (  '', '', ( #2835 ) ) ;
#4816 = EDGE_LOOP ( 'NONE', ( #2474, #1836, #31, #2139 ) ) ;
#4817 = EDGE_LOOP ( 'NONE', ( #2373, #4304, #3844, #5700 ) ) ;
#4818 = DIRECTION ( 'NONE',  ( 1.000000000000000000, 0.0000000000000000000, -1.084202172485504311E-16 ) ) ;
#4819 = VECTOR ( 'NONE', #1522, 1000.000000000000000 ) ;
#4820 = DIRECTION ( 'NONE',  ( 8.537024980200823790E-17, -0.0000000000000000000, 1.000000000000000000 ) ) ;
#4821 = SURFACE_STYLE_USAGE ( .BOTH. , #1733 ) ;
#4822 = FILL_AREA_STYLE_COLOUR ( '', #4322 ) ;
#4823 = ORIENTED_EDGE ( 'NONE', *, *, #3988, .F. ) ;
#4824 = PRESENTATION_STYLE_ASSIGNMENT (( #3460 ) ) ;
#4825 = SURFACE_STYLE_FILL_AREA ( #3075 ) ;
#4826 = EDGE_LOOP ( 'NONE', ( #776, #2073, #299, #2363 ) ) ;
#4827 = DIRECTION ( 'NONE',  ( 0.0000000000000000000, -0.7071067811865451302, 0.7071067811865500152 ) ) ;
#4828 = EDGE_LOOP ( 'NONE', ( #2389, #3072, #3218, #1407 ) ) ;
#4829 = LINE ( 'NONE', #3938, #5513 ) ;
#4830 = UNCERTAINTY_MEASURE_WITH_UNIT (LENGTH_MEASURE( 1.000000000000000082E-05 ), #1785, 'distance_accuracy_value', 'NONE');
#4831 =( NAMED_UNIT ( * ) SI_UNIT ( $, .STERADIAN. ) SOLID_ANGLE_UNIT ( ) );
#4832 = PRESENTATION_STYLE_ASSIGNMENT (( #3877 ) ) ;
#4833 = EDGE_CURVE ( 'NONE', #260, #1855, #751, .T. ) ;
#4834 = EDGE_CURVE ( 'NONE', #3107, #3593, #2039, .T. ) ;
#4835 =( LENGTH_UNIT ( ) NAMED_UNIT ( * ) SI_UNIT ( .MILLI., .METRE. ) );
#4836 = EDGE_CURVE ( 'NONE', #5182, #802, #3399, .T. ) ;
#4837 = STYLED_ITEM ( 'NONE', ( #147 ), #2815 ) ;
#4838 = FACE_OUTER_BOUND ( 'NONE', #987, .T. ) ;
#4839 = CARTESIAN_POINT ( 'NONE',  ( 0.3499999999999997002, 0.2999999999999990452, -2.890000000000000124 ) ) ;
#4840 = DIRECTION ( 'NONE',  ( 0.0000000000000000000, 0.0000000000000000000, -1.000000000000000000 ) ) ;
#4841 = ORIENTED_EDGE ( 'NONE', *, *, #5481, .F. ) ;
#4842 = LINE ( 'NONE', #2207, #1628 ) ;
#4843 = EDGE_LOOP ( 'NONE', ( #1195, #2924, #70, #1904 ) ) ;
#4844 =( NAMED_UNIT ( * ) PLANE_ANGLE_UNIT ( ) SI_UNIT ( $, .RADIAN. ) );
#4845 = FACE_OUTER_BOUND ( 'NONE', #4253, .T. ) ;
#4846 = VECTOR ( 'NONE', #1172, 1000.000000000000000 ) ;
#4847 = DIRECTION ( 'NONE',  ( -1.548860246407863583E-16, -0.0000000000000000000, -1.000000000000000000 ) ) ;
#4848 =( NAMED_UNIT ( * ) SI_UNIT ( $, .STERADIAN. ) SOLID_ANGLE_UNIT ( ) );
#4849 = CARTESIAN_POINT ( 'NONE',  ( 0.1267022036416996511, -3.230070525179599361, -7.370000000000000107 ) ) ;
#4850 = ORIENTED_EDGE ( 'NONE', *, *, #3814, .F. ) ;
#4851 = STYLED_ITEM ( 'NONE', ( #212 ), #4028 ) ;
#4852 = VECTOR ( 'NONE', #3299, 1000.000000000000114 ) ;
#4853 = CARTESIAN_POINT ( 'NONE',  ( -2.290000000000000480, 0.0000000000000000000, -7.370000000000000107 ) ) ;
#4854 = PRESENTATION_STYLE_ASSIGNMENT (( #3541 ) ) ;
#4855 = MECHANICAL_DESIGN_GEOMETRIC_PRESENTATION_REPRESENTATION (  '', ( #5581 ), #1458 ) ;
#4856 = ORIENTED_EDGE ( 'NONE', *, *, #781, .F. ) ;
#4857 = AXIS2_PLACEMENT_3D ( 'NONE', #4105, #532, #2858 ) ;
#4858 = AXIS2_PLACEMENT_3D ( 'NONE', #2124, #4940, #4024 ) ;
#4859 = SURFACE_SIDE_STYLE ('',( #3132 ) ) ;
#4860 = VERTEX_POINT ( 'NONE', #5474 ) ;
#4861 = MECHANICAL_DESIGN_GEOMETRIC_PRESENTATION_REPRESENTATION (  '', ( #4117 ), #838 ) ;
#4862 = COLOUR_RGB ( '',1.000000000000000000, 1.000000000000000000, 0.5019607843137254832 ) ;
#4863 = VECTOR ( 'NONE', #2803, 1000.000000000000000 ) ;
#4864 = DIRECTION ( 'NONE',  ( -0.2079116908177577883, -0.9781476007338059109, 2.254183068697473579E-17 ) ) ;
#4865 = ADVANCED_FACE ( 'NONE', ( #2489 ), #1590, .T. ) ;
#4866 =( NAMED_UNIT ( * ) PLANE_ANGLE_UNIT ( ) SI_UNIT ( $, .RADIAN. ) );
#4867 = CARTESIAN_POINT ( 'NONE',  ( -0.2500000000000006106, 0.0000000000000000000, -5.330000000000000959 ) ) ;
#4868 = SURFACE_SIDE_STYLE ('',( #5324 ) ) ;
#4869 = LINE ( 'NONE', #4432, #5724 ) ;
#4870 = ADVANCED_FACE ( 'NONE', ( #2413 ), #3322, .T. ) ;
#4871 = FILL_AREA_STYLE_COLOUR ( '', #5746 ) ;
#4872 = ORIENTED_EDGE ( 'NONE', *, *, #848, .F. ) ;
#4873 = FILL_AREA_STYLE_COLOUR ( '', #5346 ) ;
#4874 = ORIENTED_EDGE ( 'NONE', *, *, #357, .F. ) ;
#4875 = DIRECTION ( 'NONE',  ( 0.0000000000000000000, 1.000000000000000000, 0.0000000000000000000 ) ) ;
#4876 = SURFACE_STYLE_USAGE ( .BOTH. , #859 ) ;
#4877 = FACE_OUTER_BOUND ( 'NONE', #5494, .T. ) ;
#4878 = DIRECTION ( 'NONE',  ( 1.000000000000000000, 0.0000000000000000000, -1.084202172485504311E-16 ) ) ;
#4879 = ORIENTED_EDGE ( 'NONE', *, *, #1328, .F. ) ;
#4880 = EDGE_CURVE ( 'NONE', #1366, #3760, #188, .T. ) ;
#4881 = VECTOR ( 'NONE', #4375, 1000.000000000000000 ) ;
#4882 = STYLED_ITEM ( 'NONE', ( #5165 ), #1065 ) ;
#4883 = DIRECTION ( 'NONE',  ( 1.084202172485504311E-16, 0.0000000000000000000, 1.000000000000000000 ) ) ;
#4884 = PRESENTATION_STYLE_ASSIGNMENT (( #5358 ) ) ;
#4885 = VECTOR ( 'NONE', #1382, 1000.000000000000000 ) ;
#4886 = ORIENTED_EDGE ( 'NONE', *, *, #3333, .F. ) ;
#4887 = MECHANICAL_DESIGN_GEOMETRIC_PRESENTATION_REPRESENTATION (  '', ( #1408 ), #388 ) ;
#4888 = DIRECTION ( 'NONE',  ( 1.095209583345264389E-16, 0.7071067811865491270, 0.7071067811865459074 ) ) ;
#4889 = CARTESIAN_POINT ( 'NONE',  ( -2.290000000000000480, -3.149999999999999911, -2.790000000000000036 ) ) ;
#4890 = DIRECTION ( 'NONE',  ( -1.548860246407863583E-16, 0.0000000000000000000, -1.000000000000000000 ) ) ;
#4891 = FILL_AREA_STYLE_COLOUR ( '', #3279 ) ;
#4892 = CARTESIAN_POINT ( 'NONE',  ( -0.3500000000000000333, 0.2999999999999990452, -0.3499999999999999223 ) ) ;
#4893 = LINE ( 'NONE', #847, #1261 ) ;
#4894 = SURFACE_SIDE_STYLE ('',( #4379 ) ) ;
#4895 = ORIENTED_EDGE ( 'NONE', *, *, #2725, .F. ) ;
#4896 = UNCERTAINTY_MEASURE_WITH_UNIT (LENGTH_MEASURE( 1.000000000000000082E-05 ), #2670, 'distance_accuracy_value', 'NONE');
#4897 = PLANE ( 'NONE',  #4339 ) ;
#4898 = CARTESIAN_POINT ( 'NONE',  ( 0.7500000000000047740, 4.500000000000000000, -1.789999999999995595 ) ) ;
#4899 = CARTESIAN_POINT ( 'NONE',  ( 0.3499999999999997002, 4.099999999999996980, -2.890000000000000124 ) ) ;
#4900 = FILL_AREA_STYLE_COLOUR ( '', #980 ) ;
#4901 = SURFACE_STYLE_FILL_AREA ( #3124 ) ;
#4902 = ORIENTED_EDGE ( 'NONE', *, *, #4122, .F. ) ;
#4903 = VECTOR ( 'NONE', #69, 1000.000000000000000 ) ;
#4904 = EDGE_CURVE ( 'NONE', #2504, #1461, #2741, .T. ) ;
#4905 = FILL_AREA_STYLE ('',( #5335 ) ) ;
#4906 = PRESENTATION_STYLE_ASSIGNMENT (( #4983 ) ) ;
#4907 = EDGE_CURVE ( 'NONE', #2934, #1150, #3771, .T. ) ;
#4908 = CARTESIAN_POINT ( 'NONE',  ( -0.1437217191649892978, -3.149999999999999911, -7.870000000000000107 ) ) ;
#4909 = MECHANICAL_DESIGN_GEOMETRIC_PRESENTATION_REPRESENTATION (  '', ( #5357 ), #4270 ) ;
#4910 = ORIENTED_EDGE ( 'NONE', *, *, #5327, .T. ) ;
#4911 = AXIS2_PLACEMENT_3D ( 'NONE', #3887, #4357, #289 ) ;
#4912 = DIRECTION ( 'NONE',  ( -0.0000000000000000000, 1.000000000000000000, -0.0000000000000000000 ) ) ;
#4913 = ORIENTED_EDGE ( 'NONE', *, *, #3664, .T. ) ;
#4914 = FILL_AREA_STYLE_COLOUR ( '', #4661 ) ;
#4915 = STYLED_ITEM ( 'NONE', ( #317 ), #2656 ) ;
#4916 = CARTESIAN_POINT ( 'NONE',  ( 1.269999999999999796, 0.0000000000000000000, 1.270000000000000240 ) ) ;
#4917 = CARTESIAN_POINT ( 'NONE',  ( -2.396278280835011376, -3.149999999999999911, 0.2500000000000002220 ) ) ;
#4918 =( NAMED_UNIT ( * ) SI_UNIT ( $, .STERADIAN. ) SOLID_ANGLE_UNIT ( ) );
#4919 = VERTEX_POINT ( 'NONE', #498 ) ;
#4920 = DIRECTION ( 'NONE',  ( 1.084202172485504311E-16, -0.0000000000000000000, 1.000000000000000000 ) ) ;
#4921 = SURFACE_STYLE_USAGE ( .BOTH. , #2212 ) ;
#4922 =( GEOMETRIC_REPRESENTATION_CONTEXT ( 3 ) GLOBAL_UNCERTAINTY_ASSIGNED_CONTEXT ( ( #2618 ) ) GLOBAL_UNIT_ASSIGNED_CONTEXT ( ( #2300, #4557, #537 ) ) REPRESENTATION_CONTEXT ( 'NONE', 'WORKASPACE' ) );
#4923 = FACE_OUTER_BOUND ( 'NONE', #3029, .T. ) ;
#4924 = EDGE_CURVE ( 'NONE', #1696, #2874, #2294, .T. ) ;
#4925 = LINE ( 'NONE', #1851, #5226 ) ;
#4926 = MECHANICAL_DESIGN_GEOMETRIC_PRESENTATION_REPRESENTATION (  '', ( #2775 ), #1001 ) ;
#4927 = VECTOR ( 'NONE', #2178, 1000.000000000000000 ) ;
#4928 = DIRECTION ( 'NONE',  ( -1.000000000000000000, -0.0000000000000000000, 1.548860246407863583E-16 ) ) ;
#4929 = EDGE_CURVE ( 'NONE', #2186, #1309, #5553, .T. ) ;
#4930 =( GEOMETRIC_REPRESENTATION_CONTEXT ( 3 ) GLOBAL_UNCERTAINTY_ASSIGNED_CONTEXT ( ( #4500 ) ) GLOBAL_UNIT_ASSIGNED_CONTEXT ( ( #272, #1274, #360 ) ) REPRESENTATION_CONTEXT ( 'NONE', 'WORKASPACE' ) );
#4931 = ORIENTED_EDGE ( 'NONE', *, *, #4091, .F. ) ;
#4932 =( GEOMETRIC_REPRESENTATION_CONTEXT ( 3 ) GLOBAL_UNCERTAINTY_ASSIGNED_CONTEXT ( ( #1262 ) ) GLOBAL_UNIT_ASSIGNED_CONTEXT ( ( #5263, #3134, #3493 ) ) REPRESENTATION_CONTEXT ( 'NONE', 'WORKASPACE' ) );
#4933 = UNCERTAINTY_MEASURE_WITH_UNIT (LENGTH_MEASURE( 1.000000000000000082E-05 ), #3247, 'distance_accuracy_value', 'NONE');
#4934 = COLOUR_RGB ( '',0.2509803921568627416, 0.2509803921568627416, 0.2509803921568627416 ) ;
#4935 = LINE ( 'NONE', #2826, #5216 ) ;
#4936 = MECHANICAL_DESIGN_GEOMETRIC_PRESENTATION_REPRESENTATION (  '', ( #5476 ), #2326 ) ;
#4937 = EDGE_CURVE ( 'NONE', #2782, #2812, #924, .T. ) ;
#4938 = DIRECTION ( 'NONE',  ( 1.000000000000000000, 0.0000000000000000000, -1.084202172485504311E-16 ) ) ;
#4939 = ORIENTED_EDGE ( 'NONE', *, *, #3268, .F. ) ;
#4940 = DIRECTION ( 'NONE',  ( 0.9781476007338062439, 0.2079116908177567613, -3.181529261181228866E-16 ) ) ;
#4941 = VECTOR ( 'NONE', #1920, 1000.000000000000000 ) ;
#4942 = COLOUR_RGB ( '',0.2509803921568627416, 0.2509803921568627416, 0.2509803921568627416 ) ;
#4943 =( NAMED_UNIT ( * ) PLANE_ANGLE_UNIT ( ) SI_UNIT ( $, .RADIAN. ) );
#4944 = DIRECTION ( 'NONE',  ( -1.000000000000000000, -0.0000000000000000000, 1.084202172485503941E-16 ) ) ;
#4945 =( LENGTH_UNIT ( ) NAMED_UNIT ( * ) SI_UNIT ( .MILLI., .METRE. ) );
#4946 = VECTOR ( 'NONE', #1558, 1000.000000000000000 ) ;
#4947 = ORIENTED_EDGE ( 'NONE', *, *, #992, .F. ) ;
#4948 = CARTESIAN_POINT ( 'NONE',  ( -2.890000000000000568, 4.099999999999996980, -4.730000000000000426 ) ) ;
#4949 = DIRECTION ( 'NONE',  ( -0.0000000000000000000, -1.000000000000000000, -0.0000000000000000000 ) ) ;
#4950 = LINE ( 'NONE', #461, #4047 ) ;
#4951 = FILL_AREA_STYLE ('',( #1449 ) ) ;
#4952 = LINE ( 'NONE', #1795, #469 ) ;
#4953 =( LENGTH_UNIT ( ) NAMED_UNIT ( * ) SI_UNIT ( .MILLI., .METRE. ) );
#4954 = DIRECTION ( 'NONE',  ( 0.0000000000000000000, -0.0000000000000000000, 1.000000000000000000 ) ) ;
#4955 = PRESENTATION_STYLE_ASSIGNMENT (( #3188 ) ) ;
#4956 = CARTESIAN_POINT ( 'NONE',  ( -0.2500000000000006106, -3.149999999999999911, -5.330000000000000959 ) ) ;
#4957 =( NAMED_UNIT ( * ) SI_UNIT ( $, .STERADIAN. ) SOLID_ANGLE_UNIT ( ) );
#4958 = EDGE_CURVE ( 'NONE', #1185, #4534, #1550, .T. ) ;
#4959 = VERTEX_POINT ( 'NONE', #448 ) ;
#4960 =( GEOMETRIC_REPRESENTATION_CONTEXT ( 3 ) GLOBAL_UNCERTAINTY_ASSIGNED_CONTEXT ( ( #3272 ) ) GLOBAL_UNIT_ASSIGNED_CONTEXT ( ( #4261, #1068, #5055 ) ) REPRESENTATION_CONTEXT ( 'NONE', 'WORKASPACE' ) );
#4961 = EDGE_LOOP ( 'NONE', ( #1860, #1800, #645, #4803, #3287, #2859 ) ) ;
#4962 = UNCERTAINTY_MEASURE_WITH_UNIT (LENGTH_MEASURE( 1.000000000000000082E-05 ), #2586, 'distance_accuracy_value', 'NONE');
#4963 = FILL_AREA_STYLE ('',( #134 ) ) ;
#4964 = VERTEX_POINT ( 'NONE', #2244 ) ;
#4965 = SURFACE_SIDE_STYLE ('',( #4988 ) ) ;
#4966 = EDGE_CURVE ( 'NONE', #4056, #5365, #3162, .T. ) ;
#4967 = COLOUR_RGB ( '',0.5019607843137254832, 0.5019607843137254832, 0.5019607843137254832 ) ;
#4968 =( LENGTH_UNIT ( ) NAMED_UNIT ( * ) SI_UNIT ( .MILLI., .METRE. ) );
#4969 = ADVANCED_FACE ( 'NONE', ( #1356 ), #2599, .T. ) ;
#4970 = ORIENTED_EDGE ( 'NONE', *, *, #3814, .T. ) ;
#4971 = COLOUR_RGB ( '',0.5019607843137254832, 0.5019607843137254832, 0.5019607843137254832 ) ;
#4972 = PLANE ( 'NONE',  #3823 ) ;
#4973 = CARTESIAN_POINT ( 'NONE',  ( -0.1483158392310496010, -3.128386364410650433, -2.290000000000000036 ) ) ;
#4974 = EDGE_CURVE ( 'NONE', #2296, #2558, #2152, .T. ) ;
#4975 = ORIENTED_EDGE ( 'NONE', *, *, #880, .F. ) ;
#4976 = LINE ( 'NONE', #5745, #358 ) ;
#4977 = PRESENTATION_STYLE_ASSIGNMENT (( #1325 ) ) ;
#4978 = FILL_AREA_STYLE ('',( #5409 ) ) ;
#4979 = COLOUR_RGB ( '',0.2509803921568627416, 0.2509803921568627416, 0.2509803921568627416 ) ;
#4980 = VERTEX_POINT ( 'NONE', #3949 ) ;
#4981 = VECTOR ( 'NONE', #3798, 1000.000000000000000 ) ;
#4982 = LINE ( 'NONE', #611, #294 ) ;
#4983 = SURFACE_STYLE_USAGE ( .BOTH. , #465 ) ;
#4984 = SURFACE_STYLE_FILL_AREA ( #26 ) ;
#4985 = ORIENTED_EDGE ( 'NONE', *, *, #2587, .F. ) ;
#4986 = FILL_AREA_STYLE_COLOUR ( '', #4099 ) ;
#4987 = ORIENTED_EDGE ( 'NONE', *, *, #4347, .T. ) ;
#4988 = SURFACE_STYLE_FILL_AREA ( #3302 ) ;
#4989 = SURFACE_STYLE_FILL_AREA ( #1773 ) ;
#4990 = VECTOR ( 'NONE', #2875, 1000.000000000000000 ) ;
#4991 = CARTESIAN_POINT ( 'NONE',  ( -0.3500000000000004774, 0.2999999999999990452, -4.730000000000000426 ) ) ;
#4992 =( GEOMETRIC_REPRESENTATION_CONTEXT ( 3 ) GLOBAL_UNCERTAINTY_ASSIGNED_CONTEXT ( ( #2845 ) ) GLOBAL_UNIT_ASSIGNED_CONTEXT ( ( #4088, #43, #1324 ) ) REPRESENTATION_CONTEXT ( 'NONE', 'WORKASPACE' ) );
#4993 = DIRECTION ( 'NONE',  ( 1.000000000000000000, 0.0000000000000000000, 0.0000000000000000000 ) ) ;
#4994 = AXIS2_PLACEMENT_3D ( 'NONE', #4089, #1844, #1400 ) ;
#4995 = ORIENTED_EDGE ( 'NONE', *, *, #1317, .T. ) ;
#4996 = EDGE_CURVE ( 'NONE', #2870, #4527, #2475, .T. ) ;
#4997 = ADVANCED_FACE ( 'NONE', ( #5130 ), #4380, .T. ) ;
#4998 = PRESENTATION_STYLE_ASSIGNMENT (( #1884 ) ) ;
#4999 = UNCERTAINTY_MEASURE_WITH_UNIT (LENGTH_MEASURE( 1.000000000000000082E-05 ), #2513, 'distance_accuracy_value', 'NONE');
#5000 = PLANE ( 'NONE',  #809 ) ;
#5001 = FILL_AREA_STYLE ('',( #3259 ) ) ;
#5002 =( GEOMETRIC_REPRESENTATION_CONTEXT ( 3 ) GLOBAL_UNCERTAINTY_ASSIGNED_CONTEXT ( ( #323 ) ) GLOBAL_UNIT_ASSIGNED_CONTEXT ( ( #2082, #3441, #5583 ) ) REPRESENTATION_CONTEXT ( 'NONE', 'WORKASPACE' ) );
#5003 = VERTEX_POINT ( 'NONE', #5191 ) ;
#5004 = CARTESIAN_POINT ( 'NONE',  ( 0.2499999999999998890, -2.649999999999991029, -2.290000000000000480 ) ) ;
#5005 = CARTESIAN_POINT ( 'NONE',  ( 0.1437217191649883263, -3.149999999999999911, -2.790000000000000480 ) ) ;
#5006 = VERTEX_POINT ( 'NONE', #1578 ) ;
#5007 = VECTOR ( 'NONE', #4614, 1000.000000000000114 ) ;
#5008 = EDGE_CURVE ( 'NONE', #5428, #4964, #1175, .T. ) ;
#5009 = UNCERTAINTY_MEASURE_WITH_UNIT (LENGTH_MEASURE( 1.000000000000000082E-05 ), #2568, 'distance_accuracy_value', 'NONE');
#5010 = SURFACE_STYLE_FILL_AREA ( #4143 ) ;
#5011 = DIRECTION ( 'NONE',  ( -1.000000000000000000, -0.0000000000000000000, 1.084202172485503941E-16 ) ) ;
#5012 = CARTESIAN_POINT ( 'NONE',  ( -0.3500000000000004774, 4.099999999999998757, -5.429999999999999716 ) ) ;
#5013 = PRESENTATION_LAYER_ASSIGNMENT (  '', '', ( #1737 ) ) ;
#5014 = EDGE_LOOP ( 'NONE', ( #1793, #3120, #5032, #4141 ) ) ;
#5015 =( NAMED_UNIT ( * ) PLANE_ANGLE_UNIT ( ) SI_UNIT ( $, .RADIAN. ) );
#5016 =( NAMED_UNIT ( * ) SI_UNIT ( $, .STERADIAN. ) SOLID_ANGLE_UNIT ( ) );
#5017 = CARTESIAN_POINT ( 'NONE',  ( -0.2500000000000001110, -2.649999999999991029, -0.2500000000000000555 ) ) ;
#5018 = VECTOR ( 'NONE', #2223, 1000.000000000000000 ) ;
#5019 =( GEOMETRIC_REPRESENTATION_CONTEXT ( 3 ) GLOBAL_UNCERTAINTY_ASSIGNED_CONTEXT ( ( #5682 ) ) GLOBAL_UNIT_ASSIGNED_CONTEXT ( ( #650, #684, #743 ) ) REPRESENTATION_CONTEXT ( 'NONE', 'WORKASPACE' ) );
#5020 = LINE ( 'NONE', #1388, #4465 ) ;
#5021 = ORIENTED_EDGE ( 'NONE', *, *, #5535, .F. ) ;
#5022 =( GEOMETRIC_REPRESENTATION_CONTEXT ( 3 ) GLOBAL_UNCERTAINTY_ASSIGNED_CONTEXT ( ( #3990 ) ) GLOBAL_UNIT_ASSIGNED_CONTEXT ( ( #4741, #2436, #3405 ) ) REPRESENTATION_CONTEXT ( 'NONE', 'WORKASPACE' ) );
#5023 = CARTESIAN_POINT ( 'NONE',  ( -2.890000000000000568, 0.2999999999999990452, -2.189999999999999503 ) ) ;
#5024 = STYLED_ITEM ( 'NONE', ( #4621 ), #3927 ) ;
#5025 = CARTESIAN_POINT ( 'NONE',  ( -2.290000000000000480, 0.0000000000000000000, -5.330000000000000959 ) ) ;
#5026 = PLANE ( 'NONE',  #531 ) ;
#5027 = MECHANICAL_DESIGN_GEOMETRIC_PRESENTATION_REPRESENTATION (  '', ( #4753 ), #1373 ) ;
#5028 = CARTESIAN_POINT ( 'NONE',  ( -0.3500000000000000333, 4.100000000000000533, -0.3499999999999999223 ) ) ;
#5029 = SURFACE_STYLE_FILL_AREA ( #1861 ) ;
#5030 = AXIS2_PLACEMENT_3D ( 'NONE', #4318, #1627, #170 ) ;
#5031 = VECTOR ( 'NONE', #962, 1000.000000000000000 ) ;
#5032 = ORIENTED_EDGE ( 'NONE', *, *, #5395, .F. ) ;
#5033 = DIRECTION ( 'NONE',  ( -0.2079116908177565393, -0.9781476007338061329, 0.0000000000000000000 ) ) ;
#5034 = EDGE_CURVE ( 'NONE', #3107, #2678, #737, .T. ) ;
#5035 = CARTESIAN_POINT ( 'NONE',  ( -2.190000000000000391, 4.099999999999996980, -2.889999999999999680 ) ) ;
#5036 = EDGE_LOOP ( 'NONE', ( #4506, #447, #2748, #2037, #2237, #3280 ) ) ;
#5037 = VECTOR ( 'NONE', #2030, 1000.000000000000000 ) ;
#5038 = VECTOR ( 'NONE', #4151, 1000.000000000000000 ) ;
#5039 = LINE ( 'NONE', #4205, #3278 ) ;
#5040 = EDGE_CURVE ( 'NONE', #3394, #101, #2629, .T. ) ;
#5041 = SURFACE_STYLE_FILL_AREA ( #4271 ) ;
#5042 = EDGE_CURVE ( 'NONE', #3730, #5003, #3176, .T. ) ;
#5043 = MECHANICAL_DESIGN_GEOMETRIC_PRESENTATION_REPRESENTATION (  '', ( #3094 ), #5674 ) ;
#5044 = PLANE ( 'NONE',  #2651 ) ;
#5045 = DIRECTION ( 'NONE',  ( 0.0000000000000000000, 0.0000000000000000000, -1.000000000000000000 ) ) ;
#5046 = DIRECTION ( 'NONE',  ( 1.095209583345265375E-16, 0.7071067811865489050, 0.7071067811865462405 ) ) ;
#5047 = EDGE_CURVE ( 'NONE', #5648, #278, #482, .T. ) ;
#5048 = EDGE_LOOP ( 'NONE', ( #5539, #5744, #5098, #135 ) ) ;
#5049 = SURFACE_STYLE_USAGE ( .BOTH. , #5467 ) ;
#5050 = SURFACE_STYLE_FILL_AREA ( #2798 ) ;
#5051 = CARTESIAN_POINT ( 'NONE',  ( -3.290000000000005809, 4.500000000000000000, -7.969999999999999751 ) ) ;
#5052 = ORIENTED_EDGE ( 'NONE', *, *, #4718, .T. ) ;
#5053 = FILL_AREA_STYLE_COLOUR ( '', #822 ) ;
#5054 = FACE_BOUND ( 'NONE', #3965, .T. ) ;
#5055 =( NAMED_UNIT ( * ) SI_UNIT ( $, .STERADIAN. ) SOLID_ANGLE_UNIT ( ) );
#5056 = FILL_AREA_STYLE_COLOUR ( '', #3324 ) ;
#5057 = CARTESIAN_POINT ( 'NONE',  ( -2.790000000000000924, -2.649999999999992806, -4.830000000000000071 ) ) ;
#5058 = VECTOR ( 'NONE', #414, 1000.000000000000000 ) ;
#5059 = DIRECTION ( 'NONE',  ( -1.084202172485503941E-16, 0.0000000000000000000, -1.000000000000000000 ) ) ;
#5060 = EDGE_LOOP ( 'NONE', ( #5021, #1154, #1025, #3177 ) ) ;
#5061 = UNCERTAINTY_MEASURE_WITH_UNIT (LENGTH_MEASURE( 1.000000000000000082E-05 ), #2328, 'distance_accuracy_value', 'NONE');
#5062 = FACE_OUTER_BOUND ( 'NONE', #5014, .T. ) ;
#5063 = PRESENTATION_LAYER_ASSIGNMENT (  '', '', ( #1873 ) ) ;
#5064 = CARTESIAN_POINT ( 'NONE',  ( -2.423333333333334672, 3.866666666666663588, -2.423333333333333783 ) ) ;
#5065 = DIRECTION ( 'NONE',  ( 1.000000000000000000, 0.0000000000000000000, -1.548860246407863583E-16 ) ) ;
#5066 = CARTESIAN_POINT ( 'NONE',  ( -0.3500000000000002554, 0.2999999999999990452, -2.890000000000000124 ) ) ;
#5067 = PRESENTATION_STYLE_ASSIGNMENT (( #2942 ) ) ;
#5068 = DIRECTION ( 'NONE',  ( 3.252606517456512316E-16, 0.0000000000000000000, 1.000000000000000000 ) ) ;
#5069 = DIRECTION ( 'NONE',  ( -1.000000000000000000, 0.0000000000000000000, 0.0000000000000000000 ) ) ;
#5070 = ADVANCED_FACE ( 'NONE', ( #5269 ), #3095, .T. ) ;
#5071 = CARTESIAN_POINT ( 'NONE',  ( -0.3500000000000004774, 4.099999999999998757, -4.730000000000000426 ) ) ;
#5072 = PLANE ( 'NONE',  #2844 ) ;
#5073 =( NAMED_UNIT ( * ) SI_UNIT ( $, .STERADIAN. ) SOLID_ANGLE_UNIT ( ) );
#5074 = CARTESIAN_POINT ( 'NONE',  ( -2.890000000000000568, 4.099999999999996980, -5.429999999999999716 ) ) ;
#5075 = SURFACE_STYLE_USAGE ( .BOTH. , #5458 ) ;
#5076 = DIRECTION ( 'NONE',  ( 1.000000000000000000, 0.0000000000000000000, -1.084202172485504187E-16 ) ) ;
#5077 = CARTESIAN_POINT ( 'NONE',  ( -2.290000000000000480, -2.649999999999991029, -4.830000000000000071 ) ) ;
#5078 = EDGE_CURVE ( 'NONE', #2064, #470, #15, .T. ) ;
#5079 = ORIENTED_EDGE ( 'NONE', *, *, #45, .F. ) ;
#5080 = PRESENTATION_STYLE_ASSIGNMENT (( #3713 ) ) ;
#5081 = EDGE_CURVE ( 'NONE', #5436, #3454, #4842, .T. ) ;
#5082 =( NAMED_UNIT ( * ) SI_UNIT ( $, .STERADIAN. ) SOLID_ANGLE_UNIT ( ) );
#5083 = LINE ( 'NONE', #2930, #5403 ) ;
#5084 = PRESENTATION_STYLE_ASSIGNMENT (( #1503 ) ) ;
#5085 = ORIENTED_EDGE ( 'NONE', *, *, #3224, .T. ) ;
#5086 = EDGE_LOOP ( 'NONE', ( #1281, #2829, #4856, #718 ) ) ;
#5087 = FILL_AREA_STYLE ('',( #2774 ) ) ;
#5088 = ORIENTED_EDGE ( 'NONE', *, *, #1351, .F. ) ;
#5089 = CARTESIAN_POINT ( 'NONE',  ( 0.3499999999999996447, 4.099999999999998757, -4.730000000000000426 ) ) ;
#5090 = PRESENTATION_LAYER_ASSIGNMENT (  '', '', ( #702 ) ) ;
#5091 =( NAMED_UNIT ( * ) PLANE_ANGLE_UNIT ( ) SI_UNIT ( $, .RADIAN. ) );
#5092 = PLANE ( 'NONE',  #1208 ) ;
#5093 = LINE ( 'NONE', #2809, #2672 ) ;
#5094 =( LENGTH_UNIT ( ) NAMED_UNIT ( * ) SI_UNIT ( .MILLI., .METRE. ) );
#5095 = ORIENTED_EDGE ( 'NONE', *, *, #1784, .T. ) ;
#5096 = STYLED_ITEM ( 'NONE', ( #3284 ), #3578 ) ;
#5097 =( LENGTH_UNIT ( ) NAMED_UNIT ( * ) SI_UNIT ( .MILLI., .METRE. ) );
#5098 = ORIENTED_EDGE ( 'NONE', *, *, #1441, .T. ) ;
#5099 = DIRECTION ( 'NONE',  ( -0.0000000000000000000, 1.000000000000000000, -0.0000000000000000000 ) ) ;
#5100 = CARTESIAN_POINT ( 'NONE',  ( -0.7500000000000034417, 4.500000000000000000, -6.869999999999997442 ) ) ;
#5101 = FACE_OUTER_BOUND ( 'NONE', #756, .T. ) ;
#5102 = CARTESIAN_POINT ( 'NONE',  ( -2.790000000000000924, 0.0000000000000000000, -4.830000000000000071 ) ) ;
#5103 =( NAMED_UNIT ( * ) SI_UNIT ( $, .STERADIAN. ) SOLID_ANGLE_UNIT ( ) );
#5104 = PRESENTATION_STYLE_ASSIGNMENT (( #1586 ) ) ;
#5105 = VERTEX_POINT ( 'NONE', #3530 ) ;
#5106 = EDGE_CURVE ( 'NONE', #4210, #1480, #908, .T. ) ;
#5107 = COLOUR_RGB ( '',0.5019607843137254832, 0.5019607843137254832, 0.5019607843137254832 ) ;
#5108 = SURFACE_SIDE_STYLE ('',( #1153 ) ) ;
#5109 = ORIENTED_EDGE ( 'NONE', *, *, #2327, .T. ) ;
#5110 = LINE ( 'NONE', #2487, #1557 ) ;
#5111 =( NAMED_UNIT ( * ) SI_UNIT ( $, .STERADIAN. ) SOLID_ANGLE_UNIT ( ) );
#5112 = STYLED_ITEM ( 'NONE', ( #956 ), #5736 ) ;
#5113 = ADVANCED_FACE ( 'NONE', ( #2179 ), #1370, .T. ) ;
#5114 = VERTEX_POINT ( 'NONE', #5035 ) ;
#5115 = UNCERTAINTY_MEASURE_WITH_UNIT (LENGTH_MEASURE( 1.000000000000000082E-05 ), #2968, 'distance_accuracy_value', 'NONE');
#5116 = PRESENTATION_LAYER_ASSIGNMENT (  '', '', ( #2033 ) ) ;
#5117 = FILL_AREA_STYLE ('',( #3349 ) ) ;
#5118 = AXIS2_PLACEMENT_3D ( 'NONE', #5564, #5497, #3397 ) ;
#5119 = ORIENTED_EDGE ( 'NONE', *, *, #5040, .F. ) ;
#5120 = EDGE_CURVE ( 'NONE', #4860, #2060, #2343, .T. ) ;
#5121 = AXIS2_PLACEMENT_3D ( 'NONE', #5004, #13, #5033 ) ;
#5122 = LINE ( 'NONE', #2469, #5627 ) ;
#5123 = ORIENTED_EDGE ( 'NONE', *, *, #2069, .F. ) ;
#5124 =( GEOMETRIC_REPRESENTATION_CONTEXT ( 3 ) GLOBAL_UNCERTAINTY_ASSIGNED_CONTEXT ( ( #1430 ) ) GLOBAL_UNIT_ASSIGNED_CONTEXT ( ( #2553, #777, #5073 ) ) REPRESENTATION_CONTEXT ( 'NONE', 'WORKASPACE' ) );
#5125 = LINE ( 'NONE', #2345, #1852 ) ;
#5126 = CARTESIAN_POINT ( 'NONE',  ( -0.2500000000000006661, -3.149999999999999911, -7.370000000000000107 ) ) ;
#5127 =( NAMED_UNIT ( * ) SI_UNIT ( $, .STERADIAN. ) SOLID_ANGLE_UNIT ( ) );
#5128 = STYLED_ITEM ( 'NONE', ( #5591 ), #372 ) ;
#5129 = EDGE_LOOP ( 'NONE', ( #4874, #5569, #3875, #4016 ) ) ;
#5130 = FACE_OUTER_BOUND ( 'NONE', #3963, .T. ) ;
#5131 = ORIENTED_EDGE ( 'NONE', *, *, #4020, .T. ) ;
#5132 = CARTESIAN_POINT ( 'NONE',  ( 0.2499999999999998335, 0.0000000000000000000, -2.790000000000000480 ) ) ;
#5133 = VECTOR ( 'NONE', #1421, 1000.000000000000000 ) ;
#5134 = VECTOR ( 'NONE', #780, 1000.000000000000000 ) ;
#5135 = CARTESIAN_POINT ( 'NONE',  ( -0.1483158392310497675, -3.128386364410650433, -2.790000000000000480 ) ) ;
#5136 = LINE ( 'NONE', #1118, #1681 ) ;
#5137 = VECTOR ( 'NONE', #619, 1000.000000000000000 ) ;
#5138 = SURFACE_STYLE_USAGE ( .BOTH. , #3365 ) ;
#5139 = ORIENTED_EDGE ( 'NONE', *, *, #1777, .F. ) ;
#5140 = SURFACE_STYLE_FILL_AREA ( #2458 ) ;
#5141 = CARTESIAN_POINT ( 'NONE',  ( -2.396278280835011376, -3.149999999999999911, -0.2499999999999998890 ) ) ;
#5142 = EDGE_CURVE ( 'NONE', #4919, #566, #5427, .T. ) ;
#5143 = SURFACE_STYLE_FILL_AREA ( #1562 ) ;
#5144 = ORIENTED_EDGE ( 'NONE', *, *, #4508, .T. ) ;
#5145 = ORIENTED_EDGE ( 'NONE', *, *, #2814, .T. ) ;
#5146 =( LENGTH_UNIT ( ) NAMED_UNIT ( * ) SI_UNIT ( .MILLI., .METRE. ) );
#5147 = FILL_AREA_STYLE_COLOUR ( '', #1698 ) ;
#5148 = SURFACE_STYLE_FILL_AREA ( #1982 ) ;
#5149 = CARTESIAN_POINT ( 'NONE',  ( -0.3500000000000004774, 4.099999999999998757, -5.429999999999999716 ) ) ;
#5150 = STYLED_ITEM ( 'NONE', ( #2518 ), #1101 ) ;
#5151 = EDGE_CURVE ( 'NONE', #127, #914, #4140, .T. ) ;
#5152 = FILL_AREA_STYLE ('',( #2503 ) ) ;
#5153 = EDGE_LOOP ( 'NONE', ( #2890, #2165, #4362, #4879 ) ) ;
#5154 = ADVANCED_FACE ( 'NONE', ( #1952 ), #2309, .F. ) ;
#5155 = DIRECTION ( 'NONE',  ( -1.000000000000000000, 0.0000000000000000000, 0.0000000000000000000 ) ) ;
#5156 = VECTOR ( 'NONE', #3715, 1000.000000000000000 ) ;
#5157 = PRESENTATION_LAYER_ASSIGNMENT (  '', '', ( #1502 ) ) ;
#5158 = SURFACE_STYLE_USAGE ( .BOTH. , #1869 ) ;
#5159 = DIRECTION ( 'NONE',  ( -1.000000000000000000, 0.0000000000000000000, 3.252606517456512316E-16 ) ) ;
#5160 = ORIENTED_EDGE ( 'NONE', *, *, #4834, .F. ) ;
#5161 =( NAMED_UNIT ( * ) SI_UNIT ( $, .STERADIAN. ) SOLID_ANGLE_UNIT ( ) );
#5162 = SURFACE_STYLE_USAGE ( .BOTH. , #4695 ) ;
#5163 = SURFACE_SIDE_STYLE ('',( #2183 ) ) ;
#5164 = CARTESIAN_POINT ( 'NONE',  ( -0.1483158392310504337, -3.128386364410650433, -5.330000000000000959 ) ) ;
#5165 = PRESENTATION_STYLE_ASSIGNMENT (( #5075 ) ) ;
#5166 = DIRECTION ( 'NONE',  ( -1.000000000000000000, 0.0000000000000000000, 1.548860246407863583E-16 ) ) ;
#5167 = DIRECTION ( 'NONE',  ( -1.548860246407863583E-16, 0.0000000000000000000, -1.000000000000000000 ) ) ;
#5168 = ORIENTED_EDGE ( 'NONE', *, *, #3623, .F. ) ;
#5169 = CARTESIAN_POINT ( 'NONE',  ( -2.190000000000000391, 0.2999999999999990452, -5.430000000000000604 ) ) ;
#5170 = DIRECTION ( 'NONE',  ( 0.5773502691896267303, 0.5773502691896240657, 0.5773502691896265082 ) ) ;
#5171 = FILL_AREA_STYLE_COLOUR ( '', #3796 ) ;
#5172 = CARTESIAN_POINT ( 'NONE',  ( -1.789999999999996261, 4.500000000000000000, -5.830000000000004512 ) ) ;
#5173 = SURFACE_STYLE_USAGE ( .BOTH. , #1095 ) ;
#5174 = ORIENTED_EDGE ( 'NONE', *, *, #2468, .T. ) ;
#5175 =( NAMED_UNIT ( * ) PLANE_ANGLE_UNIT ( ) SI_UNIT ( $, .RADIAN. ) );
#5176 = FACE_BOUND ( 'NONE', #335, .T. ) ;
#5177 = DIRECTION ( 'NONE',  ( 1.000000000000000000, 0.0000000000000000000, -1.084202172485504311E-16 ) ) ;
#5178 = LINE ( 'NONE', #1098, #4111 ) ;
#5179 = CARTESIAN_POINT ( 'NONE',  ( 1.269999999999999796, 0.0000000000000000000, 1.270000000000000240 ) ) ;
#5180 = SURFACE_STYLE_FILL_AREA ( #5294 ) ;
#5181 =( GEOMETRIC_REPRESENTATION_CONTEXT ( 3 ) GLOBAL_UNCERTAINTY_ASSIGNED_CONTEXT ( ( #4213 ) ) GLOBAL_UNIT_ASSIGNED_CONTEXT ( ( #4458, #3583, #2707 ) ) REPRESENTATION_CONTEXT ( 'NONE', 'WORKASPACE' ) );
#5182 = VERTEX_POINT ( 'NONE', #5089 ) ;
#5183 = UNCERTAINTY_MEASURE_WITH_UNIT (LENGTH_MEASURE( 1.000000000000000082E-05 ), #3499, 'distance_accuracy_value', 'NONE');
#5184 = CARTESIAN_POINT ( 'NONE',  ( -2.790000000000000924, -3.149999999999999911, -7.870000000000000107 ) ) ;
#5185 = PRESENTATION_STYLE_ASSIGNMENT (( #2917 ) ) ;
#5186 = VECTOR ( 'NONE', #1378, 1000.000000000000000 ) ;
#5187 = COLOUR_RGB ( '',0.2509803921568627416, 0.2509803921568627416, 0.2509803921568627416 ) ;
#5188 =( NAMED_UNIT ( * ) PLANE_ANGLE_UNIT ( ) SI_UNIT ( $, .RADIAN. ) );
#5189 = ORIENTED_EDGE ( 'NONE', *, *, #1313, .F. ) ;
#5190 = ADVANCED_FACE ( 'NONE', ( #1073 ), #2873, .T. ) ;
#5191 = CARTESIAN_POINT ( 'NONE',  ( -2.396278280835011820, -3.149999999999999911, -7.370000000000000107 ) ) ;
#5192 = EDGE_LOOP ( 'NONE', ( #4288, #89, #1359, #3296 ) ) ;
#5193 = LINE ( 'NONE', #2061, #5698 ) ;
#5194 = FILL_AREA_STYLE ('',( #4725 ) ) ;
#5195 = LINE ( 'NONE', #3505, #2201 ) ;
#5196 = LINE ( 'NONE', #518, #852 ) ;
#5197 = CARTESIAN_POINT ( 'NONE',  ( -0.3500000000000006994, 0.2999999999999990452, -7.270000000000000462 ) ) ;
#5198 = APPLICATION_PROTOCOL_DEFINITION ( 'draft international standard', 'automotive_design', 1998, #2234 ) ;
#5199 =( NAMED_UNIT ( * ) PLANE_ANGLE_UNIT ( ) SI_UNIT ( $, .RADIAN. ) );
#5200 = SURFACE_SIDE_STYLE ('',( #274 ) ) ;
#5201 = LINE ( 'NONE', #4442, #4314 ) ;
#5202 = DIRECTION ( 'NONE',  ( 3.252606517456512316E-16, 0.0000000000000000000, 1.000000000000000000 ) ) ;
#5203 = ORIENTED_EDGE ( 'NONE', *, *, #3763, .F. ) ;
#5204 = MECHANICAL_DESIGN_GEOMETRIC_PRESENTATION_REPRESENTATION (  '', ( #993 ), #4745 ) ;
#5205 = DIRECTION ( 'NONE',  ( -0.0000000000000000000, 1.000000000000000000, -0.0000000000000000000 ) ) ;
#5206 = ORIENTED_EDGE ( 'NONE', *, *, #3550, .T. ) ;
#5207 = CARTESIAN_POINT ( 'NONE',  ( -0.1483158392310502116, -3.128386364410650433, -7.870000000000000107 ) ) ;
#5208 = VECTOR ( 'NONE', #1196, 1000.000000000000000 ) ;
#5209 = CARTESIAN_POINT ( 'NONE',  ( 0.7500000000000016653, 4.500000000000000000, -7.270000000000000462 ) ) ;
#5210 = FILL_AREA_STYLE ('',( #255 ) ) ;
#5211 = EDGE_CURVE ( 'NONE', #571, #3367, #1043, .T. ) ;
#5212 = CARTESIAN_POINT ( 'NONE',  ( -2.396278280835011820, -3.149999999999999911, -2.790000000000000036 ) ) ;
#5213 = SURFACE_SIDE_STYLE ('',( #4721 ) ) ;
#5214 = STYLED_ITEM ( 'NONE', ( #804 ), #237 ) ;
#5215 = ORIENTED_EDGE ( 'NONE', *, *, #1485, .T. ) ;
#5216 = VECTOR ( 'NONE', #138, 1000.000000000000000 ) ;
#5217 = DIRECTION ( 'NONE',  ( 3.252606517456512316E-16, 0.0000000000000000000, 1.000000000000000000 ) ) ;
#5218 = COLOUR_RGB ( '',1.000000000000000000, 1.000000000000000000, 0.5019607843137254832 ) ;
#5219 = EDGE_CURVE ( 'NONE', #5702, #4179, #3351, .T. ) ;
#5220 =( NAMED_UNIT ( * ) SI_UNIT ( $, .STERADIAN. ) SOLID_ANGLE_UNIT ( ) );
#5221 = FILL_AREA_STYLE ('',( #5274 ) ) ;
#5222 = DIRECTION ( 'NONE',  ( -1.084202172485504311E-16, 0.0000000000000000000, -1.000000000000000000 ) ) ;
#5223 = EDGE_CURVE ( 'NONE', #403, #2834, #179, .T. ) ;
#5224 =( NAMED_UNIT ( * ) SI_UNIT ( $, .STERADIAN. ) SOLID_ANGLE_UNIT ( ) );
#5225 = DIRECTION ( 'NONE',  ( -1.000000000000000000, -0.0000000000000000000, 1.084202172485503941E-16 ) ) ;
#5226 = VECTOR ( 'NONE', #5433, 1000.000000000000000 ) ;
#5227 = ORIENTED_EDGE ( 'NONE', *, *, #1054, .F. ) ;
#5228 = PRESENTATION_LAYER_ASSIGNMENT (  '', '', ( #1940 ) ) ;
#5229 = EDGE_CURVE ( 'NONE', #2192, #4980, #1133, .T. ) ;
#5230 = VECTOR ( 'NONE', #2428, 1000.000000000000000 ) ;
#5231 = CARTESIAN_POINT ( 'NONE',  ( -2.190000000000000391, 0.2999999999999990452, -7.270000000000000462 ) ) ;
#5232 = EDGE_LOOP ( 'NONE', ( #4995, #3350, #2616, #463 ) ) ;
#5233 = FILL_AREA_STYLE ('',( #368 ) ) ;
#5234 = CARTESIAN_POINT ( 'NONE',  ( -3.809999999999999609, 0.0000000000000000000, 1.270000000000000684 ) ) ;
#5235 = CARTESIAN_POINT ( 'NONE',  ( 0.3499999999999998113, 0.2999999999999990452, -2.189999999999999947 ) ) ;
#5236 = DIRECTION ( 'NONE',  ( 1.095209583345264635E-16, 0.7071067811865491270, 0.7071067811865459074 ) ) ;
#5237 = CARTESIAN_POINT ( 'NONE',  ( -2.290000000000000480, -2.649999999999991473, -7.370000000000000107 ) ) ;
#5238 = SURFACE_SIDE_STYLE ('',( #3470 ) ) ;
#5239 = DIRECTION ( 'NONE',  ( 1.000000000000000000, 0.0000000000000000000, 0.0000000000000000000 ) ) ;
#5240 = SURFACE_STYLE_USAGE ( .BOTH. , #4334 ) ;
#5241 = SURFACE_STYLE_FILL_AREA ( #850 ) ;
#5242 = DIRECTION ( 'NONE',  ( -1.000000000000000000, 0.0000000000000000000, 0.0000000000000000000 ) ) ;
#5243 = ORIENTED_EDGE ( 'NONE', *, *, #4937, .F. ) ;
#5244 =( LENGTH_UNIT ( ) NAMED_UNIT ( * ) SI_UNIT ( .MILLI., .METRE. ) );
#5245 = CARTESIAN_POINT ( 'NONE',  ( -0.3500000000000002554, 4.099999999999996980, -2.189999999999999947 ) ) ;
#5246 = MECHANICAL_DESIGN_GEOMETRIC_PRESENTATION_REPRESENTATION (  '', ( #1969 ), #4960 ) ;
#5247 = CARTESIAN_POINT ( 'NONE',  ( -2.890000000000000568, 4.099999999999996980, -7.969999999999999751 ) ) ;
#5248 = DIRECTION ( 'NONE',  ( -1.084202172485503941E-16, 0.0000000000000000000, -1.000000000000000000 ) ) ;
#5249 = FILL_AREA_STYLE_COLOUR ( '', #2541 ) ;
#5250 = DIRECTION ( 'NONE',  ( -1.084202172485504311E-16, 0.0000000000000000000, -1.000000000000000000 ) ) ;
#5251 = ORIENTED_EDGE ( 'NONE', *, *, #4514, .T. ) ;
#5252 = EDGE_CURVE ( 'NONE', #4576, #4527, #3883, .T. ) ;
#5253 = EDGE_CURVE ( 'NONE', #1862, #101, #5122, .T. ) ;
#5254 = DIRECTION ( 'NONE',  ( 0.0000000000000000000, 0.7071067811865490160, -0.7071067811865460184 ) ) ;
#5255 = CARTESIAN_POINT ( 'NONE',  ( -2.290000000000000480, -2.649999999999991029, -4.830000000000000071 ) ) ;
#5256 = AXIS2_PLACEMENT_3D ( 'NONE', #5640, #2572, #4818 ) ;
#5257 = SURFACE_SIDE_STYLE ('',( #1695 ) ) ;
#5258 = ADVANCED_FACE ( 'NONE', ( #3857 ), #3381, .T. ) ;
#5259 = ADVANCED_FACE ( 'NONE', ( #3009 ), #3913, .F. ) ;
#5260 = ORIENTED_EDGE ( 'NONE', *, *, #116, .F. ) ;
#5261 = DIRECTION ( 'NONE',  ( 0.0000000000000000000, 0.7071067811865460184, 0.7071067811865489050 ) ) ;
#5262 =( NAMED_UNIT ( * ) SI_UNIT ( $, .STERADIAN. ) SOLID_ANGLE_UNIT ( ) );
#5263 =( LENGTH_UNIT ( ) NAMED_UNIT ( * ) SI_UNIT ( .MILLI., .METRE. ) );
#5264 = FACE_OUTER_BOUND ( 'NONE', #4766, .T. ) ;
#5265 = COLOUR_RGB ( '',0.2509803921568627416, 0.2509803921568627416, 0.2509803921568627416 ) ;
#5266 = DIRECTION ( 'NONE',  ( -1.000000000000000000, 0.0000000000000000000, 3.252606517456512316E-16 ) ) ;
#5267 =( LENGTH_UNIT ( ) NAMED_UNIT ( * ) SI_UNIT ( .MILLI., .METRE. ) );
#5268 = CARTESIAN_POINT ( 'NONE',  ( -0.3500000000000000333, 4.100000000000000533, -0.3499999999999999223 ) ) ;
#5269 = FACE_OUTER_BOUND ( 'NONE', #2571, .T. ) ;
#5270 = ORIENTED_EDGE ( 'NONE', *, *, #1988, .T. ) ;
#5271 = CARTESIAN_POINT ( 'NONE',  ( -2.890000000000000124, 4.099999999999998757, 0.3500000000000002554 ) ) ;
#5272 = PRESENTATION_LAYER_ASSIGNMENT (  '', '', ( #3987 ) ) ;
#5273 = PRESENTATION_STYLE_ASSIGNMENT (( #1581 ) ) ;
#5274 = FILL_AREA_STYLE_COLOUR ( '', #3556 ) ;
#5275 = DIRECTION ( 'NONE',  ( -0.0000000000000000000, 1.000000000000000000, -0.0000000000000000000 ) ) ;
#5276 =( NAMED_UNIT ( * ) SI_UNIT ( $, .STERADIAN. ) SOLID_ANGLE_UNIT ( ) );
#5277 = CARTESIAN_POINT ( 'NONE',  ( -3.290000000000005809, 4.500000000000000000, -5.429999999999999716 ) ) ;
#5278 = FACE_OUTER_BOUND ( 'NONE', #3676, .T. ) ;
#5279 = EDGE_LOOP ( 'NONE', ( #1302, #2630, #2168, #392 ) ) ;
#5280 = STYLED_ITEM ( 'NONE', ( #641 ), #2247 ) ;
#5281 = ORIENTED_EDGE ( 'NONE', *, *, #621, .T. ) ;
#5282 = PLANE ( 'NONE',  #58 ) ;
#5283 = CARTESIAN_POINT ( 'NONE',  ( -2.683721719164989583, -3.149999999999999911, -2.289999999999999591 ) ) ;
#5284 = VECTOR ( 'NONE', #3702, 1000.000000000000000 ) ;
#5285 = ADVANCED_FACE ( 'NONE', ( #5264 ), #3136, .F. ) ;
#5286 = ORIENTED_EDGE ( 'NONE', *, *, #2479, .F. ) ;
#5287 = COLOUR_RGB ( '',0.2509803921568627416, 0.2509803921568627416, 0.2509803921568627416 ) ;
#5288 = ORIENTED_EDGE ( 'NONE', *, *, #5568, .T. ) ;
#5289 =( NAMED_UNIT ( * ) PLANE_ANGLE_UNIT ( ) SI_UNIT ( $, .RADIAN. ) );
#5290 = DIRECTION ( 'NONE',  ( 0.9781476007338062439, 0.2079116908177569834, -3.181529261181228866E-16 ) ) ;
#5291 = EDGE_CURVE ( 'NONE', #2100, #4230, #423, .T. ) ;
#5292 = PRESENTATION_STYLE_ASSIGNMENT (( #1335 ) ) ;
#5293 = VECTOR ( 'NONE', #889, 1000.000000000000000 ) ;
#5294 = FILL_AREA_STYLE ('',( #785 ) ) ;
#5295 = UNCERTAINTY_MEASURE_WITH_UNIT (LENGTH_MEASURE( 1.000000000000000082E-05 ), #90, 'distance_accuracy_value', 'NONE');
#5296 = DIRECTION ( 'NONE',  ( -0.2079116908177577883, 0.9781476007338059109, 2.254183068697473579E-17 ) ) ;
#5297 = LINE ( 'NONE', #1780, #884 ) ;
#5298 = ADVANCED_FACE ( 'NONE', ( #1253 ), #2229, .T. ) ;
#5299 =( NAMED_UNIT ( * ) SI_UNIT ( $, .STERADIAN. ) SOLID_ANGLE_UNIT ( ) );
#5300 = VECTOR ( 'NONE', #2988, 1000.000000000000000 ) ;
#5301 = ORIENTED_EDGE ( 'NONE', *, *, #3452, .F. ) ;
#5302 = DIRECTION ( 'NONE',  ( -0.0000000000000000000, 1.000000000000000000, -0.0000000000000000000 ) ) ;
#5303 = EDGE_LOOP ( 'NONE', ( #1126, #3456, #1658, #16 ) ) ;
#5304 = LINE ( 'NONE', #3179, #1385 ) ;
#5305 = PLANE ( 'NONE',  #787 ) ;
#5306 = DIRECTION ( 'NONE',  ( 0.0000000000000000000, 1.000000000000000000, 0.0000000000000000000 ) ) ;
#5307 = PLANE ( 'NONE',  #4774 ) ;
#5308 = ORIENTED_EDGE ( 'NONE', *, *, #2587, .T. ) ;
#5309 = STYLED_ITEM ( 'NONE', ( #5317 ), #2944 ) ;
#5310 = CARTESIAN_POINT ( 'NONE',  ( -2.790000000000000924, -2.649999999999992806, -7.370000000000000107 ) ) ;
#5311 = CARTESIAN_POINT ( 'NONE',  ( -0.3500000000000002554, 0.2999999999999990452, -2.890000000000000124 ) ) ;
#5312 = ORIENTED_EDGE ( 'NONE', *, *, #2111, .F. ) ;
#5313 = PRESENTATION_LAYER_ASSIGNMENT (  '', '', ( #4567 ) ) ;
#5314 = LINE ( 'NONE', #4014, #616 ) ;
#5315 = ORIENTED_EDGE ( 'NONE', *, *, #4312, .F. ) ;
#5316 = DIRECTION ( 'NONE',  ( -0.2079116908177569556, 0.9781476007338061329, 0.0000000000000000000 ) ) ;
#5317 = PRESENTATION_STYLE_ASSIGNMENT (( #370 ) ) ;
#5318 =( GEOMETRIC_REPRESENTATION_CONTEXT ( 3 ) GLOBAL_UNCERTAINTY_ASSIGNED_CONTEXT ( ( #3908 ) ) GLOBAL_UNIT_ASSIGNED_CONTEXT ( ( #2855, #32, #5466 ) ) REPRESENTATION_CONTEXT ( 'NONE', 'WORKASPACE' ) );
#5319 =( LENGTH_UNIT ( ) NAMED_UNIT ( * ) SI_UNIT ( .MILLI., .METRE. ) );
#5320 = LINE ( 'NONE', #4427, #1637 ) ;
#5321 = EDGE_CURVE ( 'NONE', #3382, #4699, #4484, .T. ) ;
#5322 = EDGE_CURVE ( 'NONE', #3587, #3394, #5320, .T. ) ;
#5323 = LINE ( 'NONE', #4867, #2758 ) ;
#5324 = SURFACE_STYLE_FILL_AREA ( #455 ) ;
#5325 = CARTESIAN_POINT ( 'NONE',  ( -2.790000000000000924, -3.149999999999999911, -4.830000000000000071 ) ) ;
#5326 = SURFACE_STYLE_USAGE ( .BOTH. , #4894 ) ;
#5327 = EDGE_CURVE ( 'NONE', #2759, #3596, #3114, .T. ) ;
#5328 = SURFACE_STYLE_USAGE ( .BOTH. , #1759 ) ;
#5329 = VERTEX_POINT ( 'NONE', #2726 ) ;
#5330 = ADVANCED_FACE ( 'NONE', ( #3225 ), #477, .F. ) ;
#5331 = LINE ( 'NONE', #5271, #3765 ) ;
#5332 =( NAMED_UNIT ( * ) SI_UNIT ( $, .STERADIAN. ) SOLID_ANGLE_UNIT ( ) );
#5333 =( NAMED_UNIT ( * ) SI_UNIT ( $, .STERADIAN. ) SOLID_ANGLE_UNIT ( ) );
#5334 = AXIS2_PLACEMENT_3D ( 'NONE', #3421, #5248, #4386 ) ;
#5335 = FILL_AREA_STYLE_COLOUR ( '', #399 ) ;
#5336 = CARTESIAN_POINT ( 'NONE',  ( -0.3500000000000000333, 4.100000000000000533, 0.3499999999999999223 ) ) ;
#5337 =( GEOMETRIC_REPRESENTATION_CONTEXT ( 3 ) GLOBAL_UNCERTAINTY_ASSIGNED_CONTEXT ( ( #3042 ) ) GLOBAL_UNIT_ASSIGNED_CONTEXT ( ( #3403, #5175, #2965 ) ) REPRESENTATION_CONTEXT ( 'NONE', 'WORKASPACE' ) );
#5338 = ORIENTED_EDGE ( 'NONE', *, *, #5385, .F. ) ;
#5339 = ORIENTED_EDGE ( 'NONE', *, *, #4091, .T. ) ;
#5340 = PLANE ( 'NONE',  #1932 ) ;
#5341 = SURFACE_STYLE_USAGE ( .BOTH. , #4454 ) ;
#5342 = VERTEX_POINT ( 'NONE', #65 ) ;
#5343 = DIRECTION ( 'NONE',  ( 0.0000000000000000000, -1.000000000000000000, 0.0000000000000000000 ) ) ;
#5344 = DIRECTION ( 'NONE',  ( -0.7071067811865490160, -0.7071067811865460184, 0.0000000000000000000 ) ) ;
#5345 = SURFACE_STYLE_FILL_AREA ( #1446 ) ;
#5346 = COLOUR_RGB ( '',1.000000000000000000, 1.000000000000000000, 0.5019607843137254832 ) ;
#5347 = VERTEX_POINT ( 'NONE', #3631 ) ;
#5348 = UNCERTAINTY_MEASURE_WITH_UNIT (LENGTH_MEASURE( 1.000000000000000082E-05 ), #2997, 'distance_accuracy_value', 'NONE');
#5349 = CARTESIAN_POINT ( 'NONE',  ( -2.890000000000000568, 0.2999999999999990452, -2.889999999999999680 ) ) ;
#5350 =( NAMED_UNIT ( * ) SI_UNIT ( $, .STERADIAN. ) SOLID_ANGLE_UNIT ( ) );
#5351 = COLOUR_RGB ( '',0.5019607843137254832, 0.5019607843137254832, 0.5019607843137254832 ) ;
#5352 = EDGE_LOOP ( 'NONE', ( #4103, #4552, #3978, #286 ) ) ;
#5353 = FACE_OUTER_BOUND ( 'NONE', #868, .T. ) ;
#5354 = CARTESIAN_POINT ( 'NONE',  ( -0.3500000000000000333, 0.2999999999999990452, 0.3499999999999999223 ) ) ;
#5355 = CARTESIAN_POINT ( 'NONE',  ( -0.3500000000000006994, 4.099999999999998757, -7.969999999999999751 ) ) ;
#5356 = VECTOR ( 'NONE', #4007, 1000.000000000000000 ) ;
#5357 = STYLED_ITEM ( 'NONE', ( #5517 ), #4797 ) ;
#5358 = SURFACE_STYLE_USAGE ( .BOTH. , #3513 ) ;
#5359 = EDGE_CURVE ( 'NONE', #4419, #2991, #4580, .T. ) ;
#5360 = ORIENTED_EDGE ( 'NONE', *, *, #8, .T. ) ;
#5361 = ORIENTED_EDGE ( 'NONE', *, *, #1317, .F. ) ;
#5362 = CARTESIAN_POINT ( 'NONE',  ( -0.3500000000000002554, 0.2999999999999990452, -2.189999999999999947 ) ) ;
#5363 = PLANE ( 'NONE',  #340 ) ;
#5364 = PRESENTATION_LAYER_ASSIGNMENT (  '', '', ( #4632 ) ) ;
#5365 = VERTEX_POINT ( 'NONE', #5502 ) ;
#5366 = AXIS2_PLACEMENT_3D ( 'NONE', #5268, #4405, #3527 ) ;
#5367 = SURFACE_STYLE_FILL_AREA ( #1801 ) ;
#5368 = STYLED_ITEM ( 'NONE', ( #5575 ), #2523 ) ;
#5369 = CARTESIAN_POINT ( 'NONE',  ( -2.396278280835011820, -3.149999999999999911, -7.870000000000000107 ) ) ;
#5370 = PRESENTATION_LAYER_ASSIGNMENT (  '', '', ( #5096 ) ) ;
#5371 = CARTESIAN_POINT ( 'NONE',  ( -0.3500000000000002554, 0.2999999999999990452, -2.890000000000000124 ) ) ;
#5372 = ORIENTED_EDGE ( 'NONE', *, *, #3376, .F. ) ;
#5373 = CARTESIAN_POINT ( 'NONE',  ( -0.1483158392310489904, -3.128386364410649989, -0.2500000000000000555 ) ) ;
#5374 = DIRECTION ( 'NONE',  ( -0.0000000000000000000, -1.000000000000000000, -0.0000000000000000000 ) ) ;
#5375 = FILL_AREA_STYLE_COLOUR ( '', #2417 ) ;
#5376 = COLOUR_RGB ( '',1.000000000000000000, 1.000000000000000000, 0.5019607843137254832 ) ;
#5377 = PRESENTATION_LAYER_ASSIGNMENT (  '', '', ( #2604 ) ) ;
#5378 = PRESENTATION_STYLE_ASSIGNMENT (( #5328 ) ) ;
#5379 = ORIENTED_EDGE ( 'NONE', *, *, #5034, .F. ) ;
#5380 = EDGE_CURVE ( 'NONE', #3144, #894, #4533, .T. ) ;
#5381 =( LENGTH_UNIT ( ) NAMED_UNIT ( * ) SI_UNIT ( .MILLI., .METRE. ) );
#5382 = PLANE ( 'NONE',  #2953 ) ;
#5383 = LINE ( 'NONE', #489, #717 ) ;
#5384 = EDGE_CURVE ( 'NONE', #3307, #3907, #3253, .T. ) ;
#5385 = EDGE_CURVE ( 'NONE', #909, #2504, #1035, .T. ) ;
#5386 = LINE ( 'NONE', #1383, #5038 ) ;
#5387 =( LENGTH_UNIT ( ) NAMED_UNIT ( * ) SI_UNIT ( .MILLI., .METRE. ) );
#5388 = MECHANICAL_DESIGN_GEOMETRIC_PRESENTATION_REPRESENTATION (  '', ( #4755 ), #623 ) ;
#5389 = ORIENTED_EDGE ( 'NONE', *, *, #194, .T. ) ;
#5390 = CARTESIAN_POINT ( 'NONE',  ( -2.790000000000000924, -3.149999999999999911, -5.330000000000000959 ) ) ;
#5391 = CARTESIAN_POINT ( 'NONE',  ( -2.890000000000000568, 4.099999999999996980, -7.969999999999999751 ) ) ;
#5392 = VECTOR ( 'NONE', #3929, 1000.000000000000000 ) ;
#5393 = ORIENTED_EDGE ( 'NONE', *, *, #3483, .F. ) ;
#5394 = PRESENTATION_LAYER_ASSIGNMENT (  '', '', ( #5309 ) ) ;
#5395 = EDGE_CURVE ( 'NONE', #5771, #1656, #3200, .T. ) ;
#5396 = CARTESIAN_POINT ( 'NONE',  ( -2.190000000000000391, 4.099999999999996980, -2.189999999999999503 ) ) ;
#5397 = PRESENTATION_LAYER_ASSIGNMENT (  '', '', ( #3846 ) ) ;
#5398 = FILL_AREA_STYLE ('',( #4107 ) ) ;
#5399 = UNCERTAINTY_MEASURE_WITH_UNIT (LENGTH_MEASURE( 1.000000000000000082E-05 ), #1949, 'distance_accuracy_value', 'NONE');
#5400 = AXIS2_PLACEMENT_3D ( 'NONE', #389, #3986, #3542 ) ;
#5401 = SURFACE_STYLE_USAGE ( .BOTH. , #1508 ) ;
#5402 = SURFACE_STYLE_USAGE ( .BOTH. , #4564 ) ;
#5403 = VECTOR ( 'NONE', #714, 1000.000000000000000 ) ;
#5404 = SURFACE_STYLE_USAGE ( .BOTH. , #1835 ) ;
#5405 = ORIENTED_EDGE ( 'NONE', *, *, #5081, .T. ) ;
#5406 = FILL_AREA_STYLE ('',( #5147 ) ) ;
#5407 = CARTESIAN_POINT ( 'NONE',  ( 0.2500000000000001110, -2.649999999999991029, 0.2500000000000000000 ) ) ;
#5408 = FILL_AREA_STYLE_COLOUR ( '', #1632 ) ;
#5409 = FILL_AREA_STYLE_COLOUR ( '', #590 ) ;
#5410 = ORIENTED_EDGE ( 'NONE', *, *, #1244, .F. ) ;
#5411 = UNCERTAINTY_MEASURE_WITH_UNIT (LENGTH_MEASURE( 1.000000000000000082E-05 ), #2684, 'distance_accuracy_value', 'NONE');
#5412 = DIRECTION ( 'NONE',  ( 0.0000000000000000000, -0.7071067811865462405, 0.7071067811865489050 ) ) ;
#5413 = LINE ( 'NONE', #2519, #5037 ) ;
#5414 = VECTOR ( 'NONE', #1840, 1000.000000000000000 ) ;
#5415 = EDGE_CURVE ( 'NONE', #2453, #127, #4609, .T. ) ;
#5416 = ORIENTED_EDGE ( 'NONE', *, *, #5322, .F. ) ;
#5417 = STYLED_ITEM ( 'NONE', ( #3956 ), #1128 ) ;
#5418 = DIRECTION ( 'NONE',  ( 0.0000000000000000000, 1.000000000000000000, 0.0000000000000000000 ) ) ;
#5419 = ADVANCED_FACE ( 'NONE', ( #1439 ), #4972, .T. ) ;
#5420 = ORIENTED_EDGE ( 'NONE', *, *, #3954, .T. ) ;
#5421 = LINE ( 'NONE', #5369, #3735 ) ;
#5422 = SURFACE_STYLE_FILL_AREA ( #3754 ) ;
#5423 = VERTEX_POINT ( 'NONE', #172 ) ;
#5424 = CARTESIAN_POINT ( 'NONE',  ( -2.890000000000000568, 4.099999999999996980, -2.889999999999999680 ) ) ;
#5425 = SURFACE_SIDE_STYLE ('',( #5029 ) ) ;
#5426 = EDGE_LOOP ( 'NONE', ( #3659, #2166, #4676, #670 ) ) ;
#5427 = LINE ( 'NONE', #2836, #2669 ) ;
#5428 = VERTEX_POINT ( 'NONE', #3401 ) ;
#5429 = DIRECTION ( 'NONE',  ( 0.2079116908177565393, 0.9781476007338061329, -2.254183068697460945E-17 ) ) ;
#5430 =( NAMED_UNIT ( * ) SI_UNIT ( $, .STERADIAN. ) SOLID_ANGLE_UNIT ( ) );
#5431 = ORIENTED_EDGE ( 'NONE', *, *, #2824, .T. ) ;
#5432 = DIRECTION ( 'NONE',  ( -1.084202172485504187E-16, 0.0000000000000000000, -1.000000000000000000 ) ) ;
#5433 = DIRECTION ( 'NONE',  ( 0.0000000000000000000, -0.0000000000000000000, 1.000000000000000000 ) ) ;
#5434 = ORIENTED_EDGE ( 'NONE', *, *, #3884, .F. ) ;
#5435 = AXIS2_PLACEMENT_3D ( 'NONE', #5630, #3409, #1607 ) ;
#5436 = VERTEX_POINT ( 'NONE', #3906 ) ;
#5437 = PRESENTATION_LAYER_ASSIGNMENT (  '', '', ( #2584 ) ) ;
#5438 = CARTESIAN_POINT ( 'NONE',  ( -0.2500000000000006661, -2.649999999999991029, -7.370000000000000107 ) ) ;
#5439 =( NAMED_UNIT ( * ) SI_UNIT ( $, .STERADIAN. ) SOLID_ANGLE_UNIT ( ) );
#5440 = VECTOR ( 'NONE', #2517, 1000.000000000000114 ) ;
#5441 = SURFACE_SIDE_STYLE ('',( #2801 ) ) ;
#5442 =( GEOMETRIC_REPRESENTATION_CONTEXT ( 3 ) GLOBAL_UNCERTAINTY_ASSIGNED_CONTEXT ( ( #2913 ) ) GLOBAL_UNIT_ASSIGNED_CONTEXT ( ( #3320, #3295, #185 ) ) REPRESENTATION_CONTEXT ( 'NONE', 'WORKASPACE' ) );
#5443 = VERTEX_POINT ( 'NONE', #2012 ) ;
#5444 =( NAMED_UNIT ( * ) SI_UNIT ( $, .STERADIAN. ) SOLID_ANGLE_UNIT ( ) );
#5445 = EDGE_LOOP ( 'NONE', ( #5551, #3423, #3077, #1078, #5079, #1160 ) ) ;
#5446 = COLOUR_RGB ( '',0.2509803921568627416, 0.2509803921568627416, 0.2509803921568627416 ) ;
#5447 = FACE_OUTER_BOUND ( 'NONE', #1975, .T. ) ;
#5448 =( LENGTH_UNIT ( ) NAMED_UNIT ( * ) SI_UNIT ( .MILLI., .METRE. ) );
#5449 = ORIENTED_EDGE ( 'NONE', *, *, #5211, .F. ) ;
#5450 = CARTESIAN_POINT ( 'NONE',  ( -2.890000000000000568, 4.099999999999996980, -4.730000000000000426 ) ) ;
#5451 = DIRECTION ( 'NONE',  ( 0.0000000000000000000, 1.000000000000000000, 0.0000000000000000000 ) ) ;
#5452 = DIRECTION ( 'NONE',  ( 0.0000000000000000000, 0.0000000000000000000, 1.000000000000000000 ) ) ;
#5453 = UNCERTAINTY_MEASURE_WITH_UNIT (LENGTH_MEASURE( 1.000000000000000082E-05 ), #3308, 'distance_accuracy_value', 'NONE');
#5454 = DIRECTION ( 'NONE',  ( 1.000000000000000000, 0.0000000000000000000, -1.084202172485504187E-16 ) ) ;
#5455 = FILL_AREA_STYLE ('',( #2028 ) ) ;
#5456 = VECTOR ( 'NONE', #2293, 1000.000000000000000 ) ;
#5457 = FACE_OUTER_BOUND ( 'NONE', #2892, .T. ) ;
#5458 = SURFACE_SIDE_STYLE ('',( #2885 ) ) ;
#5459 = DIRECTION ( 'NONE',  ( 0.5773502691896271743, -0.5773502691896240657, 0.5773502691896259531 ) ) ;
#5460 = FACE_OUTER_BOUND ( 'NONE', #4136, .T. ) ;
#5461 = MECHANICAL_DESIGN_GEOMETRIC_PRESENTATION_REPRESENTATION (  '', ( #4749 ), #1839 ) ;
#5462 = AXIS2_PLACEMENT_3D ( 'NONE', #5741, #765, #1679 ) ;
#5463 = UNCERTAINTY_MEASURE_WITH_UNIT (LENGTH_MEASURE( 1.000000000000000082E-05 ), #5146, 'distance_accuracy_value', 'NONE');
#5464 = CARTESIAN_POINT ( 'NONE',  ( -2.890000000000000568, 4.099999999999996980, -2.889999999999999680 ) ) ;
#5465 = ORIENTED_EDGE ( 'NONE', *, *, #2195, .F. ) ;
#5466 =( NAMED_UNIT ( * ) SI_UNIT ( $, .STERADIAN. ) SOLID_ANGLE_UNIT ( ) );
#5467 = SURFACE_SIDE_STYLE ('',( #3714 ) ) ;
#5468 = COLOUR_RGB ( '',0.5019607843137254832, 0.5019607843137254832, 0.5019607843137254832 ) ;
#5469 = SURFACE_STYLE_FILL_AREA ( #4131 ) ;
#5470 = FILL_AREA_STYLE ('',( #1062 ) ) ;
#5471 = STYLED_ITEM ( 'NONE', ( #5292 ), #2938 ) ;
#5472 = ORIENTED_EDGE ( 'NONE', *, *, #4836, .T. ) ;
#5473 = DIRECTION ( 'NONE',  ( -0.7071067811865494601, 0.7071067811865455743, 0.0000000000000000000 ) ) ;
#5474 = CARTESIAN_POINT ( 'NONE',  ( 0.1437217191649883263, -3.149999999999999911, -2.790000000000000480 ) ) ;
#5475 = DIRECTION ( 'NONE',  ( 1.000000000000000000, 0.0000000000000000000, -1.084202172485504311E-16 ) ) ;
#5476 = STYLED_ITEM ( 'NONE', ( #771 ), #412 ) ;
#5477 = SURFACE_SIDE_STYLE ('',( #1833 ) ) ;
#5478 = EDGE_LOOP ( 'NONE', ( #834, #4076, #1429, #3858 ) ) ;
#5479 = CARTESIAN_POINT ( 'NONE',  ( -2.790000000000000036, -3.149999999999999911, 0.2500000000000002776 ) ) ;
#5480 = EDGE_CURVE ( 'NONE', #571, #173, #1125, .T. ) ;
#5481 = EDGE_CURVE ( 'NONE', #1992, #1185, #628, .T. ) ;
#5482 = DIRECTION ( 'NONE',  ( 0.0000000000000000000, -0.7071067811865460184, 0.7071067811865490160 ) ) ;
#5483 = VECTOR ( 'NONE', #4384, 1000.000000000000000 ) ;
#5484 = ORIENTED_EDGE ( 'NONE', *, *, #3803, .F. ) ;
#5485 = VECTOR ( 'NONE', #5076, 1000.000000000000000 ) ;
#5486 = CARTESIAN_POINT ( 'NONE',  ( 0.3499999999999999223, 0.2999999999999990452, -0.3500000000000000333 ) ) ;
#5487 = CARTESIAN_POINT ( 'NONE',  ( -2.890000000000000568, 4.099999999999996980, -2.889999999999999680 ) ) ;
#5488 = FACE_OUTER_BOUND ( 'NONE', #2203, .T. ) ;
#5489 = VERTEX_POINT ( 'NONE', #3001 ) ;
#5490 = DIRECTION ( 'NONE',  ( 1.000000000000000000, 0.0000000000000000000, 0.0000000000000000000 ) ) ;
#5491 = CARTESIAN_POINT ( 'NONE',  ( -3.809999999999999609, 4.500000000000000000, 1.270000000000000684 ) ) ;
#5492 =( LENGTH_UNIT ( ) NAMED_UNIT ( * ) SI_UNIT ( .MILLI., .METRE. ) );
#5493 = LINE ( 'NONE', #3805, #5485 ) ;
#5494 = EDGE_LOOP ( 'NONE', ( #1349, #2709, #3039, #653 ) ) ;
#5495 = DIRECTION ( 'NONE',  ( 0.9781476007338062439, 0.2079116908177567613, -3.181529261181228866E-16 ) ) ;
#5496 = ORIENTED_EDGE ( 'NONE', *, *, #5669, .T. ) ;
#5497 = DIRECTION ( 'NONE',  ( -1.000000000000000000, 0.0000000000000000000, 0.0000000000000000000 ) ) ;
#5498 =( LENGTH_UNIT ( ) NAMED_UNIT ( * ) SI_UNIT ( .MILLI., .METRE. ) );
#5499 = LINE ( 'NONE', #4530, #2893 ) ;
#5500 = SURFACE_STYLE_USAGE ( .BOTH. , #4186 ) ;
#5501 = EDGE_LOOP ( 'NONE', ( #2243, #5281, #4265, #4174 ) ) ;
#5502 = CARTESIAN_POINT ( 'NONE',  ( -0.3500000000000006994, 0.2999999999999990452, -7.969999999999999751 ) ) ;
#5503 = EDGE_LOOP ( 'NONE', ( #5052, #3163, #5434, #4723 ) ) ;
#5504 =( LENGTH_UNIT ( ) NAMED_UNIT ( * ) SI_UNIT ( .MILLI., .METRE. ) );
#5505 = UNCERTAINTY_MEASURE_WITH_UNIT (LENGTH_MEASURE( 1.000000000000000082E-05 ), #4100, 'distance_accuracy_value', 'NONE');
#5506 =( GEOMETRIC_REPRESENTATION_CONTEXT ( 3 ) GLOBAL_UNCERTAINTY_ASSIGNED_CONTEXT ( ( #3395 ) ) GLOBAL_UNIT_ASSIGNED_CONTEXT ( ( #3586, #3152, #2262 ) ) REPRESENTATION_CONTEXT ( 'NONE', 'WORKASPACE' ) );
#5507 = FACE_BOUND ( 'NONE', #3195, .T. ) ;
#5508 = CARTESIAN_POINT ( 'NONE',  ( -2.289999999999999591, 0.0000000000000000000, 0.2500000000000001110 ) ) ;
#5509 = FACE_OUTER_BOUND ( 'NONE', #5710, .T. ) ;
#5510 = ORIENTED_EDGE ( 'NONE', *, *, #1712, .T. ) ;
#5511 =( GEOMETRIC_REPRESENTATION_CONTEXT ( 3 ) GLOBAL_UNCERTAINTY_ASSIGNED_CONTEXT ( ( #2323 ) ) GLOBAL_UNIT_ASSIGNED_CONTEXT ( ( #4636, #1121, #5082 ) ) REPRESENTATION_CONTEXT ( 'NONE', 'WORKASPACE' ) );
#5512 = SURFACE_STYLE_FILL_AREA ( #572 ) ;
#5513 = VECTOR ( 'NONE', #784, 1000.000000000000000 ) ;
#5514 = DIRECTION ( 'NONE',  ( -1.548860246407863583E-16, 0.0000000000000000000, -1.000000000000000000 ) ) ;
#5515 = ORIENTED_EDGE ( 'NONE', *, *, #2566, .F. ) ;
#5516 = UNCERTAINTY_MEASURE_WITH_UNIT (LENGTH_MEASURE( 1.000000000000000082E-05 ), #3309, 'distance_accuracy_value', 'NONE');
#5517 = PRESENTATION_STYLE_ASSIGNMENT (( #4652 ) ) ;
#5518 = LINE ( 'NONE', #71, #4030 ) ;
#5519 = SURFACE_STYLE_USAGE ( .BOTH. , #4241 ) ;
#5520 = ADVANCED_FACE ( 'NONE', ( #4775 ), #2903, .T. ) ;
#5521 = DIRECTION ( 'NONE',  ( -0.5773502691896265082, 0.5773502691896241767, 0.5773502691896265082 ) ) ;
#5522 = SURFACE_SIDE_STYLE ('',( #1024 ) ) ;
#5523 = FILL_AREA_STYLE ('',( #4246 ) ) ;
#5524 = ORIENTED_EDGE ( 'NONE', *, *, #3581, .F. ) ;
#5525 =( LENGTH_UNIT ( ) NAMED_UNIT ( * ) SI_UNIT ( .MILLI., .METRE. ) );
#5526 = CARTESIAN_POINT ( 'NONE',  ( -0.3500000000000006994, 4.099999999999998757, -7.969999999999999751 ) ) ;
#5527 = CARTESIAN_POINT ( 'NONE',  ( -2.890000000000000568, 0.2999999999999990452, -7.270000000000000462 ) ) ;
#5528 = LINE ( 'NONE', #2787, #3853 ) ;
#5529 = FACE_OUTER_BOUND ( 'NONE', #2214, .T. ) ;
#5530 = SURFACE_STYLE_FILL_AREA ( #164 ) ;
#5531 = ORIENTED_EDGE ( 'NONE', *, *, #4974, .F. ) ;
#5532 = CARTESIAN_POINT ( 'NONE',  ( -2.790000000000000924, -2.649999999999992806, -2.289999999999999591 ) ) ;
#5533 = EDGE_LOOP ( 'NONE', ( #1120, #2387, #1414, #4518 ) ) ;
#5534 = LINE ( 'NONE', #1090, #5230 ) ;
#5535 = EDGE_CURVE ( 'NONE', #2344, #1321, #4643, .T. ) ;
#5536 = SURFACE_STYLE_USAGE ( .BOTH. , #2555 ) ;
#5537 = COLOUR_RGB ( '',0.2509803921568627416, 0.2509803921568627416, 0.2509803921568627416 ) ;
#5538 = FILL_AREA_STYLE ('',( #3787 ) ) ;
#5539 = ORIENTED_EDGE ( 'NONE', *, *, #3803, .T. ) ;
#5540 = CARTESIAN_POINT ( 'NONE',  ( -2.290000000000000480, -3.149999999999999911, -7.870000000000000107 ) ) ;
#5541 = LINE ( 'NONE', #4679, #2045 ) ;
#5542 = DIRECTION ( 'NONE',  ( 0.0000000000000000000, 0.0000000000000000000, 1.000000000000000000 ) ) ;
#5543 = ORIENTED_EDGE ( 'NONE', *, *, #1778, .F. ) ;
#5544 = VECTOR ( 'NONE', #5011, 1000.000000000000000 ) ;
#5545 = CARTESIAN_POINT ( 'NONE',  ( -2.190000000000000391, 0.2999999999999990452, -4.730000000000000426 ) ) ;
#5546 = FILL_AREA_STYLE ('',( #1226 ) ) ;
#5547 = VERTEX_POINT ( 'NONE', #2072 ) ;
#5548 = MECHANICAL_DESIGN_GEOMETRIC_PRESENTATION_REPRESENTATION (  '', ( #3241 ), #4281 ) ;
#5549 = STYLED_ITEM ( 'NONE', ( #220 ), #3521 ) ;
#5550 =( NAMED_UNIT ( * ) SI_UNIT ( $, .STERADIAN. ) SOLID_ANGLE_UNIT ( ) );
#5551 = ORIENTED_EDGE ( 'NONE', *, *, #4594, .T. ) ;
#5552 = PRESENTATION_LAYER_ASSIGNMENT (  '', '', ( #596 ) ) ;
#5553 = LINE ( 'NONE', #3359, #4710 ) ;
#5554 = ORIENTED_EDGE ( 'NONE', *, *, #3989, .F. ) ;
#5555 = ADVANCED_FACE ( 'NONE', ( #3850 ), #1978, .F. ) ;
#5556 =( NAMED_UNIT ( * ) PLANE_ANGLE_UNIT ( ) SI_UNIT ( $, .RADIAN. ) );
#5557 = SURFACE_SIDE_STYLE ('',( #3774 ) ) ;
#5558 = MECHANICAL_DESIGN_GEOMETRIC_PRESENTATION_REPRESENTATION (  '', ( #4915 ), #1738 ) ;
#5559 = DIRECTION ( 'NONE',  ( 0.0000000000000000000, 0.7071067811865460184, 0.7071067811865490160 ) ) ;
#5560 = CARTESIAN_POINT ( 'NONE',  ( -2.190000000000000391, 4.500000000000000000, -5.830000000000004512 ) ) ;
#5561 = VERTEX_POINT ( 'NONE', #419 ) ;
#5562 = EDGE_CURVE ( 'NONE', #1953, #3760, #3991, .T. ) ;
#5563 = ORIENTED_EDGE ( 'NONE', *, *, #4236, .F. ) ;
#5564 = CARTESIAN_POINT ( 'NONE',  ( -0.3500000000000000333, 0.2999999999999990452, -0.3499999999999999223 ) ) ;
#5565 = CARTESIAN_POINT ( 'NONE',  ( -0.2500000000000001665, -3.149999999999999911, -0.2500000000000000555 ) ) ;
#5566 = PLANE ( 'NONE',  #5030 ) ;
#5567 = FILL_AREA_STYLE_COLOUR ( '', #3704 ) ;
#5568 = EDGE_CURVE ( 'NONE', #3159, #2080, #2693, .T. ) ;
#5569 = ORIENTED_EDGE ( 'NONE', *, *, #456, .T. ) ;
#5570 = CARTESIAN_POINT ( 'NONE',  ( -2.890000000000000568, 0.2999999999999990452, -7.969999999999999751 ) ) ;
#5571 = COLOUR_RGB ( '',0.1254901960784313708, 0.1254901960784313708, 0.1254901960784313708 ) ;
#5572 = VERTEX_POINT ( 'NONE', #449 ) ;
#5573 = FILL_AREA_STYLE_COLOUR ( '', #5571 ) ;
#5574 = VECTOR ( 'NONE', #2120, 1000.000000000000000 ) ;
#5575 = PRESENTATION_STYLE_ASSIGNMENT (( #2502 ) ) ;
#5576 = STYLED_ITEM ( 'NONE', ( #4713 ), #4051 ) ;
#5577 = DIRECTION ( 'NONE',  ( -0.2079116908177567336, 0.9781476007338061329, 2.254183068697462485E-17 ) ) ;
#5578 = EDGE_LOOP ( 'NONE', ( #3770, #2776, #3641, #2415 ) ) ;
#5579 = VECTOR ( 'NONE', #1305, 1000.000000000000000 ) ;
#5580 = LINE ( 'NONE', #254, #4990 ) ;
#5581 = STYLED_ITEM ( 'NONE', ( #3824 ), #2851 ) ;
#5582 = PLANE ( 'NONE',  #923 ) ;
#5583 =( NAMED_UNIT ( * ) SI_UNIT ( $, .STERADIAN. ) SOLID_ANGLE_UNIT ( ) );
#5584 = SURFACE_SIDE_STYLE ('',( #1110 ) ) ;
#5585 = VECTOR ( 'NONE', #3533, 1000.000000000000000 ) ;
#5586 =( GEOMETRIC_REPRESENTATION_CONTEXT ( 3 ) GLOBAL_UNCERTAINTY_ASSIGNED_CONTEXT ( ( #965 ) ) GLOBAL_UNIT_ASSIGNED_CONTEXT ( ( #5244, #2250, #3138 ) ) REPRESENTATION_CONTEXT ( 'NONE', 'WORKASPACE' ) );
#5587 = CARTESIAN_POINT ( 'NONE',  ( -0.3500000000000004774, 0.2999999999999990452, -4.730000000000000426 ) ) ;
#5588 = EDGE_LOOP ( 'NONE', ( #4902, #2545, #1985, #167, #5145, #4872 ) ) ;
#5589 = UNCERTAINTY_MEASURE_WITH_UNIT (LENGTH_MEASURE( 1.000000000000000082E-05 ), #3140, 'distance_accuracy_value', 'NONE');
#5590 = SURFACE_SIDE_STYLE ('',( #1116 ) ) ;
#5591 = PRESENTATION_STYLE_ASSIGNMENT (( #3274 ) ) ;
#5592 = VECTOR ( 'NONE', #3235, 1000.000000000000000 ) ;
#5593 = DIRECTION ( 'NONE',  ( 1.000000000000000000, 0.0000000000000000000, -8.537024980200823790E-17 ) ) ;
#5594 =( GEOMETRIC_REPRESENTATION_CONTEXT ( 3 ) GLOBAL_UNCERTAINTY_ASSIGNED_CONTEXT ( ( #1372 ) ) GLOBAL_UNIT_ASSIGNED_CONTEXT ( ( #363, #5699, #1711 ) ) REPRESENTATION_CONTEXT ( 'NONE', 'WORKASPACE' ) );
#5595 = DIRECTION ( 'NONE',  ( -0.0000000000000000000, 1.000000000000000000, -0.0000000000000000000 ) ) ;
#5596 = CARTESIAN_POINT ( 'NONE',  ( -2.890000000000000124, 0.2999999999999990452, -0.3499999999999997002 ) ) ;
#5597 = VERTEX_POINT ( 'NONE', #334 ) ;
#5598 = VECTOR ( 'NONE', #2825, 1000.000000000000000 ) ;
#5599 = PRESENTATION_STYLE_ASSIGNMENT (( #4702 ) ) ;
#5600 = DIRECTION ( 'NONE',  ( 0.0000000000000000000, -0.0000000000000000000, 1.000000000000000000 ) ) ;
#5601 = DIRECTION ( 'NONE',  ( -0.2079116908177564282, 0.9781476007338062439, 0.0000000000000000000 ) ) ;
#5602 = CARTESIAN_POINT ( 'NONE',  ( 0.1267022036416999842, -3.230070525179599361, -2.790000000000000480 ) ) ;
#5603 = EDGE_CURVE ( 'NONE', #1620, #2180, #783, .T. ) ;
#5604 = ORIENTED_EDGE ( 'NONE', *, *, #1646, .F. ) ;
#5605 = ORIENTED_EDGE ( 'NONE', *, *, #341, .T. ) ;
#5606 = LINE ( 'NONE', #2937, #3145 ) ;
#5607 = VECTOR ( 'NONE', #4327, 1000.000000000000114 ) ;
#5608 = EDGE_LOOP ( 'NONE', ( #2742, #1327, #2194, #5315 ) ) ;
#5609 =( NAMED_UNIT ( * ) SI_UNIT ( $, .STERADIAN. ) SOLID_ANGLE_UNIT ( ) );
#5610 = DIRECTION ( 'NONE',  ( 1.000000000000000000, 0.0000000000000000000, -1.084202172485504311E-16 ) ) ;
#5611 = CARTESIAN_POINT ( 'NONE',  ( -2.790000000000000924, -3.149999999999999911, -7.870000000000000107 ) ) ;
#5612 = DIRECTION ( 'NONE',  ( -0.7071067811865486830, -0.7071067811865464625, 0.0000000000000000000 ) ) ;
#5613 = ORIENTED_EDGE ( 'NONE', *, *, #1351, .T. ) ;
#5614 = CARTESIAN_POINT ( 'NONE',  ( -0.2500000000000000000, -2.649999999999991029, 0.2500000000000000555 ) ) ;
#5615 = DIRECTION ( 'NONE',  ( -3.252606517456512316E-16, 0.0000000000000000000, -1.000000000000000000 ) ) ;
#5616 = FILL_AREA_STYLE ('',( #1967 ) ) ;
#5617 = ORIENTED_EDGE ( 'NONE', *, *, #3026, .T. ) ;
#5618 = DIRECTION ( 'NONE',  ( 0.2079116908177564282, 0.9781476007338061329, -2.254183068697460020E-17 ) ) ;
#5619 = CARTESIAN_POINT ( 'NONE',  ( 0.2499999999999995837, 0.0000000000000000000, -7.370000000000000107 ) ) ;
#5620 = CARTESIAN_POINT ( 'NONE',  ( -2.790000000000000924, -3.149999999999999911, -5.330000000000000959 ) ) ;
#5621 = DIRECTION ( 'NONE',  ( -1.000000000000000000, 0.0000000000000000000, 1.548860246407863583E-16 ) ) ;
#5622 = EDGE_LOOP ( 'NONE', ( #685, #432, #5730, #2529 ) ) ;
#5623 = SURFACE_SIDE_STYLE ('',( #2963 ) ) ;
#5624 = VERTEX_POINT ( 'NONE', #1333 ) ;
#5625 = EDGE_CURVE ( 'NONE', #3890, #1944, #2582, .T. ) ;
#5626 = FACE_BOUND ( 'NONE', #4563, .T. ) ;
#5627 = VECTOR ( 'NONE', #1569, 1000.000000000000000 ) ;
#5628 = DIRECTION ( 'NONE',  ( 0.0000000000000000000, 0.7071067811865490160, -0.7071067811865460184 ) ) ;
#5629 = DIRECTION ( 'NONE',  ( -8.537024980200818860E-17, 0.0000000000000000000, -1.000000000000000000 ) ) ;
#5630 = CARTESIAN_POINT ( 'NONE',  ( -2.890000000000000568, 4.099999999999996980, -2.889999999999999680 ) ) ;
#5631 = ADVANCED_FACE ( 'NONE', ( #3 ), #2667, .T. ) ;
#5632 = VECTOR ( 'NONE', #4847, 1000.000000000000000 ) ;
#5633 = LINE ( 'NONE', #3443, #1450 ) ;
#5634 = VERTEX_POINT ( 'NONE', #1799 ) ;
#5635 = PRESENTATION_LAYER_ASSIGNMENT (  '', '', ( #4837 ) ) ;
#5636 = EDGE_LOOP ( 'NONE', ( #2969, #3783, #1031, #4493 ) ) ;
#5637 = MECHANICAL_DESIGN_GEOMETRIC_PRESENTATION_REPRESENTATION (  '', ( #2495 ), #5002 ) ;
#5638 = UNCERTAINTY_MEASURE_WITH_UNIT (LENGTH_MEASURE( 1.000000000000000082E-05 ), #415, 'distance_accuracy_value', 'NONE');
#5639 = STYLED_ITEM ( 'NONE', ( #3209 ), #3491 ) ;
#5640 = CARTESIAN_POINT ( 'NONE',  ( -0.2500000000000006661, -3.149999999999999911, -7.370000000000000107 ) ) ;
#5641 = CARTESIAN_POINT ( 'NONE',  ( -2.683721719164987807, -3.149999999999999911, -0.2499999999999998890 ) ) ;
#5642 = MECHANICAL_DESIGN_GEOMETRIC_PRESENTATION_REPRESENTATION (  '', ( #596 ), #3905 ) ;
#5643 = FILL_AREA_STYLE_COLOUR ( '', #613 ) ;
#5644 = ORIENTED_EDGE ( 'NONE', *, *, #1814, .F. ) ;
#5645 = DIRECTION ( 'NONE',  ( 0.0000000000000000000, 0.7071067811865460184, 0.7071067811865490160 ) ) ;
#5646 = MECHANICAL_DESIGN_GEOMETRIC_PRESENTATION_REPRESENTATION (  '', ( #4837 ), #2321 ) ;
#5647 = STYLED_ITEM ( 'NONE', ( #3440 ), #2664 ) ;
#5648 = VERTEX_POINT ( 'NONE', #5231 ) ;
#5649 = LINE ( 'NONE', #5732, #1123 ) ;
#5650 = VECTOR ( 'NONE', #5205, 1000.000000000000000 ) ;
#5651 = FILL_AREA_STYLE_COLOUR ( '', #1202 ) ;
#5652 = AXIS2_PLACEMENT_3D ( 'NONE', #3414, #3737, #1612 ) ;
#5653 =( NAMED_UNIT ( * ) PLANE_ANGLE_UNIT ( ) SI_UNIT ( $, .RADIAN. ) );
#5654 = SURFACE_STYLE_FILL_AREA ( #5210 ) ;
#5655 =( NAMED_UNIT ( * ) PLANE_ANGLE_UNIT ( ) SI_UNIT ( $, .RADIAN. ) );
#5656 = AXIS2_PLACEMENT_3D ( 'NONE', #1198, #4888, #3994 ) ;
#5657 = SURFACE_SIDE_STYLE ('',( #318 ) ) ;
#5658 = PRESENTATION_LAYER_ASSIGNMENT (  '', '', ( #2138 ) ) ;
#5659 = LINE ( 'NONE', #398, #4540 ) ;
#5660 = COLOUR_RGB ( '',1.000000000000000000, 1.000000000000000000, 0.5019607843137254832 ) ;
#5661 = EDGE_CURVE ( 'NONE', #4707, #3240, #4805, .T. ) ;
#5662 = EDGE_CURVE ( 'NONE', #5771, #1505, #2167, .T. ) ;
#5663 = FILL_AREA_STYLE_COLOUR ( '', #1243 ) ;
#5664 = ORIENTED_EDGE ( 'NONE', *, *, #4833, .F. ) ;
#5665 = LINE ( 'NONE', #2979, #1387 ) ;
#5666 = DIRECTION ( 'NONE',  ( -0.0000000000000000000, 1.000000000000000000, -0.0000000000000000000 ) ) ;
#5667 = DIRECTION ( 'NONE',  ( -0.0000000000000000000, 0.0000000000000000000, 1.000000000000000000 ) ) ;
#5668 = SURFACE_STYLE_USAGE ( .BOTH. , #1235 ) ;
#5669 = EDGE_CURVE ( 'NONE', #2874, #5436, #5314, .T. ) ;
#5670 = MECHANICAL_DESIGN_GEOMETRIC_PRESENTATION_REPRESENTATION (  '', ( #4026 ), #2236 ) ;
#5671 = EDGE_LOOP ( 'NONE', ( #165, #1489, #3314, #2559 ) ) ;
#5672 = COLOUR_RGB ( '',1.000000000000000000, 1.000000000000000000, 0.5019607843137254832 ) ;
#5673 = DIRECTION ( 'NONE',  ( 3.252606517456512316E-16, 0.0000000000000000000, 1.000000000000000000 ) ) ;
#5674 =( GEOMETRIC_REPRESENTATION_CONTEXT ( 3 ) GLOBAL_UNCERTAINTY_ASSIGNED_CONTEXT ( ( #4582 ) ) GLOBAL_UNIT_ASSIGNED_CONTEXT ( ( #5492, #4249, #3419 ) ) REPRESENTATION_CONTEXT ( 'NONE', 'WORKASPACE' ) );
#5675 = DIRECTION ( 'NONE',  ( -0.0000000000000000000, 1.000000000000000000, -0.0000000000000000000 ) ) ;
#5676 = DIRECTION ( 'NONE',  ( 0.0000000000000000000, -0.0000000000000000000, 1.000000000000000000 ) ) ;
#5677 = ORIENTED_EDGE ( 'NONE', *, *, #5223, .T. ) ;
#5678 = UNCERTAINTY_MEASURE_WITH_UNIT (LENGTH_MEASURE( 1.000000000000000082E-05 ), #4348, 'distance_accuracy_value', 'NONE');
#5679 = FILL_AREA_STYLE_COLOUR ( '', #4468 ) ;
#5680 = LINE ( 'NONE', #5705, #2998 ) ;
#5681 = DIRECTION ( 'NONE',  ( -0.0000000000000000000, 0.0000000000000000000, 1.000000000000000000 ) ) ;
#5682 = UNCERTAINTY_MEASURE_WITH_UNIT (LENGTH_MEASURE( 1.000000000000000082E-05 ), #650, 'distance_accuracy_value', 'NONE');
#5683 = DIRECTION ( 'NONE',  ( 3.252606517456512316E-16, 0.0000000000000000000, 1.000000000000000000 ) ) ;
#5684 = DIRECTION ( 'NONE',  ( -1.000000000000000000, 0.0000000000000000000, 1.548860246407863583E-16 ) ) ;
#5685 = VECTOR ( 'NONE', #146, 1000.000000000000000 ) ;
#5686 = SURFACE_STYLE_FILL_AREA ( #292 ) ;
#5687 = ORIENTED_EDGE ( 'NONE', *, *, #5625, .F. ) ;
#5688 = PRESENTATION_LAYER_ASSIGNMENT (  '', '', ( #4882 ) ) ;
#5689 = CARTESIAN_POINT ( 'NONE',  ( -2.890000000000000568, 0.2999999999999990452, -2.889999999999999680 ) ) ;
#5690 = PRESENTATION_STYLE_ASSIGNMENT (( #4821 ) ) ;
#5691 = PLANE ( 'NONE',  #3995 ) ;
#5692 = EDGE_LOOP ( 'NONE', ( #1019, #5563, #3979, #5543 ) ) ;
#5693 = EDGE_CURVE ( 'NONE', #271, #3545, #5020, .T. ) ;
#5694 = VERTEX_POINT ( 'NONE', #3711 ) ;
#5695 = SURFACE_STYLE_USAGE ( .BOTH. , #2857 ) ;
#5696 = VECTOR ( 'NONE', #4769, 1000.000000000000000 ) ;
#5697 = CARTESIAN_POINT ( 'NONE',  ( -2.190000000000000391, 0.2999999999999990452, -2.889999999999999680 ) ) ;
#5698 = VECTOR ( 'NONE', #1232, 1000.000000000000000 ) ;
#5699 =( NAMED_UNIT ( * ) PLANE_ANGLE_UNIT ( ) SI_UNIT ( $, .RADIAN. ) );
#5700 = ORIENTED_EDGE ( 'NONE', *, *, #2034, .T. ) ;
#5701 = DIRECTION ( 'NONE',  ( 1.095209583345263403E-16, 0.7071067811865500152, 0.7071067811865451302 ) ) ;
#5702 = VERTEX_POINT ( 'NONE', #3217 ) ;
#5703 = SURFACE_STYLE_USAGE ( .BOTH. , #4372 ) ;
#5704 = CARTESIAN_POINT ( 'NONE',  ( -2.790000000000000036, -2.649999999999989253, 0.2500000000000002776 ) ) ;
#5705 = CARTESIAN_POINT ( 'NONE',  ( -0.2500000000000002220, -3.149999999999999911, -2.290000000000000036 ) ) ;
#5706 =( LENGTH_UNIT ( ) NAMED_UNIT ( * ) SI_UNIT ( .MILLI., .METRE. ) );
#5707 = LINE ( 'NONE', #5373, #1063 ) ;
#5708 = DIRECTION ( 'NONE',  ( -3.252606517456512316E-16, 0.0000000000000000000, -1.000000000000000000 ) ) ;
#5709 = FACE_OUTER_BOUND ( 'NONE', #1831, .T. ) ;
#5710 = EDGE_LOOP ( 'NONE', ( #4367, #4470, #1105, #4600 ) ) ;
#5711 =( NAMED_UNIT ( * ) SI_UNIT ( $, .STERADIAN. ) SOLID_ANGLE_UNIT ( ) );
#5712 = ORIENTED_EDGE ( 'NONE', *, *, #1000, .T. ) ;
#5713 = AXIS2_PLACEMENT_3D ( 'NONE', #4735, #4317, #5601 ) ;
#5714 = DIRECTION ( 'NONE',  ( 0.0000000000000000000, 0.0000000000000000000, 1.000000000000000000 ) ) ;
#5715 = SURFACE_STYLE_FILL_AREA ( #1398 ) ;
#5716 = DIRECTION ( 'NONE',  ( 0.0000000000000000000, 0.0000000000000000000, -1.000000000000000000 ) ) ;
#5717 = CARTESIAN_POINT ( 'NONE',  ( -2.688315839231050663, -3.128386364410650433, -2.790000000000000036 ) ) ;
#5718 = SURFACE_SIDE_STYLE ('',( #4901 ) ) ;
#5719 = VERTEX_POINT ( 'NONE', #529 ) ;
#5720 = AXIS2_PLACEMENT_3D ( 'NONE', #602, #5610, #1576 ) ;
#5721 = LINE ( 'NONE', #1190, #5392 ) ;
#5722 = DIRECTION ( 'NONE',  ( 0.2079116908177564282, -0.9781476007338062439, -2.254183068697460020E-17 ) ) ;
#5723 = CARTESIAN_POINT ( 'NONE',  ( -2.890000000000000568, 0.2999999999999990452, -7.270000000000000462 ) ) ;
#5724 = VECTOR ( 'NONE', #4754, 1000.000000000000000 ) ;
#5725 =( NAMED_UNIT ( * ) SI_UNIT ( $, .STERADIAN. ) SOLID_ANGLE_UNIT ( ) );
#5726 = ADVANCED_FACE ( 'NONE', ( #3194 ), #5363, .F. ) ;
#5727 = EDGE_CURVE ( 'NONE', #278, #2558, #1406, .T. ) ;
#5728 = VECTOR ( 'NONE', #2306, 1000.000000000000000 ) ;
#5729 =( GEOMETRIC_REPRESENTATION_CONTEXT ( 3 ) GLOBAL_UNCERTAINTY_ASSIGNED_CONTEXT ( ( #3036 ) ) GLOBAL_UNIT_ASSIGNED_CONTEXT ( ( #364, #3076, #5725 ) ) REPRESENTATION_CONTEXT ( 'NONE', 'WORKASPACE' ) );
#5730 = ORIENTED_EDGE ( 'NONE', *, *, #3842, .F. ) ;
#5731 = SURFACE_STYLE_FILL_AREA ( #421 ) ;
#5732 = CARTESIAN_POINT ( 'NONE',  ( -2.790000000000000924, -3.149999999999999911, -4.830000000000000071 ) ) ;
#5733 = SURFACE_SIDE_STYLE ('',( #4048 ) ) ;
#5734 = EDGE_CURVE ( 'NONE', #734, #2180, #2388, .T. ) ;
#5735 = PRESENTATION_STYLE_ASSIGNMENT (( #2589 ) ) ;
#5736 = ADVANCED_FACE ( 'NONE', ( #1357 ), #4157, .T. ) ;
#5737 = CARTESIAN_POINT ( 'NONE',  ( -2.790000000000000924, -2.649999999999991918, -4.830000000000000071 ) ) ;
#5738 = DIRECTION ( 'NONE',  ( 0.0000000000000000000, 0.0000000000000000000, -1.000000000000000000 ) ) ;
#5739 = FILL_AREA_STYLE ('',( #624 ) ) ;
#5740 = PRESENTATION_LAYER_ASSIGNMENT (  '', '', ( #4644 ) ) ;
#5741 = CARTESIAN_POINT ( 'NONE',  ( -2.790000000000000924, -3.149999999999999911, -2.289999999999999591 ) ) ;
#5742 = STYLED_ITEM ( 'NONE', ( #800 ), #3810 ) ;
#5743 = CARTESIAN_POINT ( 'NONE',  ( -2.790000000000000924, -3.149999999999999911, -2.289999999999999591 ) ) ;
#5744 = ORIENTED_EDGE ( 'NONE', *, *, #109, .T. ) ;
#5745 = CARTESIAN_POINT ( 'NONE',  ( 0.1267022036416995401, -3.230070525179599361, -7.870000000000000107 ) ) ;
#5746 = COLOUR_RGB ( '',1.000000000000000000, 1.000000000000000000, 0.5019607843137254832 ) ;
#5747 = CARTESIAN_POINT ( 'NONE',  ( -3.290000000000003144, 4.500000000000000000, -0.3499999999999997002 ) ) ;
#5748 = FILL_AREA_STYLE ('',( #2658 ) ) ;
#5749 = PRESENTATION_STYLE_ASSIGNMENT (( #861 ) ) ;
#5750 = ORIENTED_EDGE ( 'NONE', *, *, #2361, .T. ) ;
#5751 = AXIS2_PLACEMENT_3D ( 'NONE', #869, #2200, #2227 ) ;
#5752 = CARTESIAN_POINT ( 'NONE',  ( -0.2500000000000000000, -3.149999999999999911, 0.2500000000000000555 ) ) ;
#5753 =( NAMED_UNIT ( * ) PLANE_ANGLE_UNIT ( ) SI_UNIT ( $, .RADIAN. ) );
#5754 = STYLED_ITEM ( 'NONE', ( #2959 ), #3090 ) ;
#5755 = CARTESIAN_POINT ( 'NONE',  ( 0.3499999999999995337, 4.099999999999998757, -5.430000000000000604 ) ) ;
#5756 = VECTOR ( 'NONE', #1469, 1000.000000000000000 ) ;
#5757 = ORIENTED_EDGE ( 'NONE', *, *, #1787, .F. ) ;
#5758 = AXIS2_PLACEMENT_3D ( 'NONE', #3422, #3869, #4178 ) ;
#5759 = STYLED_ITEM ( 'NONE', ( #4906 ), #4409 ) ;
#5760 = EDGE_LOOP ( 'NONE', ( #2447, #1518, #5206, #2377, #1332, #2310 ) ) ;
#5761 = ADVANCED_FACE ( 'NONE', ( #57 ), #1854, .F. ) ;
#5762 = SURFACE_SIDE_STYLE ('',( #5367 ) ) ;
#5763 =( GEOMETRIC_REPRESENTATION_CONTEXT ( 3 ) GLOBAL_UNCERTAINTY_ASSIGNED_CONTEXT ( ( #4101 ) ) GLOBAL_UNIT_ASSIGNED_CONTEXT ( ( #2260, #1107, #1548 ) ) REPRESENTATION_CONTEXT ( 'NONE', 'WORKASPACE' ) );
#5764 = VECTOR ( 'NONE', #1442, 1000.000000000000000 ) ;
#5765 = CARTESIAN_POINT ( 'NONE',  ( -0.3500000000000004774, 4.099999999999998757, -4.730000000000000426 ) ) ;
#5766 = ADVANCED_FACE ( 'NONE', ( #1970 ), #4254, .F. ) ;
#5767 = VECTOR ( 'NONE', #4603, 1000.000000000000000 ) ;
#5768 = SURFACE_STYLE_USAGE ( .BOTH. , #428 ) ;
#5769 = CARTESIAN_POINT ( 'NONE',  ( -2.290000000000000036, -3.149999999999999911, 0.2500000000000002220 ) ) ;
#5770 = CARTESIAN_POINT ( 'NONE',  ( -2.190000000000000391, 0.2999999999999990452, -7.969999999999999751 ) ) ;
#5771 = VERTEX_POINT ( 'NONE', #166 ) ;
#5772 = SURFACE_STYLE_FILL_AREA ( #1789 ) ;
#5773 = FILL_AREA_STYLE_COLOUR ( '', #107 ) ;
#5774 = FACE_OUTER_BOUND ( 'NONE', #1371, .T. ) ;
#5775 = CARTESIAN_POINT ( 'NONE',  ( -2.790000000000000924, -2.649999999999994138, -7.870000000000000107 ) ) ;
#5776 = ORIENTED_EDGE ( 'NONE', *, *, #4811, .T. ) ;
#5777 = DIRECTION ( 'NONE',  ( 1.000000000000000000, 0.0000000000000000000, 0.0000000000000000000 ) ) ;
#5778 = LINE ( 'NONE', #2352, #736 ) ;
#5779 = FILL_AREA_STYLE_COLOUR ( '', #3093 ) ;
#5780 = LINE ( 'NONE', #2241, #1438 ) ;
ENDSEC;
END-ISO-10303-21;
