ISO-10303-21;
HEADER;
FILE_DESCRIPTION (( 'STEP AP214' ),
    '1' );
FILE_NAME ('2068320801.STEP',
    '2026-05-11T22:23:05',
    ( '' ),
    ( '' ),
    'SwSTEP 2.0',
    'SolidWorks 2021',
    '' );
FILE_SCHEMA (( 'AUTOMOTIVE_DESIGN' ));
ENDSEC;

DATA;
#1 = DIRECTION ( 'NONE',  ( 0.000000000000000000, 0.000000000000000000, 1.000000000000000000 ) ) ;
#2 = COLOUR_RGB ( '',0.7921568627450980005, 0.8196078431372548767, 0.9333333333333333481 ) ;
#3 = ORIENTED_EDGE ( 'NONE', *, *, #905, .F. ) ;
#4 = DIRECTION ( 'NONE',  ( 3.697785493223491196E-32, 1.000000000000000000, 6.106226635438358014E-16 ) ) ;
#5 = ORIENTED_EDGE ( 'NONE', *, *, #2993, .F. ) ;
#6 = STYLED_ITEM ( 'NONE', ( #2906 ), #1338 ) ;
#7 = EDGE_CURVE ( 'NONE', #3399, #4030, #337, .T. ) ;
#8 = AXIS2_PLACEMENT_3D ( 'NONE', #4375, #3378, #2975 ) ;
#9 = CARTESIAN_POINT ( 'NONE',  ( 0.6200000000000016609, 9.910000000000000142, -1.269999999999996687 ) ) ;
#10 = VECTOR ( 'NONE', #296, 1000.000000000000000 ) ;
#11 = VECTOR ( 'NONE', #3194, 1000.000000000000000 ) ;
#12 = ORIENTED_EDGE ( 'NONE', *, *, #1167, .T. ) ;
#13 = CARTESIAN_POINT ( 'NONE',  ( -9.320000000000005613, -3.180000000000000160, -3.319999999999998952 ) ) ;
#14 = VECTOR ( 'NONE', #3672, 1000.000000000000000 ) ;
#15 = CARTESIAN_POINT ( 'NONE',  ( 4.500000000000000000, 7.509999999999999787, -1.499999999999993783 ) ) ;
#16 = CARTESIAN_POINT ( 'NONE',  ( -0.3199999999999982858, 7.509999999999999787, -3.319999999999993179 ) ) ;
#17 = EDGE_LOOP ( 'NONE', ( #899, #3981, #888, #833 ) ) ;
#18 = ADVANCED_FACE ( 'NONE', ( #1762 ), #46, .T. ) ;
#19 = EDGE_CURVE ( 'NONE', #1244, #2303, #1083, .T. ) ;
#20 = ORIENTED_EDGE ( 'NONE', *, *, #3821, .F. ) ;
#21 = CARTESIAN_POINT ( 'NONE',  ( -5.680000000000003268, 7.509999999999999787, -2.679999999999993054 ) ) ;
#22 = ADVANCED_FACE ( 'NONE', ( #3094 ), #726, .T. ) ;
#23 = LINE ( 'NONE', #1391, #81 ) ;
#24 = CARTESIAN_POINT ( 'NONE',  ( -1.730000000000001537, 9.910000000000000142, -1.269999999999994911 ) ) ;
#25 = LINE ( 'NONE', #1394, #3687 ) ;
#26 = FILL_AREA_STYLE_COLOUR ( '', #339 ) ;
#27 = CARTESIAN_POINT ( 'NONE',  ( -4.500000000000003553, 9.910000000000000142, -1.499999999999990674 ) ) ;
#28 = ORIENTED_EDGE ( 'NONE', *, *, #3790, .T. ) ;
#29 = FACE_OUTER_BOUND ( 'NONE', #4458, .T. ) ;
#30 = VERTEX_POINT ( 'NONE', #9 ) ;
#31 = ORIENTED_EDGE ( 'NONE', *, *, #3881, .F. ) ;
#32 = DIRECTION ( 'NONE',  ( -1.000000000000000000, -6.162975822039154730E-33, -9.436895709313828621E-16 ) ) ;
#33 = FACE_OUTER_BOUND ( 'NONE', #3433, .T. ) ;
#34 = VERTEX_POINT ( 'NONE', #2441 ) ;
#35 = EDGE_LOOP ( 'NONE', ( #3035, #1469, #1222, #3124 ) ) ;
#36 = ORIENTED_EDGE ( 'NONE', *, *, #328, .F. ) ;
#37 = LINE ( 'NONE', #2855, #2091 ) ;
#38 = DIRECTION ( 'NONE',  ( -5.551115123125782702E-17, -3.421138828918009667E-49, -1.000000000000000000 ) ) ;
#39 = CARTESIAN_POINT ( 'NONE',  ( -3.620000000000005880, 3.310000000000001830, -1.729999999999995541 ) ) ;
#40 = CARTESIAN_POINT ( 'NONE',  ( -10.28000000000000114, -0.8300000000000004041, -3.979999999999999094 ) ) ;
#41 = DIRECTION ( 'NONE',  ( -1.000000000000000000, -6.162975822039154730E-33, 6.661338147750937270E-16 ) ) ;
#42 = DIRECTION ( 'NONE',  ( -1.000000000000000000, -6.162975822039154730E-33, 5.551115123125780237E-17 ) ) ;
#43 = EDGE_CURVE ( 'NONE', #200, #1359, #1744, .T. ) ;
#44 = CARTESIAN_POINT ( 'NONE',  ( -3.320000000000002505, 7.509999999999999787, -0.3199999999999916245 ) ) ;
#45 = EDGE_LOOP ( 'NONE', ( #1022, #3892 ) ) ;
#46 = PLANE ( 'NONE',  #650 ) ;
#47 = ORIENTED_EDGE ( 'NONE', *, *, #2058, .F. ) ;
#48 = PLANE ( 'NONE',  #2594 ) ;
#49 = VERTEX_POINT ( 'NONE', #1055 ) ;
#50 = DIRECTION ( 'NONE',  ( -1.000000000000000000, -6.162975822039154730E-33, -9.436895709313828621E-16 ) ) ;
#51 = ORIENTED_EDGE ( 'NONE', *, *, #1554, .T. ) ;
#52 = ORIENTED_EDGE ( 'NONE', *, *, #1179, .T. ) ;
#53 = ORIENTED_EDGE ( 'NONE', *, *, #3677, .T. ) ;
#54 = ADVANCED_FACE ( 'NONE', ( #4091 ), #2469, .T. ) ;
#55 = DIRECTION ( 'NONE',  ( 0.000000000000000000, -6.106226635438358014E-16, 1.000000000000000000 ) ) ;
#56 = CARTESIAN_POINT ( 'NONE',  ( -5.680000000000003268, -3.180000000000000160, -0.3199999999999981193 ) ) ;
#57 = VECTOR ( 'NONE', #2907, 1000.000000000000000 ) ;
#58 = ADVANCED_FACE ( 'NONE', ( #2740 ), #2405, .T. ) ;
#59 = CARTESIAN_POINT ( 'NONE',  ( -4.500000000000003553, -3.365883960437809672E-16, 0.3200000000000037259 ) ) ;
#60 = AXIS2_PLACEMENT_3D ( 'NONE', #3245, #2232, #2206 ) ;
#61 = ORIENTED_EDGE ( 'NONE', *, *, #2118, .T. ) ;
#62 = CARTESIAN_POINT ( 'NONE',  ( -2.680000000000001048, -3.180000000000000160, -0.3199999999999981193 ) ) ;
#63 = ADVANCED_FACE ( 'NONE', ( #2081 ), #4172, .T. ) ;
#64 = CARTESIAN_POINT ( 'NONE',  ( -6.320000000000002061, -3.180000000000000160, 0.3200000000000017830 ) ) ;
#65 = CARTESIAN_POINT ( 'NONE',  ( 1.270000000000002904, 3.310000000000000053, -1.269999999999991802 ) ) ;
#66 = VECTOR ( 'NONE', #1521, 1000.000000000000000 ) ;
#67 = CARTESIAN_POINT ( 'NONE',  ( -3.800000000000003819, 7.709999999999999964, -6.329999999999995630 ) ) ;
#68 = SURFACE_STYLE_FILL_AREA ( #2438 ) ;
#69 = EDGE_LOOP ( 'NONE', ( #4158, #3503, #12, #633 ) ) ;
#70 = PLANE ( 'NONE',  #217 ) ;
#71 = AXIS2_PLACEMENT_3D ( 'NONE', #3935, #2918, #1267 ) ;
#72 = ORIENTED_EDGE ( 'NONE', *, *, #1047, .F. ) ;
#73 = DIRECTION ( 'NONE',  ( 0.000000000000000000, 6.106226635438358014E-16, -1.000000000000000000 ) ) ;
#74 = ORIENTED_EDGE ( 'NONE', *, *, #4014, .T. ) ;
#75 = FILL_AREA_STYLE_COLOUR ( '', #126 ) ;
#76 = AXIS2_PLACEMENT_3D ( 'NONE', #398, #698, #2799 ) ;
#77 = VECTOR ( 'NONE', #127, 1000.000000000000000 ) ;
#78 = CARTESIAN_POINT ( 'NONE',  ( -3.800000000000003819, 6.959999999999999964, -6.329999999999995630 ) ) ;
#79 = ORIENTED_EDGE ( 'NONE', *, *, #1708, .F. ) ;
#80 = VECTOR ( 'NONE', #2609, 1000.000000000000000 ) ;
#81 = VECTOR ( 'NONE', #2771, 1000.000000000000000 ) ;
#82 = ORIENTED_EDGE ( 'NONE', *, *, #1609, .T. ) ;
#83 = CARTESIAN_POINT ( 'NONE',  ( -4.270000000000002238, 3.310000000000000053, 0.6200000000000056577 ) ) ;
#84 = DIRECTION ( 'NONE',  ( 3.697785493223491196E-32, 1.000000000000000000, 6.106226635438358014E-16 ) ) ;
#85 = DIRECTION ( 'NONE',  ( -5.551115123125782702E-17, -3.421138828918009667E-49, -1.000000000000000000 ) ) ;
#86 = VERTEX_POINT ( 'NONE', #4134 ) ;
#87 = DIRECTION ( 'NONE',  ( 3.697785493223491196E-32, 1.000000000000000000, 6.106226635438358014E-16 ) ) ;
#88 = PLANE ( 'NONE',  #1005 ) ;
#89 = DIRECTION ( 'NONE',  ( -9.436895709313828621E-16, -5.815936009160616511E-48, 1.000000000000000000 ) ) ;
#90 = LINE ( 'NONE', #4194, #148 ) ;
#91 = VERTEX_POINT ( 'NONE', #4112 ) ;
#92 = DIRECTION ( 'NONE',  ( -0.7071067811865471286, -4.357881996052621000E-33, -0.7071067811865479058 ) ) ;
#93 = ORIENTED_EDGE ( 'NONE', *, *, #3523, .F. ) ;
#94 = CARTESIAN_POINT ( 'NONE',  ( -9.320000000000005613, -3.180000000000000160, -3.319999999999998952 ) ) ;
#95 = VERTEX_POINT ( 'NONE', #4456 ) ;
#96 = SURFACE_STYLE_FILL_AREA ( #3504 ) ;
#97 = DIRECTION ( 'NONE',  ( 3.697785493223491196E-32, 1.000000000000000000, 6.106226635438358014E-16 ) ) ;
#98 = ORIENTED_EDGE ( 'NONE', *, *, #4328, .F. ) ;
#99 = ORIENTED_EDGE ( 'NONE', *, *, #2738, .T. ) ;
#100 = DIRECTION ( 'NONE',  ( 0.7071067811865474617, 4.357881996052623053E-33, 0.7071067811865474617 ) ) ;
#101 = SURFACE_SIDE_STYLE ('',( #1841 ) ) ;
#102 = CARTESIAN_POINT ( 'NONE',  ( -4.270000000000002238, 9.910000000000000142, -4.269999999999992468 ) ) ;
#103 = ORIENTED_EDGE ( 'NONE', *, *, #2118, .F. ) ;
#104 = CARTESIAN_POINT ( 'NONE',  ( -1.730000000000001537, 9.910000000000000142, -1.269999999999994911 ) ) ;
#105 = EDGE_CURVE ( 'NONE', #4045, #86, #989, .T. ) ;
#106 = DIRECTION ( 'NONE',  ( 5.551115123125782702E-17, 3.421138828918009667E-49, 1.000000000000000000 ) ) ;
#107 = CARTESIAN_POINT ( 'NONE',  ( -10.28000000000000114, -0.5800000000000001821, -3.979999999999998206 ) ) ;
#108 = PLANE ( 'NONE',  #1486 ) ;
#109 = EDGE_LOOP ( 'NONE', ( #818, #237, #541, #3939 ) ) ;
#110 = PLANE ( 'NONE',  #1592 ) ;
#111 = ORIENTED_EDGE ( 'NONE', *, *, #3847, .T. ) ;
#112 = DIRECTION ( 'NONE',  ( 3.697785493223491196E-32, 1.000000000000000000, 6.106226635438358014E-16 ) ) ;
#113 = ORIENTED_EDGE ( 'NONE', *, *, #1117, .T. ) ;
#114 = LINE ( 'NONE', #4202, #4233 ) ;
#115 = CARTESIAN_POINT ( 'NONE',  ( -3.320000000000002505, -3.180000000000000160, -0.3199999999999981193 ) ) ;
#116 = EDGE_CURVE ( 'NONE', #2833, #2470, #1782, .T. ) ;
#117 = CARTESIAN_POINT ( 'NONE',  ( -4.500000000000003553, 3.310000000000000053, 0.3200000000000057243 ) ) ;
#118 = VERTEX_POINT ( 'NONE', #3759 ) ;
#119 = CARTESIAN_POINT ( 'NONE',  ( -4.730000000000000426, 9.910000000000000142, -1.269999999999993134 ) ) ;
#120 = SURFACE_SIDE_STYLE ('',( #1772 ) ) ;
#121 = AXIS2_PLACEMENT_3D ( 'NONE', #2504, #1809, #3843 ) ;
#122 = DIRECTION ( 'NONE',  ( -3.697785493223491196E-32, -1.000000000000000000, -6.106226635438358014E-16 ) ) ;
#123 = ORIENTED_EDGE ( 'NONE', *, *, #1994, .F. ) ;
#124 = LINE ( 'NONE', #3636, #2585 ) ;
#125 = DIRECTION ( 'NONE',  ( -1.000000000000000000, -6.162975822039154730E-33, 5.551115123125780237E-17 ) ) ;
#126 = COLOUR_RGB ( '',0.7921568627450980005, 0.8196078431372548767, 0.9333333333333333481 ) ;
#127 = DIRECTION ( 'NONE',  ( 5.551115123125782702E-17, 3.421138828918009667E-49, 1.000000000000000000 ) ) ;
#128 = FACE_OUTER_BOUND ( 'NONE', #2587, .T. ) ;
#129 = ORIENTED_EDGE ( 'NONE', *, *, #4324, .T. ) ;
#130 = AXIS2_PLACEMENT_3D ( 'NONE', #2979, #2685, #4428 ) ;
#131 = DIRECTION ( 'NONE',  ( 3.697785493223491196E-32, 1.000000000000000000, 6.106226635438358014E-16 ) ) ;
#132 = ORIENTED_EDGE ( 'NONE', *, *, #1409, .F. ) ;
#133 = CARTESIAN_POINT ( 'NONE',  ( -2.680000000000001048, -3.180000000000000160, -3.319999999999998952 ) ) ;
#134 = VECTOR ( 'NONE', #221, 1000.000000000000000 ) ;
#135 = ORIENTED_EDGE ( 'NONE', *, *, #3427, .F. ) ;
#136 = CARTESIAN_POINT ( 'NONE',  ( -9.320000000000005613, 3.310000000000000053, -1.499999999999994671 ) ) ;
#137 = CLOSED_SHELL ( 'NONE', ( #2826, #764, #3872, #2420, #4310, #2315 ) ) ;
#138 = LINE ( 'NONE', #1111, #3100 ) ;
#139 = ORIENTED_EDGE ( 'NONE', *, *, #311, .F. ) ;
#140 = COLOUR_RGB ( '',0.7921568627450980005, 0.8196078431372548767, 0.9333333333333333481 ) ;
#141 = VECTOR ( 'NONE', #2265, 1000.000000000000000 ) ;
#142 = EDGE_CURVE ( 'NONE', #2917, #546, #2715, .T. ) ;
#143 = AXIS2_PLACEMENT_3D ( 'NONE', #553, #834, #4319 ) ;
#144 = PLANE ( 'NONE',  #1364 ) ;
#145 =( NAMED_UNIT ( * ) PLANE_ANGLE_UNIT ( ) SI_UNIT ( $, .RADIAN. ) );
#146 = AXIS2_PLACEMENT_3D ( 'NONE', #1074, #1295, #1657 ) ;
#147 = EDGE_CURVE ( 'NONE', #2481, #1298, #3458, .T. ) ;
#148 = VECTOR ( 'NONE', #4214, 1000.000000000000114 ) ;
#149 = EDGE_CURVE ( 'NONE', #700, #928, #3419, .T. ) ;
#150 = CARTESIAN_POINT ( 'NONE',  ( -8.680000000000003268, -3.180000000000000160, -0.3199999999999981193 ) ) ;
#151 = CLOSED_SHELL ( 'NONE', ( #3695, #22, #2489, #978, #786, #1806 ) ) ;
#152 = ORIENTED_EDGE ( 'NONE', *, *, #4357, .T. ) ;
#153 = DIRECTION ( 'NONE',  ( 3.081487911019576681E-33, 1.000000000000000000, -5.131708243377014121E-49 ) ) ;
#154 = ADVANCED_FACE ( 'NONE', ( #29 ), #1700, .T. ) ;
#155 = DIRECTION ( 'NONE',  ( -5.551115123125782702E-17, -3.421138828918009667E-49, -1.000000000000000000 ) ) ;
#156 = PRODUCT_DEFINITION_CONTEXT ( 'detailed design', #2959, 'design' ) ;
#157 = DIRECTION ( 'NONE',  ( -5.551115123125782702E-17, -3.421138828918009667E-49, -1.000000000000000000 ) ) ;
#158 = CARTESIAN_POINT ( 'NONE',  ( -8.680000000000003268, 7.509999999999999787, -2.679999999999993054 ) ) ;
#159 = ORIENTED_EDGE ( 'NONE', *, *, #2646, .T. ) ;
#160 = LINE ( 'NONE', #4291, #1514 ) ;
#161 = ORIENTED_EDGE ( 'NONE', *, *, #149, .T. ) ;
#162 = CARTESIAN_POINT ( 'NONE',  ( -10.92500000000000071, -3.365883960437809672E-16, 1.930000000000003935 ) ) ;
#163 = VERTEX_POINT ( 'NONE', #4151 ) ;
#164 = LINE ( 'NONE', #3626, #4312 ) ;
#165 = DIRECTION ( 'NONE',  ( -1.000000000000000000, -6.162975822039154730E-33, 5.551115123125780237E-17 ) ) ;
#166 = CARTESIAN_POINT ( 'NONE',  ( -6.320000000000002061, -3.180000000000000160, -0.3199999999999981193 ) ) ;
#167 = VERTEX_POINT ( 'NONE', #3134 ) ;
#168 = DIRECTION ( 'NONE',  ( 3.697785493223491196E-32, 1.000000000000000000, 6.106226635438358014E-16 ) ) ;
#169 = DIRECTION ( 'NONE',  ( 1.000000000000000000, 6.162975822039154730E-33, -5.551115123125780237E-17 ) ) ;
#170 = EDGE_CURVE ( 'NONE', #86, #3779, #3869, .T. ) ;
#171 = CARTESIAN_POINT ( 'NONE',  ( -5.200000000000001954, 6.959999999999999964, -4.929999999999993499 ) ) ;
#172 = EDGE_LOOP ( 'NONE', ( #558, #3209, #1419, #3763 ) ) ;
#173 = DIRECTION ( 'NONE',  ( 1.000000000000000000, 6.162975822039154730E-33, -5.551115123125781716E-16 ) ) ;
#174 = EDGE_CURVE ( 'NONE', #1834, #2195, #3891, .T. ) ;
#175 = DIRECTION ( 'NONE',  ( 5.551115123125782702E-17, 3.421138828918009667E-49, 1.000000000000000000 ) ) ;
#176 = CARTESIAN_POINT ( 'NONE',  ( -9.320000000000005613, -3.180000000000000160, -2.679999999999999272 ) ) ;
#177 = LINE ( 'NONE', #2237, #3398 ) ;
#178 = CARTESIAN_POINT ( 'NONE',  ( -2.680000000000001048, -3.365883960437809179E-16, -1.499999999999996669 ) ) ;
#179 = ORIENTED_EDGE ( 'NONE', *, *, #4400, .T. ) ;
#180 = CARTESIAN_POINT ( 'NONE',  ( -0.3199999999999982858, 3.310000000000000053, -3.319999999999995843 ) ) ;
#181 = ADVANCED_FACE ( 'NONE', ( #1515 ), #70, .F. ) ;
#182 = ORIENTED_EDGE ( 'NONE', *, *, #3057, .T. ) ;
#183 = FACE_OUTER_BOUND ( 'NONE', #4224, .T. ) ;
#184 = ORIENTED_EDGE ( 'NONE', *, *, #1828, .T. ) ;
#185 =( NAMED_UNIT ( * ) SI_UNIT ( $, .STERADIAN. ) SOLID_ANGLE_UNIT ( ) );
#186 = LINE ( 'NONE', #1951, #1066 ) ;
#187 = DIRECTION ( 'NONE',  ( 3.081487911019576681E-33, 1.000000000000000000, -5.131708243377014121E-49 ) ) ;
#188 = VERTEX_POINT ( 'NONE', #1813 ) ;
#189 = CARTESIAN_POINT ( 'NONE',  ( -9.320000000000005613, -3.365883960437809672E-16, -0.3199999999999961764 ) ) ;
#190 = CARTESIAN_POINT ( 'NONE',  ( -9.320000000000005613, -3.180000000000000160, -0.3199999999999981193 ) ) ;
#191 = EDGE_CURVE ( 'NONE', #2195, #2833, #4238, .T. ) ;
#192 = EDGE_LOOP ( 'NONE', ( #906, #1745, #1587, #2572 ) ) ;
#193 = FACE_OUTER_BOUND ( 'NONE', #172, .T. ) ;
#194 = ADVANCED_FACE ( 'NONE', ( #490 ), #468, .T. ) ;
#195 = DIRECTION ( 'NONE',  ( -5.551115123125782702E-17, -3.421138828918009667E-49, -1.000000000000000000 ) ) ;
#196 = CARTESIAN_POINT ( 'NONE',  ( 1.270000000000002904, 3.310000000000000053, -1.270000000000000462 ) ) ;
#197 = FACE_OUTER_BOUND ( 'NONE', #3870, .T. ) ;
#198 = PRODUCT_DEFINITION_FORMATION_WITH_SPECIFIED_SOURCE ( 'ANY', '', #1907, .NOT_KNOWN. ) ;
#199 = CARTESIAN_POINT ( 'NONE',  ( -2.680000000000001048, -3.180000000000000160, -2.679999999999999272 ) ) ;
#200 = VERTEX_POINT ( 'NONE', #4270 ) ;
#201 = DIRECTION ( 'NONE',  ( -4.440892098500625176E-16, -2.736911063134407734E-48, -1.000000000000000000 ) ) ;
#202 = EDGE_CURVE ( 'NONE', #590, #91, #3526, .T. ) ;
#203 = ORIENTED_EDGE ( 'NONE', *, *, #1888, .F. ) ;
#204 = LINE ( 'NONE', #162, #727 ) ;
#205 = ORIENTED_EDGE ( 'NONE', *, *, #2274, .F. ) ;
#206 = DIRECTION ( 'NONE',  ( -1.000000000000000000, -6.162975822039154730E-33, 5.551115123125780237E-17 ) ) ;
#207 = CARTESIAN_POINT ( 'NONE',  ( -1.730000000000001537, 9.910000000000000142, 1.270000000000009344 ) ) ;
#208 = AXIS2_PLACEMENT_3D ( 'NONE', #3791, #393, #1756 ) ;
#209 = EDGE_CURVE ( 'NONE', #2365, #1244, #2825, .T. ) ;
#210 = DIRECTION ( 'NONE',  ( 3.081487911019576681E-33, 1.000000000000000000, -5.131708243377014121E-49 ) ) ;
#211 = EDGE_LOOP ( 'NONE', ( #859, #242, #2085, #273 ) ) ;
#212 = VECTOR ( 'NONE', #2233, 1000.000000000000000 ) ;
#213 = ORIENTED_EDGE ( 'NONE', *, *, #1725, .T. ) ;
#214 = COLOUR_RGB ( '',0.2509803921568627416, 0.2509803921568627416, 0.2509803921568627416 ) ;
#215 = LINE ( 'NONE', #3011, #2038 ) ;
#216 = CARTESIAN_POINT ( 'NONE',  ( -10.27000000000000313, 3.309999999999999609, 1.270000000000008900 ) ) ;
#217 = AXIS2_PLACEMENT_3D ( 'NONE', #2488, #3555, #1178 ) ;
#218 = VECTOR ( 'NONE', #1128, 1000.000000000000000 ) ;
#219 = COLOUR_RGB ( '',0.7921568627450980005, 0.8196078431372548767, 0.9333333333333333481 ) ;
#220 = ORIENTED_EDGE ( 'NONE', *, *, #2738, .F. ) ;
#221 = DIRECTION ( 'NONE',  ( -5.551115123125782702E-17, -3.421138828918009667E-49, -1.000000000000000000 ) ) ;
#222 = VECTOR ( 'NONE', #1679, 1000.000000000000000 ) ;
#223 = AXIS2_PLACEMENT_3D ( 'NONE', #850, #1122, #3224 ) ;
#224 = DIRECTION ( 'NONE',  ( 3.081487911019576681E-33, 1.000000000000000000, -5.131708243377014121E-49 ) ) ;
#225 = VECTOR ( 'NONE', #3111, 1000.000000000000000 ) ;
#226 = ADVANCED_FACE ( 'NONE', ( #791 ), #3574, .T. ) ;
#227 = LINE ( 'NONE', #3320, #3525 ) ;
#228 = ORIENTED_EDGE ( 'NONE', *, *, #3900, .F. ) ;
#229 = LINE ( 'NONE', #247, #1007 ) ;
#230 = ORIENTED_EDGE ( 'NONE', *, *, #1113, .F. ) ;
#231 = FACE_OUTER_BOUND ( 'NONE', #3365, .T. ) ;
#232 = ORIENTED_EDGE ( 'NONE', *, *, #2887, .F. ) ;
#233 = DIRECTION ( 'NONE',  ( 1.000000000000000000, 6.162975822039154730E-33, 9.436895709313828621E-16 ) ) ;
#234 = CARTESIAN_POINT ( 'NONE',  ( 0.3200000000000033928, -3.180000000000000160, -3.320000000000000728 ) ) ;
#235 = DIRECTION ( 'NONE',  ( -5.551115123125780237E-17, -3.421138828918008148E-49, -1.000000000000000000 ) ) ;
#236 = ORIENTED_EDGE ( 'NONE', *, *, #1381, .F. ) ;
#237 = ORIENTED_EDGE ( 'NONE', *, *, #2249, .F. ) ;
#238 = FILL_AREA_STYLE ('',( #2386 ) ) ;
#239 = LINE ( 'NONE', #2994, #2612 ) ;
#240 = CARTESIAN_POINT ( 'NONE',  ( -3.320000000000002505, -3.180000000000000160, -2.679999999999999272 ) ) ;
#241 = UNCERTAINTY_MEASURE_WITH_UNIT (LENGTH_MEASURE( 1.000000000000000082E-05 ), #2562, 'distance_accuracy_value', 'NONE');
#242 = ORIENTED_EDGE ( 'NONE', *, *, #3634, .T. ) ;
#243 = CARTESIAN_POINT ( 'NONE',  ( -1.269999999999999352, 3.310000000000001386, -1.269999999999998685 ) ) ;
#244 = LINE ( 'NONE', #2998, #1814 ) ;
#245 = PLANE ( 'NONE',  #709 ) ;
#246 = ORIENTED_EDGE ( 'NONE', *, *, #1167, .F. ) ;
#247 = CARTESIAN_POINT ( 'NONE',  ( -6.320000000000002061, 3.310000000000000053, -1.499999999999994671 ) ) ;
#248 = CARTESIAN_POINT ( 'NONE',  ( -0.3199999999999982858, -3.180000000000000160, 0.3200000000000000067 ) ) ;
#249 = ORIENTED_EDGE ( 'NONE', *, *, #2142, .F. ) ;
#250 = LINE ( 'NONE', #495, #1208 ) ;
#251 = DIRECTION ( 'NONE',  ( 3.697785493223491196E-32, 1.000000000000000000, 6.106226635438358014E-16 ) ) ;
#252 = FACE_OUTER_BOUND ( 'NONE', #2243, .T. ) ;
#253 = VERTEX_POINT ( 'NONE', #1105 ) ;
#254 = ADVANCED_FACE ( 'NONE', ( #1851 ), #1901, .T. ) ;
#255 = VERTEX_POINT ( 'NONE', #3228 ) ;
#256 = ADVANCED_FACE ( 'NONE', ( #1833 ), #110, .T. ) ;
#257 = PLANE ( 'NONE',  #2298 ) ;
#258 = CARTESIAN_POINT ( 'NONE',  ( -5.680000000000003268, -3.180000000000000160, -0.3199999999999981193 ) ) ;
#259 = DIRECTION ( 'NONE',  ( 1.000000000000000000, 6.162975822039154730E-33, -5.551115123125780237E-17 ) ) ;
#260 = CARTESIAN_POINT ( 'NONE',  ( -0.6199999999999998845, 3.310000000000000053, -1.729999999999999094 ) ) ;
#261 = ORIENTED_EDGE ( 'NONE', *, *, #3507, .F. ) ;
#262 = CARTESIAN_POINT ( 'NONE',  ( -10.28000000000000114, -8.317999067308908840E-17, -4.394999999999997797 ) ) ;
#263 = CARTESIAN_POINT ( 'NONE',  ( -4.270000000000002238, 3.310000000000000053, -4.269999999999996909 ) ) ;
#264 = CARTESIAN_POINT ( 'NONE',  ( -4.270000000000002238, 3.310000000000000053, 0.6200000000000056577 ) ) ;
#265 = ORIENTED_EDGE ( 'NONE', *, *, #1953, .F. ) ;
#266 = CARTESIAN_POINT ( 'NONE',  ( -7.730000000000003979, 9.910000000000000142, -1.269999999999993134 ) ) ;
#267 = CARTESIAN_POINT ( 'NONE',  ( -8.680000000000003268, -3.180000000000000160, -3.319999999999998952 ) ) ;
#268 = ORIENTED_EDGE ( 'NONE', *, *, #815, .F. ) ;
#269 = CARTESIAN_POINT ( 'NONE',  ( -0.3199999999999982858, -3.180000000000000160, -3.319999999999998952 ) ) ;
#270 = AXIS2_PLACEMENT_3D ( 'NONE', #3716, #122, #1188 ) ;
#271 = FACE_OUTER_BOUND ( 'NONE', #671, .T. ) ;
#272 = ORIENTED_EDGE ( 'NONE', *, *, #2940, .F. ) ;
#273 = ORIENTED_EDGE ( 'NONE', *, *, #3513, .F. ) ;
#274 = AXIS2_PLACEMENT_3D ( 'NONE', #1488, #2238, #4340 ) ;
#275 = SURFACE_STYLE_FILL_AREA ( #1059 ) ;
#276 = ADVANCED_FACE ( 'NONE', ( #832 ), #3257, .T. ) ;
#277 = PLANE ( 'NONE',  #2322 ) ;
#278 = DIRECTION ( 'NONE',  ( 5.551115123125782702E-17, 3.421138828918009667E-49, 1.000000000000000000 ) ) ;
#279 = VECTOR ( 'NONE', #4367, 1000.000000000000000 ) ;
#280 = EDGE_CURVE ( 'NONE', #2452, #1108, #160, .T. ) ;
#281 = PRESENTATION_LAYER_ASSIGNMENT (  '', '', ( #2520 ) ) ;
#282 = ORIENTED_EDGE ( 'NONE', *, *, #3538, .F. ) ;
#283 = EDGE_CURVE ( 'NONE', #1854, #1834, #2846, .T. ) ;
#284 = VECTOR ( 'NONE', #742, 1000.000000000000000 ) ;
#285 = LINE ( 'NONE', #1707, #1792 ) ;
#286 = EDGE_CURVE ( 'NONE', #700, #1832, #1126, .T. ) ;
#287 = COLOUR_RGB ( '',0.7921568627450980005, 0.8196078431372548767, 0.9333333333333333481 ) ;
#288 = CARTESIAN_POINT ( 'NONE',  ( -3.800000000000000266, 9.369999999999999218, -4.929999999999991722 ) ) ;
#289 = DIRECTION ( 'NONE',  ( 3.697785493223491196E-32, 1.000000000000000000, 6.106226635438358014E-16 ) ) ;
#290 = VERTEX_POINT ( 'NONE', #2507 ) ;
#291 = AXIS2_PLACEMENT_3D ( 'NONE', #1315, #694, #3002 ) ;
#292 =( LENGTH_UNIT ( ) NAMED_UNIT ( * ) SI_UNIT ( .MILLI., .METRE. ) );
#293 = VECTOR ( 'NONE', #521, 1000.000000000000114 ) ;
#294 = LINE ( 'NONE', #4431, #2960 ) ;
#295 = AXIS2_PLACEMENT_3D ( 'NONE', #1029, #1048, #38 ) ;
#296 = DIRECTION ( 'NONE',  ( -5.551115123125782702E-17, -3.421138828918009667E-49, -1.000000000000000000 ) ) ;
#297 = EDGE_LOOP ( 'NONE', ( #333, #2083, #1761, #1039 ) ) ;
#298 = PLANE ( 'NONE',  #1282 ) ;
#299 = CARTESIAN_POINT ( 'NONE',  ( -4.270000000000002238, 9.910000000000000142, -2.379999999999991456 ) ) ;
#300 = CARTESIAN_POINT ( 'NONE',  ( 0.3199999999999998956, -3.180000000000000160, -0.3199999999999981193 ) ) ;
#301 = EDGE_LOOP ( 'NONE', ( #306, #453, #1266, #2052 ) ) ;
#302 = EDGE_LOOP ( 'NONE', ( #2499, #1340, #53, #232 ) ) ;
#303 = LINE ( 'NONE', #1661, #2944 ) ;
#304 = DIRECTION ( 'NONE',  ( 3.697785493223491196E-32, 1.000000000000000000, 6.106226635438358014E-16 ) ) ;
#305 = CYLINDRICAL_SURFACE ( 'NONE', #8, 0.4149999999999999800 ) ;
#306 = ORIENTED_EDGE ( 'NONE', *, *, #283, .T. ) ;
#307 = EDGE_CURVE ( 'NONE', #627, #4236, #814, .T. ) ;
#308 = ADVANCED_FACE ( 'NONE', ( #3951 ), #857, .T. ) ;
#309 = CARTESIAN_POINT ( 'NONE',  ( -1.269999999999999352, 9.910000000000000142, -4.269999999999992468 ) ) ;
#310 = DIRECTION ( 'NONE',  ( 3.697785493223491196E-32, 1.000000000000000000, 6.106226635438358014E-16 ) ) ;
#311 = EDGE_CURVE ( 'NONE', #904, #3897, #965, .T. ) ;
#312 = CARTESIAN_POINT ( 'NONE',  ( -7.270000000000002238, 9.910000000000000142, -1.269999999999994911 ) ) ;
#313 = EDGE_CURVE ( 'NONE', #1854, #4003, #3642, .T. ) ;
#314 = CARTESIAN_POINT ( 'NONE',  ( -3.800000000000003819, 7.709999999999999964, -6.329999999999995630 ) ) ;
#315 = VERTEX_POINT ( 'NONE', #266 ) ;
#316 = LINE ( 'NONE', #2377, #279 ) ;
#317 = CARTESIAN_POINT ( 'NONE',  ( -0.6199999999999998845, 9.910000000000000142, -1.729999999999995319 ) ) ;
#318 = ADVANCED_FACE ( 'NONE', ( #1265 ), #534, .F. ) ;
#319 = ORIENTED_EDGE ( 'NONE', *, *, #3990, .F. ) ;
#320 = ORIENTED_EDGE ( 'NONE', *, *, #946, .F. ) ;
#321 = CARTESIAN_POINT ( 'NONE',  ( -10.92500000000000071, -3.365883960437809672E-16, 1.930000000000003935 ) ) ;
#322 = CARTESIAN_POINT ( 'NONE',  ( -3.800000000000003819, 6.959999999999999964, -6.329999999999995630 ) ) ;
#323 = ORIENTED_EDGE ( 'NONE', *, *, #1695, .T. ) ;
#324 = UNCERTAINTY_MEASURE_WITH_UNIT (LENGTH_MEASURE( 1.000000000000000082E-05 ), #2261, 'distance_accuracy_value', 'NONE');
#325 = ORIENTED_EDGE ( 'NONE', *, *, #3821, .T. ) ;
#326 = DIRECTION ( 'NONE',  ( 1.000000000000000000, 6.162975822039154730E-33, -4.440892098500625176E-16 ) ) ;
#327 = ADVANCED_FACE ( 'NONE', ( #2334 ), #624, .T. ) ;
#328 = EDGE_CURVE ( 'NONE', #3469, #4454, #1610, .T. ) ;
#329 = LINE ( 'NONE', #981, #1449 ) ;
#330 = DIRECTION ( 'NONE',  ( 5.551115123125782702E-17, 3.421138828918009667E-49, 1.000000000000000000 ) ) ;
#331 = CARTESIAN_POINT ( 'NONE',  ( 1.500000000000000444, -3.180000000000000160, -1.499999999999998446 ) ) ;
#332 = CARTESIAN_POINT ( 'NONE',  ( -7.270000000000002238, 9.910000000000000142, -1.729999999999991767 ) ) ;
#333 = ORIENTED_EDGE ( 'NONE', *, *, #3582, .T. ) ;
#334 = FACE_BOUND ( 'NONE', #1040, .T. ) ;
#335 = ORIENTED_EDGE ( 'NONE', *, *, #1665, .T. ) ;
#336 = EDGE_CURVE ( 'NONE', #1160, #1499, #229, .T. ) ;
#337 = LINE ( 'NONE', #2064, #2952 ) ;
#338 = EDGE_CURVE ( 'NONE', #4156, #897, #1220, .T. ) ;
#339 = COLOUR_RGB ( '',0.7921568627450980005, 0.8196078431372548767, 0.9333333333333333481 ) ;
#340 = ORIENTED_EDGE ( 'NONE', *, *, #607, .T. ) ;
#341 = EDGE_LOOP ( 'NONE', ( #1973, #1130, #4210, #2748 ) ) ;
#342 = CARTESIAN_POINT ( 'NONE',  ( -0.3199999999999982858, -3.365883960437809179E-16, 0.3200000000000020051 ) ) ;
#343 = EDGE_CURVE ( 'NONE', #167, #2763, #4315, .T. ) ;
#344 = CARTESIAN_POINT ( 'NONE',  ( 0.3199999999999998956, 3.310000000000000053, -2.679999999999995719 ) ) ;
#345 = CARTESIAN_POINT ( 'NONE',  ( -6.320000000000002061, 7.509999999999999787, -2.679999999999993054 ) ) ;
#346 = VERTEX_POINT ( 'NONE', #1922 ) ;
#347 = COLOUR_RGB ( '',0.7921568627450980005, 0.8196078431372548767, 0.9333333333333333481 ) ;
#348 = ORIENTED_EDGE ( 'NONE', *, *, #4459, .T. ) ;
#349 = VECTOR ( 'NONE', #1559, 1000.000000000000000 ) ;
#350 = FACE_OUTER_BOUND ( 'NONE', #3581, .T. ) ;
#351 = VECTOR ( 'NONE', #4015, 1000.000000000000114 ) ;
#352 = PLANE ( 'NONE',  #3765 ) ;
#353 = DIRECTION ( 'NONE',  ( -5.551115123125780237E-17, -3.421138828918008148E-49, -1.000000000000000000 ) ) ;
#354 = DIRECTION ( 'NONE',  ( 3.081487911019576681E-33, 1.000000000000000000, -5.131708243377014121E-49 ) ) ;
#355 = STYLED_ITEM ( 'NONE', ( #3700 ), #2902 ) ;
#356 = VECTOR ( 'NONE', #2961, 1000.000000000000000 ) ;
#357 = EDGE_CURVE ( 'NONE', #1836, #4438, #1585, .T. ) ;
#358 = CARTESIAN_POINT ( 'NONE',  ( 1.924999999999998712, -3.365883960437809179E-16, 1.930000000000002158 ) ) ;
#359 = CIRCLE ( 'NONE', #2889, 0.4149999999999999800 ) ;
#360 = LINE ( 'NONE', #2734, #3947 ) ;
#361 = LINE ( 'NONE', #44, #284 ) ;
#362 = ORIENTED_EDGE ( 'NONE', *, *, #581, .T. ) ;
#363 = VECTOR ( 'NONE', #615, 1000.000000000000000 ) ;
#364 = DIRECTION ( 'NONE',  ( 3.697785493223491196E-32, 1.000000000000000000, 6.106226635438358014E-16 ) ) ;
#365 = CIRCLE ( 'NONE', #1084, 0.4149999999999999800 ) ;
#366 = VERTEX_POINT ( 'NONE', #918 ) ;
#367 = DIRECTION ( 'NONE',  ( 0.000000000000000000, 0.000000000000000000, 1.000000000000000000 ) ) ;
#368 = CARTESIAN_POINT ( 'NONE',  ( -10.27000000000000490, 9.910000000000000142, -4.269999999999992468 ) ) ;
#369 = VERTEX_POINT ( 'NONE', #180 ) ;
#370 = EDGE_LOOP ( 'NONE', ( #4320, #1202, #1811, #4271 ) ) ;
#371 = ORIENTED_EDGE ( 'NONE', *, *, #3847, .F. ) ;
#372 = LINE ( 'NONE', #436, #1584 ) ;
#373 = EDGE_CURVE ( 'NONE', #1499, #3786, #580, .T. ) ;
#374 = DIRECTION ( 'NONE',  ( 3.697785493223491196E-32, 1.000000000000000000, 6.106226635438358014E-16 ) ) ;
#375 = CARTESIAN_POINT ( 'NONE',  ( -8.680000000000003268, -3.365883960437809672E-16, 0.3200000000000037259 ) ) ;
#376 = DIRECTION ( 'NONE',  ( 1.000000000000000000, 6.162975822039154730E-33, -5.551115123125780237E-17 ) ) ;
#377 = DIRECTION ( 'NONE',  ( -3.697785493223491196E-32, -1.000000000000000000, -6.106226635438358014E-16 ) ) ;
#378 = DIRECTION ( 'NONE',  ( 0.000000000000000000, 0.000000000000000000, 1.000000000000000000 ) ) ;
#379 =( LENGTH_UNIT ( ) NAMED_UNIT ( * ) SI_UNIT ( .MILLI., .METRE. ) );
#380 = VERTEX_POINT ( 'NONE', #2663 ) ;
#381 = CARTESIAN_POINT ( 'NONE',  ( -5.680000000000003268, 3.310000000000000053, -1.499999999999994671 ) ) ;
#382 = DIRECTION ( 'NONE',  ( 1.000000000000000000, 6.162975822039154730E-33, 9.436895709313828621E-16 ) ) ;
#383 = EDGE_CURVE ( 'NONE', #3562, #3536, #3346, .T. ) ;
#384 = ORIENTED_EDGE ( 'NONE', *, *, #3551, .F. ) ;
#385 = PLANE ( 'NONE',  #2955 ) ;
#386 = ORIENTED_EDGE ( 'NONE', *, *, #4381, .F. ) ;
#387 = EDGE_CURVE ( 'NONE', #91, #3058, #4344, .T. ) ;
#388 = ORIENTED_EDGE ( 'NONE', *, *, #383, .F. ) ;
#389 = VERTEX_POINT ( 'NONE', #4363 ) ;
#390 = LINE ( 'NONE', #4225, #3533 ) ;
#391 = FILL_AREA_STYLE_COLOUR ( '', #1368 ) ;
#392 = DIRECTION ( 'NONE',  ( 0.7071067811865475727, 4.317754261380378812E-16, -0.7071067811865475727 ) ) ;
#393 = DIRECTION ( 'NONE',  ( 1.387778780781445281E-15, 8.552847072295023637E-48, -1.000000000000000000 ) ) ;
#394 = FACE_OUTER_BOUND ( 'NONE', #192, .T. ) ;
#395 = DIRECTION ( 'NONE',  ( -1.000000000000000000, -6.162975822039154730E-33, 5.551115123125780237E-17 ) ) ;
#396 = CARTESIAN_POINT ( 'NONE',  ( -0.3199999999999982858, -3.180000000000000160, 0.3200000000000000067 ) ) ;
#397 = ORIENTED_EDGE ( 'NONE', *, *, #3122, .T. ) ;
#398 = CARTESIAN_POINT ( 'NONE',  ( -9.320000000000005613, -3.180000000000000160, -3.319999999999998952 ) ) ;
#399 = CARTESIAN_POINT ( 'NONE',  ( -10.92500000000000071, -3.365883960437809672E-16, -4.929999999999997939 ) ) ;
#400 = ORIENTED_EDGE ( 'NONE', *, *, #116, .T. ) ;
#401 = FILL_AREA_STYLE_COLOUR ( '', #4387 ) ;
#402 = DIRECTION ( 'NONE',  ( 3.697785493223491196E-32, 1.000000000000000000, 6.106226635438358014E-16 ) ) ;
#403 = VERTEX_POINT ( 'NONE', #1989 ) ;
#404 = VECTOR ( 'NONE', #1353, 1000.000000000000000 ) ;
#405 = ORIENTED_EDGE ( 'NONE', *, *, #1779, .F. ) ;
#406 = VERTEX_POINT ( 'NONE', #1970 ) ;
#407 = EDGE_CURVE ( 'NONE', #30, #4371, #1561, .T. ) ;
#408 = LINE ( 'NONE', #710, #997 ) ;
#409 = LINE ( 'NONE', #1796, #566 ) ;
#410 = DIRECTION ( 'NONE',  ( 1.000000000000000000, -3.081487911019593786E-33, -5.551115123125780237E-17 ) ) ;
#411 = AXIS2_PLACEMENT_3D ( 'NONE', #62, #353, #758 ) ;
#412 = VERTEX_POINT ( 'NONE', #4021 ) ;
#413 = LINE ( 'NONE', #3429, #991 ) ;
#414 = EDGE_CURVE ( 'NONE', #893, #3856, #3027, .T. ) ;
#415 = FACE_BOUND ( 'NONE', #1494, .T. ) ;
#416 = FACE_OUTER_BOUND ( 'NONE', #2805, .T. ) ;
#417 = AXIS2_PLACEMENT_3D ( 'NONE', #3471, #3511, #1094 ) ;
#418 = DIRECTION ( 'NONE',  ( 3.697785493223491196E-32, 1.000000000000000000, 6.106226635438358014E-16 ) ) ;
#419 = DIRECTION ( 'NONE',  ( 3.081487911019576681E-33, 1.000000000000000000, -5.131708243377014121E-49 ) ) ;
#420 = ORIENTED_EDGE ( 'NONE', *, *, #4016, .F. ) ;
#421 = CLOSED_SHELL ( 'NONE', ( #3189, #1465, #1911, #1279, #1145, #63 ) ) ;
#422 = DIRECTION ( 'NONE',  ( 0.7071067811865475727, 4.317754261380378812E-16, -0.7071067811865475727 ) ) ;
#423 = AXIS2_PLACEMENT_3D ( 'NONE', #1877, #536, #921 ) ;
#424 = ORIENTED_EDGE ( 'NONE', *, *, #4089, .F. ) ;
#425 = CARTESIAN_POINT ( 'NONE',  ( -7.270000000000002238, 3.310000000000000053, -1.269999999999998685 ) ) ;
#426 = ORIENTED_EDGE ( 'NONE', *, *, #617, .T. ) ;
#427 =( NAMED_UNIT ( * ) SI_UNIT ( $, .STERADIAN. ) SOLID_ANGLE_UNIT ( ) );
#428 = VECTOR ( 'NONE', #2762, 1000.000000000000000 ) ;
#429 = AXIS2_PLACEMENT_3D ( 'NONE', #2842, #3205, #1052 ) ;
#430 = DIRECTION ( 'NONE',  ( 1.000000000000000000, 6.162975822039154730E-33, -5.551115123125780237E-17 ) ) ;
#431 = ORIENTED_EDGE ( 'NONE', *, *, #2058, .T. ) ;
#432 = AXIS2_PLACEMENT_3D ( 'NONE', #3396, #760, #377 ) ;
#433 = AXIS2_PLACEMENT_3D ( 'NONE', #3472, #1096, #2119 ) ;
#434 = VERTEX_POINT ( 'NONE', #2622 ) ;
#435 = EDGE_CURVE ( 'NONE', #3469, #1866, #898, .T. ) ;
#436 = CARTESIAN_POINT ( 'NONE',  ( -0.3199999999999982858, -3.180000000000000160, -3.319999999999998952 ) ) ;
#437 = VECTOR ( 'NONE', #4, 1000.000000000000000 ) ;
#438 = FACE_OUTER_BOUND ( 'NONE', #1930, .T. ) ;
#439 = ADVANCED_FACE ( 'NONE', ( #1314, #4070 ), #1678, .T. ) ;
#440 = ORIENTED_EDGE ( 'NONE', *, *, #357, .F. ) ;
#441 = CARTESIAN_POINT ( 'NONE',  ( -9.320000000000005613, -3.180000000000000160, -0.3199999999999981193 ) ) ;
#442 = CARTESIAN_POINT ( 'NONE',  ( -4.729999999999996874, 9.910000000000000142, 0.6200000000000096545 ) ) ;
#443 = DIRECTION ( 'NONE',  ( 1.000000000000000000, 6.162975822039154730E-33, -5.551115123125780237E-17 ) ) ;
#444 = EDGE_CURVE ( 'NONE', #1127, #3156, #294, .T. ) ;
#445 = FACE_OUTER_BOUND ( 'NONE', #1080, .T. ) ;
#446 = APPLICATION_PROTOCOL_DEFINITION ( 'draft international standard', 'automotive_design', 1998, #2959 ) ;
#447 = CARTESIAN_POINT ( 'NONE',  ( -9.320000000000005613, 7.509999999999999787, -2.679999999999993054 ) ) ;
#448 = ORIENTED_EDGE ( 'NONE', *, *, #2925, .F. ) ;
#449 = DIRECTION ( 'NONE',  ( 1.000000000000000000, -3.081487911019593786E-33, -5.551115123125780237E-17 ) ) ;
#450 = EDGE_CURVE ( 'NONE', #3780, #2012, #1981, .T. ) ;
#451 = ORIENTED_EDGE ( 'NONE', *, *, #771, .F. ) ;
#452 = FACE_OUTER_BOUND ( 'NONE', #3165, .T. ) ;
#453 = ORIENTED_EDGE ( 'NONE', *, *, #4016, .T. ) ;
#454 =( NAMED_UNIT ( * ) SI_UNIT ( $, .STERADIAN. ) SOLID_ANGLE_UNIT ( ) );
#455 = CARTESIAN_POINT ( 'NONE',  ( -9.320000000000005613, -3.365883960437809672E-16, -3.319999999999997620 ) ) ;
#456 = ORIENTED_EDGE ( 'NONE', *, *, #3444, .F. ) ;
#457 = CARTESIAN_POINT ( 'NONE',  ( -9.320000000000005613, 7.509999999999999787, -3.319999999999993179 ) ) ;
#458 = FACE_OUTER_BOUND ( 'NONE', #2532, .T. ) ;
#459 = CARTESIAN_POINT ( 'NONE',  ( -4.500000000000003553, -3.365883960437809672E-16, -3.319999999999997620 ) ) ;
#460 = ORIENTED_EDGE ( 'NONE', *, *, #2418, .T. ) ;
#461 = LINE ( 'NONE', #3926, #485 ) ;
#462 = LINE ( 'NONE', #2501, #2456 ) ;
#463 = UNCERTAINTY_MEASURE_WITH_UNIT (LENGTH_MEASURE( 1.000000000000000082E-05 ), #292, 'distance_accuracy_value', 'NONE');
#464 = CARTESIAN_POINT ( 'NONE',  ( 0.3199999999999998956, -3.180000000000000160, 0.3200000000000000067 ) ) ;
#465 = DIRECTION ( 'NONE',  ( -3.697785493223491196E-32, -1.000000000000000000, -6.106226635438358014E-16 ) ) ;
#466 = CARTESIAN_POINT ( 'NONE',  ( -9.320000000000005613, -3.365883960437809672E-16, -1.499999999999996669 ) ) ;
#467 = ORIENTED_EDGE ( 'NONE', *, *, #2254, .T. ) ;
#468 = PLANE ( 'NONE',  #3462 ) ;
#469 = ORIENTED_EDGE ( 'NONE', *, *, #4259, .T. ) ;
#470 = DIRECTION ( 'NONE',  ( -3.697785493223491196E-32, -1.000000000000000000, -6.106226635438358014E-16 ) ) ;
#471 = VERTEX_POINT ( 'NONE', #640 ) ;
#472 = CARTESIAN_POINT ( 'NONE',  ( -0.3199999999999982858, 7.509999999999999787, -2.679999999999993054 ) ) ;
#473 = CARTESIAN_POINT ( 'NONE',  ( -10.92500000000000071, -3.365883960437809672E-16, -4.929999999999997939 ) ) ;
#474 = ADVANCED_FACE ( 'NONE', ( #1257 ), #4097, .F. ) ;
#475 = EDGE_CURVE ( 'NONE', #2492, #582, #909, .T. ) ;
#476 = CARTESIAN_POINT ( 'NONE',  ( -8.680000000000003268, -3.180000000000000160, -2.679999999999999272 ) ) ;
#477 = ORIENTED_EDGE ( 'NONE', *, *, #510, .F. ) ;
#478 = EDGE_CURVE ( 'NONE', #4221, #1331, #3340, .T. ) ;
#479 = DIRECTION ( 'NONE',  ( -5.551115123125782702E-17, -3.421138828918009667E-49, -1.000000000000000000 ) ) ;
#480 = DIRECTION ( 'NONE',  ( 3.697785493223491196E-32, 1.000000000000000000, 6.106226635438358014E-16 ) ) ;
#481 = ORIENTED_EDGE ( 'NONE', *, *, #1967, .T. ) ;
#482 = PLANE ( 'NONE',  #2945 ) ;
#483 = STYLED_ITEM ( 'NONE', ( #3483 ), #4293 ) ;
#484 = CARTESIAN_POINT ( 'NONE',  ( -8.680000000000003268, 7.509999999999999787, -2.679999999999993054 ) ) ;
#485 = VECTOR ( 'NONE', #1483, 1000.000000000000000 ) ;
#486 = DIRECTION ( 'NONE',  ( 1.000000000000000000, -3.081487911019593786E-33, -5.551115123125780237E-17 ) ) ;
#487 = CARTESIAN_POINT ( 'NONE',  ( -0.3199999999999982858, 3.310000000000000053, 0.3200000000000040035 ) ) ;
#488 = ORIENTED_EDGE ( 'NONE', *, *, #1725, .F. ) ;
#489 = AXIS2_PLACEMENT_3D ( 'NONE', #1868, #3342, #4284 ) ;
#490 = FACE_OUTER_BOUND ( 'NONE', #567, .T. ) ;
#491 = ORIENTED_EDGE ( 'NONE', *, *, #635, .T. ) ;
#492 = DIRECTION ( 'NONE',  ( 5.551115123125782702E-17, 3.421138828918009667E-49, 1.000000000000000000 ) ) ;
#493 = VECTOR ( 'NONE', #4124, 1000.000000000000000 ) ;
#494 = ORIENTED_EDGE ( 'NONE', *, *, #4259, .F. ) ;
#495 = CARTESIAN_POINT ( 'NONE',  ( -1.269999999999999352, 9.910000000000000142, -1.269999999999994911 ) ) ;
#496 = CARTESIAN_POINT ( 'NONE',  ( 0.3199999999999998956, -3.180000000000000160, -0.3199999999999981193 ) ) ;
#497 = ADVANCED_FACE ( 'NONE', ( #2295 ), #2388, .T. ) ;
#498 = CLOSED_SHELL ( 'NONE', ( #3178, #3269, #2916, #1075, #1572, #2082 ) ) ;
#499 = DIRECTION ( 'NONE',  ( -1.000000000000000000, -6.162975822039154730E-33, 5.551115123125780237E-17 ) ) ;
#500 = ORIENTED_EDGE ( 'NONE', *, *, #637, .F. ) ;
#501 = VECTOR ( 'NONE', #1156, 1000.000000000000000 ) ;
#502 = VECTOR ( 'NONE', #3080, 1000.000000000000000 ) ;
#503 = DIRECTION ( 'NONE',  ( 0.000000000000000000, 6.106226635438358014E-16, -1.000000000000000000 ) ) ;
#504 = AXIS2_PLACEMENT_3D ( 'NONE', #3284, #187, #539 ) ;
#505 = VECTOR ( 'NONE', #3070, 1000.000000000000000 ) ;
#506 = LINE ( 'NONE', #2229, #2006 ) ;
#507 = ORIENTED_EDGE ( 'NONE', *, *, #3193, .F. ) ;
#508 = LINE ( 'NONE', #2838, #1865 ) ;
#509 = CARTESIAN_POINT ( 'NONE',  ( -3.620000000000004103, 9.910000000000000142, -1.729999999999995319 ) ) ;
#510 = EDGE_CURVE ( 'NONE', #595, #49, #4422, .T. ) ;
#511 = LINE ( 'NONE', #3886, #3333 ) ;
#512 = DIRECTION ( 'NONE',  ( -3.697785493223491196E-32, -1.000000000000000000, -6.106226635438358014E-16 ) ) ;
#513 = LINE ( 'NONE', #466, #4162 ) ;
#514 = ORIENTED_EDGE ( 'NONE', *, *, #147, .T. ) ;
#515 = DIRECTION ( 'NONE',  ( -5.551115123125782702E-17, -3.421138828918009667E-49, -1.000000000000000000 ) ) ;
#516 = VERTEX_POINT ( 'NONE', #1325 ) ;
#517 = DIRECTION ( 'NONE',  ( 5.551115123125782702E-17, 3.421138828918009667E-49, 1.000000000000000000 ) ) ;
#518 = ORIENTED_EDGE ( 'NONE', *, *, #328, .T. ) ;
#519 = CARTESIAN_POINT ( 'NONE',  ( -4.270000000000002238, 9.910000000000000142, 0.6200000000000096545 ) ) ;
#520 = CARTESIAN_POINT ( 'NONE',  ( -2.680000000000001048, 7.509999999999999787, -0.3199999999999916245 ) ) ;
#521 = DIRECTION ( 'NONE',  ( -0.7071067811865474617, -4.357881996052623053E-33, 0.7071067811865474617 ) ) ;
#522 = EDGE_LOOP ( 'NONE', ( #2192, #1752, #1296, #4111 ) ) ;
#523 = EDGE_CURVE ( 'NONE', #3666, #4434, #2700, .T. ) ;
#524 = CARTESIAN_POINT ( 'NONE',  ( -1.730000000000001537, 9.910000000000000142, 1.270000000000009344 ) ) ;
#525 = EDGE_CURVE ( 'NONE', #403, #893, #594, .T. ) ;
#526 = ORIENTED_EDGE ( 'NONE', *, *, #4292, .T. ) ;
#527 = PLANE ( 'NONE',  #60 ) ;
#528 = CARTESIAN_POINT ( 'NONE',  ( -8.680000000000003268, -3.180000000000000160, -3.319999999999998952 ) ) ;
#529 = CARTESIAN_POINT ( 'NONE',  ( -10.27000000000000490, 9.910000000000000142, -1.729999999999989990 ) ) ;
#530 = PLANE ( 'NONE',  #940 ) ;
#531 = EDGE_CURVE ( 'NONE', #255, #2653, #2024, .T. ) ;
#532 = CARTESIAN_POINT ( 'NONE',  ( -4.730000000000000426, 3.310000000000000053, -4.269999999999996909 ) ) ;
#533 = ORIENTED_EDGE ( 'NONE', *, *, #3875, .T. ) ;
#534 = PLANE ( 'NONE',  #3898 ) ;
#535 = ORIENTED_EDGE ( 'NONE', *, *, #3354, .F. ) ;
#536 = DIRECTION ( 'NONE',  ( -1.000000000000000000, -6.162975822039154730E-33, 5.551115123125782702E-17 ) ) ;
#537 = ORIENTED_EDGE ( 'NONE', *, *, #4459, .F. ) ;
#538 = LINE ( 'NONE', #2559, #3675 ) ;
#539 = DIRECTION ( 'NONE',  ( 5.551115123125782702E-17, 3.421138828918009667E-49, 1.000000000000000000 ) ) ;
#540 = EDGE_LOOP ( 'NONE', ( #123, #3861, #3096, #1346 ) ) ;
#541 = ORIENTED_EDGE ( 'NONE', *, *, #1586, .T. ) ;
#542 = SURFACE_SIDE_STYLE ('',( #3651 ) ) ;
#543 = CARTESIAN_POINT ( 'NONE',  ( -9.320000000000005613, -3.180000000000000160, 0.3200000000000017830 ) ) ;
#544 = UNCERTAINTY_MEASURE_WITH_UNIT (LENGTH_MEASURE( 1.000000000000000082E-05 ), #3218, 'distance_accuracy_value', 'NONE');
#545 = EDGE_CURVE ( 'NONE', #2216, #795, #1622, .T. ) ;
#546 = VERTEX_POINT ( 'NONE', #977 ) ;
#547 = CARTESIAN_POINT ( 'NONE',  ( -2.680000000000001048, 7.509999999999999787, -2.679999999999993054 ) ) ;
#548 = CARTESIAN_POINT ( 'NONE',  ( -1.730000000000001537, 3.310000000000003162, -4.269999999999992468 ) ) ;
#549 = CARTESIAN_POINT ( 'NONE',  ( -1.269999999999999352, 9.910000000000000142, -1.269999999999994911 ) ) ;
#550 = VERTEX_POINT ( 'NONE', #1664 ) ;
#551 = DIRECTION ( 'NONE',  ( 5.551115123125782702E-17, 3.421138828918009667E-49, 1.000000000000000000 ) ) ;
#552 = ORIENTED_EDGE ( 'NONE', *, *, #4455, .T. ) ;
#553 = CARTESIAN_POINT ( 'NONE',  ( -2.680000000000001048, -3.180000000000000160, 0.3200000000000017830 ) ) ;
#554 = ORIENTED_EDGE ( 'NONE', *, *, #1414, .T. ) ;
#555 = CARTESIAN_POINT ( 'NONE',  ( -0.3199999999999982858, -3.180000000000000160, -2.679999999999999272 ) ) ;
#556 = VECTOR ( 'NONE', #3748, 1000.000000000000000 ) ;
#557 = CARTESIAN_POINT ( 'NONE',  ( -4.270000000000002238, 9.910000000000000142, -1.269999999999994911 ) ) ;
#558 = ORIENTED_EDGE ( 'NONE', *, *, #4342, .F. ) ;
#559 = VECTOR ( 'NONE', #1293, 1000.000000000000000 ) ;
#560 = ORIENTED_EDGE ( 'NONE', *, *, #170, .F. ) ;
#561 = CARTESIAN_POINT ( 'NONE',  ( -4.270000000000002238, 9.910000000000000142, -1.269999999999994911 ) ) ;
#562 = FILL_AREA_STYLE_COLOUR ( '', #2391 ) ;
#563 = LINE ( 'NONE', #4034, #1522 ) ;
#564 = AXIS2_PLACEMENT_3D ( 'NONE', #2534, #1471, #2897 ) ;
#565 = EDGE_CURVE ( 'NONE', #2900, #3691, #3358, .T. ) ;
#566 = VECTOR ( 'NONE', #3173, 1000.000000000000000 ) ;
#567 = EDGE_LOOP ( 'NONE', ( #488, #1748, #2742, #2957 ) ) ;
#568 = AXIS2_PLACEMENT_3D ( 'NONE', #1963, #1277, #3673 ) ;
#569 = PLANE ( 'NONE',  #3964 ) ;
#570 = VECTOR ( 'NONE', #2330, 1000.000000000000000 ) ;
#571 = VECTOR ( 'NONE', #1025, 1000.000000000000000 ) ;
#572 = VECTOR ( 'NONE', #499, 1000.000000000000000 ) ;
#573 = ADVANCED_FACE ( 'NONE', ( #2995 ), #305, .T. ) ;
#574 = CARTESIAN_POINT ( 'NONE',  ( -5.680000000000003268, 3.310000000000000053, -2.679999999999995719 ) ) ;
#575 = CARTESIAN_POINT ( 'NONE',  ( -4.270000000000002238, 3.310000000000000053, -4.269999999999996909 ) ) ;
#576 = ORIENTED_EDGE ( 'NONE', *, *, #3677, .F. ) ;
#577 = COLOUR_RGB ( '',0.7921568627450980005, 0.8196078431372548767, 0.9333333333333333481 ) ;
#578 = VECTOR ( 'NONE', #3357, 1000.000000000000000 ) ;
#579 = EDGE_CURVE ( 'NONE', #3500, #2150, #3718, .T. ) ;
#580 = LINE ( 'NONE', #2284, #356 ) ;
#581 = EDGE_CURVE ( 'NONE', #2382, #2201, #616, .T. ) ;
#582 = VERTEX_POINT ( 'NONE', #1602 ) ;
#583 = PLANE ( 'NONE',  #423 ) ;
#584 = ADVANCED_FACE ( 'NONE', ( #1933 ), #2679, .T. ) ;
#585 = EDGE_LOOP ( 'NONE', ( #3530, #2291, #4243, #2599 ) ) ;
#586 = LINE ( 'NONE', #1974, #1783 ) ;
#587 = DIRECTION ( 'NONE',  ( 3.697785493223491196E-32, 1.000000000000000000, 6.106226635438358014E-16 ) ) ;
#588 = LINE ( 'NONE', #1976, #1166 ) ;
#589 = ORIENTED_EDGE ( 'NONE', *, *, #3354, .T. ) ;
#590 = VERTEX_POINT ( 'NONE', #216 ) ;
#591 = LINE ( 'NONE', #612, #3446 ) ;
#592 = LINE ( 'NONE', #4373, #2160 ) ;
#593 =( LENGTH_UNIT ( ) NAMED_UNIT ( * ) SI_UNIT ( .MILLI., .METRE. ) );
#594 = LINE ( 'NONE', #4080, #2025 ) ;
#595 = VERTEX_POINT ( 'NONE', #2651 ) ;
#596 = CARTESIAN_POINT ( 'NONE',  ( -5.380000000000001670, 3.310000000000002274, -1.729999999999992877 ) ) ;
#597 = UNCERTAINTY_MEASURE_WITH_UNIT (LENGTH_MEASURE( 1.000000000000000082E-05 ), #4004, 'distance_accuracy_value', 'NONE');
#598 = CARTESIAN_POINT ( 'NONE',  ( -0.3199999999999982858, -3.365883960437809179E-16, -0.3199999999999961764 ) ) ;
#599 = DIRECTION ( 'NONE',  ( -5.551115123125782702E-17, -3.421138828918009667E-49, -1.000000000000000000 ) ) ;
#600 = EDGE_LOOP ( 'NONE', ( #491, #2071, #2375, #1987 ) ) ;
#601 = VECTOR ( 'NONE', #2796, 1000.000000000000000 ) ;
#602 = CARTESIAN_POINT ( 'NONE',  ( -4.270000000000002238, 3.310000000000000053, 0.6200000000000056577 ) ) ;
#603 = DIRECTION ( 'NONE',  ( 3.697785493223491196E-32, 1.000000000000000000, 6.106226635438358014E-16 ) ) ;
#604 = ORIENTED_EDGE ( 'NONE', *, *, #3634, .F. ) ;
#605 =( LENGTH_UNIT ( ) NAMED_UNIT ( * ) SI_UNIT ( .MILLI., .METRE. ) );
#606 = DIRECTION ( 'NONE',  ( -6.106226635438359986E-16, -3.763252711809810862E-48, -1.000000000000000000 ) ) ;
#607 = EDGE_CURVE ( 'NONE', #1398, #2494, #563, .T. ) ;
#608 = LINE ( 'NONE', #2792, #3906 ) ;
#609 = ORIENTED_EDGE ( 'NONE', *, *, #3539, .T. ) ;
#610 = EDGE_LOOP ( 'NONE', ( #3489, #1705, #2673, #3559 ) ) ;
#611 = ADVANCED_FACE ( 'NONE', ( #2050 ), #2767, .T. ) ;
#612 = CARTESIAN_POINT ( 'NONE',  ( -3.320000000000002505, 3.310000000000000053, -1.499999999999994671 ) ) ;
#613 = EDGE_CURVE ( 'NONE', #1445, #1589, #1687, .T. ) ;
#614 =( LENGTH_UNIT ( ) NAMED_UNIT ( * ) SI_UNIT ( .MILLI., .METRE. ) );
#615 = DIRECTION ( 'NONE',  ( 3.697785493223491196E-32, 1.000000000000000000, 6.106226635438358014E-16 ) ) ;
#616 = LINE ( 'NONE', #1303, #724 ) ;
#617 = EDGE_CURVE ( 'NONE', #2337, #1298, #3377, .T. ) ;
#618 = ORIENTED_EDGE ( 'NONE', *, *, #19, .T. ) ;
#619 = DIRECTION ( 'NONE',  ( -1.000000000000000000, -6.162975822039154730E-33, 5.551115123125780237E-17 ) ) ;
#620 = CARTESIAN_POINT ( 'NONE',  ( -9.320000000000005613, -3.365883960437809672E-16, -2.679999999999997495 ) ) ;
#621 = PLANE ( 'NONE',  #1503 ) ;
#622 = EDGE_LOOP ( 'NONE', ( #2496, #3192, #1016, #3285 ) ) ;
#623 = SURFACE_STYLE_FILL_AREA ( #1012 ) ;
#624 = PLANE ( 'NONE',  #1952 ) ;
#625 = VECTOR ( 'NONE', #1335, 1000.000000000000000 ) ;
#626 = DIRECTION ( 'NONE',  ( -4.440892098500625176E-16, -2.736911063134407734E-48, -1.000000000000000000 ) ) ;
#627 = VERTEX_POINT ( 'NONE', #1344 ) ;
#628 = LINE ( 'NONE', #1017, #404 ) ;
#629 = CARTESIAN_POINT ( 'NONE',  ( -3.800000000000000266, 4.955000000000000071, -1.499999999999993783 ) ) ;
#630 = CIRCLE ( 'NONE', #3153, 0.4149999999999999800 ) ;
#631 = CARTESIAN_POINT ( 'NONE',  ( -5.680000000000003268, -3.365883960437809672E-16, 0.3200000000000037259 ) ) ;
#632 = EDGE_LOOP ( 'NONE', ( #1125, #4247, #113, #2761 ) ) ;
#633 = ORIENTED_EDGE ( 'NONE', *, *, #4343, .F. ) ;
#635 = EDGE_CURVE ( 'NONE', #2093, #2797, #1402, .T. ) ;
#634 = VECTOR ( 'NONE', #1881, 1000.000000000000000 ) ;
#636 = DIRECTION ( 'NONE',  ( 1.000000000000000000, 6.162975822039154730E-33, -6.106226635438359986E-16 ) ) ;
#637 = EDGE_CURVE ( 'NONE', #805, #2800, #4461, .T. ) ;
#638 = LINE ( 'NONE', #3376, #1659 ) ;
#639 = LINE ( 'NONE', #2023, #3899 ) ;
#640 = CARTESIAN_POINT ( 'NONE',  ( -10.28000000000000114, -0.5800000000000004041, -3.564999999999998614 ) ) ;
#641 = VECTOR ( 'NONE', #195, 1000.000000000000000 ) ;
#642 = UNCERTAINTY_MEASURE_WITH_UNIT (LENGTH_MEASURE( 1.000000000000000082E-05 ), #593, 'distance_accuracy_value', 'NONE');
#643 = EDGE_CURVE ( 'NONE', #3170, #3629, #1361, .T. ) ;
#644 = PRESENTATION_LAYER_ASSIGNMENT (  '', '', ( #4248 ) ) ;
#645 = ORIENTED_EDGE ( 'NONE', *, *, #3014, .F. ) ;
#646 = CLOSED_SHELL ( 'NONE', ( #2656, #4069, #3650, #308, #3117, #1251 ) ) ;
#647 = LINE ( 'NONE', #2054, #1509 ) ;
#648 = ADVANCED_FACE ( 'NONE', ( #33 ), #2782, .F. ) ;
#649 = AXIS2_PLACEMENT_3D ( 'NONE', #2556, #3597, #3665 ) ;
#650 = AXIS2_PLACEMENT_3D ( 'NONE', #317, #3479, #2425 ) ;
#651 = DIRECTION ( 'NONE',  ( -4.440892098500625176E-16, -2.736911063134407734E-48, -1.000000000000000000 ) ) ;
#652 = CARTESIAN_POINT ( 'NONE',  ( -5.680000000000003268, 7.509999999999999787, 0.3200000000000083333 ) ) ;
#653 = AXIS2_PLACEMENT_3D ( 'NONE', #3253, #1195, #1242 ) ;
#654 = EDGE_CURVE ( 'NONE', #1788, #3369, #2069, .T. ) ;
#655 =( LENGTH_UNIT ( ) NAMED_UNIT ( * ) SI_UNIT ( .MILLI., .METRE. ) );
#656 = STYLED_ITEM ( 'NONE', ( #4330 ), #1388 ) ;
#657 = VECTOR ( 'NONE', #3603, 1000.000000000000000 ) ;
#658 = VECTOR ( 'NONE', #3747, 1000.000000000000000 ) ;
#659 = DIRECTION ( 'NONE',  ( -3.697785493223491196E-32, -1.000000000000000000, -6.106226635438358014E-16 ) ) ;
#660 = EDGE_LOOP ( 'NONE', ( #3877, #3834, #3715, #2803 ) ) ;
#661 =( LENGTH_UNIT ( ) NAMED_UNIT ( * ) SI_UNIT ( .MILLI., .METRE. ) );
#662 = CARTESIAN_POINT ( 'NONE',  ( -10.27000000000000490, 9.910000000000000142, -4.269999999999992468 ) ) ;
#663 = CARTESIAN_POINT ( 'NONE',  ( -2.680000000000001048, -3.180000000000000160, -2.679999999999999272 ) ) ;
#664 = ORIENTED_EDGE ( 'NONE', *, *, #1815, .F. ) ;
#665 = VERTEX_POINT ( 'NONE', #3404 ) ;
#666 = DIRECTION ( 'NONE',  ( 3.697785493223491196E-32, 1.000000000000000000, 6.106226635438358014E-16 ) ) ;
#667 = LINE ( 'NONE', #1704, #2172 ) ;
#668 = ORIENTED_EDGE ( 'NONE', *, *, #4253, .F. ) ;
#669 = EDGE_CURVE ( 'NONE', #2452, #2561, #1324, .T. ) ;
#670 = EDGE_CURVE ( 'NONE', #684, #897, #3717, .T. ) ;
#671 = EDGE_LOOP ( 'NONE', ( #3796, #1504, #1685, #2947 ) ) ;
#672 = LINE ( 'NONE', #3426, #3746 ) ;
#673 = CARTESIAN_POINT ( 'NONE',  ( 0.3199999999999998956, -3.180000000000000160, -2.679999999999999272 ) ) ;
#674 = EDGE_CURVE ( 'NONE', #2429, #4371, #2747, .T. ) ;
#675 = LINE ( 'NONE', #2057, #1863 ) ;
#676 = EDGE_CURVE ( 'NONE', #3081, #1247, #4120, .T. ) ;
#677 = LINE ( 'NONE', #1374, #2530 ) ;
#678 = ORIENTED_EDGE ( 'NONE', *, *, #1113, .T. ) ;
#679 = FACE_OUTER_BOUND ( 'NONE', #1062, .T. ) ;
#680 = PLANE ( 'NONE',  #1869 ) ;
#681 = EDGE_LOOP ( 'NONE', ( #3621, #3341, #2045, #1717 ) ) ;
#682 = DIRECTION ( 'NONE',  ( 3.697785493223491196E-32, 1.000000000000000000, 6.106226635438358014E-16 ) ) ;
#683 = ORIENTED_EDGE ( 'NONE', *, *, #4309, .T. ) ;
#684 = VERTEX_POINT ( 'NONE', #2410 ) ;
#685 = CARTESIAN_POINT ( 'NONE',  ( -7.730000000000003979, 9.910000000000000142, 0.6200000000000096545 ) ) ;
#686 = DIRECTION ( 'NONE',  ( 5.551115123125782702E-17, 3.421138828918009667E-49, 1.000000000000000000 ) ) ;
#687 = ORIENTED_EDGE ( 'NONE', *, *, #4095, .F. ) ;
#688 = ORIENTED_EDGE ( 'NONE', *, *, #4116, .T. ) ;
#689 = DIRECTION ( 'NONE',  ( -1.000000000000000000, -6.162975822039154730E-33, 5.551115123125782702E-17 ) ) ;
#690 = EDGE_CURVE ( 'NONE', #2710, #2109, #667, .T. ) ;
#691 = CARTESIAN_POINT ( 'NONE',  ( -6.320000000000002061, -3.365883960437809672E-16, -2.679999999999997495 ) ) ;
#692 = DIRECTION ( 'NONE',  ( 3.697785493223491196E-32, 1.000000000000000000, 6.106226635438358014E-16 ) ) ;
#693 = FILL_AREA_STYLE_COLOUR ( '', #287 ) ;
#694 = DIRECTION ( 'NONE',  ( 1.000000000000000000, -3.081487911019593786E-33, -5.551115123125780237E-17 ) ) ;
#695 = DIRECTION ( 'NONE',  ( 1.000000000000000000, 6.162975822039154730E-33, -5.551115123125780237E-17 ) ) ;
#696 = DIRECTION ( 'NONE',  ( -1.000000000000000000, -6.162975822039154730E-33, 5.551115123125780237E-17 ) ) ;
#697 = EDGE_LOOP ( 'NONE', ( #3118, #1816, #1876, #1456 ) ) ;
#698 = DIRECTION ( 'NONE',  ( -1.000000000000000000, -6.162975822039154730E-33, 5.551115123125782702E-17 ) ) ;
#699 = CIRCLE ( 'NONE', #914, 0.4149999999999999800 ) ;
#700 = VERTEX_POINT ( 'NONE', #2000 ) ;
#701 = ORIENTED_EDGE ( 'NONE', *, *, #1140, .F. ) ;
#702 = LINE ( 'NONE', #2086, #775 ) ;
#703 = EDGE_CURVE ( 'NONE', #34, #2602, #3439, .T. ) ;
#704 = DIRECTION ( 'NONE',  ( 0.000000000000000000, -6.106226635438358014E-16, 1.000000000000000000 ) ) ;
#705 = VERTEX_POINT ( 'NONE', #2428 ) ;
#706 = AXIS2_PLACEMENT_3D ( 'NONE', #1481, #929, #3219 ) ;
#707 = ORIENTED_EDGE ( 'NONE', *, *, #2749, .F. ) ;
#708 = ORIENTED_EDGE ( 'NONE', *, *, #2878, .F. ) ;
#709 = AXIS2_PLACEMENT_3D ( 'NONE', #3998, #3048, #2371 ) ;
#710 = CARTESIAN_POINT ( 'NONE',  ( -7.270000000000002238, 9.910000000000000142, -4.269999999999992468 ) ) ;
#711 = VECTOR ( 'NONE', #1028, 1000.000000000000000 ) ;
#712 = CARTESIAN_POINT ( 'NONE',  ( -6.320000000000002061, -3.180000000000000160, -0.3199999999999981193 ) ) ;
#713 = PLANE ( 'NONE',  #4099 ) ;
#714 = LINE ( 'NONE', #3474, #2385 ) ;
#715 =( GEOMETRIC_REPRESENTATION_CONTEXT ( 3 ) GLOBAL_UNCERTAINTY_ASSIGNED_CONTEXT ( ( #4083 ) ) GLOBAL_UNIT_ASSIGNED_CONTEXT ( ( #614, #2409, #3079 ) ) REPRESENTATION_CONTEXT ( 'NONE', 'WORKASPACE' ) );
#716 = LINE ( 'NONE', #3034, #3467 ) ;
#717 = EDGE_CURVE ( 'NONE', #3721, #1854, #4079, .T. ) ;
#718 = VECTOR ( 'NONE', #1288, 1000.000000000000000 ) ;
#719 = CARTESIAN_POINT ( 'NONE',  ( -8.380000000000002558, 9.910000000000000142, 1.270000000000011120 ) ) ;
#720 = MECHANICAL_DESIGN_GEOMETRIC_PRESENTATION_REPRESENTATION (  '', ( #3463 ), #1803 ) ;
#721 = FACE_OUTER_BOUND ( 'NONE', #4039, .T. ) ;
#722 = ORIENTED_EDGE ( 'NONE', *, *, #1672, .T. ) ;
#723 = ADVANCED_FACE ( 'NONE', ( #2088 ), #277, .T. ) ;
#724 = VECTOR ( 'NONE', #4061, 1000.000000000000000 ) ;
#725 = AXIS2_PLACEMENT_3D ( 'NONE', #2484, #1758, #2016 ) ;
#726 = PLANE ( 'NONE',  #76 ) ;
#727 = VECTOR ( 'NONE', #860, 1000.000000000000000 ) ;
#728 = ORIENTED_EDGE ( 'NONE', *, *, #1047, .T. ) ;
#729 = LINE ( 'NONE', #2828, #1516 ) ;
#730 = ORIENTED_EDGE ( 'NONE', *, *, #2356, .T. ) ;
#731 = CARTESIAN_POINT ( 'NONE',  ( -10.28000000000000114, -3.365883960437809672E-16, -3.979999999999998206 ) ) ;
#732 = CARTESIAN_POINT ( 'NONE',  ( -6.320000000000002061, -3.180000000000000160, -2.679999999999999272 ) ) ;
#733 = ORIENTED_EDGE ( 'NONE', *, *, #2682, .T. ) ;
#734 = ORIENTED_EDGE ( 'NONE', *, *, #2278, .T. ) ;
#735 = ORIENTED_EDGE ( 'NONE', *, *, #2219, .T. ) ;
#736 = LINE ( 'NONE', #1840, #1301 ) ;
#737 = DIRECTION ( 'NONE',  ( -3.697785493223491196E-32, -1.000000000000000000, -6.106226635438358014E-16 ) ) ;
#738 = CARTESIAN_POINT ( 'NONE',  ( 1.500000000000000444, 7.509999999999999787, -1.499999999999992006 ) ) ;
#739 = LINE ( 'NONE', #2102, #792 ) ;
#740 = FACE_OUTER_BOUND ( 'NONE', #1942, .T. ) ;
#741 = CARTESIAN_POINT ( 'NONE',  ( -3.320000000000002505, -3.180000000000000160, -0.3199999999999981193 ) ) ;
#742 = DIRECTION ( 'NONE',  ( 5.551115123125782702E-17, 3.421138828918009667E-49, 1.000000000000000000 ) ) ;
#743 = ORIENTED_EDGE ( 'NONE', *, *, #2260, .F. ) ;
#744 = CARTESIAN_POINT ( 'NONE',  ( -8.680000000000003268, 7.509999999999999787, 0.3200000000000083333 ) ) ;
#745 = EDGE_CURVE ( 'NONE', #3907, #3777, #3120, .T. ) ;
#746 = CARTESIAN_POINT ( 'NONE',  ( -4.270000000000002238, 3.310000000000000053, -1.269999999999998685 ) ) ;
#747 = ORIENTED_EDGE ( 'NONE', *, *, #1229, .F. ) ;
#748 =( LENGTH_UNIT ( ) NAMED_UNIT ( * ) SI_UNIT ( .MILLI., .METRE. ) );
#749 = EDGE_CURVE ( 'NONE', #2476, #1278, #639, .T. ) ;
#750 = CARTESIAN_POINT ( 'NONE',  ( -0.3199999999999982858, -3.180000000000000160, -3.319999999999998952 ) ) ;
#751 = ORIENTED_EDGE ( 'NONE', *, *, #2766, .F. ) ;
#752 = EDGE_CURVE ( 'NONE', #2535, #2012, #138, .T. ) ;
#753 = ORIENTED_EDGE ( 'NONE', *, *, #2254, .F. ) ;
#754 = ORIENTED_EDGE ( 'NONE', *, *, #1103, .F. ) ;
#755 = DIRECTION ( 'NONE',  ( 3.697785493223491196E-32, 1.000000000000000000, 6.106226635438358014E-16 ) ) ;
#756 = CARTESIAN_POINT ( 'NONE',  ( -0.3199999999999982858, -3.365883960437809179E-16, -1.499999999999996669 ) ) ;
#757 = ORIENTED_EDGE ( 'NONE', *, *, #4353, .F. ) ;
#758 = DIRECTION ( 'NONE',  ( 1.000000000000000000, 6.162975822039154730E-33, -5.551115123125780237E-17 ) ) ;
#759 = DIRECTION ( 'NONE',  ( 5.551115123125782702E-17, 3.421138828918009667E-49, 1.000000000000000000 ) ) ;
#760 = DIRECTION ( 'NONE',  ( -0.7071067811865475727, 4.317754261380379798E-16, -0.7071067811865475727 ) ) ;
#761 = LINE ( 'NONE', #3815, #4335 ) ;
#762 = ORIENTED_EDGE ( 'NONE', *, *, #841, .F. ) ;
#763 = DIRECTION ( 'NONE',  ( 1.000000000000000000, 6.162975822039154730E-33, 1.276756478318929824E-15 ) ) ;
#764 = ADVANCED_FACE ( 'NONE', ( #3164 ), #385, .T. ) ;
#765 = EDGE_LOOP ( 'NONE', ( #3424, #3258, #3159, #2973 ) ) ;
#766 = CARTESIAN_POINT ( 'NONE',  ( -4.729999999999996874, 9.910000000000000142, -2.379999999999991456 ) ) ;
#767 = VERTEX_POINT ( 'NONE', #1858 ) ;
#768 =( NAMED_UNIT ( * ) PLANE_ANGLE_UNIT ( ) SI_UNIT ( $, .RADIAN. ) );
#769 = DIRECTION ( 'NONE',  ( -1.000000000000000000, -6.162975822039154730E-33, 4.440892098500625176E-16 ) ) ;
#770 = ORIENTED_EDGE ( 'NONE', *, *, #338, .T. ) ;
#771 = EDGE_CURVE ( 'NONE', #3691, #3024, #2872, .T. ) ;
#772 = ORIENTED_EDGE ( 'NONE', *, *, #2688, .T. ) ;
#773 = FACE_OUTER_BOUND ( 'NONE', #4423, .T. ) ;
#774 = FILL_AREA_STYLE ('',( #3492 ) ) ;
#775 = VECTOR ( 'NONE', #1041, 1000.000000000000000 ) ;
#776 = ADVANCED_FACE ( 'NONE', ( #1838 ), #1164, .T. ) ;
#777 = CARTESIAN_POINT ( 'NONE',  ( -3.320000000000002505, -3.365883960437809179E-16, -1.499999999999996669 ) ) ;
#778 = VECTOR ( 'NONE', #1827, 1000.000000000000000 ) ;
#779 = ORIENTED_EDGE ( 'NONE', *, *, #4288, .F. ) ;
#780 = CARTESIAN_POINT ( 'NONE',  ( -10.27000000000000490, 9.910000000000000142, -1.729999999999989990 ) ) ;
#781 = ADVANCED_FACE ( 'NONE', ( #2153 ), #1476, .F. ) ;
#782 = FACE_OUTER_BOUND ( 'NONE', #2162, .T. ) ;
#783 = CARTESIAN_POINT ( 'NONE',  ( -4.270000000000002238, 9.910000000000000142, -4.269999999999992468 ) ) ;
#784 = VECTOR ( 'NONE', #3712, 1000.000000000000000 ) ;
#785 = CARTESIAN_POINT ( 'NONE',  ( 1.924999999999998712, 9.910000000000000142, 1.930000000000008376 ) ) ;
#786 = ADVANCED_FACE ( 'NONE', ( #3214 ), #2493, .T. ) ;
#787 = CARTESIAN_POINT ( 'NONE',  ( -10.27000000000000490, 9.910000000000000142, 1.270000000000009344 ) ) ;
#788 = EDGE_LOOP ( 'NONE', ( #3849, #4117, #1542, #3486 ) ) ;
#789 = MECHANICAL_DESIGN_GEOMETRIC_PRESENTATION_REPRESENTATION (  '', ( #2520 ), #3095 ) ;
#790 = VECTOR ( 'NONE', #2194, 1000.000000000000000 ) ;
#791 = FACE_OUTER_BOUND ( 'NONE', #3963, .T. ) ;
#792 = VECTOR ( 'NONE', #2547, 1000.000000000000000 ) ;
#793 = ORIENTED_EDGE ( 'NONE', *, *, #3508, .T. ) ;
#794 = DIRECTION ( 'NONE',  ( 3.697785493223491196E-32, 1.000000000000000000, 6.106226635438358014E-16 ) ) ;
#795 = VERTEX_POINT ( 'NONE', #4246 ) ;
#796 = CARTESIAN_POINT ( 'NONE',  ( -7.730000000000003979, 3.310000000000000053, 0.6200000000000056577 ) ) ;
#797 = VECTOR ( 'NONE', #1348, 1000.000000000000114 ) ;
#798 = LINE ( 'NONE', #2474, #3694 ) ;
#799 = ORIENTED_EDGE ( 'NONE', *, *, #1140, .T. ) ;
#800 = AXIS2_PLACEMENT_3D ( 'NONE', #3864, #1100, #2340 ) ;
#801 = EDGE_CURVE ( 'NONE', #3077, #3170, #3921, .T. ) ;
#802 = FACE_OUTER_BOUND ( 'NONE', #2898, .T. ) ;
#803 = CARTESIAN_POINT ( 'NONE',  ( -2.680000000000001048, -3.180000000000000160, -3.319999999999998952 ) ) ;
#804 = DIRECTION ( 'NONE',  ( 1.000000000000000000, 6.162975822039154730E-33, 9.436895709313828621E-16 ) ) ;
#805 = VERTEX_POINT ( 'NONE', #1525 ) ;
#806 = CARTESIAN_POINT ( 'NONE',  ( -2.680000000000001048, 7.509999999999999787, 0.3200000000000083333 ) ) ;
#807 = PLANE ( 'NONE',  #1596 ) ;
#808 = SURFACE_SIDE_STYLE ('',( #3910 ) ) ;
#809 = EDGE_CURVE ( 'NONE', #2317, #3856, #3531, .T. ) ;
#810 = DIRECTION ( 'NONE',  ( 5.551115123125782702E-17, 3.421138828918009667E-49, 1.000000000000000000 ) ) ;
#811 = EDGE_CURVE ( 'NONE', #897, #2337, #820, .T. ) ;
#812 = PLANE ( 'NONE',  #3157 ) ;
#813 = ORIENTED_EDGE ( 'NONE', *, *, #2723, .F. ) ;
#814 = LINE ( 'NONE', #2573, #790 ) ;
#815 = EDGE_CURVE ( 'NONE', #2470, #4003, #2831, .T. ) ;
#816 = EDGE_LOOP ( 'NONE', ( #320, #2695, #4174, #2645, #3190 ) ) ;
#817 = CARTESIAN_POINT ( 'NONE',  ( -10.28000000000000114, -3.365883960437809672E-16, -3.979999999999998206 ) ) ;
#818 = ORIENTED_EDGE ( 'NONE', *, *, #4147, .F. ) ;
#819 = CARTESIAN_POINT ( 'NONE',  ( 0.3199999999999998956, 7.509999999999999787, 0.3200000000000066125 ) ) ;
#820 = LINE ( 'NONE', #4155, #2030 ) ;
#821 = VERTEX_POINT ( 'NONE', #2852 ) ;
#822 = FACE_OUTER_BOUND ( 'NONE', #2686, .T. ) ;
#823 = CARTESIAN_POINT ( 'NONE',  ( -5.680000000000003268, -3.365883960437809672E-16, -2.679999999999997495 ) ) ;
#824 = DIRECTION ( 'NONE',  ( -5.551115123125782702E-17, -3.421138828918009667E-49, -1.000000000000000000 ) ) ;
#825 = ORIENTED_EDGE ( 'NONE', *, *, #383, .T. ) ;
#826 = LINE ( 'NONE', #780, #2010 ) ;
#827 = CARTESIAN_POINT ( 'NONE',  ( -8.680000000000003268, -3.180000000000000160, 0.3200000000000017830 ) ) ;
#828 = DIRECTION ( 'NONE',  ( 1.000000000000000000, 6.162975822039154730E-33, -5.551115123125780237E-17 ) ) ;
#829 = DIRECTION ( 'NONE',  ( 5.551115123125782702E-17, 3.421138828918009667E-49, 1.000000000000000000 ) ) ;
#830 = DIRECTION ( 'NONE',  ( 1.000000000000000000, 6.162975822039154730E-33, 1.276756478318929824E-15 ) ) ;
#831 = ORIENTED_EDGE ( 'NONE', *, *, #3790, .F. ) ;
#832 = FACE_OUTER_BOUND ( 'NONE', #1355, .T. ) ;
#833 = ORIENTED_EDGE ( 'NONE', *, *, #545, .T. ) ;
#834 = DIRECTION ( 'NONE',  ( 1.000000000000000000, -3.081487911019593786E-33, -5.551115123125780237E-17 ) ) ;
#835 = VECTOR ( 'NONE', #4414, 1000.000000000000000 ) ;
#836 = ORIENTED_EDGE ( 'NONE', *, *, #414, .T. ) ;
#837 = FACE_OUTER_BOUND ( 'NONE', #2487, .T. ) ;
#838 = PLANE ( 'NONE',  #1149 ) ;
#839 = DIRECTION ( 'NONE',  ( -5.551115123125782702E-17, -3.421138828918009667E-49, -1.000000000000000000 ) ) ;
#840 = ORIENTED_EDGE ( 'NONE', *, *, #613, .T. ) ;
#841 = EDGE_CURVE ( 'NONE', #582, #2535, #1820, .T. ) ;
#842 = PLANE ( 'NONE',  #4041 ) ;
#843 = CARTESIAN_POINT ( 'NONE',  ( -8.680000000000003268, 7.509999999999999787, -0.3199999999999916245 ) ) ;
#844 =( GEOMETRIC_REPRESENTATION_CONTEXT ( 3 ) GLOBAL_UNCERTAINTY_ASSIGNED_CONTEXT ( ( #3362 ) ) GLOBAL_UNIT_ASSIGNED_CONTEXT ( ( #661, #2042, #1035 ) ) REPRESENTATION_CONTEXT ( 'NONE', 'WORKASPACE' ) );
#845 = LINE ( 'NONE', #3585, #3806 ) ;
#846 = ORIENTED_EDGE ( 'NONE', *, *, #2333, .F. ) ;
#847 = DIRECTION ( 'NONE',  ( -1.000000000000000000, -6.162975822039154730E-33, -9.436895709313828621E-16 ) ) ;
#848 = VECTOR ( 'NONE', #666, 1000.000000000000000 ) ;
#849 = DIRECTION ( 'NONE',  ( -3.697785493223491196E-32, -1.000000000000000000, -6.106226635438358014E-16 ) ) ;
#850 = CARTESIAN_POINT ( 'NONE',  ( -4.270000000000002238, 3.310000000000000053, 0.6200000000000056577 ) ) ;
#851 = VECTOR ( 'NONE', #3344, 1000.000000000000000 ) ;
#852 = CARTESIAN_POINT ( 'NONE',  ( -4.500000000000003553, 7.509999999999999787, -1.499999999999992006 ) ) ;
#853 = CARTESIAN_POINT ( 'NONE',  ( -7.270000000000002238, 9.910000000000000142, -1.729999999999991767 ) ) ;
#854 = VERTEX_POINT ( 'NONE', #4223 ) ;
#856 = EDGE_CURVE ( 'NONE', #2511, #2476, #1061, .T. ) ;
#855 = AXIS2_PLACEMENT_3D ( 'NONE', #234, #1615, #875 ) ;
#857 = PLANE ( 'NONE',  #3318 ) ;
#858 = ADVANCED_FACE ( 'NONE', ( #1134 ), #2448, .T. ) ;
#859 = ORIENTED_EDGE ( 'NONE', *, *, #752, .F. ) ;
#860 = DIRECTION ( 'NONE',  ( 1.000000000000000000, 6.162975822039154730E-33, 1.110223024625156540E-16 ) ) ;
#861 = ORIENTED_EDGE ( 'NONE', *, *, #2554, .F. ) ;
#862 = CARTESIAN_POINT ( 'NONE',  ( -3.320000000000002505, 7.509999999999999787, -2.679999999999993054 ) ) ;
#863 = CARTESIAN_POINT ( 'NONE',  ( -4.500000000000003553, -3.365883960437809672E-16, -3.319999999999997620 ) ) ;
#864 = ADVANCED_FACE ( 'NONE', ( #3505 ), #1423, .T. ) ;
#865 = PLANE ( 'NONE',  #2606 ) ;
#866 = ORIENTED_EDGE ( 'NONE', *, *, #811, .T. ) ;
#867 = VECTOR ( 'NONE', #2471, 1000.000000000000000 ) ;
#868 = VECTOR ( 'NONE', #4356, 1000.000000000000000 ) ;
#869 = AXIS2_PLACEMENT_3D ( 'NONE', #1870, #4287, #2953 ) ;
#870 = PLANE ( 'NONE',  #3166 ) ;
#871 = DIRECTION ( 'NONE',  ( -1.000000000000000000, -6.162975822039154730E-33, 5.551115123125782702E-17 ) ) ;
#872 = VECTOR ( 'NONE', #3807, 1000.000000000000000 ) ;
#873 = EDGE_LOOP ( 'NONE', ( #1450, #4093, #687, #4121 ) ) ;
#874 = PLANE ( 'NONE',  #2440 ) ;
#875 = DIRECTION ( 'NONE',  ( 1.000000000000000000, 6.162975822039154730E-33, -5.551115123125780237E-17 ) ) ;
#876 = UNCERTAINTY_MEASURE_WITH_UNIT (LENGTH_MEASURE( 1.000000000000000082E-05 ), #2706, 'distance_accuracy_value', 'NONE');
#877 = PRESENTATION_STYLE_ASSIGNMENT (( #3569 ) ) ;
#878 = DIRECTION ( 'NONE',  ( 3.697785493223491196E-32, 1.000000000000000000, 6.106226635438358014E-16 ) ) ;
#879 = DIRECTION ( 'NONE',  ( -4.440892098500625176E-16, -2.736911063134407734E-48, -1.000000000000000000 ) ) ;
#880 = ORIENTED_EDGE ( 'NONE', *, *, #1466, .F. ) ;
#881 = DIRECTION ( 'NONE',  ( -3.697785493223491196E-32, -1.000000000000000000, -6.106226635438358014E-16 ) ) ;
#882 = ORIENTED_EDGE ( 'NONE', *, *, #811, .F. ) ;
#883 = LINE ( 'NONE', #4295, #2166 ) ;
#884 = ORIENTED_EDGE ( 'NONE', *, *, #2225, .F. ) ;
#885 = LINE ( 'NONE', #3756, #835 ) ;
#886 = LINE ( 'NONE', #115, #3238 ) ;
#887 = CARTESIAN_POINT ( 'NONE',  ( -3.320000000000002505, -3.180000000000000160, -3.319999999999998952 ) ) ;
#888 = ORIENTED_EDGE ( 'NONE', *, *, #2495, .T. ) ;
#889 = EDGE_CURVE ( 'NONE', #2406, #1791, #798, .T. ) ;
#890 = DIRECTION ( 'NONE',  ( -1.000000000000000000, -6.162975822039154730E-33, 5.551115123125782702E-17 ) ) ;
#891 = CARTESIAN_POINT ( 'NONE',  ( -5.200000000000001954, 6.959999999999999964, -6.329999999999995630 ) ) ;
#892 = PRESENTATION_LAYER_ASSIGNMENT (  '', '', ( #3109 ) ) ;
#893 = VERTEX_POINT ( 'NONE', #455 ) ;
#894 = DIRECTION ( 'NONE',  ( 1.000000000000000000, 6.162975822039154730E-33, -5.551115123125780237E-17 ) ) ;
#895 = FACE_OUTER_BOUND ( 'NONE', #1947, .T. ) ;
#896 = CARTESIAN_POINT ( 'NONE',  ( -1.269999999999999352, 9.910000000000000142, 0.6200000000000096545 ) ) ;
#897 = VERTEX_POINT ( 'NONE', #925 ) ;
#898 = LINE ( 'NONE', #3661, #1805 ) ;
#899 = ORIENTED_EDGE ( 'NONE', *, *, #2447, .T. ) ;
#900 = CARTESIAN_POINT ( 'NONE',  ( -1.730000000000001537, 9.910000000000000142, -4.269999999999992468 ) ) ;
#901 = EDGE_LOOP ( 'NONE', ( #4269, #948, #3798, #2557 ) ) ;
#902 = DIRECTION ( 'NONE',  ( -5.551115123125780237E-17, -3.421138828918008148E-49, -1.000000000000000000 ) ) ;
#903 = CARTESIAN_POINT ( 'NONE',  ( -7.730000000000003979, 9.910000000000000142, -1.729999999999991767 ) ) ;
#904 = VERTEX_POINT ( 'NONE', #1616 ) ;
#905 = EDGE_CURVE ( 'NONE', #4157, #1836, #1230, .T. ) ;
#906 = ORIENTED_EDGE ( 'NONE', *, *, #3787, .F. ) ;
#907 =( NAMED_UNIT ( * ) SI_UNIT ( $, .STERADIAN. ) SOLID_ANGLE_UNIT ( ) );
#908 = FACE_OUTER_BOUND ( 'NONE', #2661, .T. ) ;
#909 = LINE ( 'NONE', #3309, #4178 ) ;
#910 = PRODUCT_RELATED_PRODUCT_CATEGORY ( 'part', '', ( #1907 ) ) ;
#911 = ORIENTED_EDGE ( 'NONE', *, *, #749, .T. ) ;
#912 = EDGE_CURVE ( 'NONE', #595, #3710, #1929, .T. ) ;
#913 = CARTESIAN_POINT ( 'NONE',  ( -7.270000000000002238, 3.310000000000000053, -1.269999999999998685 ) ) ;
#914 = AXIS2_PLACEMENT_3D ( 'NONE', #1992, #2013, #4435 ) ;
#915 = DIRECTION ( 'NONE',  ( 3.081487911019576681E-33, 1.000000000000000000, -5.131708243377014121E-49 ) ) ;
#916 = CARTESIAN_POINT ( 'NONE',  ( 1.270000000000002904, 9.910000000000000142, -4.269999999999992468 ) ) ;
#917 = ORIENTED_EDGE ( 'NONE', *, *, #4116, .F. ) ;
#918 = CARTESIAN_POINT ( 'NONE',  ( -0.3199999999999982858, 7.509999999999999787, 0.3200000000000066125 ) ) ;
#919 = VECTOR ( 'NONE', #3736, 1000.000000000000000 ) ;
#920 = ORIENTED_EDGE ( 'NONE', *, *, #202, .F. ) ;
#921 = DIRECTION ( 'NONE',  ( -5.551115123125782702E-17, -3.421138828918009667E-49, -1.000000000000000000 ) ) ;
#922 = ORIENTED_EDGE ( 'NONE', *, *, #970, .F. ) ;
#923 = FACE_OUTER_BOUND ( 'NONE', #522, .T. ) ;
#924 = VECTOR ( 'NONE', #3295, 1000.000000000000000 ) ;
#925 = CARTESIAN_POINT ( 'NONE',  ( -7.730000000000003979, 9.910000000000000142, -4.269999999999992468 ) ) ;
#926 = EDGE_LOOP ( 'NONE', ( #2268, #3305, #3676, #4140, #3698 ) ) ;
#927 = VECTOR ( 'NONE', #251, 1000.000000000000000 ) ;
#928 = VERTEX_POINT ( 'NONE', #2629 ) ;
#929 = DIRECTION ( 'NONE',  ( -5.551115123125780237E-17, -3.421138828918008148E-49, -1.000000000000000000 ) ) ;
#930 = VECTOR ( 'NONE', #100, 1000.000000000000114 ) ;
#931 = PLANE ( 'NONE',  #1431 ) ;
#932 = PLANE ( 'NONE',  #1519 ) ;
#933 = DIRECTION ( 'NONE',  ( 3.697785493223491196E-32, 1.000000000000000000, 6.106226635438358014E-16 ) ) ;
#934 = VECTOR ( 'NONE', #1356, 1000.000000000000114 ) ;
#935 = VECTOR ( 'NONE', #3955, 1000.000000000000000 ) ;
#936 = PRESENTATION_LAYER_ASSIGNMENT (  '', '', ( #6 ) ) ;
#937 = VERTEX_POINT ( 'NONE', #1252 ) ;
#938 = VECTOR ( 'NONE', #4054, 1000.000000000000114 ) ;
#939 = DIRECTION ( 'NONE',  ( 3.697785493223491196E-32, 1.000000000000000000, 6.106226635438358014E-16 ) ) ;
#940 = AXIS2_PLACEMENT_3D ( 'NONE', #2549, #486, #465 ) ;
#941 = PLANE ( 'NONE',  #4118 ) ;
#942 = LINE ( 'NONE', #2704, #556 ) ;
#943 = ORIENTED_EDGE ( 'NONE', *, *, #4368, .T. ) ;
#944 = DIRECTION ( 'NONE',  ( 1.000000000000000000, -3.081487911019593786E-33, -5.551115123125780237E-17 ) ) ;
#945 = ADVANCED_FACE ( 'NONE', ( #2222 ), #865, .T. ) ;
#946 = EDGE_CURVE ( 'NONE', #4273, #2639, #3628, .T. ) ;
#947 = DIRECTION ( 'NONE',  ( -1.000000000000000000, -6.162975822039154730E-33, 4.440892098500625176E-16 ) ) ;
#948 = ORIENTED_EDGE ( 'NONE', *, *, #1478, .T. ) ;
#949 = SURFACE_SIDE_STYLE ('',( #3072 ) ) ;
#950 = DIRECTION ( 'NONE',  ( 3.697785493223491196E-32, 1.000000000000000000, 6.106226635438358014E-16 ) ) ;
#951 = EDGE_CURVE ( 'NONE', #2156, #4156, #3988, .T. ) ;
#952 = CARTESIAN_POINT ( 'NONE',  ( -7.730000000000003979, 9.910000000000000142, -1.269999999999993134 ) ) ;
#953 = ORIENTED_EDGE ( 'NONE', *, *, #3655, .F. ) ;
#954 = EDGE_LOOP ( 'NONE', ( #4300, #4075, #1872, #4304 ) ) ;
#955 = LINE ( 'NONE', #2343, #3952 ) ;
#956 = CARTESIAN_POINT ( 'NONE',  ( -2.680000000000001048, -3.180000000000000160, 0.3200000000000017830 ) ) ;
#957 = DIRECTION ( 'NONE',  ( -1.000000000000000000, -6.162975822039154730E-33, 5.551115123125780237E-17 ) ) ;
#958 = CARTESIAN_POINT ( 'NONE',  ( -2.680000000000001048, 7.509999999999999787, -3.319999999999993179 ) ) ;
#959 = ORIENTED_EDGE ( 'NONE', *, *, #1436, .F. ) ;
#960 = PLANE ( 'NONE',  #2304 ) ;
#961 = LINE ( 'NONE', #673, #3468 ) ;
#962 = CARTESIAN_POINT ( 'NONE',  ( -0.6199999999999998845, 3.310000000000000053, 1.270000000000005347 ) ) ;
#963 = VERTEX_POINT ( 'NONE', #166 ) ;
#964 =( NAMED_UNIT ( * ) SI_UNIT ( $, .STERADIAN. ) SOLID_ANGLE_UNIT ( ) );
#965 = LINE ( 'NONE', #3980, #141 ) ;
#966 = EDGE_CURVE ( 'NONE', #2633, #2741, #2644, .T. ) ;
#967 = CARTESIAN_POINT ( 'NONE',  ( -0.3199999999999982858, -3.180000000000000160, 0.3200000000000000067 ) ) ;
#968 = VERTEX_POINT ( 'NONE', #1908 ) ;
#969 = DIRECTION ( 'NONE',  ( 3.697785493223491196E-32, 1.000000000000000000, 6.106226635438358014E-16 ) ) ;
#970 = EDGE_CURVE ( 'NONE', #3090, #3554, #2289, .T. ) ;
#971 = CARTESIAN_POINT ( 'NONE',  ( -1.269999999999998463, 3.310000000000001830, -2.379999999999991456 ) ) ;
#972 = ORIENTED_EDGE ( 'NONE', *, *, #1857, .F. ) ;
#973 = EDGE_LOOP ( 'NONE', ( #1056, #2783, #2277, #2631, #2046 ) ) ;
#974 = FILL_AREA_STYLE_COLOUR ( '', #347 ) ;
#975 =( NAMED_UNIT ( * ) PLANE_ANGLE_UNIT ( ) SI_UNIT ( $, .RADIAN. ) );
#976 = DIRECTION ( 'NONE',  ( 5.551115123125782702E-17, 3.421138828918009667E-49, 1.000000000000000000 ) ) ;
#977 = CARTESIAN_POINT ( 'NONE',  ( 0.3200000000000033928, 3.310000000000000053, -3.319999999999997620 ) ) ;
#978 = ADVANCED_FACE ( 'NONE', ( #3962 ), #1546, .F. ) ;
#979 = ORIENTED_EDGE ( 'NONE', *, *, #674, .F. ) ;
#980 = LINE ( 'NONE', #2702, #2662 ) ;
#981 = CARTESIAN_POINT ( 'NONE',  ( 0.6199999999999981082, 9.910000000000000142, -1.729999999999995319 ) ) ;
#982 = LINE ( 'NONE', #3412, #1214 ) ;
#983 = DIRECTION ( 'NONE',  ( 3.697785493223491196E-32, 1.000000000000000000, 6.106226635438358014E-16 ) ) ;
#984 = ORIENTED_EDGE ( 'NONE', *, *, #7, .T. ) ;
#985 = CARTESIAN_POINT ( 'NONE',  ( -10.28000000000000114, -3.365883960437809672E-16, -3.564999999999998170 ) ) ;
#986 = ADVANCED_FACE ( 'NONE', ( #2922 ), #4299, .F. ) ;
#987 = EDGE_CURVE ( 'NONE', #3889, #4221, #1567, .T. ) ;
#988 = STYLED_ITEM ( 'NONE', ( #4222 ), #4285 ) ;
#989 = LINE ( 'NONE', #3797, #2454 ) ;
#990 = VERTEX_POINT ( 'NONE', #4325 ) ;
#991 = VECTOR ( 'NONE', #330, 1000.000000000000000 ) ;
#992 = ORIENTED_EDGE ( 'NONE', *, *, #3334, .T. ) ;
#993 = LINE ( 'NONE', #2383, #848 ) ;
#994 = LINE ( 'NONE', #2698, #2235 ) ;
#995 = DIRECTION ( 'NONE',  ( -3.697785493223491196E-32, -1.000000000000000000, -6.106226635438358014E-16 ) ) ;
#996 = DIRECTION ( 'NONE',  ( 3.697785493223491196E-32, 1.000000000000000000, 6.106226635438358014E-16 ) ) ;
#997 = VECTOR ( 'NONE', #3541, 1000.000000000000000 ) ;
#998 = ADVANCED_FACE ( 'NONE', ( #1954 ), #4369, .T. ) ;
#999 = VECTOR ( 'NONE', #2677, 1000.000000000000000 ) ;
#1000 = ORIENTED_EDGE ( 'NONE', *, *, #4464, .T. ) ;
#1001 = AXIS2_PLACEMENT_3D ( 'NONE', #3076, #2108, #1417 ) ;
#1002 = DIRECTION ( 'NONE',  ( 5.551115123125782702E-17, 3.421138828918009667E-49, 1.000000000000000000 ) ) ;
#1003 = VECTOR ( 'NONE', #1498, 1000.000000000000000 ) ;
#1004 = ADVANCED_FACE ( 'NONE', ( #2971 ), #3668, .T. ) ;
#1005 = AXIS2_PLACEMENT_3D ( 'NONE', #2888, #4264, #3863 ) ;
#1006 = AXIS2_PLACEMENT_3D ( 'NONE', #1430, #1501, #2877 ) ;
#1007 = VECTOR ( 'NONE', #551, 1000.000000000000000 ) ;
#1008 = CARTESIAN_POINT ( 'NONE',  ( -7.730000000000003979, 9.910000000000000142, 0.6200000000000096545 ) ) ;
#1009 = ADVANCED_BREP_SHAPE_REPRESENTATION ( '2068320801', ( #2830, #4293, #1338, #4285, #4307, #2921, #1264, #2902, #1313, #1388, #1470, #2795, #2969, #4301, #2954, #4231, #2880, #121 ), #844 ) ;
#1010 = DIRECTION ( 'NONE',  ( -3.697785493223491196E-32, -1.000000000000000000, -6.106226635438358014E-16 ) ) ;
#1011 = AXIS2_PLACEMENT_3D ( 'NONE', #3946, #3275, #651 ) ;
#1012 = FILL_AREA_STYLE ('',( #693 ) ) ;
#1013 = AXIS2_PLACEMENT_3D ( 'NONE', #464, #2929, #2187 ) ;
#1014 = VECTOR ( 'NONE', #2498, 1000.000000000000000 ) ;
#1015 = LINE ( 'NONE', #248, #4113 ) ;
#1016 = ORIENTED_EDGE ( 'NONE', *, *, #4317, .T. ) ;
#1017 = CARTESIAN_POINT ( 'NONE',  ( -6.320000000000002061, -3.180000000000000160, -0.3199999999999981193 ) ) ;
#1018 = PLANE ( 'NONE',  #855 ) ;
#1019 = ORIENTED_EDGE ( 'NONE', *, *, #2130, .T. ) ;
#1020 = CARTESIAN_POINT ( 'NONE',  ( -7.730000000000003979, 9.910000000000000142, 0.6200000000000096545 ) ) ;
#1021 = EDGE_LOOP ( 'NONE', ( #2980, #1950, #1254, #3097 ) ) ;
#1022 = ORIENTED_EDGE ( 'NONE', *, *, #3181, .T. ) ;
#1023 = EDGE_CURVE ( 'NONE', #346, #2866, #4028, .T. ) ;
#1024 =( NAMED_UNIT ( * ) SI_UNIT ( $, .STERADIAN. ) SOLID_ANGLE_UNIT ( ) );
#1025 = DIRECTION ( 'NONE',  ( 3.697785493223491196E-32, 1.000000000000000000, 6.106226635438358014E-16 ) ) ;
#1026 = ORIENTED_EDGE ( 'NONE', *, *, #3457, .F. ) ;
#1027 = EDGE_LOOP ( 'NONE', ( #1540, #728, #4376, #2933 ) ) ;
#1028 = DIRECTION ( 'NONE',  ( 1.000000000000000000, 6.162975822039154730E-33, 9.436895709313828621E-16 ) ) ;
#1029 = CARTESIAN_POINT ( 'NONE',  ( -0.3199999999999982858, -3.180000000000000160, -0.3199999999999981193 ) ) ;
#1030 = CARTESIAN_POINT ( 'NONE',  ( -9.320000000000005613, 3.310000000000000053, -0.3199999999999942335 ) ) ;
#1031 = SURFACE_STYLE_FILL_AREA ( #2075 ) ;
#1032 =( GEOMETRIC_REPRESENTATION_CONTEXT ( 3 ) GLOBAL_UNCERTAINTY_ASSIGNED_CONTEXT ( ( #2722 ) ) GLOBAL_UNIT_ASSIGNED_CONTEXT ( ( #379, #1810, #2146 ) ) REPRESENTATION_CONTEXT ( 'NONE', 'WORKASPACE' ) );
#1033 = DIRECTION ( 'NONE',  ( -1.000000000000000000, -6.162975822039154730E-33, 5.551115123125780237E-17 ) ) ;
#1034 = ORIENTED_EDGE ( 'NONE', *, *, #2508, .F. ) ;
#1035 =( NAMED_UNIT ( * ) SI_UNIT ( $, .STERADIAN. ) SOLID_ANGLE_UNIT ( ) );
#1036 = DIRECTION ( 'NONE',  ( 5.551115123125782702E-17, 3.421138828918009667E-49, 1.000000000000000000 ) ) ;
#1037 = ORIENTED_EDGE ( 'NONE', *, *, #3043, .F. ) ;
#1038 = CARTESIAN_POINT ( 'NONE',  ( -8.680000000000003268, -3.180000000000000160, 0.3200000000000017830 ) ) ;
#1039 = ORIENTED_EDGE ( 'NONE', *, *, #676, .T. ) ;
#1040 = EDGE_LOOP ( 'NONE', ( #3104, #2449, #494, #880, #4007 ) ) ;
#1041 = DIRECTION ( 'NONE',  ( 5.551115123125782702E-17, 3.421138828918009667E-49, 1.000000000000000000 ) ) ;
#1042 = DIRECTION ( 'NONE',  ( 1.000000000000000000, 6.162975822039154730E-33, -5.551115123125780237E-17 ) ) ;
#1043 = ORIENTED_EDGE ( 'NONE', *, *, #1433, .F. ) ;
#1044 = ORIENTED_EDGE ( 'NONE', *, *, #2389, .T. ) ;
#1045 = ORIENTED_EDGE ( 'NONE', *, *, #607, .F. ) ;
#1046 = DIRECTION ( 'NONE',  ( 5.551115123125782702E-17, -6.106226635438358014E-16, 1.000000000000000000 ) ) ;
#1047 = EDGE_CURVE ( 'NONE', #4236, #968, #588, .T. ) ;
#1048 = DIRECTION ( 'NONE',  ( -1.000000000000000000, -6.162975822039154730E-33, 5.551115123125782702E-17 ) ) ;
#1049 = ADVANCED_FACE ( 'NONE', ( #252 ), #1185, .T. ) ;
#1050 = CARTESIAN_POINT ( 'NONE',  ( -0.3199999999999982858, -3.180000000000000160, -0.3199999999999981193 ) ) ;
#1051 = LINE ( 'NONE', #2436, #2099 ) ;
#1052 = DIRECTION ( 'NONE',  ( -5.551115123125782702E-17, -3.421138828918009667E-49, -1.000000000000000000 ) ) ;
#1053 = CARTESIAN_POINT ( 'NONE',  ( -5.380000000000001670, 9.910000000000000142, -1.729999999999991767 ) ) ;
#1054 = ORIENTED_EDGE ( 'NONE', *, *, #3181, .F. ) ;
#1055 = CARTESIAN_POINT ( 'NONE',  ( -2.680000000000001048, -3.180000000000000160, -2.679999999999999272 ) ) ;
#1056 = ORIENTED_EDGE ( 'NONE', *, *, #1599, .F. ) ;
#1057 = DIRECTION ( 'NONE',  ( 3.697785493223491196E-32, 1.000000000000000000, 6.106226635438358014E-16 ) ) ;
#1058 = ORIENTED_EDGE ( 'NONE', *, *, #2418, .F. ) ;
#1059 = FILL_AREA_STYLE ('',( #974 ) ) ;
#1060 = VECTOR ( 'NONE', #1893, 1000.000000000000000 ) ;
#1061 = LINE ( 'NONE', #476, #1739 ) ;
#1062 = EDGE_LOOP ( 'NONE', ( #4057, #3179, #866, #1421 ) ) ;
#1063 = AXIS2_PLACEMENT_3D ( 'NONE', #199, #4235, #1871 ) ;
#1064 = ORIENTED_EDGE ( 'NONE', *, *, #2033, .F. ) ;
#1065 = ORIENTED_EDGE ( 'NONE', *, *, #4239, .F. ) ;
#1066 = VECTOR ( 'NONE', #4322, 1000.000000000000000 ) ;
#1067 = CARTESIAN_POINT ( 'NONE',  ( -3.320000000000002505, -3.180000000000000160, -3.319999999999998952 ) ) ;
#1068 = VECTOR ( 'NONE', #3144, 1000.000000000000000 ) ;
#1069 = CARTESIAN_POINT ( 'NONE',  ( 0.6199999999999981082, 3.310000000000000053, -1.729999999999999094 ) ) ;
#1070 = FACE_OUTER_BOUND ( 'NONE', #301, .T. ) ;
#1071 = CLOSED_SHELL ( 'NONE', ( #648, #611, #3249, #3480, #998, #1530 ) ) ;
#1072 = LINE ( 'NONE', #64, #1662 ) ;
#1073 = COLOUR_RGB ( '',0.7921568627450980005, 0.8196078431372548767, 0.9333333333333333481 ) ;
#1074 = CARTESIAN_POINT ( 'NONE',  ( -6.320000000000002061, -3.180000000000000160, -2.679999999999999272 ) ) ;
#1075 = ADVANCED_FACE ( 'NONE', ( #394 ), #3841, .T. ) ;
#1076 = VECTOR ( 'NONE', #4000, 1000.000000000000000 ) ;
#1077 = ADVANCED_FACE ( 'NONE', ( #1413 ), #2122, .F. ) ;
#1078 = CARTESIAN_POINT ( 'NONE',  ( 0.3200000000000033928, -3.180000000000000160, -3.320000000000000728 ) ) ;
#1079 = LINE ( 'NONE', #3477, #2236 ) ;
#1080 = EDGE_LOOP ( 'NONE', ( #708, #135, #1618, #1106 ) ) ;
#1081 = VECTOR ( 'NONE', #2860, 1000.000000000000000 ) ;
#1082 = EDGE_CURVE ( 'NONE', #2156, #2481, #1635, .T. ) ;
#1083 = LINE ( 'NONE', #663, #3540 ) ;
#1084 = AXIS2_PLACEMENT_3D ( 'NONE', #107, #1150, #378 ) ;
#1085 = ADVANCED_FACE ( 'NONE', ( #740 ), #3812, .T. ) ;
#1086 = ORIENTED_EDGE ( 'NONE', *, *, #4056, .F. ) ;
#1087 = PLANE ( 'NONE',  #3322 ) ;
#1088 = ORIENTED_EDGE ( 'NONE', *, *, #1691, .F. ) ;
#1089 = SURFACE_STYLE_FILL_AREA ( #4177 ) ;
#1090 = DIRECTION ( 'NONE',  ( -0.7071067811865475727, 4.317754261380379798E-16, -0.7071067811865475727 ) ) ;
#1091 = EDGE_LOOP ( 'NONE', ( #3729, #384, #1380, #323 ) ) ;
#1092 = VERTEX_POINT ( 'NONE', #3733 ) ;
#1093 = ORIENTED_EDGE ( 'NONE', *, *, #4368, .F. ) ;
#1094 = DIRECTION ( 'NONE',  ( 0.000000000000000000, -6.106226635438358014E-16, 1.000000000000000000 ) ) ;
#1095 = FACE_OUTER_BOUND ( 'NONE', #3431, .T. ) ;
#1096 = DIRECTION ( 'NONE',  ( 0.7071067811865479058, 4.317754261380376347E-16, -0.7071067811865471286 ) ) ;
#1097 = EDGE_LOOP ( 'NONE', ( #1595, #282, #1190, #3314 ) ) ;
#1098 = PLANE ( 'NONE',  #208 ) ;
#1099 = FACE_OUTER_BOUND ( 'NONE', #1568, .T. ) ;
#1100 = DIRECTION ( 'NONE',  ( 1.000000000000000000, -3.081487911019593786E-33, -5.551115123125780237E-17 ) ) ;
#1101 = DIRECTION ( 'NONE',  ( 3.081487911019576681E-33, 1.000000000000000000, -5.131708243377014121E-49 ) ) ;
#1102 = ORIENTED_EDGE ( 'NONE', *, *, #635, .F. ) ;
#1103 = EDGE_CURVE ( 'NONE', #3691, #1092, #608, .T. ) ;
#1104 = EDGE_CURVE ( 'NONE', #1955, #315, #1440, .T. ) ;
#1105 = CARTESIAN_POINT ( 'NONE',  ( -3.320000000000002505, 7.509999999999999787, -0.3199999999999916245 ) ) ;
#1106 = ORIENTED_EDGE ( 'NONE', *, *, #3631, .F. ) ;
#1107 = DIRECTION ( 'NONE',  ( -5.551115123125782702E-17, -3.421138828918009667E-49, -1.000000000000000000 ) ) ;
#1108 = VERTEX_POINT ( 'NONE', #971 ) ;
#1109 = FILL_AREA_STYLE ('',( #1837 ) ) ;
#1110 = EDGE_CURVE ( 'NONE', #4157, #3527, #1995, .T. ) ;
#1111 = CARTESIAN_POINT ( 'NONE',  ( -2.680000000000001048, -3.180000000000000160, 0.3200000000000017830 ) ) ;
#1112 = ORIENTED_EDGE ( 'NONE', *, *, #1620, .T. ) ;
#1113 = EDGE_CURVE ( 'NONE', #3369, #412, #4166, .T. ) ;
#1114 = ORIENTED_EDGE ( 'NONE', *, *, #970, .T. ) ;
#1115 = LINE ( 'NONE', #2497, #930 ) ;
#1116 =( NAMED_UNIT ( * ) PLANE_ANGLE_UNIT ( ) SI_UNIT ( $, .RADIAN. ) );
#1117 = EDGE_CURVE ( 'NONE', #434, #4130, #2103, .T. ) ;
#1118 = DIRECTION ( 'NONE',  ( -1.000000000000000000, -6.162975822039154730E-33, 5.551115123125782702E-17 ) ) ;
#1119 = VERTEX_POINT ( 'NONE', #4192 ) ;
#1120 = DIRECTION ( 'NONE',  ( -5.551115123125781716E-16, -3.421138828918009819E-48, -1.000000000000000000 ) ) ;
#1121 = CARTESIAN_POINT ( 'NONE',  ( 1.924999999999998712, 9.910000000000000142, -4.929999999999991722 ) ) ;
#1122 = DIRECTION ( 'NONE',  ( 3.697785493223491196E-32, 1.000000000000000000, 6.106226635438358014E-16 ) ) ;
#1123 = CARTESIAN_POINT ( 'NONE',  ( -1.500000000000000444, -3.180000000000000160, -1.499999999999998446 ) ) ;
#1124 = FACE_OUTER_BOUND ( 'NONE', #1552, .T. ) ;
#1125 = ORIENTED_EDGE ( 'NONE', *, *, #3732, .F. ) ;
#1126 = LINE ( 'NONE', #2241, #3033 ) ;
#1127 = VERTEX_POINT ( 'NONE', #631 ) ;
#1128 = DIRECTION ( 'NONE',  ( 5.551115123125782702E-17, 3.421138828918009667E-49, 1.000000000000000000 ) ) ;
#1129 = EDGE_CURVE ( 'NONE', #1900, #4107, #1683, .T. ) ;
#1130 = ORIENTED_EDGE ( 'NONE', *, *, #4253, .T. ) ;
#1131 = LINE ( 'NONE', #796, #1284 ) ;
#1132 = ADVANCED_FACE ( 'NONE', ( #271 ), #4388, .T. ) ;
#1133 = PRESENTATION_LAYER_ASSIGNMENT (  '', '', ( #2726 ) ) ;
#1134 = FACE_OUTER_BOUND ( 'NONE', #109, .T. ) ;
#1135 = ORIENTED_EDGE ( 'NONE', *, *, #4122, .F. ) ;
#1136 = DIRECTION ( 'NONE',  ( 3.697785493223491196E-32, 1.000000000000000000, 6.106226635438358014E-16 ) ) ;
#1137 = CARTESIAN_POINT ( 'NONE',  ( -10.92500000000000071, -3.365883960437809672E-16, -4.929999999999997939 ) ) ;
#1138 = MECHANICAL_DESIGN_GEOMETRIC_PRESENTATION_REPRESENTATION (  '', ( #988 ), #3671 ) ;
#1139 = EDGE_CURVE ( 'NONE', #3296, #95, #2669, .T. ) ;
#1140 = EDGE_CURVE ( 'NONE', #3125, #4196, #716, .T. ) ;
#1141 = DIRECTION ( 'NONE',  ( -5.551115123125782702E-17, -3.421138828918009667E-49, -1.000000000000000000 ) ) ;
#1142 = AXIS2_PLACEMENT_3D ( 'NONE', #1172, #3943, #847 ) ;
#1143 = ORIENTED_EDGE ( 'NONE', *, *, #7, .F. ) ;
#1144 = CARTESIAN_POINT ( 'NONE',  ( -7.730000000000003979, 3.310000000000001386, -1.269999999999993134 ) ) ;
#1145 = ADVANCED_FACE ( 'NONE', ( #4437 ), #1318, .T. ) ;
#1146 = CARTESIAN_POINT ( 'NONE',  ( 1.270000000000002904, 9.910000000000000142, -4.269999999999992468 ) ) ;
#1147 = UNCERTAINTY_MEASURE_WITH_UNIT (LENGTH_MEASURE( 1.000000000000000082E-05 ), #605, 'distance_accuracy_value', 'NONE');
#1148 = CARTESIAN_POINT ( 'NONE',  ( -10.27000000000000490, 9.910000000000000142, 1.270000000000009344 ) ) ;
#1149 = AXIS2_PLACEMENT_3D ( 'NONE', #496, #902, #2218 ) ;
#1150 = DIRECTION ( 'NONE',  ( 3.697785493223491196E-32, 1.000000000000000000, 6.106226635438358014E-16 ) ) ;
#1151 = SHAPE_DEFINITION_REPRESENTATION ( #3311, #1009 ) ;
#1152 = CARTESIAN_POINT ( 'NONE',  ( -1.730000000000001537, 9.910000000000000142, -1.729999999999991767 ) ) ;
#1153 = ORIENTED_EDGE ( 'NONE', *, *, #3459, .T. ) ;
#1154 = MECHANICAL_DESIGN_GEOMETRIC_PRESENTATION_REPRESENTATION (  '', ( #4248 ), #2951 ) ;
#1155 = VECTOR ( 'NONE', #3708, 1000.000000000000000 ) ;
#1156 = DIRECTION ( 'NONE',  ( -4.440892098500625176E-16, -2.736911063134407734E-48, -1.000000000000000000 ) ) ;
#1157 = VECTOR ( 'NONE', #1817, 1000.000000000000000 ) ;
#1158 = ORIENTED_EDGE ( 'NONE', *, *, #4197, .F. ) ;
#1159 = PLANE ( 'NONE',  #1305 ) ;
#1160 = VERTEX_POINT ( 'NONE', #2694 ) ;
#1161 = SURFACE_SIDE_STYLE ('',( #4244 ) ) ;
#1162 = DIRECTION ( 'NONE',  ( 3.697785493223491196E-32, 1.000000000000000000, 6.106226635438358014E-16 ) ) ;
#1163 = AXIS2_PLACEMENT_3D ( 'NONE', #3728, #2400, #2421 ) ;
#1164 = PLANE ( 'NONE',  #1667 ) ;
#1165 = ORIENTED_EDGE ( 'NONE', *, *, #1550, .T. ) ;
#1166 = VECTOR ( 'NONE', #3351, 1000.000000000000000 ) ;
#1167 = EDGE_CURVE ( 'NONE', #854, #1790, #4074, .T. ) ;
#1168 = DIRECTION ( 'NONE',  ( 5.551115123125782702E-17, -6.106226635438358014E-16, 1.000000000000000000 ) ) ;
#1169 =( NAMED_UNIT ( * ) SI_UNIT ( $, .STERADIAN. ) SOLID_ANGLE_UNIT ( ) );
#1170 = CARTESIAN_POINT ( 'NONE',  ( -2.680000000000001048, -3.180000000000000160, -3.319999999999998952 ) ) ;
#1171 = ORIENTED_EDGE ( 'NONE', *, *, #3375, .F. ) ;
#1172 = CARTESIAN_POINT ( 'NONE',  ( -0.3199999999999982858, -3.180000000000000160, -2.679999999999999272 ) ) ;
#1173 = FACE_OUTER_BOUND ( 'NONE', #1389, .T. ) ;
#1174 = CARTESIAN_POINT ( 'NONE',  ( -8.680000000000003268, -3.365883960437809672E-16, -2.679999999999997495 ) ) ;
#1175 = DIRECTION ( 'NONE',  ( 0.000000000000000000, 6.106226635438358014E-16, -1.000000000000000000 ) ) ;
#1176 = DIRECTION ( 'NONE',  ( -5.551115123125782702E-17, -3.421138828918009667E-49, -1.000000000000000000 ) ) ;
#1177 = ORIENTED_EDGE ( 'NONE', *, *, #3123, .F. ) ;
#1178 = DIRECTION ( 'NONE',  ( 5.551115123125782702E-17, 3.421138828918009667E-49, 1.000000000000000000 ) ) ;
#1179 = EDGE_CURVE ( 'NONE', #49, #2623, #1051, .T. ) ;
#1180 = ORIENTED_EDGE ( 'NONE', *, *, #1466, .T. ) ;
#1181 = CARTESIAN_POINT ( 'NONE',  ( -6.320000000000002061, 7.509999999999999787, 0.3200000000000083333 ) ) ;
#1182 = EDGE_LOOP ( 'NONE', ( #4384, #747, #707, #1086, #268 ) ) ;
#1183 = SURFACE_SIDE_STYLE ('',( #1089 ) ) ;
#1184 = LINE ( 'NONE', #1204, #2230 ) ;
#1185 = PLANE ( 'NONE',  #4257 ) ;
#1186 = ORIENTED_EDGE ( 'NONE', *, *, #1857, .T. ) ;
#1187 = DIRECTION ( 'NONE',  ( 3.697785493223491196E-32, 1.000000000000000000, 6.106226635438358014E-16 ) ) ;
#1188 = DIRECTION ( 'NONE',  ( 0.000000000000000000, 6.106226635438358014E-16, -1.000000000000000000 ) ) ;
#1189 = ADVANCED_FACE ( 'NONE', ( #3130 ), #2911, .T. ) ;
#1190 = ORIENTED_EDGE ( 'NONE', *, *, #1953, .T. ) ;
#1191 = CARTESIAN_POINT ( 'NONE',  ( -7.270000000000002238, 9.910000000000000142, -1.729999999999991767 ) ) ;
#1192 = LINE ( 'NONE', #3678, #2015 ) ;
#1193 = CARTESIAN_POINT ( 'NONE',  ( -4.500000000000003553, -3.180000000000000160, -1.499999999999998446 ) ) ;
#1194 = EDGE_CURVE ( 'NONE', #3063, #1894, #511, .T. ) ;
#1195 = DIRECTION ( 'NONE',  ( 3.697785493223491196E-32, 1.000000000000000000, 6.106226635438358014E-16 ) ) ;
#1196 = PLANE ( 'NONE',  #2697 ) ;
#1197 = ORIENTED_EDGE ( 'NONE', *, *, #475, .T. ) ;
#1198 = DIRECTION ( 'NONE',  ( 4.440892098500625176E-16, 2.736911063134407734E-48, 1.000000000000000000 ) ) ;
#1199 = EDGE_LOOP ( 'NONE', ( #246, #3855, #2576, #93 ) ) ;
#1200 = DIRECTION ( 'NONE',  ( -3.697785493223491196E-32, -1.000000000000000000, -6.106226635438358014E-16 ) ) ;
#1201 =( GEOMETRIC_REPRESENTATION_CONTEXT ( 3 ) GLOBAL_UNCERTAINTY_ASSIGNED_CONTEXT ( ( #597 ) ) GLOBAL_UNIT_ASSIGNED_CONTEXT ( ( #4004, #3282, #185 ) ) REPRESENTATION_CONTEXT ( 'NONE', 'WORKASPACE' ) );
#1202 = ORIENTED_EDGE ( 'NONE', *, *, #3745, .T. ) ;
#1203 = FILL_AREA_STYLE_COLOUR ( '', #3441 ) ;
#1204 = CARTESIAN_POINT ( 'NONE',  ( -5.680000000000003268, 3.310000000000000053, -1.499999999999994671 ) ) ;
#1205 = DIRECTION ( 'NONE',  ( 1.000000000000000000, 6.162975822039154730E-33, -4.440892098500625176E-16 ) ) ;
#1206 = ORIENTED_EDGE ( 'NONE', *, *, #387, .F. ) ;
#1207 = SURFACE_STYLE_USAGE ( .BOTH. , #1640 ) ;
#1208 = VECTOR ( 'NONE', #1880, 1000.000000000000000 ) ;
#1209 = ORIENTED_EDGE ( 'NONE', *, *, #2596, .T. ) ;
#1210 = CARTESIAN_POINT ( 'NONE',  ( -4.500000000000003553, 7.509999999999999787, -1.499999999999992006 ) ) ;
#1211 = VECTOR ( 'NONE', #2765, 1000.000000000000000 ) ;
#1212 = DIRECTION ( 'NONE',  ( 3.697785493223491196E-32, 1.000000000000000000, 6.106226635438358014E-16 ) ) ;
#1213 = CARTESIAN_POINT ( 'NONE',  ( -4.500000000000003553, 3.310000000000000053, -3.319999999999995843 ) ) ;
#1214 = VECTOR ( 'NONE', #599, 1000.000000000000000 ) ;
#1215 = CARTESIAN_POINT ( 'NONE',  ( -6.320000000000002061, 7.509999999999999787, -3.319999999999993179 ) ) ;
#1216 = CARTESIAN_POINT ( 'NONE',  ( -3.320000000000002505, -3.180000000000000160, 0.3200000000000000067 ) ) ;
#1217 = ORIENTED_EDGE ( 'NONE', *, *, #801, .T. ) ;
#1218 = EDGE_CURVE ( 'NONE', #546, #369, #1897, .T. ) ;
#1219 = VECTOR ( 'NONE', #3769, 1000.000000000000000 ) ;
#1220 = LINE ( 'NONE', #3297, #2668 ) ;
#1221 = ADVANCED_FACE ( 'NONE', ( #3274 ), #4213, .T. ) ;
#1222 = ORIENTED_EDGE ( 'NONE', *, *, #3123, .T. ) ;
#1223 = FACE_OUTER_BOUND ( 'NONE', #17, .T. ) ;
#1224 = MECHANICAL_DESIGN_GEOMETRIC_PRESENTATION_REPRESENTATION (  '', ( #3965 ), #3750 ) ;
#1225 = ORIENTED_EDGE ( 'NONE', *, *, #1229, .T. ) ;
#1226 = DIRECTION ( 'NONE',  ( -5.551115123125782702E-17, -3.421138828918009667E-49, -1.000000000000000000 ) ) ;
#1227 = LINE ( 'NONE', #1928, #2737 ) ;
#1228 = CLOSED_SHELL ( 'NONE', ( #1892, #3567, #4164, #2931, #1376, #1593 ) ) ;
#1229 = EDGE_CURVE ( 'NONE', #1624, #2833, #2841, .T. ) ;
#1230 = LINE ( 'NONE', #3263, #2533 ) ;
#1231 = EDGE_LOOP ( 'NONE', ( #3482, #1472, #3573, #477 ) ) ;
#1232 = AXIS2_PLACEMENT_3D ( 'NONE', #3644, #1248, #3328 ) ;
#1233 = AXIS2_PLACEMENT_3D ( 'NONE', #3208, #422, #131 ) ;
#1234 = VECTOR ( 'NONE', #1536, 1000.000000000000000 ) ;
#1235 =( GEOMETRIC_REPRESENTATION_CONTEXT ( 3 ) GLOBAL_UNCERTAINTY_ASSIGNED_CONTEXT ( ( #324 ) ) GLOBAL_UNIT_ASSIGNED_CONTEXT ( ( #2261, #1804, #2567 ) ) REPRESENTATION_CONTEXT ( 'NONE', 'WORKASPACE' ) );
#1236 = VECTOR ( 'NONE', #304, 1000.000000000000000 ) ;
#1237 = DIRECTION ( 'NONE',  ( -3.697785493223491196E-32, -1.000000000000000000, -6.106226635438358014E-16 ) ) ;
#1238 = AXIS2_PLACEMENT_3D ( 'NONE', #3514, #410, #737 ) ;
#1239 = ORIENTED_EDGE ( 'NONE', *, *, #4008, .T. ) ;
#1240 = CARTESIAN_POINT ( 'NONE',  ( -6.320000000000002061, -3.180000000000000160, -2.679999999999999272 ) ) ;
#1241 = FACE_OUTER_BOUND ( 'NONE', #2943, .T. ) ;
#1242 = DIRECTION ( 'NONE',  ( 0.000000000000000000, -6.106226635438358014E-16, 1.000000000000000000 ) ) ;
#1243 = FACE_OUTER_BOUND ( 'NONE', #1983, .T. ) ;
#1244 = VERTEX_POINT ( 'NONE', #1508 ) ;
#1245 = ADVANCED_FACE ( 'NONE', ( #416 ), #2234, .T. ) ;
#1246 = CARTESIAN_POINT ( 'NONE',  ( 1.270000000000002904, 9.910000000000000142, -1.269999999999996687 ) ) ;
#1247 = VERTEX_POINT ( 'NONE', #1485 ) ;
#1248 = DIRECTION ( 'NONE',  ( -5.551115123125780237E-17, -3.421138828918008148E-49, -1.000000000000000000 ) ) ;
#1249 = VERTEX_POINT ( 'NONE', #1174 ) ;
#1250 = FACE_OUTER_BOUND ( 'NONE', #3983, .T. ) ;
#1251 = ADVANCED_FACE ( 'NONE', ( #2890 ), #3184, .T. ) ;
#1252 = CARTESIAN_POINT ( 'NONE',  ( -3.620000000000000995, 9.910000000000000142, 1.270000000000009344 ) ) ;
#1253 = VERTEX_POINT ( 'NONE', #4308 ) ;
#1254 = ORIENTED_EDGE ( 'NONE', *, *, #2718, .T. ) ;
#1255 = EDGE_CURVE ( 'NONE', #3090, #1287, #2590, .T. ) ;
#1256 = CARTESIAN_POINT ( 'NONE',  ( -10.92500000000000071, -3.365883960437809672E-16, -4.929999999999997939 ) ) ;
#1257 = FACE_OUTER_BOUND ( 'NONE', #2140, .T. ) ;
#1258 = EDGE_CURVE ( 'NONE', #1859, #3868, #1846, .T. ) ;
#1259 = ORIENTED_EDGE ( 'NONE', *, *, #3875, .F. ) ;
#1260 = CARTESIAN_POINT ( 'NONE',  ( -4.500000000000003553, 3.310000000000000053, -3.319999999999995843 ) ) ;
#1261 = DIRECTION ( 'NONE',  ( -5.551115123125780237E-17, -3.421138828918008148E-49, -1.000000000000000000 ) ) ;
#1262 = CARTESIAN_POINT ( 'NONE',  ( -4.500000000000003553, 3.310000000000000053, -0.3199999999999942335 ) ) ;
#1263 = ORIENTED_EDGE ( 'NONE', *, *, #1672, .F. ) ;
#1264 = MANIFOLD_SOLID_BREP ( 'Split1[8]', #151 ) ;
#1265 = FACE_OUTER_BOUND ( 'NONE', #1517, .T. ) ;
#1266 = ORIENTED_EDGE ( 'NONE', *, *, #815, .T. ) ;
#1267 = DIRECTION ( 'NONE',  ( -5.551115123125782702E-17, -3.421138828918009667E-49, -1.000000000000000000 ) ) ;
#1268 = ORIENTED_EDGE ( 'NONE', *, *, #690, .F. ) ;
#1269 = SURFACE_STYLE_FILL_AREA ( #2986 ) ;
#1270 = CARTESIAN_POINT ( 'NONE',  ( -9.320000000000005613, -3.180000000000000160, -2.679999999999999272 ) ) ;
#1271 = DIRECTION ( 'NONE',  ( 1.000000000000000000, 6.162975822039154730E-33, -5.551115123125780237E-17 ) ) ;
#1272 = EDGE_LOOP ( 'NONE', ( #2407, #4240, #3232, #2354 ) ) ;
#1273 = ORIENTED_EDGE ( 'NONE', *, *, #3852, .T. ) ;
#1274 = CARTESIAN_POINT ( 'NONE',  ( -1.730000000000001537, 9.910000000000000142, -1.729999999999991767 ) ) ;
#1275 = DIRECTION ( 'NONE',  ( 5.551115123125782702E-17, 3.421138828918009667E-49, 1.000000000000000000 ) ) ;
#1276 = DIRECTION ( 'NONE',  ( 1.000000000000000000, -3.081487911019593786E-33, -5.551115123125780237E-17 ) ) ;
#1277 = DIRECTION ( 'NONE',  ( 3.697785493223491196E-32, 1.000000000000000000, 6.106226635438358014E-16 ) ) ;
#1278 = VERTEX_POINT ( 'NONE', #1464 ) ;
#1279 = ADVANCED_FACE ( 'NONE', ( #2208 ), #1535, .F. ) ;
#1280 = DIRECTION ( 'NONE',  ( -1.000000000000000000, -6.162975822039154730E-33, 5.551115123125780237E-17 ) ) ;
#1281 = EDGE_CURVE ( 'NONE', #118, #30, #4232, .T. ) ;
#1282 = AXIS2_PLACEMENT_3D ( 'NONE', #3794, #2759, #1741 ) ;
#1283 = DIRECTION ( 'NONE',  ( 3.697785493223491196E-32, 1.000000000000000000, 6.106226635438358014E-16 ) ) ;
#1284 = VECTOR ( 'NONE', #1422, 1000.000000000000000 ) ;
#1285 = EDGE_CURVE ( 'NONE', #118, #2429, #1917, .T. ) ;
#1286 = DIRECTION ( 'NONE',  ( 1.000000000000000000, 6.162975822039154730E-33, -5.551115123125780237E-17 ) ) ;
#1287 = VERTEX_POINT ( 'NONE', #1577 ) ;
#1288 = DIRECTION ( 'NONE',  ( 3.697785493223491196E-32, 1.000000000000000000, 6.106226635438358014E-16 ) ) ;
#1289 = VECTOR ( 'NONE', #1746, 1000.000000000000000 ) ;
#1290 = LINE ( 'NONE', #3391, #4179 ) ;
#1291 = ORIENTED_EDGE ( 'NONE', *, *, #2878, .T. ) ;
#1292 = LINE ( 'NONE', #4052, #2367 ) ;
#1293 = DIRECTION ( 'NONE',  ( -1.000000000000000000, -6.162975822039154730E-33, -5.551115123125782702E-17 ) ) ;
#1294 = AXIS2_PLACEMENT_3D ( 'NONE', #24, #1392, #87 ) ;
#1295 = DIRECTION ( 'NONE',  ( -9.436895709313828621E-16, -5.815936009160616511E-48, 1.000000000000000000 ) ) ;
#1296 = ORIENTED_EDGE ( 'NONE', *, *, #286, .T. ) ;
#1297 = AXIS2_PLACEMENT_3D ( 'NONE', #827, #2279, #2997 ) ;
#1298 = VERTEX_POINT ( 'NONE', #529 ) ;
#1299 = PLANE ( 'NONE',  #270 ) ;
#1300 = CLOSED_SHELL ( 'NONE', ( #2684, #54, #2774, #3229, #723, #1934 ) ) ;
#1301 = VECTOR ( 'NONE', #3217, 1000.000000000000000 ) ;
#1302 = CARTESIAN_POINT ( 'NONE',  ( -10.27000000000000490, 9.910000000000000142, 1.270000000000009344 ) ) ;
#1303 = CARTESIAN_POINT ( 'NONE',  ( 0.3199999999999998956, -3.180000000000000160, 0.3200000000000000067 ) ) ;
#1304 = AXIS2_PLACEMENT_3D ( 'NONE', #3702, #2326, #278 ) ;
#1305 = AXIS2_PLACEMENT_3D ( 'NONE', #399, #470, #73 ) ;
#1306 = VERTEX_POINT ( 'NONE', #823 ) ;
#1307 = VECTOR ( 'NONE', #2167, 1000.000000000000000 ) ;
#1308 = DIRECTION ( 'NONE',  ( -5.551115123125782702E-17, -3.421138828918009667E-49, -1.000000000000000000 ) ) ;
#1309 = AXIS2_PLACEMENT_3D ( 'NONE', #4383, #2374, #1 ) ;
#1310 = DIRECTION ( 'NONE',  ( -0.7071067811865481278, 4.317754261380376347E-16, -0.7071067811865470176 ) ) ;
#1311 = DIRECTION ( 'NONE',  ( 5.551115123125782702E-17, 3.421138828918009667E-49, 1.000000000000000000 ) ) ;
#1312 = ORIENTED_EDGE ( 'NONE', *, *, #4317, .F. ) ;
#1313 = MANIFOLD_SOLID_BREP ( 'Split1[11]', #1300 ) ;
#1314 = FACE_BOUND ( 'NONE', #45, .T. ) ;
#1315 = CARTESIAN_POINT ( 'NONE',  ( -2.680000000000001048, -3.180000000000000160, -2.679999999999999272 ) ) ;
#1316 = ORIENTED_EDGE ( 'NONE', *, *, #745, .F. ) ;
#1317 = DIRECTION ( 'NONE',  ( 5.551115123125782702E-17, -6.106226635438358014E-16, 1.000000000000000000 ) ) ;
#1318 = PLANE ( 'NONE',  #2393 ) ;
#1319 = VERTEX_POINT ( 'NONE', #2543 ) ;
#1320 = EDGE_CURVE ( 'NONE', #2623, #2670, #3584, .T. ) ;
#1321 = ORIENTED_EDGE ( 'NONE', *, *, #3406, .F. ) ;
#1322 = LINE ( 'NONE', #1401, #1575 ) ;
#1323 = FACE_OUTER_BOUND ( 'NONE', #1532, .T. ) ;
#1324 = LINE ( 'NONE', #2387, #1236 ) ;
#1325 = CARTESIAN_POINT ( 'NONE',  ( -0.3199999999999982858, 3.310000000000000053, -2.679999999999995719 ) ) ;
#1326 = ORIENTED_EDGE ( 'NONE', *, *, #2260, .T. ) ;
#1327 = DIRECTION ( 'NONE',  ( 5.551115123125782702E-17, 3.421138828918009667E-49, 1.000000000000000000 ) ) ;
#1328 = EDGE_CURVE ( 'NONE', #3082, #2537, #4278, .T. ) ;
#1329 = DIRECTION ( 'NONE',  ( 3.697785493223491196E-32, 1.000000000000000000, 6.106226635438358014E-16 ) ) ;
#1330 = CARTESIAN_POINT ( 'NONE',  ( -1.730000000000001537, 3.310000000000000053, -4.269999999999996909 ) ) ;
#1331 = VERTEX_POINT ( 'NONE', #56 ) ;
#1332 = EDGE_CURVE ( 'NONE', #3369, #2452, #2835, .T. ) ;
#1333 = PLANE ( 'NONE',  #291 ) ;
#1334 = ORIENTED_EDGE ( 'NONE', *, *, #703, .T. ) ;
#1335 = DIRECTION ( 'NONE',  ( 3.697785493223491196E-32, 1.000000000000000000, 6.106226635438358014E-16 ) ) ;
#1336 = DIRECTION ( 'NONE',  ( 3.697785493223491196E-32, 1.000000000000000000, 6.106226635438358014E-16 ) ) ;
#1337 = DIRECTION ( 'NONE',  ( 3.697785493223491196E-32, 1.000000000000000000, 6.106226635438358014E-16 ) ) ;
#1338 = MANIFOLD_SOLID_BREP ( 'Split1[4]', #2879 ) ;
#1339 = DIRECTION ( 'NONE',  ( -5.551115123125782702E-17, -3.421138828918009667E-49, -1.000000000000000000 ) ) ;
#1340 = ORIENTED_EDGE ( 'NONE', *, *, #2183, .T. ) ;
#1341 = DIRECTION ( 'NONE',  ( -9.436895709313828621E-16, -5.815936009160616511E-48, 1.000000000000000000 ) ) ;
#1342 = ADVANCED_FACE ( 'NONE', ( #1095 ), #3858, .F. ) ;
#1343 = CARTESIAN_POINT ( 'NONE',  ( -5.200000000000001954, 9.369999999999999218, -4.929999999999991722 ) ) ;
#1344 = CARTESIAN_POINT ( 'NONE',  ( -4.729999999999999538, 3.310000000000000941, 0.6200000000000056577 ) ) ;
#1345 = CARTESIAN_POINT ( 'NONE',  ( -10.92500000000000071, -3.365883960437809672E-16, -4.929999999999997939 ) ) ;
#1346 = ORIENTED_EDGE ( 'NONE', *, *, #1619, .F. ) ;
#1347 = CARTESIAN_POINT ( 'NONE',  ( -7.730000000000003979, 9.910000000000000142, -1.269999999999993134 ) ) ;
#1348 = DIRECTION ( 'NONE',  ( 0.7071067811865474617, 4.357881996052623053E-33, 0.7071067811865474617 ) ) ;
#1349 = LINE ( 'NONE', #1330, #1578 ) ;
#1350 = CARTESIAN_POINT ( 'NONE',  ( 1.924999999999998712, 9.910000000000000142, 1.930000000000008376 ) ) ;
#1351 = DIRECTION ( 'NONE',  ( 0.000000000000000000, 0.000000000000000000, 1.000000000000000000 ) ) ;
#1352 = ORIENTED_EDGE ( 'NONE', *, *, #3924, .F. ) ;
#1353 = DIRECTION ( 'NONE',  ( 3.697785493223491196E-32, 1.000000000000000000, 6.106226635438358014E-16 ) ) ;
#1354 = DIRECTION ( 'NONE',  ( 4.440892098500625176E-16, 2.736911063134407734E-48, 1.000000000000000000 ) ) ;
#1355 = EDGE_LOOP ( 'NONE', ( #3386, #2593, #730, #2297 ) ) ;
#1356 = DIRECTION ( 'NONE',  ( 0.7071067811865471286, 4.357881996052621000E-33, 0.7071067811865479058 ) ) ;
#1357 = EDGE_LOOP ( 'NONE', ( #261, #3956, #1263, #920, #2475 ) ) ;
#1358 = AXIS2_PLACEMENT_3D ( 'NONE', #2772, #1010, #3148 ) ;
#1359 = VERTEX_POINT ( 'NONE', #843 ) ;
#1360 = SURFACE_STYLE_FILL_AREA ( #2719 ) ;
#1361 = LINE ( 'NONE', #3423, #502 ) ;
#1362 = ORIENTED_EDGE ( 'NONE', *, *, #4218, .F. ) ;
#1363 = AXIS2_PLACEMENT_3D ( 'NONE', #1671, #326, #1733 ) ;
#1364 = AXIS2_PLACEMENT_3D ( 'NONE', #2905, #168, #1529 ) ;
#1365 = EDGE_LOOP ( 'NONE', ( #2066, #2360, #4025, #2131, #20 ) ) ;
#1366 = DIRECTION ( 'NONE',  ( -1.000000000000000000, -6.162975822039154730E-33, -5.551115123125782702E-17 ) ) ;
#1367 = STYLED_ITEM ( 'NONE', ( #2419 ), #2954 ) ;
#1368 = COLOUR_RGB ( '',0.7921568627450980005, 0.8196078431372548767, 0.9333333333333333481 ) ;
#1369 = DIRECTION ( 'NONE',  ( 5.551115123125782702E-17, 3.421138828918009667E-49, 1.000000000000000000 ) ) ;
#1370 = PLANE ( 'NONE',  #1358 ) ;
#1371 = VECTOR ( 'NONE', #3021, 1000.000000000000000 ) ;
#1372 =( NAMED_UNIT ( * ) SI_UNIT ( $, .STERADIAN. ) SOLID_ANGLE_UNIT ( ) );
#1373 = AXIS2_PLACEMENT_3D ( 'NONE', #176, #89, #1556 ) ;
#1374 = CARTESIAN_POINT ( 'NONE',  ( -4.500000000000003553, 3.310000000000000053, -3.319999999999995843 ) ) ;
#1375 = EDGE_LOOP ( 'NONE', ( #3565, #1273, #2816, #2002 ) ) ;
#1376 = ADVANCED_FACE ( 'NONE', ( #458 ), #2159, .T. ) ;
#1377 = APPLICATION_PROTOCOL_DEFINITION ( 'draft international standard', 'automotive_design', 1998, #3570 ) ;
#1378 = VERTEX_POINT ( 'NONE', #4256 ) ;
#1379 = CARTESIAN_POINT ( 'NONE',  ( 0.3199999999999998956, 3.310000000000000053, -1.499999999999994671 ) ) ;
#1380 = ORIENTED_EDGE ( 'NONE', *, *, #3456, .T. ) ;
#1381 = EDGE_CURVE ( 'NONE', #2327, #2028, #409, .T. ) ;
#1382 = ORIENTED_EDGE ( 'NONE', *, *, #3014, .T. ) ;
#1383 = CARTESIAN_POINT ( 'NONE',  ( -5.380000000000001670, 3.310000000000000497, 1.270000000000008455 ) ) ;
#1384 = CARTESIAN_POINT ( 'NONE',  ( -7.730000000000003979, 9.910000000000000142, -4.269999999999992468 ) ) ;
#1385 = ORIENTED_EDGE ( 'NONE', *, *, #1507, .F. ) ;
#1386 = ADVANCED_FACE ( 'NONE', ( #1459 ), #932, .F. ) ;
#1387 = EDGE_CURVE ( 'NONE', #1832, #380, #1570, .T. ) ;
#1388 = MANIFOLD_SOLID_BREP ( 'Split1[12]', #3751 ) ;
#1389 = EDGE_LOOP ( 'NONE', ( #518, #4170, #2616, #1461 ) ) ;
#1390 = FACE_OUTER_BOUND ( 'NONE', #4219, .T. ) ;
#1391 = CARTESIAN_POINT ( 'NONE',  ( -6.320000000000002061, -3.365883960437809672E-16, -1.499999999999996669 ) ) ;
#1392 = DIRECTION ( 'NONE',  ( 5.551115123125782702E-17, -6.106226635438358014E-16, 1.000000000000000000 ) ) ;
#1393 = FACE_OUTER_BOUND ( 'NONE', #1231, .T. ) ;
#1394 = CARTESIAN_POINT ( 'NONE',  ( 0.3199999999999998956, 7.509999999999999787, -0.3199999999999916245 ) ) ;
#1395 = CARTESIAN_POINT ( 'NONE',  ( -4.500000000000003553, 3.310000000000000053, -0.3199999999999942335 ) ) ;
#1396 = VERTEX_POINT ( 'NONE', #891 ) ;
#1397 = DIRECTION ( 'NONE',  ( -1.000000000000000000, -6.162975822039154730E-33, 4.440892098500625176E-16 ) ) ;
#1398 = VERTEX_POINT ( 'NONE', #4011 ) ;
#1399 = FACE_OUTER_BOUND ( 'NONE', #2290, .T. ) ;
#1400 = ORIENTED_EDGE ( 'NONE', *, *, #1285, .F. ) ;
#1401 = CARTESIAN_POINT ( 'NONE',  ( -4.500000000000003553, -3.365883960437809672E-16, -0.3199999999999961764 ) ) ;
#1402 = LINE ( 'NONE', #3103, #2029 ) ;
#1403 = ORIENTED_EDGE ( 'NONE', *, *, #643, .F. ) ;
#1404 = ORIENTED_EDGE ( 'NONE', *, *, #531, .F. ) ;
#1405 = EDGE_LOOP ( 'NONE', ( #2581, #1143, #1512, #340 ) ) ;
#1406 = DIRECTION ( 'NONE',  ( 3.697785493223491196E-32, 1.000000000000000000, 6.106226635438358014E-16 ) ) ;
#1407 = ADVANCED_FACE ( 'NONE', ( #908 ), #2276, .F. ) ;
#1408 = CARTESIAN_POINT ( 'NONE',  ( -3.620000000000000995, 3.310000000000000053, 1.270000000000005347 ) ) ;
#1409 = EDGE_CURVE ( 'NONE', #163, #3710, #4060, .T. ) ;
#1410 = PLANE ( 'NONE',  #1294 ) ;
#1411 = EDGE_CURVE ( 'NONE', #3575, #3779, #1980, .T. ) ;
#1412 = DIRECTION ( 'NONE',  ( 3.697785493223491196E-32, 1.000000000000000000, 6.106226635438358014E-16 ) ) ;
#1413 = FACE_OUTER_BOUND ( 'NONE', #901, .T. ) ;
#1414 = EDGE_CURVE ( 'NONE', #1597, #434, #2294, .T. ) ;
#1415 = LINE ( 'NONE', #2861, #1737 ) ;
#1416 = ORIENTED_EDGE ( 'NONE', *, *, #1194, .F. ) ;
#1417 = DIRECTION ( 'NONE',  ( -6.106226635438359986E-16, -3.763252711809810862E-48, -1.000000000000000000 ) ) ;
#1418 = VECTOR ( 'NONE', #3984, 1000.000000000000114 ) ;
#1419 = ORIENTED_EDGE ( 'NONE', *, *, #3819, .T. ) ;
#1420 = CARTESIAN_POINT ( 'NONE',  ( -10.92500000000000071, 9.910000000000000142, 1.930000000000010152 ) ) ;
#1421 = ORIENTED_EDGE ( 'NONE', *, *, #2412, .F. ) ;
#1422 = DIRECTION ( 'NONE',  ( 4.440892098500625176E-16, 2.736911063134407734E-48, 1.000000000000000000 ) ) ;
#1423 = PLANE ( 'NONE',  #2248 ) ;
#1424 = ORIENTED_EDGE ( 'NONE', *, *, #2053, .F. ) ;
#1425 = VECTOR ( 'NONE', #4103, 1000.000000000000000 ) ;
#1426 = ORIENTED_EDGE ( 'NONE', *, *, #3523, .T. ) ;
#1427 = ORIENTED_EDGE ( 'NONE', *, *, #3266, .F. ) ;
#1428 = AXIS2_PLACEMENT_3D ( 'NONE', #629, #4088, #2643 ) ;
#1429 = DIRECTION ( 'NONE',  ( -1.110223024625156540E-16, -6.842277657836022373E-49, 1.000000000000000000 ) ) ;
#1430 = CARTESIAN_POINT ( 'NONE',  ( -3.320000000000002505, -3.180000000000000160, -2.679999999999999272 ) ) ;
#1431 = AXIS2_PLACEMENT_3D ( 'NONE', #15, #2068, #3102 ) ;
#1432 = CARTESIAN_POINT ( 'NONE',  ( -5.680000000000003268, -3.180000000000000160, -2.679999999999999272 ) ) ;
#1433 = EDGE_CURVE ( 'NONE', #3277, #1765, #215, .T. ) ;
#1434 = EDGE_LOOP ( 'NONE', ( #3003, #1849, #664, #371, #4362 ) ) ;
#1435 = LINE ( 'NONE', #2074, #1425 ) ;
#1436 = EDGE_CURVE ( 'NONE', #590, #1763, #4355, .T. ) ;
#1437 = CLOSED_SHELL ( 'NONE', ( #3653, #2189, #1982, #3953, #3992, #1558 ) ) ;
#1438 = CARTESIAN_POINT ( 'NONE',  ( -3.800000000000003819, 6.959999999999999964, -6.329999999999995630 ) ) ;
#1439 = PRESENTATION_LAYER_ASSIGNMENT (  '', '', ( #1367 ) ) ;
#1440 = LINE ( 'NONE', #952, #2319 ) ;
#1441 = AXIS2_PLACEMENT_3D ( 'NONE', #2212, #449, #3594 ) ;
#1442 = ADVANCED_FACE ( 'NONE', ( #2650 ), #2678, .T. ) ;
#1443 = LINE ( 'NONE', #3865, #1883 ) ;
#1444 = VECTOR ( 'NONE', #3639, 1000.000000000000000 ) ;
#1445 = VERTEX_POINT ( 'NONE', #3339 ) ;
#1446 =( GEOMETRIC_REPRESENTATION_CONTEXT ( 3 ) GLOBAL_UNCERTAINTY_ASSIGNED_CONTEXT ( ( #544 ) ) GLOBAL_UNIT_ASSIGNED_CONTEXT ( ( #3218, #1116, #1169 ) ) REPRESENTATION_CONTEXT ( 'NONE', 'WORKASPACE' ) );
#1447 = VECTOR ( 'NONE', #3497, 1000.000000000000000 ) ;
#1448 = CARTESIAN_POINT ( 'NONE',  ( -10.27000000000000490, 3.310000000000000053, -1.269999999999998685 ) ) ;
#1449 = VECTOR ( 'NONE', #4084, 1000.000000000000000 ) ;
#1450 = ORIENTED_EDGE ( 'NONE', *, *, #1768, .F. ) ;
#1451 = CARTESIAN_POINT ( 'NONE',  ( -0.3199999999999982858, -3.365883960437809179E-16, -3.319999999999997620 ) ) ;
#1452 = ORIENTED_EDGE ( 'NONE', *, *, #1750, .T. ) ;
#1453 = SURFACE_SIDE_STYLE ('',( #96 ) ) ;
#1454 = EDGE_CURVE ( 'NONE', #4216, #684, #239, .T. ) ;
#1455 = DIRECTION ( 'NONE',  ( 5.551115123125782702E-17, -6.106226635438358014E-16, 1.000000000000000000 ) ) ;
#1456 = ORIENTED_EDGE ( 'NONE', *, *, #3356, .F. ) ;
#1457 = ORIENTED_EDGE ( 'NONE', *, *, #4197, .T. ) ;
#1458 = DIRECTION ( 'NONE',  ( -1.000000000000000000, -6.162975822039154730E-33, 4.440892098500625176E-16 ) ) ;
#1459 = FACE_OUTER_BOUND ( 'NONE', #3071, .T. ) ;
#1460 = CARTESIAN_POINT ( 'NONE',  ( -3.800000000000000266, 9.369999999999999218, -4.929999999999991722 ) ) ;
#1461 = ORIENTED_EDGE ( 'NONE', *, *, #435, .F. ) ;
#1462 = DIRECTION ( 'NONE',  ( -5.551115123125782702E-17, -3.421138828918009667E-49, -1.000000000000000000 ) ) ;
#1463 = DIRECTION ( 'NONE',  ( 3.697785493223491196E-32, 1.000000000000000000, 6.106226635438358014E-16 ) ) ;
#1464 = CARTESIAN_POINT ( 'NONE',  ( -8.680000000000003268, -3.365883960437809672E-16, -3.319999999999997620 ) ) ;
#1465 = ADVANCED_FACE ( 'NONE', ( #1549 ), #4303, .T. ) ;
#1466 = EDGE_CURVE ( 'NONE', #1971, #821, #3633, .T. ) ;
#1467 = FACE_OUTER_BOUND ( 'NONE', #2089, .T. ) ;
#1468 = LINE ( 'NONE', #1760, #601 ) ;
#1469 = ORIENTED_EDGE ( 'NONE', *, *, #3859, .T. ) ;
#1470 = MANIFOLD_SOLID_BREP ( 'Split1[13]', #137 ) ;
#1471 = DIRECTION ( 'NONE',  ( 5.551115123125782702E-17, -6.106226635438358014E-16, 1.000000000000000000 ) ) ;
#1472 = ORIENTED_EDGE ( 'NONE', *, *, #1320, .F. ) ;
#1473 = DIRECTION ( 'NONE',  ( -1.000000000000000000, -6.162975822039154730E-33, 5.551115123125782702E-17 ) ) ;
#1474 = ORIENTED_EDGE ( 'NONE', *, *, #2851, .F. ) ;
#1475 = ADVANCED_FACE ( 'NONE', ( #334, #2062, #1716, #3114, #1742, #4149, #1124, #3888 ), #3432, .T. ) ;
#1476 = PLANE ( 'NONE',  #3542 ) ;
#1477 = ORIENTED_EDGE ( 'NONE', *, *, #1997, .T. ) ;
#1478 = EDGE_CURVE ( 'NONE', #2989, #4010, #1468, .T. ) ;
#1479 = ORIENTED_EDGE ( 'NONE', *, *, #531, .T. ) ;
#1480 = DIRECTION ( 'NONE',  ( 4.440892098500625176E-16, 2.736911063134407734E-48, 1.000000000000000000 ) ) ;
#1481 = CARTESIAN_POINT ( 'NONE',  ( -8.680000000000003268, -3.180000000000000160, -3.319999999999998952 ) ) ;
#1482 = ORIENTED_EDGE ( 'NONE', *, *, #4432, .T. ) ;
#1483 = DIRECTION ( 'NONE',  ( -1.000000000000000000, -6.162975822039154730E-33, 5.551115123125780237E-17 ) ) ;
#1484 = CARTESIAN_POINT ( 'NONE',  ( -10.27000000000000490, 9.910000000000000142, -1.269999999999994911 ) ) ;
#1485 = CARTESIAN_POINT ( 'NONE',  ( -3.800000000000003819, 7.709999999999999964, -6.329999999999995630 ) ) ;
#1486 = AXIS2_PLACEMENT_3D ( 'NONE', #1152, #3553, #3931 ) ;
#1487 = DIRECTION ( 'NONE',  ( 3.081487911019576681E-33, 1.000000000000000000, -5.131708243377014121E-49 ) ) ;
#1488 = CARTESIAN_POINT ( 'NONE',  ( -4.270000000000002238, 3.310000000000000053, 0.6200000000000056577 ) ) ;
#1489 = ORIENTED_EDGE ( 'NONE', *, *, #4064, .F. ) ;
#1490 = CARTESIAN_POINT ( 'NONE',  ( -3.620000000000004103, 3.310000000000000053, -1.729999999999999094 ) ) ;
#1491 = ADVANCED_FACE ( 'NONE', ( #2760 ), #2505, .T. ) ;
#1492 = ORIENTED_EDGE ( 'NONE', *, *, #3488, .F. ) ;
#1493 = CARTESIAN_POINT ( 'NONE',  ( -0.3199999999999982858, -3.180000000000000160, -2.679999999999999272 ) ) ;
#1494 = EDGE_LOOP ( 'NONE', ( #1743, #3999, #1520, #2285 ) ) ;
#1495 = DIRECTION ( 'NONE',  ( -1.000000000000000000, -6.162975822039154730E-33, 5.551115123125780237E-17 ) ) ;
#1496 = LINE ( 'NONE', #863, #1722 ) ;
#1497 = STYLED_ITEM ( 'NONE', ( #2338 ), #1009 ) ;
#1498 = DIRECTION ( 'NONE',  ( 3.697785493223491196E-32, 1.000000000000000000, 6.106226635438358014E-16 ) ) ;
#1499 = VERTEX_POINT ( 'NONE', #3816 ) ;
#1500 =( NAMED_UNIT ( * ) PLANE_ANGLE_UNIT ( ) SI_UNIT ( $, .RADIAN. ) );
#1501 = DIRECTION ( 'NONE',  ( -9.436895709313828621E-16, -5.815936009160616511E-48, 1.000000000000000000 ) ) ;
#1502 = DIRECTION ( 'NONE',  ( 4.440892098500625176E-16, 2.736911063134407734E-48, 1.000000000000000000 ) ) ;
#1503 = AXIS2_PLACEMENT_3D ( 'NONE', #916, #2007, #3385 ) ;
#1504 = ORIENTED_EDGE ( 'NONE', *, *, #373, .T. ) ;
#1505 = DIRECTION ( 'NONE',  ( 1.000000000000000000, 6.162975822039154730E-33, 9.436895709313828621E-16 ) ) ;
#1506 = CARTESIAN_POINT ( 'NONE',  ( -2.680000000000001048, -3.365883960437809179E-16, -0.3199999999999961764 ) ) ;
#1507 = EDGE_CURVE ( 'NONE', #2900, #4434, #3091, .T. ) ;
#1508 = CARTESIAN_POINT ( 'NONE',  ( -2.680000000000001048, 3.310000000000000053, -2.679999999999995719 ) ) ;
#1509 = VECTOR ( 'NONE', #2328, 1000.000000000000000 ) ;
#1510 = CARTESIAN_POINT ( 'NONE',  ( -2.680000000000001048, -3.180000000000000160, -0.3199999999999981193 ) ) ;
#1511 = CARTESIAN_POINT ( 'NONE',  ( -4.500000000000000000, 3.310000000000000053, -2.679999999999995719 ) ) ;
#1512 = ORIENTED_EDGE ( 'NONE', *, *, #2851, .T. ) ;
#1513 = AXIS2_PLACEMENT_3D ( 'NONE', #3267, #2924, #3606 ) ;
#1514 = VECTOR ( 'NONE', #1198, 1000.000000000000000 ) ;
#1515 = FACE_OUTER_BOUND ( 'NONE', #1723, .T. ) ;
#1516 = VECTOR ( 'NONE', #3871, 1000.000000000000000 ) ;
#1517 = EDGE_LOOP ( 'NONE', ( #1034, #1573, #3669, #4294 ) ) ;
#1518 = DIRECTION ( 'NONE',  ( 3.697785493223491196E-32, 1.000000000000000000, 6.106226635438358014E-16 ) ) ;
#1519 = AXIS2_PLACEMENT_3D ( 'NONE', #1256, #1237, #503 ) ;
#1520 = ORIENTED_EDGE ( 'NONE', *, *, #2646, .F. ) ;
#1521 = DIRECTION ( 'NONE',  ( 5.551115123125782702E-17, 3.421138828918009667E-49, 1.000000000000000000 ) ) ;
#1522 = VECTOR ( 'NONE', #933, 1000.000000000000000 ) ;
#1523 = VECTOR ( 'NONE', #1337, 1000.000000000000000 ) ;
#1524 = VECTOR ( 'NONE', #1985, 1000.000000000000000 ) ;
#1525 = CARTESIAN_POINT ( 'NONE',  ( -0.3199999999999982858, 7.509999999999999787, -3.319999999999993179 ) ) ;
#1526 = ORIENTED_EDGE ( 'NONE', *, *, #2053, .T. ) ;
#1527 = EDGE_CURVE ( 'NONE', #2639, #1676, #4169, .T. ) ;
#1528 = EDGE_CURVE ( 'NONE', #4438, #1900, #3795, .T. ) ;
#1529 = DIRECTION ( 'NONE',  ( 0.000000000000000000, -6.106226635438358014E-16, 1.000000000000000000 ) ) ;
#1530 = ADVANCED_FACE ( 'NONE', ( #721 ), #3844, .T. ) ;
#1531 = DIRECTION ( 'NONE',  ( -1.000000000000000000, -6.162975822039154730E-33, 5.551115123125780237E-17 ) ) ;
#1532 = EDGE_LOOP ( 'NONE', ( #1158, #3604, #1583, #2691 ) ) ;
#1533 = FACE_OUTER_BOUND ( 'NONE', #1978, .T. ) ;
#1534 = LINE ( 'NONE', #484, #641 ) ;
#1535 = PLANE ( 'NONE',  #3251 ) ;
#1536 = DIRECTION ( 'NONE',  ( 3.697785493223491196E-32, 1.000000000000000000, 6.106226635438358014E-16 ) ) ;
#1537 = FACE_OUTER_BOUND ( 'NONE', #3506, .T. ) ;
#1538 = EDGE_LOOP ( 'NONE', ( #2764, #3115, #688, #2758 ) ) ;
#1539 = CARTESIAN_POINT ( 'NONE',  ( -4.500000000000000000, 3.310000000000000053, -2.679999999999995719 ) ) ;
#1540 = ORIENTED_EDGE ( 'NONE', *, *, #307, .T. ) ;
#1541 = CARTESIAN_POINT ( 'NONE',  ( -3.320000000000002505, -3.365883960437809179E-16, -0.3199999999999961764 ) ) ;
#1542 = ORIENTED_EDGE ( 'NONE', *, *, #1454, .F. ) ;
#1543 = CARTESIAN_POINT ( 'NONE',  ( -1.269999999999999352, 9.910000000000000142, -1.269999999999994911 ) ) ;
#1544 = DIRECTION ( 'NONE',  ( -5.551115123125782702E-17, -3.421138828918009667E-49, -1.000000000000000000 ) ) ;
#1545 = AXIS2_PLACEMENT_3D ( 'NONE', #396, #1780, #3155 ) ;
#1546 = PLANE ( 'NONE',  #3177 ) ;
#1547 = ORIENTED_EDGE ( 'NONE', *, *, #2134, .F. ) ;
#1548 = FILL_AREA_STYLE ('',( #2275 ) ) ;
#1549 = FACE_OUTER_BOUND ( 'NONE', #1097, .T. ) ;
#1550 = EDGE_CURVE ( 'NONE', #928, #380, #1079, .T. ) ;
#1551 = CARTESIAN_POINT ( 'NONE',  ( -9.320000000000005613, 7.509999999999999787, -0.3199999999999916245 ) ) ;
#1552 = EDGE_LOOP ( 'NONE', ( #2350, #734, #1879, #3823 ) ) ;
#1553 = DIRECTION ( 'NONE',  ( 3.697785493223491196E-32, 1.000000000000000000, 6.106226635438358014E-16 ) ) ;
#1554 = EDGE_CURVE ( 'NONE', #253, #3780, #361, .T. ) ;
#1555 = CARTESIAN_POINT ( 'NONE',  ( -0.3199999999999982858, 7.509999999999999787, -0.3199999999999916245 ) ) ;
#1556 = DIRECTION ( 'NONE',  ( -1.000000000000000000, -6.162975822039154730E-33, -9.436895709313828621E-16 ) ) ;
#1557 = LINE ( 'NONE', #1215, #77 ) ;
#1558 = ADVANCED_FACE ( 'NONE', ( #2125 ), #3499, .T. ) ;
#1559 = DIRECTION ( 'NONE',  ( -5.551115123125782702E-17, -3.421138828918009667E-49, -1.000000000000000000 ) ) ;
#1560 = ORIENTED_EDGE ( 'NONE', *, *, #1387, .F. ) ;
#1561 = LINE ( 'NONE', #1246, #1666 ) ;
#1562 = ORIENTED_EDGE ( 'NONE', *, *, #149, .F. ) ;
#1563 = CARTESIAN_POINT ( 'NONE',  ( -10.28000000000000114, -0.8300000000000004041, -3.564999999999999059 ) ) ;
#1564 = ORIENTED_EDGE ( 'NONE', *, *, #1665, .F. ) ;
#1565 = CARTESIAN_POINT ( 'NONE',  ( -6.320000000000002061, -3.180000000000000160, -0.3199999999999981193 ) ) ;
#1566 = CARTESIAN_POINT ( 'NONE',  ( -5.680000000000003268, -3.180000000000000160, -3.319999999999998952 ) ) ;
#1567 = LINE ( 'NONE', #2988, #3762 ) ;
#1568 = EDGE_LOOP ( 'NONE', ( #3237, #3007, #1054, #1913 ) ) ;
#1569 =( NAMED_UNIT ( * ) PLANE_ANGLE_UNIT ( ) SI_UNIT ( $, .RADIAN. ) );
#1570 = LINE ( 'NONE', #4374, #3616 ) ;
#1571 = VECTOR ( 'NONE', #1614, 1000.000000000000000 ) ;
#1572 = ADVANCED_FACE ( 'NONE', ( #1537 ), #1196, .T. ) ;
#1573 = ORIENTED_EDGE ( 'NONE', *, *, #2183, .F. ) ;
#1574 = CARTESIAN_POINT ( 'NONE',  ( -6.320000000000002061, -3.180000000000000160, -3.319999999999998952 ) ) ;
#1575 = VECTOR ( 'NONE', #3764, 1000.000000000000000 ) ;
#1576 = DIRECTION ( 'NONE',  ( 5.551115123125782702E-17, 3.421138828918009667E-49, 1.000000000000000000 ) ) ;
#1577 = CARTESIAN_POINT ( 'NONE',  ( -1.730000000000001537, 3.310000000000001386, -1.269999999999994911 ) ) ;
#1579 = ADVANCED_FACE ( 'NONE', ( #1243 ), #108, .T. ) ;
#1578 = VECTOR ( 'NONE', #1286, 1000.000000000000000 ) ;
#1580 = EDGE_CURVE ( 'NONE', #665, #3137, #2531, .T. ) ;
#1581 = PLANE ( 'NONE',  #1011 ) ;
#1582 = DIRECTION ( 'NONE',  ( 1.000000000000000000, 6.162975822039154730E-33, 1.110223024625156540E-16 ) ) ;
#1583 = ORIENTED_EDGE ( 'NONE', *, *, #2550, .T. ) ;
#1584 = VECTOR ( 'NONE', #3837, 1000.000000000000000 ) ;
#1585 = LINE ( 'NONE', #2982, #1874 ) ;
#1586 = EDGE_CURVE ( 'NONE', #2092, #1378, #3978, .T. ) ;
#1587 = ORIENTED_EDGE ( 'NONE', *, *, #4018, .T. ) ;
#1588 = LINE ( 'NONE', #2984, #3168 ) ;
#1589 = VERTEX_POINT ( 'NONE', #487 ) ;
#1590 = CARTESIAN_POINT ( 'NONE',  ( -8.680000000000003268, 7.509999999999999787, -0.3199999999999916245 ) ) ;
#1591 = PLANE ( 'NONE',  #1943 ) ;
#1592 = AXIS2_PLACEMENT_3D ( 'NONE', #3933, #3188, #3914 ) ;
#1593 = ADVANCED_FACE ( 'NONE', ( #128 ), #3206, .T. ) ;
#1594 = DIRECTION ( 'NONE',  ( -5.551115123125782702E-17, -3.421138828918009667E-49, -1.000000000000000000 ) ) ;
#1595 = ORIENTED_EDGE ( 'NONE', *, *, #1648, .F. ) ;
#1596 = AXIS2_PLACEMENT_3D ( 'NONE', #2839, #3183, #3568 ) ;
#1597 = VERTEX_POINT ( 'NONE', #3640 ) ;
#1598 = VECTOR ( 'NONE', #1714, 1000.000000000000000 ) ;
#1599 = EDGE_CURVE ( 'NONE', #1763, #3610, #3255, .T. ) ;
#1600 = PLANE ( 'NONE',  #3460 ) ;
#1601 = DIRECTION ( 'NONE',  ( 1.000000000000000000, 6.162975822039154730E-33, 1.387778780781445281E-15 ) ) ;
#1602 = CARTESIAN_POINT ( 'NONE',  ( -3.320000000000002505, 3.310000000000000053, 0.3200000000000040035 ) ) ;
#1603 = VECTOR ( 'NONE', #1709, 1000.000000000000000 ) ;
#1604 = ORIENTED_EDGE ( 'NONE', *, *, #105, .T. ) ;
#1605 = FACE_OUTER_BOUND ( 'NONE', #1613, .T. ) ;
#1606 = CARTESIAN_POINT ( 'NONE',  ( -7.730000000000003979, 9.910000000000000142, -1.269999999999993134 ) ) ;
#1607 = PLANE ( 'NONE',  #130 ) ;
#1608 = ORIENTED_EDGE ( 'NONE', *, *, #1554, .F. ) ;
#1609 = EDGE_CURVE ( 'NONE', #2763, #3049, #2863, .T. ) ;
#1610 = LINE ( 'NONE', #2352, #2311 ) ;
#1611 = ORIENTED_EDGE ( 'NONE', *, *, #4037, .T. ) ;
#1612 = CARTESIAN_POINT ( 'NONE',  ( -0.6199999999999998845, 9.910000000000000142, -1.729999999999995319 ) ) ;
#1613 = EDGE_LOOP ( 'NONE', ( #1935, #2078, #3934, #2545 ) ) ;
#1614 = DIRECTION ( 'NONE',  ( 4.440892098500625176E-16, 2.736911063134407734E-48, 1.000000000000000000 ) ) ;
#1615 = DIRECTION ( 'NONE',  ( -5.551115123125780237E-17, -3.421138828918008148E-49, -1.000000000000000000 ) ) ;
#1616 = CARTESIAN_POINT ( 'NONE',  ( -5.680000000000003268, 7.509999999999999787, -3.319999999999993179 ) ) ;
#1617 = ORIENTED_EDGE ( 'NONE', *, *, #3359, .T. ) ;
#1618 = ORIENTED_EDGE ( 'NONE', *, *, #4353, .T. ) ;
#1619 = EDGE_CURVE ( 'NONE', #2555, #1642, #2551, .T. ) ;
#1620 = EDGE_CURVE ( 'NONE', #2670, #595, #2620, .T. ) ;
#1621 = CARTESIAN_POINT ( 'NONE',  ( -5.680000000000003268, -3.180000000000000160, -2.679999999999999272 ) ) ;
#1622 = LINE ( 'NONE', #958, #3466 ) ;
#1623 = ADVANCED_FACE ( 'NONE', ( #2932 ), #2592, .T. ) ;
#1624 = VERTEX_POINT ( 'NONE', #1831 ) ;
#1625 = FACE_OUTER_BOUND ( 'NONE', #2214, .T. ) ;
#1626 = DIRECTION ( 'NONE',  ( 0.7071067811865474617, 4.357881996052623053E-33, -0.7071067811865474617 ) ) ;
#1627 = DIRECTION ( 'NONE',  ( 3.697785493223491196E-32, 1.000000000000000000, 6.106226635438358014E-16 ) ) ;
#1628 = ORIENTED_EDGE ( 'NONE', *, *, #2335, .T. ) ;
#1629 = DIRECTION ( 'NONE',  ( 3.697785493223491196E-32, 1.000000000000000000, 6.106226635438358014E-16 ) ) ;
#1630 = LINE ( 'NONE', #1652, #505 ) ;
#1631 = EDGE_LOOP ( 'NONE', ( #3873, #4296, #882, #2266 ) ) ;
#1632 = PLANE ( 'NONE',  #2579 ) ;
#1633 = LINE ( 'NONE', #3005, #559 ) ;
#1634 = ADVANCED_FACE ( 'NONE', ( #3912 ), #812, .T. ) ;
#1635 = LINE ( 'NONE', #3152, #2892 ) ;
#1636 = EDGE_LOOP ( 'NONE', ( #3465, #205, #1217, #3883 ) ) ;
#1637 = ORIENTED_EDGE ( 'NONE', *, *, #3792, .F. ) ;
#1638 = FACE_OUTER_BOUND ( 'NONE', #3979, .T. ) ;
#1639 = DIRECTION ( 'NONE',  ( -5.551115123125782702E-17, -3.421138828918009667E-49, -1.000000000000000000 ) ) ;
#1640 = SURFACE_SIDE_STYLE ('',( #3701 ) ) ;
#1641 = DIRECTION ( 'NONE',  ( -4.440892098500625176E-16, -2.736911063134407734E-48, -1.000000000000000000 ) ) ;
#1642 = VERTEX_POINT ( 'NONE', #158 ) ;
#1643 = CARTESIAN_POINT ( 'NONE',  ( 0.3199999999999998956, 3.310000000000000053, -1.499999999999994671 ) ) ;
#1644 = DIRECTION ( 'NONE',  ( 3.697785493223491196E-32, 1.000000000000000000, 6.106226635438358014E-16 ) ) ;
#1645 = VECTOR ( 'NONE', #2521, 1000.000000000000000 ) ;
#1646 = CARTESIAN_POINT ( 'NONE',  ( -5.200000000000001954, 9.369999999999999218, -4.929999999999991722 ) ) ;
#1647 = VERTEX_POINT ( 'NONE', #2913 ) ;
#1648 = EDGE_CURVE ( 'NONE', #2797, #3063, #513, .T. ) ;
#1649 = LINE ( 'NONE', #1988, #4329 ) ;
#1650 = CARTESIAN_POINT ( 'NONE',  ( 1.924999999999998712, 9.910000000000000142, 1.930000000000008376 ) ) ;
#1651 = VECTOR ( 'NONE', #2571, 1000.000000000000000 ) ;
#1652 = CARTESIAN_POINT ( 'NONE',  ( -4.500000000000003553, 3.310000000000000053, -3.319999999999995843 ) ) ;
#1653 = ORIENTED_EDGE ( 'NONE', *, *, #1754, .F. ) ;
#1654 = CARTESIAN_POINT ( 'NONE',  ( -0.3199999999999982858, -3.180000000000000160, 0.3200000000000000067 ) ) ;
#1655 = LINE ( 'NONE', #2043, #4167 ) ;
#1656 = VECTOR ( 'NONE', #4063, 1000.000000000000000 ) ;
#1657 = DIRECTION ( 'NONE',  ( -1.000000000000000000, -6.162975822039154730E-33, -9.436895709313828621E-16 ) ) ;
#1658 = ORIENTED_EDGE ( 'NONE', *, *, #1104, .T. ) ;
#1659 = VECTOR ( 'NONE', #4078, 999.9999999999998863 ) ;
#1660 = ORIENTED_EDGE ( 'NONE', *, *, #280, .T. ) ;
#1661 = CARTESIAN_POINT ( 'NONE',  ( -8.680000000000003268, -3.180000000000000160, -0.3199999999999981193 ) ) ;
#1662 = VECTOR ( 'NONE', #4212, 1000.000000000000000 ) ;
#1663 = CARTESIAN_POINT ( 'NONE',  ( -4.270000000000002238, 3.310000000000000053, 0.6200000000000056577 ) ) ;
#1664 = CARTESIAN_POINT ( 'NONE',  ( -9.320000000000005613, 3.310000000000000053, -2.679999999999995719 ) ) ;
#1665 = EDGE_CURVE ( 'NONE', #516, #2917, #3226, .T. ) ;
#1666 = VECTOR ( 'NONE', #2687, 1000.000000000000000 ) ;
#1667 = AXIS2_PLACEMENT_3D ( 'NONE', #3139, #769, #2132 ) ;
#1668 = ORIENTED_EDGE ( 'NONE', *, *, #313, .T. ) ;
#1669 = VECTOR ( 'NONE', #1641, 1000.000000000000000 ) ;
#1670 = VECTOR ( 'NONE', #4204, 1000.000000000000000 ) ;
#1671 = CARTESIAN_POINT ( 'NONE',  ( -7.270000000000002238, 9.910000000000000142, -4.269999999999992468 ) ) ;
#1672 = EDGE_CURVE ( 'NONE', #91, #1955, #2210, .T. ) ;
#1673 = CIRCLE ( 'NONE', #2390, 0.1650000000000002021 ) ;
#1674 = LINE ( 'NONE', #263, #1603 ) ;
#1675 = FACE_OUTER_BOUND ( 'NONE', #2914, .T. ) ;
#1676 = VERTEX_POINT ( 'NONE', #3948 ) ;
#1677 = VECTOR ( 'NONE', #259, 1000.000000000000000 ) ;
#1678 = PLANE ( 'NONE',  #2524 ) ;
#1679 = DIRECTION ( 'NONE',  ( -1.000000000000000000, -6.162975822039154730E-33, -1.110223024625156540E-16 ) ) ;
#1680 = VERTEX_POINT ( 'NONE', #853 ) ;
#1681 = CARTESIAN_POINT ( 'NONE',  ( -4.729999999999996874, 3.310000000000000053, 0.6200000000000056577 ) ) ;
#1682 = CARTESIAN_POINT ( 'NONE',  ( -9.320000000000005613, 3.310000000000000053, -1.499999999999994671 ) ) ;
#1683 = LINE ( 'NONE', #3006, #4337 ) ;
#1684 = ORIENTED_EDGE ( 'NONE', *, *, #4357, .F. ) ;
#1685 = ORIENTED_EDGE ( 'NONE', *, *, #2881, .T. ) ;
#1686 = PRESENTATION_STYLE_ASSIGNMENT (( #2781 ) ) ;
#1687 = LINE ( 'NONE', #3784, #2457 ) ;
#1688 = DIRECTION ( 'NONE',  ( 1.000000000000000000, 6.162975822039154730E-33, 1.387778780781445281E-15 ) ) ;
#1689 = ORIENTED_EDGE ( 'NONE', *, *, #1387, .T. ) ;
#1690 = PLANE ( 'NONE',  #3894 ) ;
#1691 = EDGE_CURVE ( 'NONE', #3878, #3916, #1899, .T. ) ;
#1692 = CARTESIAN_POINT ( 'NONE',  ( -8.380000000000002558, 9.910000000000000142, 1.270000000000011120 ) ) ;
#1693 = DIRECTION ( 'NONE',  ( 1.000000000000000000, 6.162975822039154730E-33, 1.276756478318929824E-15 ) ) ;
#1694 =( NAMED_UNIT ( * ) PLANE_ANGLE_UNIT ( ) SI_UNIT ( $, .RADIAN. ) );
#1695 = EDGE_CURVE ( 'NONE', #1706, #3666, #4313, .T. ) ;
#1696 = CARTESIAN_POINT ( 'NONE',  ( -5.680000000000003268, -3.365883960437809672E-16, -1.499999999999996669 ) ) ;
#1697 = ORIENTED_EDGE ( 'NONE', *, *, #286, .F. ) ;
#1698 = FACE_OUTER_BOUND ( 'NONE', #302, .T. ) ;
#1699 = ORIENTED_EDGE ( 'NONE', *, *, #4122, .T. ) ;
#1700 = PLANE ( 'NONE',  #1732 ) ;
#1701 = ORIENTED_EDGE ( 'NONE', *, *, #3149, .F. ) ;
#1702 = ORIENTED_EDGE ( 'NONE', *, *, #1255, .T. ) ;
#1703 = PLANE ( 'NONE',  #3235 ) ;
#1704 = CARTESIAN_POINT ( 'NONE',  ( -6.320000000000002061, -3.180000000000000160, -0.3199999999999981193 ) ) ;
#1705 = ORIENTED_EDGE ( 'NONE', *, *, #2550, .F. ) ;
#1706 = VERTEX_POINT ( 'NONE', #2660 ) ;
#1707 = CARTESIAN_POINT ( 'NONE',  ( -7.270000000000002238, 9.910000000000000142, -1.269999999999994911 ) ) ;
#1708 = EDGE_CURVE ( 'NONE', #2511, #1249, #227, .T. ) ;
#1709 = DIRECTION ( 'NONE',  ( -6.106226635438359986E-16, -3.763252711809810862E-48, -1.000000000000000000 ) ) ;
#1710 = CARTESIAN_POINT ( 'NONE',  ( -10.92500000000000071, 9.910000000000000142, -4.929999999999991722 ) ) ;
#1711 = VECTOR ( 'NONE', #695, 1000.000000000000000 ) ;
#1712 =( NAMED_UNIT ( * ) PLANE_ANGLE_UNIT ( ) SI_UNIT ( $, .RADIAN. ) );
#1713 = PRODUCT_DEFINITION ( 'UNKNOWN', '', #198, #156 ) ;
#1714 = DIRECTION ( 'NONE',  ( 1.000000000000000000, 6.162975822039154730E-33, -5.551115123125781716E-16 ) ) ;
#1715 = ORIENTED_EDGE ( 'NONE', *, *, #3881, .T. ) ;
#1716 = FACE_BOUND ( 'NONE', #926, .T. ) ;
#1717 = ORIENTED_EDGE ( 'NONE', *, *, #889, .F. ) ;
#1718 = VECTOR ( 'NONE', #3919, 1000.000000000000000 ) ;
#1719 = ADVANCED_FACE ( 'NONE', ( #4085 ), #1607, .T. ) ;
#1720 = DIRECTION ( 'NONE',  ( -5.551115123125782702E-17, -3.421138828918009667E-49, -1.000000000000000000 ) ) ;
#1721 = ORIENTED_EDGE ( 'NONE', *, *, #2611, .F. ) ;
#1722 = VECTOR ( 'NONE', #165, 1000.000000000000000 ) ;
#1723 = EDGE_LOOP ( 'NONE', ( #2184, #3162 ) ) ;
#1724 = LINE ( 'NONE', #13, #1211 ) ;
#1725 = EDGE_CURVE ( 'NONE', #95, #412, #4066, .T. ) ;
#1726 = DIRECTION ( 'NONE',  ( 1.000000000000000000, 6.162975822039154730E-33, 9.436895709313828621E-16 ) ) ;
#1727 = VERTEX_POINT ( 'NONE', #575 ) ;
#1728 = AXIS2_PLACEMENT_3D ( 'NONE', #2735, #1317, #969 ) ;
#1729 = CLOSED_SHELL ( 'NONE', ( #1407, #327, #2056, #2463, #2991, #3044 ) ) ;
#1730 = PRESENTATION_LAYER_ASSIGNMENT (  '', '', ( #2806 ) ) ;
#1731 = ORIENTED_EDGE ( 'NONE', *, *, #3538, .T. ) ;
#1732 = AXIS2_PLACEMENT_3D ( 'NONE', #1020, #1397, #2778 ) ;
#1733 = DIRECTION ( 'NONE',  ( -4.440892098500625176E-16, -2.736911063134407734E-48, -1.000000000000000000 ) ) ;
#1734 = AXIS2_PLACEMENT_3D ( 'NONE', #94, #1473, #1107 ) ;
#1735 = LINE ( 'NONE', #1069, #225 ) ;
#1736 = DIRECTION ( 'NONE',  ( 3.697785493223491196E-32, 1.000000000000000000, 6.106226635438358014E-16 ) ) ;
#1737 = VECTOR ( 'NONE', #3842, 1000.000000000000000 ) ;
#1738 = SURFACE_STYLE_USAGE ( .BOTH. , #3413 ) ;
#1739 = VECTOR ( 'NONE', #3829, 1000.000000000000000 ) ;
#1740 = PLANE ( 'NONE',  #2242 ) ;
#1741 = DIRECTION ( 'NONE',  ( -3.697785493223491196E-32, -1.000000000000000000, -6.106226635438358014E-16 ) ) ;
#1742 = FACE_BOUND ( 'NONE', #1182, .T. ) ;
#1743 = ORIENTED_EDGE ( 'NONE', *, *, #3990, .T. ) ;
#1744 = LINE ( 'NONE', #744, #428 ) ;
#1745 = ORIENTED_EDGE ( 'NONE', *, *, #142, .T. ) ;
#1746 = DIRECTION ( 'NONE',  ( 3.697785493223491196E-32, 1.000000000000000000, 6.106226635438358014E-16 ) ) ;
#1747 = DIRECTION ( 'NONE',  ( -5.551115123125780237E-17, -3.421138828918008148E-49, -1.000000000000000000 ) ) ;
#1748 = ORIENTED_EDGE ( 'NONE', *, *, #2981, .T. ) ;
#1749 = ADVANCED_FACE ( 'NONE', ( #4361 ), #2999, .T. ) ;
#1750 = EDGE_CURVE ( 'NONE', #1378, #2231, #982, .T. ) ;
#1751 = ORIENTED_EDGE ( 'NONE', *, *, #3066, .T. ) ;
#1752 = ORIENTED_EDGE ( 'NONE', *, *, #2925, .T. ) ;
#1753 = CARTESIAN_POINT ( 'NONE',  ( -7.270000000000002238, 3.310000000000000053, 1.270000000000005347 ) ) ;
#1754 = EDGE_CURVE ( 'NONE', #1287, #1769, #4379, .T. ) ;
#1755 = PLANE ( 'NONE',  #433 ) ;
#1756 = DIRECTION ( 'NONE',  ( 1.000000000000000000, 6.162975822039154730E-33, 1.387778780781445281E-15 ) ) ;
#1757 = CARTESIAN_POINT ( 'NONE',  ( -9.320000000000005613, -3.365883960437809672E-16, 0.3200000000000037259 ) ) ;
#1758 = DIRECTION ( 'NONE',  ( -3.697785493223491196E-32, -1.000000000000000000, -6.106226635438358014E-16 ) ) ;
#1759 = LINE ( 'NONE', #2076, #2812 ) ;
#1760 = CARTESIAN_POINT ( 'NONE',  ( -6.320000000000002061, -3.365883960437809672E-16, -1.499999999999996669 ) ) ;
#1761 = ORIENTED_EDGE ( 'NONE', *, *, #3792, .T. ) ;
#1762 = FACE_OUTER_BOUND ( 'NONE', #2966, .T. ) ;
#1763 = VERTEX_POINT ( 'NONE', #4448 ) ;
#1764 = CARTESIAN_POINT ( 'NONE',  ( 0.6199999999999981082, 9.910000000000000142, -1.729999999999995319 ) ) ;
#1765 = VERTEX_POINT ( 'NONE', #1941 ) ;
#1766 = DIRECTION ( 'NONE',  ( -1.000000000000000000, -6.162975822039154730E-33, -9.436895709313828621E-16 ) ) ;
#1767 = ORIENTED_EDGE ( 'NONE', *, *, #2854, .T. ) ;
#1768 = EDGE_CURVE ( 'NONE', #854, #1445, #2331, .T. ) ;
#1769 = VERTEX_POINT ( 'NONE', #3364 ) ;
#1770 = ORIENTED_EDGE ( 'NONE', *, *, #3513, .T. ) ;
#1771 = LINE ( 'NONE', #2455, #2378 ) ;
#1772 = SURFACE_STYLE_FILL_AREA ( #774 ) ;
#1773 = EDGE_CURVE ( 'NONE', #2623, #3916, #2636, .T. ) ;
#1774 = CARTESIAN_POINT ( 'NONE',  ( -2.680000000000001048, -3.365883960437809179E-16, -3.319999999999997620 ) ) ;
#1775 = CARTESIAN_POINT ( 'NONE',  ( -1.730000000000001537, 3.310000000000002274, -1.729999999999992655 ) ) ;
#1776 = FACE_OUTER_BOUND ( 'NONE', #3352, .T. ) ;
#1777 = CARTESIAN_POINT ( 'NONE',  ( -9.320000000000005613, -3.180000000000000160, 0.3200000000000017830 ) ) ;
#1778 = DIRECTION ( 'NONE',  ( 3.697785493223491196E-32, 1.000000000000000000, 6.106226635438358014E-16 ) ) ;
#1779 = EDGE_CURVE ( 'NONE', #2866, #2514, #1986, .T. ) ;
#1780 = DIRECTION ( 'NONE',  ( 5.551115123125782702E-17, -6.106226635438358014E-16, 1.000000000000000000 ) ) ;
#1781 = VERTEX_POINT ( 'NONE', #896 ) ;
#1782 = LINE ( 'NONE', #2379, #934 ) ;
#1783 = VECTOR ( 'NONE', #3349, 999.9999999999998863 ) ;
#1784 = CARTESIAN_POINT ( 'NONE',  ( 0.3199999999999998956, 7.509999999999999787, -2.679999999999993054 ) ) ;
#1785 = VERTEX_POINT ( 'NONE', #3658 ) ;
#1786 = PRESENTATION_LAYER_ASSIGNMENT (  '', '', ( #988 ) ) ;
#1787 = DIRECTION ( 'NONE',  ( 3.697785493223491196E-32, 1.000000000000000000, 6.106226635438358014E-16 ) ) ;
#1788 = VERTEX_POINT ( 'NONE', #4044 ) ;
#1789 = VECTOR ( 'NONE', #3276, 1000.000000000000000 ) ;
#1790 = VERTEX_POINT ( 'NONE', #3023 ) ;
#1791 = VERTEX_POINT ( 'NONE', #312 ) ;
#1793 = ADVANCED_FACE ( 'NONE', ( #4404 ), #621, .T. ) ;
#1792 = VECTOR ( 'NONE', #1480, 1000.000000000000000 ) ;
#1794 = ADVANCED_FACE ( 'NONE', ( #2302 ), #3068, .T. ) ;
#1795 = CARTESIAN_POINT ( 'NONE',  ( -4.730000000000000426, 9.910000000000000142, -4.269999999999992468 ) ) ;
#1796 = CARTESIAN_POINT ( 'NONE',  ( -0.6199999999999998845, 9.910000000000000142, 1.270000000000009344 ) ) ;
#1797 = VECTOR ( 'NONE', #2181, 1000.000000000000000 ) ;
#1798 = DIRECTION ( 'NONE',  ( 5.551115123125782702E-17, 3.421138828918009667E-49, 1.000000000000000000 ) ) ;
#1799 = ORIENTED_EDGE ( 'NONE', *, *, #3022, .T. ) ;
#1800 = CARTESIAN_POINT ( 'NONE',  ( -8.680000000000003268, -3.180000000000000160, -0.3199999999999981193 ) ) ;
#1801 = CLOSED_SHELL ( 'NONE', ( #474, #1049, #2399, #986, #2193, #1221 ) ) ;
#1802 = PLANE ( 'NONE',  #4106 ) ;
#1803 =( GEOMETRIC_REPRESENTATION_CONTEXT ( 3 ) GLOBAL_UNCERTAINTY_ASSIGNED_CONTEXT ( ( #876 ) ) GLOBAL_UNIT_ASSIGNED_CONTEXT ( ( #2706, #1712, #1372 ) ) REPRESENTATION_CONTEXT ( 'NONE', 'WORKASPACE' ) );
#1804 =( NAMED_UNIT ( * ) PLANE_ANGLE_UNIT ( ) SI_UNIT ( $, .RADIAN. ) );
#1805 = VECTOR ( 'NONE', #2305, 1000.000000000000000 ) ;
#1806 = ADVANCED_FACE ( 'NONE', ( #1675 ), #245, .T. ) ;
#1807 = LINE ( 'NONE', #2123, #2027 ) ;
#1808 = AXIS2_PLACEMENT_3D ( 'NONE', #4360, #224, #829 ) ;
#1809 = DIRECTION ( 'NONE',  ( 0.000000000000000000, 0.000000000000000000, 1.000000000000000000 ) ) ;
#1810 =( NAMED_UNIT ( * ) PLANE_ANGLE_UNIT ( ) SI_UNIT ( $, .RADIAN. ) );
#1811 = ORIENTED_EDGE ( 'NONE', *, *, #2713, .T. ) ;
#1812 = VECTOR ( 'NONE', #3696, 1000.000000000000000 ) ;
#1813 = CARTESIAN_POINT ( 'NONE',  ( -10.28000000000000114, -0.8300000000000002931, -4.144999999999999574 ) ) ;
#1814 = VECTOR ( 'NONE', #1644, 1000.000000000000000 ) ;
#1815 = EDGE_CURVE ( 'NONE', #1727, #3721, #1349, .T. ) ;
#1816 = ORIENTED_EDGE ( 'NONE', *, *, #3213, .F. ) ;
#1817 = DIRECTION ( 'NONE',  ( -5.551115123125782702E-17, -3.421138828918009667E-49, -1.000000000000000000 ) ) ;
#1818 = ORIENTED_EDGE ( 'NONE', *, *, #2788, .T. ) ;
#1819 =( NAMED_UNIT ( * ) PLANE_ANGLE_UNIT ( ) SI_UNIT ( $, .RADIAN. ) );
#1820 = LINE ( 'NONE', #117, #11 ) ;
#1821 = ORIENTED_EDGE ( 'NONE', *, *, #3457, .T. ) ;
#1822 = ORIENTED_EDGE ( 'NONE', *, *, #523, .T. ) ;
#1823 = DIRECTION ( 'NONE',  ( -1.000000000000000000, -6.162975822039154730E-33, -1.110223024625156540E-16 ) ) ;
#1824 = DIRECTION ( 'NONE',  ( -1.000000000000000000, -6.162975822039154730E-33, 5.551115123125780237E-17 ) ) ;
#1825 = LINE ( 'NONE', #2836, #2032 ) ;
#1826 = ORIENTED_EDGE ( 'NONE', *, *, #2026, .F. ) ;
#1827 = DIRECTION ( 'NONE',  ( 5.551115123125782702E-17, 3.421138828918009667E-49, 1.000000000000000000 ) ) ;
#1828 = EDGE_CURVE ( 'NONE', #290, #4262, #942, .T. ) ;
#1829 = CARTESIAN_POINT ( 'NONE',  ( -6.320000000000002061, -3.365883960437809672E-16, -3.319999999999997620 ) ) ;
#1830 = DIRECTION ( 'NONE',  ( 0.000000000000000000, 0.000000000000000000, 1.000000000000000000 ) ) ;
#1831 = CARTESIAN_POINT ( 'NONE',  ( -4.270000000000002238, 9.910000000000000142, -4.269999999999992468 ) ) ;
#1832 = VERTEX_POINT ( 'NONE', #652 ) ;
#1833 = FACE_OUTER_BOUND ( 'NONE', #2272, .T. ) ;
#1834 = VERTEX_POINT ( 'NONE', #39 ) ;
#1835 = CARTESIAN_POINT ( 'NONE',  ( -9.320000000000005613, -3.180000000000000160, -2.679999999999999272 ) ) ;
#1836 = VERTEX_POINT ( 'NONE', #2755 ) ;
#1837 = FILL_AREA_STYLE_COLOUR ( '', #2655 ) ;
#1838 = FACE_OUTER_BOUND ( 'NONE', #2065, .T. ) ;
#1839 = ORIENTED_EDGE ( 'NONE', *, *, #801, .F. ) ;
#1840 = CARTESIAN_POINT ( 'NONE',  ( -1.730000000000001537, 9.910000000000000142, -4.269999999999992468 ) ) ;
#1841 = SURFACE_STYLE_FILL_AREA ( #2479 ) ;
#1842 = PLANE ( 'NONE',  #706 ) ;
#1843 = ORIENTED_EDGE ( 'NONE', *, *, #637, .T. ) ;
#1844 = LINE ( 'NONE', #4229, #3890 ) ;
#1845 = LINE ( 'NONE', #4165, #2314 ) ;
#1846 = LINE ( 'NONE', #4266, #1081 ) ;
#1847 = DIRECTION ( 'NONE',  ( 3.081487911019576681E-33, 1.000000000000000000, -5.131708243377014121E-49 ) ) ;
#1848 = DIRECTION ( 'NONE',  ( 5.551115123125782702E-17, 3.421138828918009667E-49, 1.000000000000000000 ) ) ;
#1849 = ORIENTED_EDGE ( 'NONE', *, *, #717, .F. ) ;
#1850 = ADVANCED_FACE ( 'NONE', ( #2729 ), #4145, .T. ) ;
#1851 = FACE_OUTER_BOUND ( 'NONE', #3774, .T. ) ;
#1852 = ORIENTED_EDGE ( 'NONE', *, *, #3325, .T. ) ;
#1853 = LINE ( 'NONE', #425, #3684 ) ;
#1854 = VERTEX_POINT ( 'NONE', #1775 ) ;
#1855 = DIRECTION ( 'NONE',  ( -1.000000000000000000, -6.162975822039154730E-33, 5.551115123125781716E-16 ) ) ;
#1856 = EDGE_CURVE ( 'NONE', #2111, #253, #1435, .T. ) ;
#1857 = EDGE_CURVE ( 'NONE', #3868, #4207, #413, .T. ) ;
#1858 = CARTESIAN_POINT ( 'NONE',  ( -3.800000000000000266, 9.369999999999999218, -4.929999999999991722 ) ) ;
#1859 = VERTEX_POINT ( 'NONE', #1050 ) ;
#1860 =( GEOMETRIC_REPRESENTATION_CONTEXT ( 3 ) GLOBAL_UNCERTAINTY_ASSIGNED_CONTEXT ( ( #2368 ) ) GLOBAL_UNIT_ASSIGNED_CONTEXT ( ( #2538, #3233, #427 ) ) REPRESENTATION_CONTEXT ( 'NONE', 'WORKASPACE' ) );
#1861 = SURFACE_SIDE_STYLE ('',( #2293 ) ) ;
#1862 = CARTESIAN_POINT ( 'NONE',  ( 1.270000000000002904, 3.310000000000000053, -4.269999999999996909 ) ) ;
#1863 = VECTOR ( 'NONE', #692, 1000.000000000000000 ) ;
#1864 = LINE ( 'NONE', #171, #3085 ) ;
#1865 = VECTOR ( 'NONE', #1553, 1000.000000000000000 ) ;
#1866 = VERTEX_POINT ( 'NONE', #2817 ) ;
#1867 = FACE_OUTER_BOUND ( 'NONE', #3279, .T. ) ;
#1868 = CARTESIAN_POINT ( 'NONE',  ( 0.3199999999999998956, -3.180000000000000160, -0.3199999999999981193 ) ) ;
#1869 = AXIS2_PLACEMENT_3D ( 'NONE', #3757, #4415, #1993 ) ;
#1870 = CARTESIAN_POINT ( 'NONE',  ( -4.270000000000002238, 3.310000000000000053, 0.6200000000000056577 ) ) ;
#1871 = DIRECTION ( 'NONE',  ( -3.697785493223491196E-32, -1.000000000000000000, -6.106226635438358014E-16 ) ) ;
#1872 = ORIENTED_EDGE ( 'NONE', *, *, #2033, .T. ) ;
#1873 = VECTOR ( 'NONE', #1406, 1000.000000000000000 ) ;
#1874 = VECTOR ( 'NONE', #4382, 1000.000000000000000 ) ;
#1875 = DIRECTION ( 'NONE',  ( 1.276756478318929824E-15, 7.868619306511422767E-48, -1.000000000000000000 ) ) ;
#1876 = ORIENTED_EDGE ( 'NONE', *, *, #4037, .F. ) ;
#1877 = CARTESIAN_POINT ( 'NONE',  ( -6.320000000000002061, -3.180000000000000160, -3.319999999999998952 ) ) ;
#1878 = VECTOR ( 'NONE', #3292, 1000.000000000000000 ) ;
#1879 = ORIENTED_EDGE ( 'NONE', *, *, #2940, .T. ) ;
#1880 = DIRECTION ( 'NONE',  ( 4.440892098500625176E-16, 2.736911063134407734E-48, 1.000000000000000000 ) ) ;
#1881 = DIRECTION ( 'NONE',  ( -1.000000000000000000, -6.162975822039154730E-33, 5.551115123125780237E-17 ) ) ;
#1882 = COLOUR_RGB ( '',0.7921568627450980005, 0.8196078431372548767, 0.9333333333333333481 ) ;
#1883 = VECTOR ( 'NONE', #2145, 1000.000000000000000 ) ;
#1884 = DIRECTION ( 'NONE',  ( 3.697785493223491196E-32, 1.000000000000000000, 6.106226635438358014E-16 ) ) ;
#1885 = VECTOR ( 'NONE', #2423, 1000.000000000000000 ) ;
#1886 = ORIENTED_EDGE ( 'NONE', *, *, #2134, .T. ) ;
#1887 = ADVANCED_FACE ( 'NONE', ( #3809 ), #3862, .F. ) ;
#1888 = EDGE_CURVE ( 'NONE', #1969, #2111, #4163, .T. ) ;
#1889 = CARTESIAN_POINT ( 'NONE',  ( -0.3199999999999982858, -3.180000000000000160, -3.319999999999998952 ) ) ;
#1890 =( NAMED_UNIT ( * ) SI_UNIT ( $, .STERADIAN. ) SOLID_ANGLE_UNIT ( ) );
#1891 = ADVANCED_FACE ( 'NONE', ( #2435 ), #4470, .T. ) ;
#1892 = ADVANCED_FACE ( 'NONE', ( #3112 ), #1370, .F. ) ;
#1893 = DIRECTION ( 'NONE',  ( -5.551115123125782702E-17, -3.421138828918009667E-49, -1.000000000000000000 ) ) ;
#1894 = VERTEX_POINT ( 'NONE', #375 ) ;
#1895 = CARTESIAN_POINT ( 'NONE',  ( -7.270000000000002238, 9.910000000000000142, 1.270000000000009344 ) ) ;
#1896 = FACE_OUTER_BOUND ( 'NONE', #954, .T. ) ;
#1897 = LINE ( 'NONE', #1213, #2968 ) ;
#1898 = CARTESIAN_POINT ( 'NONE',  ( -3.320000000000002505, -3.365883960437809179E-16, -2.679999999999997495 ) ) ;
#1899 = LINE ( 'NONE', #178, #349 ) ;
#1900 = VERTEX_POINT ( 'NONE', #1030 ) ;
#1901 = PLANE ( 'NONE',  #1233 ) ;
#1902 = ORIENTED_EDGE ( 'NONE', *, *, #3655, .T. ) ;
#1903 = PLANE ( 'NONE',  #71 ) ;
#1904 = ORIENTED_EDGE ( 'NONE', *, *, #1750, .F. ) ;
#1905 = SURFACE_STYLE_USAGE ( .BOTH. , #2217 ) ;
#1906 = CARTESIAN_POINT ( 'NONE',  ( -4.270000000000001350, 3.310000000000001830, -2.379999999999991456 ) ) ;
#1907 = PRODUCT ( '2068320801', '2068320801', '', ( #2124 ) ) ;
#1908 = CARTESIAN_POINT ( 'NONE',  ( -5.380000000000001670, 9.910000000000000142, 1.270000000000009344 ) ) ;
#1909 = ORIENTED_EDGE ( 'NONE', *, *, #752, .T. ) ;
#1910 = DIRECTION ( 'NONE',  ( -5.551115123125782702E-17, -3.421138828918009667E-49, -1.000000000000000000 ) ) ;
#1911 = ADVANCED_FACE ( 'NONE', ( #3180 ), #713, .T. ) ;
#1912 = ADVANCED_FACE ( 'NONE', ( #1070 ), #1098, .T. ) ;
#1913 = ORIENTED_EDGE ( 'NONE', *, *, #3334, .F. ) ;
#1914 = FACE_OUTER_BOUND ( 'NONE', #3942, .T. ) ;
#1915 = EDGE_CURVE ( 'NONE', #434, #1894, #675, .T. ) ;
#1916 = CARTESIAN_POINT ( 'NONE',  ( -3.320000000000002505, 3.310000000000000053, -0.3199999999999942335 ) ) ;
#1917 = LINE ( 'NONE', #196, #1878 ) ;
#1918 = CARTESIAN_POINT ( 'NONE',  ( -3.320000000000002505, 7.509999999999999787, 0.3200000000000066125 ) ) ;
#1919 = CARTESIAN_POINT ( 'NONE',  ( -4.729999999999996874, 9.910000000000000142, 0.6200000000000096545 ) ) ;
#1920 = ADVANCED_FACE ( 'NONE', ( #3473 ), #1410, .T. ) ;
#1921 = ORIENTED_EDGE ( 'NONE', *, *, #2080, .T. ) ;
#1922 = CARTESIAN_POINT ( 'NONE',  ( -5.200000000000001954, 7.709999999999999964, -6.329999999999995630 ) ) ;
#1923 = EDGE_CURVE ( 'NONE', #380, #2109, #3128, .T. ) ;
#1924 = EDGE_LOOP ( 'NONE', ( #678, #4153, #3336, #3298 ) ) ;
#1925 = CARTESIAN_POINT ( 'NONE',  ( -1.269999999999999352, 9.910000000000000142, 0.6200000000000096545 ) ) ;
#1926 = ORIENTED_EDGE ( 'NONE', *, *, #170, .T. ) ;
#1927 = DIRECTION ( 'NONE',  ( 3.697785493223491196E-32, 1.000000000000000000, 6.106226635438358014E-16 ) ) ;
#1928 = CARTESIAN_POINT ( 'NONE',  ( 0.3199999999999998956, -3.365883960437809179E-16, -1.499999999999996669 ) ) ;
#1929 = LINE ( 'NONE', #3648, #80 ) ;
#1930 = EDGE_LOOP ( 'NONE', ( #3230, #3851, #4185, #668 ) ) ;
#1931 = ORIENTED_EDGE ( 'NONE', *, *, #2548, .F. ) ;
#1932 = SURFACE_STYLE_USAGE ( .BOTH. , #542 ) ;
#1933 = FACE_OUTER_BOUND ( 'NONE', #4417, .T. ) ;
#1934 = ADVANCED_FACE ( 'NONE', ( #2398 ), #3771, .T. ) ;
#1935 = ORIENTED_EDGE ( 'NONE', *, *, #2654, .F. ) ;
#1936 = EDGE_CURVE ( 'NONE', #705, #3454, #4190, .T. ) ;
#1937 = AXIS2_PLACEMENT_3D ( 'NONE', #1170, #2544, #2204 ) ;
#1938 = DIRECTION ( 'NONE',  ( -1.958120487743420226E-31, 1.000000000000000000, -3.416413977116606408E-15 ) ) ;
#1939 = AXIS2_PLACEMENT_3D ( 'NONE', #1210, #153, #3221 ) ;
#1940 = CARTESIAN_POINT ( 'NONE',  ( -8.680000000000003268, -3.365883960437809672E-16, -1.499999999999996669 ) ) ;
#1941 = CARTESIAN_POINT ( 'NONE',  ( 0.6200000000000016609, 9.910000000000000142, -1.729999999999991767 ) ) ;
#1942 = EDGE_LOOP ( 'NONE', ( #2637, #2680, #3654, #1259 ) ) ;
#1943 = AXIS2_PLACEMENT_3D ( 'NONE', #3985, #2967, #3647 ) ;
#1944 = DIRECTION ( 'NONE',  ( -5.551115123125780237E-17, -3.421138828918008148E-49, -1.000000000000000000 ) ) ;
#1945 = EDGE_CURVE ( 'NONE', #1398, #1859, #2927, .T. ) ;
#1946 = EDGE_CURVE ( 'NONE', #1298, #4156, #826, .T. ) ;
#1947 = EDGE_LOOP ( 'NONE', ( #2506, #4055, #179, #959 ) ) ;
#1948 = PLANE ( 'NONE',  #649 ) ;
#1949 = AXIS2_PLACEMENT_3D ( 'NONE', #83, #2095, #3126 ) ;
#1950 = ORIENTED_EDGE ( 'NONE', *, *, #3414, .T. ) ;
#1951 = CARTESIAN_POINT ( 'NONE',  ( -6.320000000000002061, -3.180000000000000160, -2.679999999999999272 ) ) ;
#1952 = AXIS2_PLACEMENT_3D ( 'NONE', #3727, #1944, #2934 ) ;
#1953 = EDGE_CURVE ( 'NONE', #3407, #1597, #3272, .T. ) ;
#1954 = FACE_OUTER_BOUND ( 'NONE', #2313, .T. ) ;
#1955 = VERTEX_POINT ( 'NONE', #1144 ) ;
#1956 = VECTOR ( 'NONE', #2848, 1000.000000000000000 ) ;
#1957 = ORIENTED_EDGE ( 'NONE', *, *, #3146, .T. ) ;
#1958 = VECTOR ( 'NONE', #157, 1000.000000000000000 ) ;
#1959 = VECTOR ( 'NONE', #976, 1000.000000000000000 ) ;
#1960 = PRESENTATION_STYLE_ASSIGNMENT (( #3940 ) ) ;
#1961 = DIRECTION ( 'NONE',  ( -3.697785493223491196E-32, -1.000000000000000000, -6.106226635438358014E-16 ) ) ;
#1962 = VECTOR ( 'NONE', #2820, 1000.000000000000000 ) ;
#1963 = CARTESIAN_POINT ( 'NONE',  ( -4.270000000000002238, 3.310000000000000053, 0.6200000000000056577 ) ) ;
#1964 = ORIENTED_EDGE ( 'NONE', *, *, #3950, .F. ) ;
#1965 = CARTESIAN_POINT ( 'NONE',  ( -1.269999999999998908, 3.310000000000003162, -4.269999999999992468 ) ) ;
#1966 = LINE ( 'NONE', #3343, #1524 ) ;
#1967 = EDGE_CURVE ( 'NONE', #1331, #3156, #3587, .T. ) ;
#1968 = DIRECTION ( 'NONE',  ( -4.440892098500625176E-16, -2.736911063134407734E-48, -1.000000000000000000 ) ) ;
#1969 = VERTEX_POINT ( 'NONE', #3970 ) ;
#1970 = CARTESIAN_POINT ( 'NONE',  ( -5.680000000000003268, -3.365883960437809672E-16, -3.319999999999997620 ) ) ;
#1971 = VERTEX_POINT ( 'NONE', #3884 ) ;
#1972 = DIRECTION ( 'NONE',  ( 3.697785493223491196E-32, 1.000000000000000000, 6.106226635438358014E-16 ) ) ;
#1973 = ORIENTED_EDGE ( 'NONE', *, *, #4009, .T. ) ;
#1974 = CARTESIAN_POINT ( 'NONE',  ( -10.28000000000000114, -0.5800000000000001821, -3.564999999999998170 ) ) ;
#1975 = DIRECTION ( 'NONE',  ( 5.551115123125782702E-17, 3.421138828918009667E-49, 1.000000000000000000 ) ) ;
#1976 = CARTESIAN_POINT ( 'NONE',  ( -5.380000000000001670, 9.910000000000000142, 1.270000000000009344 ) ) ;
#1977 = ORIENTED_EDGE ( 'NONE', *, *, #2739, .T. ) ;
#1978 = EDGE_LOOP ( 'NONE', ( #753, #335, #2896, #779 ) ) ;
#1979 = DIRECTION ( 'NONE',  ( 5.551115123125782702E-17, 3.421138828918009667E-49, 1.000000000000000000 ) ) ;
#1980 = LINE ( 'NONE', #4394, #578 ) ;
#1981 = LINE ( 'NONE', #3405, #3246 ) ;
#1982 = ADVANCED_FACE ( 'NONE', ( #1867 ), #527, .T. ) ;
#1983 = EDGE_LOOP ( 'NONE', ( #4176, #1668, #3053, #2777 ) ) ;
#1984 = CARTESIAN_POINT ( 'NONE',  ( -8.680000000000003268, -3.180000000000000160, -2.679999999999999272 ) ) ;
#1985 = DIRECTION ( 'NONE',  ( -5.551115123125782702E-17, -3.421138828918009667E-49, -1.000000000000000000 ) ) ;
#1986 = LINE ( 'NONE', #1646, #851 ) ;
#1987 = ORIENTED_EDGE ( 'NONE', *, *, #3732, .T. ) ;
#1988 = CARTESIAN_POINT ( 'NONE',  ( -4.500000000000003553, 3.310000000000000053, 0.3200000000000057243 ) ) ;
#1989 = CARTESIAN_POINT ( 'NONE',  ( -9.320000000000005613, -3.180000000000000160, -3.319999999999998952 ) ) ;
#1990 = CARTESIAN_POINT ( 'NONE',  ( -9.320000000000005613, -3.180000000000000160, -0.3199999999999981193 ) ) ;
#1991 = ORIENTED_EDGE ( 'NONE', *, *, #311, .T. ) ;
#1992 = CARTESIAN_POINT ( 'NONE',  ( -10.28000000000000114, -0.5800000000000001821, -3.979999999999998206 ) ) ;
#1993 = DIRECTION ( 'NONE',  ( -3.697785493223491196E-32, -1.000000000000000000, -6.106226635438358014E-16 ) ) ;
#1994 = EDGE_CURVE ( 'NONE', #550, #2555, #508, .T. ) ;
#1995 = LINE ( 'NONE', #1777, #3252 ) ;
#1996 = ORIENTED_EDGE ( 'NONE', *, *, #478, .T. ) ;
#1997 = EDGE_CURVE ( 'NONE', #4262, #968, #2909, .T. ) ;
#1998 = ORIENTED_EDGE ( 'NONE', *, *, #579, .T. ) ;
#1999 = CARTESIAN_POINT ( 'NONE',  ( 1.924999999999998712, 9.910000000000000142, 1.930000000000008376 ) ) ;
#2000 = CARTESIAN_POINT ( 'NONE',  ( -5.680000000000003268, 3.310000000000000053, 0.3200000000000057243 ) ) ;
#2001 = DIRECTION ( 'NONE',  ( 1.000000000000000000, 6.162975822039154730E-33, -5.551115123125780237E-17 ) ) ;
#2002 = ORIENTED_EDGE ( 'NONE', *, *, #4008, .F. ) ;
#2003 = LINE ( 'NONE', #3704, #1219 ) ;
#2004 = MECHANICAL_DESIGN_GEOMETRIC_PRESENTATION_REPRESENTATION (  '', ( #2726 ), #1201 ) ;
#2005 = CARTESIAN_POINT ( 'NONE',  ( -4.500000000000003553, -3.365883960437809672E-16, -0.3199999999999961764 ) ) ;
#2006 = VECTOR ( 'NONE', #480, 1000.000000000000000 ) ;
#2007 = DIRECTION ( 'NONE',  ( 5.551115123125782702E-17, -6.106226635438358014E-16, 1.000000000000000000 ) ) ;
#2008 = ORIENTED_EDGE ( 'NONE', *, *, #2682, .F. ) ;
#2009 = CARTESIAN_POINT ( 'NONE',  ( -10.92500000000000071, -3.365883960437809672E-16, -4.929999999999997939 ) ) ;
#2010 = VECTOR ( 'NONE', #3908, 1000.000000000000000 ) ;
#2011 = LINE ( 'NONE', #267, #3833 ) ;
#2012 = VERTEX_POINT ( 'NONE', #806 ) ;
#2013 = DIRECTION ( 'NONE',  ( 3.697785493223491196E-32, 1.000000000000000000, 6.106226635438358014E-16 ) ) ;
#2014 = PLANE ( 'NONE',  #1728 ) ;
#2015 = VECTOR ( 'NONE', #175, 1000.000000000000000 ) ;
#2016 = DIRECTION ( 'NONE',  ( 0.000000000000000000, 6.106226635438358014E-16, -1.000000000000000000 ) ) ;
#2017 = ORIENTED_EDGE ( 'NONE', *, *, #3359, .F. ) ;
#2018 = ORIENTED_EDGE ( 'NONE', *, *, #2213, .F. ) ;
#2019 = CARTESIAN_POINT ( 'NONE',  ( -7.270000000000002238, 9.910000000000000142, 1.270000000000009344 ) ) ;
#2020 = VECTOR ( 'NONE', #125, 1000.000000000000000 ) ;
#2021 = ADVANCED_FACE ( 'NONE', ( #4211 ), #874, .T. ) ;
#2022 = LINE ( 'NONE', #4033, #3389 ) ;
#2023 = CARTESIAN_POINT ( 'NONE',  ( -8.680000000000003268, -3.180000000000000160, -3.319999999999998952 ) ) ;
#2024 = LINE ( 'NONE', #260, #3395 ) ;
#2025 = VECTOR ( 'NONE', #996, 1000.000000000000000 ) ;
#2026 = EDGE_CURVE ( 'NONE', #1287, #821, #3566, .T. ) ;
#2027 = VECTOR ( 'NONE', #395, 1000.000000000000000 ) ;
#2028 = VERTEX_POINT ( 'NONE', #2858 ) ;
#2029 = VECTOR ( 'NONE', #957, 1000.000000000000000 ) ;
#2030 = VECTOR ( 'NONE', #2200, 1000.000000000000000 ) ;
#2031 = CARTESIAN_POINT ( 'NONE',  ( -0.6199999999999998845, 9.910000000000000142, -1.729999999999995319 ) ) ;
#2032 = VECTOR ( 'NONE', #3544, 1000.000000000000000 ) ;
#2033 = EDGE_CURVE ( 'NONE', #2476, #403, #461, .T. ) ;
#2034 = VECTOR ( 'NONE', #696, 1000.000000000000000 ) ;
#2035 = LINE ( 'NONE', #3428, #797 ) ;
#2036 = CARTESIAN_POINT ( 'NONE',  ( -1.730000000000001537, 3.310000000000000053, 1.270000000000005347 ) ) ;
#2037 = VECTOR ( 'NONE', #1910, 1000.000000000000000 ) ;
#2038 = VECTOR ( 'NONE', #1601, 1000.000000000000000 ) ;
#2039 = SURFACE_STYLE_USAGE ( .BOTH. , #4128 ) ;
#2040 = LINE ( 'NONE', #314, #3254 ) ;
#2041 = ORIENTED_EDGE ( 'NONE', *, *, #1856, .F. ) ;
#2042 =( NAMED_UNIT ( * ) PLANE_ANGLE_UNIT ( ) SI_UNIT ( $, .RADIAN. ) );
#2043 = CARTESIAN_POINT ( 'NONE',  ( -10.92500000000000071, 9.910000000000000142, 1.930000000000010152 ) ) ;
#2044 = DIRECTION ( 'NONE',  ( -1.000000000000000000, -6.162975822039154730E-33, 5.551115123125782702E-17 ) ) ;
#2045 = ORIENTED_EDGE ( 'NONE', *, *, #2357, .T. ) ;
#2046 = ORIENTED_EDGE ( 'NONE', *, *, #3814, .F. ) ;
#2047 = SURFACE_SIDE_STYLE ('',( #275 ) ) ;
#2048 = ADVANCED_FACE ( 'NONE', ( #1914 ), #482, .T. ) ;
#2049 = LINE ( 'NONE', #1621, #999 ) ;
#2050 = FACE_OUTER_BOUND ( 'NONE', #1021, .T. ) ;
#2051 = ORIENTED_EDGE ( 'NONE', *, *, #4343, .T. ) ;
#2052 = ORIENTED_EDGE ( 'NONE', *, *, #313, .F. ) ;
#2053 = EDGE_CURVE ( 'NONE', #2710, #3327, #1844, .T. ) ;
#2054 = CARTESIAN_POINT ( 'NONE',  ( -4.270000000000002238, 9.910000000000000142, 0.6200000000000096545 ) ) ;
#2055 = LINE ( 'NONE', #1692, #3543 ) ;
#2056 = ADVANCED_FACE ( 'NONE', ( #2163 ), #2523, .T. ) ;
#2057 = CARTESIAN_POINT ( 'NONE',  ( -8.680000000000003268, -3.180000000000000160, 0.3200000000000017830 ) ) ;
#2058 = EDGE_CURVE ( 'NONE', #3629, #86, #124, .T. ) ;
#2059 = CARTESIAN_POINT ( 'NONE',  ( -8.380000000000002558, 3.310000000000000497, 1.270000000000008455 ) ) ;
#2060 = ORIENTED_EDGE ( 'NONE', *, *, #2739, .F. ) ;
#2061 = DIRECTION ( 'NONE',  ( -5.551115123125782702E-17, -3.421138828918009667E-49, -1.000000000000000000 ) ) ;
#2062 = FACE_BOUND ( 'NONE', #1365, .T. ) ;
#2063 = ORIENTED_EDGE ( 'NONE', *, *, #3204, .F. ) ;
#2064 = CARTESIAN_POINT ( 'NONE',  ( 0.3199999999999998956, -3.180000000000000160, 0.3200000000000000067 ) ) ;
#2065 = EDGE_LOOP ( 'NONE', ( #4087, #3802, #1998, #386 ) ) ;
#2066 = ORIENTED_EDGE ( 'NONE', *, *, #3459, .F. ) ;
#2067 = DIRECTION ( 'NONE',  ( 5.551115123125782702E-17, 3.421138828918009667E-49, 1.000000000000000000 ) ) ;
#2068 = DIRECTION ( 'NONE',  ( 3.081487911019576681E-33, 1.000000000000000000, -5.131708243377014121E-49 ) ) ;
#2069 = LINE ( 'NONE', #4096, #2318 ) ;
#2070 = ORIENTED_EDGE ( 'NONE', *, *, #4288, .T. ) ;
#2071 = ORIENTED_EDGE ( 'NONE', *, *, #1648, .T. ) ;
#2072 = LINE ( 'NONE', #1643, #2875 ) ;
#2073 = CARTESIAN_POINT ( 'NONE',  ( -9.320000000000005613, -3.180000000000000160, 0.3200000000000017830 ) ) ;
#2074 = CARTESIAN_POINT ( 'NONE',  ( -2.680000000000001048, 7.509999999999999787, -0.3199999999999916245 ) ) ;
#2075 = FILL_AREA_STYLE ('',( #4104 ) ) ;
#2076 = CARTESIAN_POINT ( 'NONE',  ( -2.680000000000001048, 3.310000000000000053, -1.499999999999994671 ) ) ;
#2077 = DIRECTION ( 'NONE',  ( -9.436895709313828621E-16, -5.815936009160616511E-48, 1.000000000000000000 ) ) ;
#2078 = ORIENTED_EDGE ( 'NONE', *, *, #357, .T. ) ;
#2079 = STYLED_ITEM ( 'NONE', ( #1686 ), #4231 ) ;
#2080 = EDGE_CURVE ( 'NONE', #3372, #805, #2588, .T. ) ;
#2081 = FACE_OUTER_BOUND ( 'NONE', #632, .T. ) ;
#2082 = ADVANCED_FACE ( 'NONE', ( #1533 ), #3290, .T. ) ;
#2083 = ORIENTED_EDGE ( 'NONE', *, *, #3846, .T. ) ;
#2084 = VECTOR ( 'NONE', #1736, 1000.000000000000000 ) ;
#2085 = ORIENTED_EDGE ( 'NONE', *, *, #1888, .T. ) ;
#2086 = CARTESIAN_POINT ( 'NONE',  ( -0.3199999999999982858, 3.310000000000000053, -1.499999999999994671 ) ) ;
#2087 = ADVANCED_FACE ( 'NONE', ( #193 ), #2948, .T. ) ;
#2088 = FACE_OUTER_BOUND ( 'NONE', #3845, .T. ) ;
#2089 = EDGE_LOOP ( 'NONE', ( #132, #1931, #1112, #2935 ) ) ;
#2090 = VECTOR ( 'NONE', #4005, 1000.000000000000000 ) ;
#2091 = VECTOR ( 'NONE', #1136, 1000.000000000000000 ) ;
#2092 = VERTEX_POINT ( 'NONE', #1240 ) ;
#2093 = VERTEX_POINT ( 'NONE', #3579 ) ;
#2094 = VECTOR ( 'NONE', #3434, 1000.000000000000000 ) ;
#2095 = DIRECTION ( 'NONE',  ( 3.697785493223491196E-32, 1.000000000000000000, 6.106226635438358014E-16 ) ) ;
#2096 = VECTOR ( 'NONE', #2121, 1000.000000000000000 ) ;
#2097 =( GEOMETRIC_REPRESENTATION_CONTEXT ( 3 ) GLOBAL_UNCERTAINTY_ASSIGNED_CONTEXT ( ( #642 ) ) GLOBAL_UNIT_ASSIGNED_CONTEXT ( ( #593, #3287, #1890 ) ) REPRESENTATION_CONTEXT ( 'NONE', 'WORKASPACE' ) );
#2098 = DIRECTION ( 'NONE',  ( 3.697785493223491196E-32, 1.000000000000000000, 6.106226635438358014E-16 ) ) ;
#2099 = VECTOR ( 'NONE', #3475, 1000.000000000000000 ) ;
#2100 = DIRECTION ( 'NONE',  ( 1.000000000000000000, -3.081487911019593786E-33, -5.551115123125780237E-17 ) ) ;
#2101 = VECTOR ( 'NONE', #2168, 1000.000000000000000 ) ;
#2102 = CARTESIAN_POINT ( 'NONE',  ( -9.320000000000005613, 7.509999999999999787, 0.3200000000000083333 ) ) ;
#2103 = LINE ( 'NONE', #3713, #1962 ) ;
#2104 = LINE ( 'NONE', #3154, #3105 ) ;
#2105 = AXIS2_PLACEMENT_3D ( 'NONE', #2843, #4132, #3867 ) ;
#2106 = CARTESIAN_POINT ( 'NONE',  ( -3.320000000000002505, -3.180000000000000160, -2.679999999999999272 ) ) ;
#2107 = VERTEX_POINT ( 'NONE', #473 ) ;
#2108 = DIRECTION ( 'NONE',  ( 1.000000000000000000, 6.162975822039154730E-33, -6.106226635438359986E-16 ) ) ;
#2109 = VERTEX_POINT ( 'NONE', #2199 ) ;
#2110 = FACE_OUTER_BOUND ( 'NONE', #2253, .T. ) ;
#2111 = VERTEX_POINT ( 'NONE', #520 ) ;
#2112 = CARTESIAN_POINT ( 'NONE',  ( -5.680000000000003268, -3.180000000000000160, 0.3200000000000017830 ) ) ;
#2113 = DIRECTION ( 'NONE',  ( -9.436895709313828621E-16, -5.815936009160616511E-48, 1.000000000000000000 ) ) ;
#2114 = ORIENTED_EDGE ( 'NONE', *, *, #105, .F. ) ;
#2115 = ORIENTED_EDGE ( 'NONE', *, *, #3928, .T. ) ;
#2116 = ORIENTED_EDGE ( 'NONE', *, *, #510, .T. ) ;
#2117 = LINE ( 'NONE', #3491, #1068 ) ;
#2118 = EDGE_CURVE ( 'NONE', #1969, #2492, #2870, .T. ) ;
#2119 = DIRECTION ( 'NONE',  ( 3.697785493223491196E-32, 1.000000000000000000, 6.106226635438358014E-16 ) ) ;
#2120 = DIRECTION ( 'NONE',  ( 3.081487911019576681E-33, 1.000000000000000000, -5.131708243377014121E-49 ) ) ;
#2121 = DIRECTION ( 'NONE',  ( 3.697785493223491196E-32, 1.000000000000000000, 6.106226635438358014E-16 ) ) ;
#2122 = PLANE ( 'NONE',  #725 ) ;
#2123 = CARTESIAN_POINT ( 'NONE',  ( -4.500000000000003553, -3.365883960437809672E-16, -3.319999999999997620 ) ) ;
#2124 = PRODUCT_CONTEXT ( 'NONE', #3570, 'mechanical' ) ;
#2125 = FACE_OUTER_BOUND ( 'NONE', #2837, .T. ) ;
#2126 = EDGE_LOOP ( 'NONE', ( #2641, #4114, #1996, #481 ) ) ;
#2127 = DIRECTION ( 'NONE',  ( 1.000000000000000000, -3.081487911019593786E-33, -5.551115123125780237E-17 ) ) ;
#2128 = ORIENTED_EDGE ( 'NONE', *, *, #1586, .F. ) ;
#2129 = DIRECTION ( 'NONE',  ( 1.000000000000000000, 6.162975822039154730E-33, 1.110223024625156540E-16 ) ) ;
#2130 = EDGE_CURVE ( 'NONE', #2639, #167, #3600, .T. ) ;
#2131 = ORIENTED_EDGE ( 'NONE', *, *, #579, .F. ) ;
#2132 = DIRECTION ( 'NONE',  ( -4.440892098500625176E-16, -2.736911063134407734E-48, -1.000000000000000000 ) ) ;
#2133 = ORIENTED_EDGE ( 'NONE', *, *, #676, .F. ) ;
#2134 = EDGE_CURVE ( 'NONE', #2492, #253, #886, .T. ) ;
#2135 = ORIENTED_EDGE ( 'NONE', *, *, #565, .F. ) ;
#2136 = ORIENTED_EDGE ( 'NONE', *, *, #3146, .F. ) ;
#2137 = DIRECTION ( 'NONE',  ( 3.697785493223491196E-32, 1.000000000000000000, 6.106226635438358014E-16 ) ) ;
#2138 = DIRECTION ( 'NONE',  ( -3.697785493223491196E-32, -1.000000000000000000, -6.106226635438358014E-16 ) ) ;
#2139 = LINE ( 'NONE', #2073, #2608 ) ;
#2140 = EDGE_LOOP ( 'NONE', ( #4136, #1186, #3524, #2287 ) ) ;
#2141 = CARTESIAN_POINT ( 'NONE',  ( -10.27000000000000490, 9.910000000000000142, -4.269999999999992468 ) ) ;
#2142 = EDGE_CURVE ( 'NONE', #406, #2989, #1496, .T. ) ;
#2143 = DIRECTION ( 'NONE',  ( 5.551115123125782702E-17, 3.421138828918009667E-49, 1.000000000000000000 ) ) ;
#2144 = DIRECTION ( 'NONE',  ( -1.000000000000000000, -6.162975822039154730E-33, 5.551115123125780237E-17 ) ) ;
#2145 = DIRECTION ( 'NONE',  ( 0.7071067811865470176, 4.357881996052620316E-33, -0.7071067811865481278 ) ) ;
#2146 =( NAMED_UNIT ( * ) SI_UNIT ( $, .STERADIAN. ) SOLID_ANGLE_UNIT ( ) );
#2147 = EDGE_LOOP ( 'NONE', ( #1489, #2392, #4098, #2829 ) ) ;
#2148 = CARTESIAN_POINT ( 'NONE',  ( -4.270000000000002238, 9.910000000000000142, -2.379999999999991456 ) ) ;
#2149 =( GEOMETRIC_REPRESENTATION_CONTEXT ( 3 ) GLOBAL_UNCERTAINTY_ASSIGNED_CONTEXT ( ( #3589 ) ) GLOBAL_UNIT_ASSIGNED_CONTEXT ( ( #748, #1819, #2577 ) ) REPRESENTATION_CONTEXT ( 'NONE', 'WORKASPACE' ) );
#2150 = VERTEX_POINT ( 'NONE', #4245 ) ;
#2151 = LINE ( 'NONE', #1784, #1157 ) ;
#2152 = ORIENTED_EDGE ( 'NONE', *, *, #771, .T. ) ;
#2153 = FACE_OUTER_BOUND ( 'NONE', #2647, .T. ) ;
#2154 = ORIENTED_EDGE ( 'NONE', *, *, #951, .T. ) ;
#2155 = VECTOR ( 'NONE', #3572, 1000.000000000000000 ) ;
#2156 = VERTEX_POINT ( 'NONE', #3920 ) ;
#2157 = VECTOR ( 'NONE', #1354, 1000.000000000000000 ) ;
#2158 = CARTESIAN_POINT ( 'NONE',  ( -4.270000000000002238, 3.310000000000000053, 0.6200000000000056577 ) ) ;
#2159 = PLANE ( 'NONE',  #1006 ) ;
#2160 = VECTOR ( 'NONE', #1275, 1000.000000000000000 ) ;
#2161 = CARTESIAN_POINT ( 'NONE',  ( -1.730000000000001537, 9.910000000000000142, -1.729999999999991767 ) ) ;
#2162 = EDGE_LOOP ( 'NONE', ( #2171, #2696, #2701, #2827 ) ) ;
#2163 = FACE_OUTER_BOUND ( 'NONE', #3532, .T. ) ;
#2164 = VECTOR ( 'NONE', #682, 1000.000000000000000 ) ;
#2165 = CARTESIAN_POINT ( 'NONE',  ( -4.730000000000000426, 3.310000000000003162, -4.269999999999992468 ) ) ;
#2166 = VECTOR ( 'NONE', #2899, 1000.000000000000000 ) ;
#2167 = DIRECTION ( 'NONE',  ( 6.106226635438359986E-16, 3.763252711809810862E-48, 1.000000000000000000 ) ) ;
#2168 = DIRECTION ( 'NONE',  ( 5.551115123125785167E-17, 0.7644333195971197981, 0.6447027996602215927 ) ) ;
#2169 = VECTOR ( 'NONE', #1626, 1000.000000000000114 ) ;
#2170 = CARTESIAN_POINT ( 'NONE',  ( -3.320000000000002505, -3.180000000000000160, -3.319999999999998952 ) ) ;
#2171 = ORIENTED_EDGE ( 'NONE', *, *, #1110, .F. ) ;
#2172 = VECTOR ( 'NONE', #2699, 1000.000000000000000 ) ;
#2173 = DIRECTION ( 'NONE',  ( 1.000000000000000000, 6.162975822039154730E-33, 9.436895709313828621E-16 ) ) ;
#2174 = VECTOR ( 'NONE', #2480, 1000.000000000000000 ) ;
#2175 = ORIENTED_EDGE ( 'NONE', *, *, #1414, .F. ) ;
#2176 = DIRECTION ( 'NONE',  ( 3.697785493223491196E-32, 1.000000000000000000, 6.106226635438358014E-16 ) ) ;
#2177 = ORIENTED_EDGE ( 'NONE', *, *, #966, .T. ) ;
#2178 = DIRECTION ( 'NONE',  ( 3.697785493223491196E-32, 1.000000000000000000, 6.106226635438358014E-16 ) ) ;
#2179 = ORIENTED_EDGE ( 'NONE', *, *, #3827, .T. ) ;
#2180 = EDGE_CURVE ( 'NONE', #2231, #3854, #2578, .T. ) ;
#2181 = DIRECTION ( 'NONE',  ( -5.551115123125782702E-17, -3.421138828918009667E-49, -1.000000000000000000 ) ) ;
#2182 = CARTESIAN_POINT ( 'NONE',  ( -7.730000000000003979, 9.910000000000000142, -1.729999999999991767 ) ) ;
#2183 = EDGE_CURVE ( 'NONE', #3786, #1253, #1184, .T. ) ;
#2184 = ORIENTED_EDGE ( 'NONE', *, *, #3427, .T. ) ;
#2185 = DIRECTION ( 'NONE',  ( 3.697785493223491196E-32, 1.000000000000000000, 6.106226635438358014E-16 ) ) ;
#2186 = LINE ( 'NONE', #3909, #3614 ) ;
#2187 = DIRECTION ( 'NONE',  ( -3.697785493223491196E-32, -1.000000000000000000, -6.106226635438358014E-16 ) ) ;
#2188 = EDGE_CURVE ( 'NONE', #3435, #590, #3234, .T. ) ;
#2189 = ADVANCED_FACE ( 'NONE', ( #2604 ), #838, .T. ) ;
#2190 = DIRECTION ( 'NONE',  ( -1.000000000000000000, -6.162975822039154730E-33, 5.551115123125780237E-17 ) ) ;
#2191 = CARTESIAN_POINT ( 'NONE',  ( -3.620000000000000995, 9.910000000000000142, 1.270000000000009344 ) ) ;
#2192 = ORIENTED_EDGE ( 'NONE', *, *, #3122, .F. ) ;
#2193 = ADVANCED_FACE ( 'NONE', ( #1250 ), #4298, .T. ) ;
#2194 = DIRECTION ( 'NONE',  ( -0.7071067811865470176, -4.357881996052620316E-33, 0.7071067811865481278 ) ) ;
#2195 = VERTEX_POINT ( 'NONE', #1906 ) ;
#2196 = DIRECTION ( 'NONE',  ( 3.697785493223491196E-32, 1.000000000000000000, 6.106226635438358014E-16 ) ) ;
#2197 = ORIENTED_EDGE ( 'NONE', *, *, #2464, .T. ) ;
#2198 = LINE ( 'NONE', #472, #1718 ) ;
#2199 = CARTESIAN_POINT ( 'NONE',  ( -6.320000000000002061, 7.509999999999999787, -0.3199999999999916245 ) ) ;
#2200 = DIRECTION ( 'NONE',  ( -1.000000000000000000, -6.162975822039154730E-33, 5.551115123125780237E-17 ) ) ;
#2201 = VERTEX_POINT ( 'NONE', #819 ) ;
#2202 = CARTESIAN_POINT ( 'NONE',  ( -0.3199999999999982858, 7.509999999999999787, -2.679999999999993054 ) ) ;
#2203 = SURFACE_STYLE_USAGE ( .BOTH. , #120 ) ;
#2204 = DIRECTION ( 'NONE',  ( 1.000000000000000000, 6.162975822039154730E-33, -5.551115123125780237E-17 ) ) ;
#2205 = ORIENTED_EDGE ( 'NONE', *, *, #1218, .F. ) ;
#2206 = DIRECTION ( 'NONE',  ( 5.551115123125782702E-17, 3.421138828918009667E-49, 1.000000000000000000 ) ) ;
#2207 = PLANE ( 'NONE',  #489 ) ;
#2208 = FACE_OUTER_BOUND ( 'NONE', #3106, .T. ) ;
#2209 = LINE ( 'NONE', #1606, #1444 ) ;
#2210 = LINE ( 'NONE', #3591, #1651 ) ;
#2211 = ORIENTED_EDGE ( 'NONE', *, *, #1117, .F. ) ;
#2212 = CARTESIAN_POINT ( 'NONE',  ( 0.3199999999999998956, -3.180000000000000160, -2.679999999999999272 ) ) ;
#2213 = EDGE_CURVE ( 'NONE', #1119, #550, #2539, .T. ) ;
#2214 = EDGE_LOOP ( 'NONE', ( #4020, #953, #1637, #159 ) ) ;
#2215 = PLANE ( 'NONE',  #1232 ) ;
#2216 = VERTEX_POINT ( 'NONE', #2901 ) ;
#2217 = SURFACE_SIDE_STYLE ('',( #1269 ) ) ;
#2218 = DIRECTION ( 'NONE',  ( 1.000000000000000000, 6.162975822039154730E-33, -5.551115123125780237E-17 ) ) ;
#2219 = EDGE_CURVE ( 'NONE', #1769, #1971, #2270, .T. ) ;
#2220 = ADVANCED_FACE ( 'NONE', ( #3283 ), #1591, .T. ) ;
#2221 = VECTOR ( 'NONE', #4026, 1000.000000000000000 ) ;
#2222 = FACE_OUTER_BOUND ( 'NONE', #3442, .T. ) ;
#2223 = VERTEX_POINT ( 'NONE', #4349 ) ;
#2224 = VECTOR ( 'NONE', #4058, 1000.000000000000000 ) ;
#2225 = EDGE_CURVE ( 'NONE', #3470, #3137, #538, .T. ) ;
#2226 = FACE_OUTER_BOUND ( 'NONE', #3195, .T. ) ;
#2227 = CARTESIAN_POINT ( 'NONE',  ( -3.320000000000002505, -3.365883960437809179E-16, -1.499999999999996669 ) ) ;
#2228 = VECTOR ( 'NONE', #2263, 1000.000000000000000 ) ;
#2229 = CARTESIAN_POINT ( 'NONE',  ( 0.3200000000000033928, -3.180000000000000160, -3.320000000000000728 ) ) ;
#2230 = VECTOR ( 'NONE', #1544, 1000.000000000000000 ) ;
#2231 = VERTEX_POINT ( 'NONE', #1566 ) ;
#2232 = DIRECTION ( 'NONE',  ( 3.081487911019576681E-33, 1.000000000000000000, -5.131708243377014121E-49 ) ) ;
#2233 = DIRECTION ( 'NONE',  ( 1.000000000000000000, 6.162975822039154730E-33, 5.551115123125782702E-17 ) ) ;
#2234 = PLANE ( 'NONE',  #2815 ) ;
#2235 = VECTOR ( 'NONE', #4460, 1000.000000000000000 ) ;
#2236 = VECTOR ( 'NONE', #3453, 1000.000000000000000 ) ;
#2237 = CARTESIAN_POINT ( 'NONE',  ( -3.800000000000003819, 6.959999999999999964, -6.329999999999995630 ) ) ;
#2238 = DIRECTION ( 'NONE',  ( 3.697785493223491196E-32, 1.000000000000000000, 6.106226635438358014E-16 ) ) ;
#2239 = ORIENTED_EDGE ( 'NONE', *, *, #1550, .F. ) ;
#2240 = VECTOR ( 'NONE', #2510, 1000.000000000000000 ) ;
#2241 = CARTESIAN_POINT ( 'NONE',  ( -5.680000000000003268, -3.180000000000000160, 0.3200000000000017830 ) ) ;
#2242 = AXIS2_PLACEMENT_3D ( 'NONE', #2773, #1487, #4168 ) ;
#2243 = EDGE_LOOP ( 'NONE', ( #972, #2847, #3187, #3641 ) ) ;
#2244 = LINE ( 'NONE', #3624, #2460 ) ;
#2245 = ORIENTED_EDGE ( 'NONE', *, *, #4193, .F. ) ;
#2246 = LINE ( 'NONE', #3646, #2292 ) ;
#2247 = CARTESIAN_POINT ( 'NONE',  ( -0.3199999999999982858, -3.180000000000000160, 0.3200000000000000067 ) ) ;
#2248 = AXIS2_PLACEMENT_3D ( 'NONE', #2804, #1090, #3561 ) ;
#2249 = EDGE_CURVE ( 'NONE', #2092, #4010, #186, .T. ) ;
#2250 = EDGE_CURVE ( 'NONE', #4030, #2494, #1227, .T. ) ;
#2251 = CONICAL_SURFACE ( 'NONE', #4411, 0.4149999999999999800, 0.7853981625000003852 ) ;
#2252 = CARTESIAN_POINT ( 'NONE',  ( -4.500000000000003553, -3.180000000000000160, -1.499999999999998446 ) ) ;
#2253 = EDGE_LOOP ( 'NONE', ( #2342, #2904, #2873, #1964 ) ) ;
#2254 = EDGE_CURVE ( 'NONE', #516, #2800, #3667, .T. ) ;
#2255 = FILL_AREA_STYLE_COLOUR ( '', #4471 ) ;
#2256 = DIRECTION ( 'NONE',  ( -5.551115123125782702E-17, -3.421138828918009667E-49, -1.000000000000000000 ) ) ;
#2257 = EDGE_LOOP ( 'NONE', ( #4276, #3000, #701, #1721 ) ) ;
#2258 = DIRECTION ( 'NONE',  ( -5.551115123125782702E-17, -3.421138828918009667E-49, -1.000000000000000000 ) ) ;
#2259 = CARTESIAN_POINT ( 'NONE',  ( -8.680000000000003268, -3.180000000000000160, -3.319999999999998952 ) ) ;
#2260 = EDGE_CURVE ( 'NONE', #3777, #3090, #2339, .T. ) ;
#2261 =( LENGTH_UNIT ( ) NAMED_UNIT ( * ) SI_UNIT ( .MILLI., .METRE. ) );
#2262 = FACE_OUTER_BOUND ( 'NONE', #873, .T. ) ;
#2263 = DIRECTION ( 'NONE',  ( 1.000000000000000000, 6.162975822039154730E-33, 9.436895709313828621E-16 ) ) ;
#2264 = VERTEX_POINT ( 'NONE', #985 ) ;
#2265 = DIRECTION ( 'NONE',  ( -1.000000000000000000, -6.162975822039154730E-33, 5.551115123125780237E-17 ) ) ;
#2266 = ORIENTED_EDGE ( 'NONE', *, *, #338, .F. ) ;
#2267 = CARTESIAN_POINT ( 'NONE',  ( -1.269999999999999352, 3.310000000000000497, 0.6200000000000096545 ) ) ;
#2268 = ORIENTED_EDGE ( 'NONE', *, *, #1997, .F. ) ;
#2269 = DIRECTION ( 'NONE',  ( 3.697785493223491196E-32, 1.000000000000000000, 6.106226635438358014E-16 ) ) ;
#2270 = LINE ( 'NONE', #207, #3383 ) ;
#2271 = DIRECTION ( 'NONE',  ( -1.000000000000000000, -6.162975822039154730E-33, 5.551115123125782702E-17 ) ) ;
#2272 = EDGE_LOOP ( 'NONE', ( #1957, #2306, #3895, #2884 ) ) ;
#2273 = EDGE_CURVE ( 'NONE', #3049, #4273, #2667, .T. ) ;
#2274 = EDGE_CURVE ( 'NONE', #3077, #3121, #3776, .T. ) ;
#2275 = FILL_AREA_STYLE_COLOUR ( '', #3822 ) ;
#2276 = PLANE ( 'NONE',  #2672 ) ;
#2277 = ORIENTED_EDGE ( 'NONE', *, *, #3662, .F. ) ;
#2278 = EDGE_CURVE ( 'NONE', #3125, #3562, #1655, .T. ) ;
#2279 = DIRECTION ( 'NONE',  ( 1.000000000000000000, -3.081487911019593786E-33, -5.551115123125780237E-17 ) ) ;
#2280 = FACE_OUTER_BOUND ( 'NONE', #3300, .T. ) ;
#2281 = ADVANCED_FACE ( 'NONE', ( #3731 ), #2403, .F. ) ;
#2282 = DIRECTION ( 'NONE',  ( 0.000000000000000000, -6.106226635438358014E-16, 1.000000000000000000 ) ) ;
#2283 = EDGE_LOOP ( 'NONE', ( #825, #1611, #36, #272 ) ) ;
#2284 = CARTESIAN_POINT ( 'NONE',  ( -4.500000000000000000, 3.310000000000000053, -2.679999999999995719 ) ) ;
#2285 = ORIENTED_EDGE ( 'NONE', *, *, #3846, .F. ) ;
#2286 = FACE_OUTER_BOUND ( 'NONE', #2724, .T. ) ;
#2287 = ORIENTED_EDGE ( 'NONE', *, *, #2250, .T. ) ;
#2288 = DIRECTION ( 'NONE',  ( 3.697785493223491196E-32, 1.000000000000000000, 6.106226635438358014E-16 ) ) ;
#2289 = LINE ( 'NONE', #557, #4261 ) ;
#2290 = EDGE_LOOP ( 'NONE', ( #2205, #4067, #1564, #2245 ) ) ;
#2291 = ORIENTED_EDGE ( 'NONE', *, *, #4446, .F. ) ;
#2292 = VECTOR ( 'NONE', #3261, 1000.000000000000000 ) ;
#2293 = SURFACE_STYLE_FILL_AREA ( #4302 ) ;
#2294 = LINE ( 'NONE', #543, #1677 ) ;
#2295 = FACE_OUTER_BOUND ( 'NONE', #3416, .T. ) ;
#2296 = EDGE_CURVE ( 'NONE', #2231, #406, #316, .T. ) ;
#2297 = ORIENTED_EDGE ( 'NONE', *, *, #1507, .T. ) ;
#2298 = AXIS2_PLACEMENT_3D ( 'NONE', #1999, #3564, #1141 ) ;
#2299 = DIRECTION ( 'NONE',  ( 3.697785493223491196E-32, 1.000000000000000000, 6.106226635438358014E-16 ) ) ;
#2300 = VECTOR ( 'NONE', #1627, 1000.000000000000000 ) ;
#2301 = LINE ( 'NONE', #1008, #2970 ) ;
#2302 = FACE_OUTER_BOUND ( 'NONE', #2564, .T. ) ;
#2303 = VERTEX_POINT ( 'NONE', #4027 ) ;
#2304 = AXIS2_PLACEMENT_3D ( 'NONE', #1347, #4100, #1366 ) ;
#2305 = DIRECTION ( 'NONE',  ( -1.000000000000000000, -6.162975822039154730E-33, 2.220446049250312341E-16 ) ) ;
#2306 = ORIENTED_EDGE ( 'NONE', *, *, #889, .T. ) ;
#2307 = CARTESIAN_POINT ( 'NONE',  ( 4.500000000000000000, -3.180000000000000160, -1.500000000000000222 ) ) ;
#2308 =( GEOMETRIC_REPRESENTATION_CONTEXT ( 3 ) GLOBAL_UNCERTAINTY_ASSIGNED_CONTEXT ( ( #3811 ) ) GLOBAL_UNIT_ASSIGNED_CONTEXT ( ( #4393, #975, #1024 ) ) REPRESENTATION_CONTEXT ( 'NONE', 'WORKASPACE' ) );
#2309 = ORIENTED_EDGE ( 'NONE', *, *, #1580, .T. ) ;
#2310 = CARTESIAN_POINT ( 'NONE',  ( -0.6199999999999998845, 9.910000000000000142, 1.270000000000009344 ) ) ;
#2311 = VECTOR ( 'NONE', #3278, 1000.000000000000000 ) ;
#2312 = CARTESIAN_POINT ( 'NONE',  ( -5.200000000000001954, 7.709999999999999964, -6.329999999999995630 ) ) ;
#2313 = EDGE_LOOP ( 'NONE', ( #2733, #1699, #1977, #4290 ) ) ;
#2314 = VECTOR ( 'NONE', #759, 1000.000000000000000 ) ;
#2315 = ADVANCED_FACE ( 'NONE', ( #923 ), #2014, .T. ) ;
#2316 =( GEOMETRIC_REPRESENTATION_CONTEXT ( 3 ) GLOBAL_UNCERTAINTY_ASSIGNED_CONTEXT ( ( #3719 ) ) GLOBAL_UNIT_ASSIGNED_CONTEXT ( ( #4187, #145, #4226 ) ) REPRESENTATION_CONTEXT ( 'NONE', 'WORKASPACE' ) );
#2317 = VERTEX_POINT ( 'NONE', #1270 ) ;
#2318 = VECTOR ( 'NONE', #995, 1000.000000000000000 ) ;
#2319 = VECTOR ( 'NONE', #3520, 1000.000000000000000 ) ;
#2320 = DIRECTION ( 'NONE',  ( -5.551115123125782702E-17, -4.027036640660439744E-15, -1.000000000000000000 ) ) ;
#2321 = VECTOR ( 'NONE', #603, 1000.000000000000000 ) ;
#2322 = AXIS2_PLACEMENT_3D ( 'NONE', #3464, #1747, #2363 ) ;
#2323 = SURFACE_SIDE_STYLE ('',( #1360 ) ) ;
#2324 = DIRECTION ( 'NONE',  ( 3.697785493223491196E-32, 1.000000000000000000, 6.106226635438358014E-16 ) ) ;
#2325 = AXIS2_PLACEMENT_3D ( 'NONE', #3335, #235, #1271 ) ;
#2326 = DIRECTION ( 'NONE',  ( 3.081487911019576681E-33, 1.000000000000000000, -5.131708243377014121E-49 ) ) ;
#2327 = VERTEX_POINT ( 'NONE', #2310 ) ;
#2328 = DIRECTION ( 'NONE',  ( 3.697785493223491196E-32, 1.000000000000000000, 6.106226635438358014E-16 ) ) ;
#2329 = ADVANCED_FACE ( 'NONE', ( #3693 ), #3394, .T. ) ;
#2330 = DIRECTION ( 'NONE',  ( -5.551115123125782702E-17, -4.027036640660439744E-15, -1.000000000000000000 ) ) ;
#2331 = LINE ( 'NONE', #1262, #2874 ) ;
#2332 = EDGE_LOOP ( 'NONE', ( #3954, #2430, #1474, #537 ) ) ;
#2333 = EDGE_CURVE ( 'NONE', #2429, #3296, #2987, .T. ) ;
#2334 = FACE_OUTER_BOUND ( 'NONE', #3625, .T. ) ;
#2335 = EDGE_CURVE ( 'NONE', #1900, #4157, #4073, .T. ) ;
#2336 = LINE ( 'NONE', #3709, #2321 ) ;
#2337 = VERTEX_POINT ( 'NONE', #662 ) ;
#2338 = PRESENTATION_STYLE_ASSIGNMENT (( #3730 ) ) ;
#2339 = LINE ( 'NONE', #2355, #4327 ) ;
#2340 = DIRECTION ( 'NONE',  ( -3.697785493223491196E-32, -1.000000000000000000, -6.106226635438358014E-16 ) ) ;
#2341 = ORIENTED_EDGE ( 'NONE', *, *, #4064, .T. ) ;
#2342 = ORIENTED_EDGE ( 'NONE', *, *, #4249, .F. ) ;
#2343 = CARTESIAN_POINT ( 'NONE',  ( -7.270000000000002238, 9.910000000000000142, -4.269999999999992468 ) ) ;
#2344 = DIRECTION ( 'NONE',  ( 3.697785493223491196E-32, 1.000000000000000000, 6.106226635438358014E-16 ) ) ;
#2345 = CARTESIAN_POINT ( 'NONE',  ( -4.500000000000003553, -3.365883960437809672E-16, 0.3200000000000037259 ) ) ;
#2346 = ORIENTED_EDGE ( 'NONE', *, *, #1527, .T. ) ;
#2347 = CARTESIAN_POINT ( 'NONE',  ( -8.680000000000003268, 7.509999999999999787, -3.319999999999993179 ) ) ;
#2348 = CARTESIAN_POINT ( 'NONE',  ( -2.680000000000001048, -3.365883960437809179E-16, -2.679999999999997495 ) ) ;
#2349 = DIRECTION ( 'NONE',  ( 3.697785493223491196E-32, 1.000000000000000000, 6.106226635438358014E-16 ) ) ;
#2350 = ORIENTED_EDGE ( 'NONE', *, *, #2611, .T. ) ;
#2351 = DIRECTION ( 'NONE',  ( 5.551115123125782702E-17, 3.421138828918009667E-49, 1.000000000000000000 ) ) ;
#2352 = CARTESIAN_POINT ( 'NONE',  ( 1.924999999999998712, 9.910000000000000142, -4.929999999999991722 ) ) ;
#2353 = CARTESIAN_POINT ( 'NONE',  ( -4.729999999999996874, 9.910000000000000142, 0.6200000000000096545 ) ) ;
#2354 = ORIENTED_EDGE ( 'NONE', *, *, #1691, .T. ) ;
#2355 = CARTESIAN_POINT ( 'NONE',  ( -4.270000000000002238, 3.310000000000000053, -1.269999999999998685 ) ) ;
#2356 = EDGE_CURVE ( 'NONE', #1706, #2900, #4453, .T. ) ;
#2357 = EDGE_CURVE ( 'NONE', #3137, #1791, #1633, .T. ) ;
#2358 = DIRECTION ( 'NONE',  ( 3.697785493223491196E-32, 1.000000000000000000, 6.106226635438358014E-16 ) ) ;
#2359 = ORIENTED_EDGE ( 'NONE', *, *, #3143, .T. ) ;
#2360 = ORIENTED_EDGE ( 'NONE', *, *, #4146, .F. ) ;
#2361 =( LENGTH_UNIT ( ) NAMED_UNIT ( * ) SI_UNIT ( .MILLI., .METRE. ) );
#2362 = ADVANCED_FACE ( 'NONE', ( #3032 ), #4053, .T. ) ;
#2363 = DIRECTION ( 'NONE',  ( 1.000000000000000000, 6.162975822039154730E-33, -5.551115123125780237E-17 ) ) ;
#2364 = DIRECTION ( 'NONE',  ( 0.000000000000000000, 6.106226635438358014E-16, -1.000000000000000000 ) ) ;
#2365 = VERTEX_POINT ( 'NONE', #2693 ) ;
#2366 = DIRECTION ( 'NONE',  ( 1.000000000000000000, 6.162975822039154730E-33, 1.276756478318929824E-15 ) ) ;
#2367 = VECTOR ( 'NONE', #1927, 1000.000000000000000 ) ;
#2368 = UNCERTAINTY_MEASURE_WITH_UNIT (LENGTH_MEASURE( 1.000000000000000082E-05 ), #2538, 'distance_accuracy_value', 'NONE');
#2369 = CARTESIAN_POINT ( 'NONE',  ( -1.500000000000000444, 7.509999999999999787, -1.499999999999992006 ) ) ;
#2370 = PRESENTATION_LAYER_ASSIGNMENT (  '', '', ( #4316 ) ) ;
#2371 = DIRECTION ( 'NONE',  ( -3.697785493223491196E-32, -1.000000000000000000, -6.106226635438358014E-16 ) ) ;
#2372 =( NAMED_UNIT ( * ) PLANE_ANGLE_UNIT ( ) SI_UNIT ( $, .RADIAN. ) );
#2373 = VECTOR ( 'NONE', #2895, 1000.000000000000000 ) ;
#2374 = DIRECTION ( 'NONE',  ( 3.389636702121533459E-32, 1.000000000000000000, 5.672725669345085874E-16 ) ) ;
#2375 = ORIENTED_EDGE ( 'NONE', *, *, #1194, .T. ) ;
#2376 = DIRECTION ( 'NONE',  ( 5.551115123125782702E-17, -6.106226635438358014E-16, 1.000000000000000000 ) ) ;
#2377 = CARTESIAN_POINT ( 'NONE',  ( -5.680000000000003268, -3.180000000000000160, -3.319999999999998952 ) ) ;
#2378 = VECTOR ( 'NONE', #2137, 1000.000000000000000 ) ;
#2379 = CARTESIAN_POINT ( 'NONE',  ( -4.270000000000002238, 9.910000000000000142, -2.379999999999991456 ) ) ;
#2380 = ORIENTED_EDGE ( 'NONE', *, *, #2627, .T. ) ;
#2381 = ADVANCED_FACE ( 'NONE', ( #1698 ), #680, .T. ) ;
#2382 = VERTEX_POINT ( 'NONE', #3073 ) ;
#2383 = CARTESIAN_POINT ( 'NONE',  ( -7.270000000000002238, 9.910000000000000142, -1.729999999999991767 ) ) ;
#2384 = ADVANCED_FACE ( 'NONE', ( #4110 ), #1018, .T. ) ;
#2385 = VECTOR ( 'NONE', #376, 1000.000000000000000 ) ;
#2386 = FILL_AREA_STYLE_COLOUR ( '', #214 ) ;
#2387 = CARTESIAN_POINT ( 'NONE',  ( -1.269999999999999352, 9.910000000000000142, -4.269999999999992468 ) ) ;
#2388 = PLANE ( 'NONE',  #1304 ) ;
#2389 = EDGE_CURVE ( 'NONE', #1781, #2327, #2589, .T. ) ;
#2390 = AXIS2_PLACEMENT_3D ( 'NONE', #4129, #659, #1351 ) ;
#2391 = COLOUR_RGB ( '',0.7921568627450980005, 0.8196078431372548767, 0.9333333333333333481 ) ;
#2392 = ORIENTED_EDGE ( 'NONE', *, *, #1411, .F. ) ;
#2393 = AXIS2_PLACEMENT_3D ( 'NONE', #4090, #3055, #2462 ) ;
#2394 = CARTESIAN_POINT ( 'NONE',  ( -10.92500000000000071, 9.910000000000000142, -4.929999999999991722 ) ) ;
#2395 = AXIS2_PLACEMENT_3D ( 'NONE', #1432, #2814, #3838 ) ;
#2396 = ADVANCED_FACE ( 'NONE', ( #1625 ), #2634, .F. ) ;
#2397 = CARTESIAN_POINT ( 'NONE',  ( -6.320000000000002061, -3.180000000000000160, 0.3200000000000017830 ) ) ;
#2398 = FACE_OUTER_BOUND ( 'NONE', #3660, .T. ) ;
#2399 = ADVANCED_FACE ( 'NONE', ( #3637 ), #2207, .T. ) ;
#2400 = DIRECTION ( 'NONE',  ( -3.697785493223491196E-32, -1.000000000000000000, -6.106226635438358014E-16 ) ) ;
#2401 = ORIENTED_EDGE ( 'NONE', *, *, #43, .T. ) ;
#2402 = DIRECTION ( 'NONE',  ( 3.697785493223491196E-32, 1.000000000000000000, 6.106226635438358014E-16 ) ) ;
#2403 = PLANE ( 'NONE',  #1428 ) ;
#2404 = ORIENTED_EDGE ( 'NONE', *, *, #912, .F. ) ;
#2405 = PLANE ( 'NONE',  #1001 ) ;
#2406 = VERTEX_POINT ( 'NONE', #913 ) ;
#2407 = ORIENTED_EDGE ( 'NONE', *, *, #3411, .T. ) ;
#2408 = DIRECTION ( 'NONE',  ( 3.697785493223491196E-32, 1.000000000000000000, 6.106226635438358014E-16 ) ) ;
#2409 =( NAMED_UNIT ( * ) PLANE_ANGLE_UNIT ( ) SI_UNIT ( $, .RADIAN. ) );
#2410 = CARTESIAN_POINT ( 'NONE',  ( -7.730000000000003979, 3.310000000000003162, -4.269999999999992468 ) ) ;
#2411 = EDGE_LOOP ( 'NONE', ( #3329, #2923, #992, #1065 ) ) ;
#2412 = EDGE_CURVE ( 'NONE', #4216, #2337, #3588, .T. ) ;
#2413 = ORIENTED_EDGE ( 'NONE', *, *, #3066, .F. ) ;
#2414 = LINE ( 'NONE', #3744, #3161 ) ;
#2415 = LINE ( 'NONE', #1408, #3977 ) ;
#2416 = EDGE_CURVE ( 'NONE', #1642, #2633, #1534, .T. ) ;
#2417 = DIRECTION ( 'NONE',  ( -3.697785493223491196E-32, -1.000000000000000000, -6.106226635438358014E-16 ) ) ;
#2418 = EDGE_CURVE ( 'NONE', #49, #3878, #3247, .T. ) ;
#2419 = PRESENTATION_STYLE_ASSIGNMENT (( #1738 ) ) ;
#2420 = ADVANCED_FACE ( 'NONE', ( #1241 ), #569, .T. ) ;
#2421 = DIRECTION ( 'NONE',  ( 0.000000000000000000, 0.000000000000000000, 1.000000000000000000 ) ) ;
#2422 = CARTESIAN_POINT ( 'NONE',  ( -6.320000000000002061, -3.180000000000000160, -3.319999999999998952 ) ) ;
#2423 = DIRECTION ( 'NONE',  ( 3.697785493223491196E-32, 1.000000000000000000, 6.106226635438358014E-16 ) ) ;
#2424 = EDGE_LOOP ( 'NONE', ( #2705, #2665, #236, #3707, #1684, #3169, #1177, #1043, #4457, #1312 ) ) ;
#2425 = DIRECTION ( 'NONE',  ( 1.000000000000000000, 6.162975822039154730E-33, 1.387778780781445281E-15 ) ) ;
#2426 = ORIENTED_EDGE ( 'NONE', *, *, #3088, .F. ) ;
#2427 = CARTESIAN_POINT ( 'NONE',  ( -4.270000000000002238, 9.910000000000000142, -1.269999999999994911 ) ) ;
#2428 = CARTESIAN_POINT ( 'NONE',  ( -8.680000000000003268, 3.310000000000000053, -2.679999999999995719 ) ) ;
#2429 = VERTEX_POINT ( 'NONE', #243 ) ;
#2430 = ORIENTED_EDGE ( 'NONE', *, *, #1945, .F. ) ;
#2431 = ORIENTED_EDGE ( 'NONE', *, *, #2554, .T. ) ;
#2432 = PLANE ( 'NONE',  #1949 ) ;
#2433 = EDGE_CURVE ( 'NONE', #2028, #1788, #3613, .T. ) ;
#2434 = CARTESIAN_POINT ( 'NONE',  ( -1.269999999999999352, 9.910000000000000142, -2.379999999999991456 ) ) ;
#2435 = FACE_OUTER_BOUND ( 'NONE', #2864, .T. ) ;
#2436 = CARTESIAN_POINT ( 'NONE',  ( -2.680000000000001048, -3.180000000000000160, -2.679999999999999272 ) ) ;
#2437 = PLANE ( 'NONE',  #2962 ) ;
#2438 = FILL_AREA_STYLE ('',( #2466 ) ) ;
#2439 = ORIENTED_EDGE ( 'NONE', *, *, #4381, .T. ) ;
#2440 = AXIS2_PLACEMENT_3D ( 'NONE', #3200, #2546, #2258 ) ;
#2441 = CARTESIAN_POINT ( 'NONE',  ( -6.320000000000002061, 7.509999999999999787, -2.679999999999993054 ) ) ;
#2442 = ORIENTED_EDGE ( 'NONE', *, *, #2356, .F. ) ;
#2443 = LINE ( 'NONE', #3824, #2807 ) ;
#2444 = VECTOR ( 'NONE', #1975, 1000.000000000000000 ) ;
#2445 = VERTEX_POINT ( 'NONE', #3273 ) ;
#2446 =( NAMED_UNIT ( * ) SI_UNIT ( $, .STERADIAN. ) SOLID_ANGLE_UNIT ( ) );
#2447 = EDGE_CURVE ( 'NONE', #795, #4076, #1192, .T. ) ;
#2448 = PLANE ( 'NONE',  #4115 ) ;
#2449 = ORIENTED_EDGE ( 'NONE', *, *, #2788, .F. ) ;
#2450 = VECTOR ( 'NONE', #2725, 1000.000000000000000 ) ;
#2451 = MECHANICAL_DESIGN_GEOMETRIC_PRESENTATION_REPRESENTATION (  '', ( #2806 ), #2308 ) ;
#2452 = VERTEX_POINT ( 'NONE', #1965 ) ;
#2453 = ORIENTED_EDGE ( 'NONE', *, *, #3409, .T. ) ;
#2454 = VECTOR ( 'NONE', #3501, 1000.000000000000000 ) ;
#2455 = CARTESIAN_POINT ( 'NONE',  ( -8.680000000000003268, -3.180000000000000160, 0.3200000000000017830 ) ) ;
#2456 = VECTOR ( 'NONE', #3222, 1000.000000000000000 ) ;
#2457 = VECTOR ( 'NONE', #3061, 1000.000000000000000 ) ;
#2458 = PLANE ( 'NONE',  #4339 ) ;
#2459 = DIRECTION ( 'NONE',  ( -1.000000000000000000, -6.162975822039154730E-33, 5.551115123125780237E-17 ) ) ;
#2460 = VECTOR ( 'NONE', #517, 1000.000000000000000 ) ;
#2461 = CARTESIAN_POINT ( 'NONE',  ( -0.3199999999999982858, -3.180000000000000160, -3.319999999999998952 ) ) ;
#2462 = DIRECTION ( 'NONE',  ( 3.697785493223491196E-32, 1.000000000000000000, 6.106226635438358014E-16 ) ) ;
#2463 = ADVANCED_FACE ( 'NONE', ( #1605 ), #2566, .T. ) ;
#2464 = EDGE_CURVE ( 'NONE', #4390, #366, #3315, .T. ) ;
#2465 = DIRECTION ( 'NONE',  ( 3.697785493223491196E-32, 1.000000000000000000, 6.106226635438358014E-16 ) ) ;
#2466 = FILL_AREA_STYLE_COLOUR ( '', #577 ) ;
#2467 = ORIENTED_EDGE ( 'NONE', *, *, #3900, .T. ) ;
#2468 = EDGE_CURVE ( 'NONE', #2406, #3470, #3971, .T. ) ;
#2469 = PLANE ( 'NONE',  #3612 ) ;
#2470 = VERTEX_POINT ( 'NONE', #509 ) ;
#2471 = DIRECTION ( 'NONE',  ( -1.000000000000000000, -6.162975822039154730E-33, 2.220446049250312341E-16 ) ) ;
#2472 = ORIENTED_EDGE ( 'NONE', *, *, #1936, .F. ) ;
#2473 = PRESENTATION_STYLE_ASSIGNMENT (( #3874 ) ) ;
#2474 = CARTESIAN_POINT ( 'NONE',  ( -7.270000000000002238, 9.910000000000000142, -1.269999999999994911 ) ) ;
#2475 = ORIENTED_EDGE ( 'NONE', *, *, #2188, .F. ) ;
#2476 = VERTEX_POINT ( 'NONE', #2259 ) ;
#2477 = ORIENTED_EDGE ( 'NONE', *, *, #1773, .T. ) ;
#2478 = CARTESIAN_POINT ( 'NONE',  ( -2.680000000000001048, -3.365883960437809179E-16, -1.499999999999996669 ) ) ;
#2479 = FILL_AREA_STYLE ('',( #391 ) ) ;
#2480 = DIRECTION ( 'NONE',  ( -1.000000000000000000, -6.162975822039154730E-33, 5.551115123125780237E-17 ) ) ;
#2481 = VERTEX_POINT ( 'NONE', #2977 ) ;
#2482 = CARTESIAN_POINT ( 'NONE',  ( -8.680000000000003268, 3.310000000000000053, -1.499999999999994671 ) ) ;
#2483 = LINE ( 'NONE', #766, #1956 ) ;
#2484 = CARTESIAN_POINT ( 'NONE',  ( -10.92500000000000071, -3.365883960437809672E-16, -4.929999999999997939 ) ) ;
#2485 = LINE ( 'NONE', #67, #2101 ) ;
#2486 = SURFACE_STYLE_USAGE ( .BOTH. , #4195 ) ;
#2487 = EDGE_LOOP ( 'NONE', ( #2509, #319, #4013, #3092 ) ) ;
#2488 = CARTESIAN_POINT ( 'NONE',  ( -10.28000000000000114, -0.8300000000000004041, -3.979999999999999094 ) ) ;
#2489 = ADVANCED_FACE ( 'NONE', ( #1896 ), #4306, .T. ) ;
#2490 = EDGE_LOOP ( 'NONE', ( #799, #4380, #388, #3421 ) ) ;
#2491 = CARTESIAN_POINT ( 'NONE',  ( -4.730000000000000426, 9.910000000000000142, -1.269999999999993134 ) ) ;
#2492 = VERTEX_POINT ( 'NONE', #1916 ) ;
#2493 = PLANE ( 'NONE',  #4048 ) ;
#2494 = VERTEX_POINT ( 'NONE', #2949 ) ;
#2495 = EDGE_CURVE ( 'NONE', #2303, #2216, #3656, .T. ) ;
#2496 = ORIENTED_EDGE ( 'NONE', *, *, #280, .F. ) ;
#2497 = CARTESIAN_POINT ( 'NONE',  ( -1.269999999999999352, 9.910000000000000142, -2.379999999999991456 ) ) ;
#2498 = DIRECTION ( 'NONE',  ( 1.000000000000000000, 6.162975822039154730E-33, -5.551115123125780237E-17 ) ) ;
#2499 = ORIENTED_EDGE ( 'NONE', *, *, #2881, .F. ) ;
#2500 = DIRECTION ( 'NONE',  ( -1.000000000000000000, -6.162975822039154730E-33, 5.551115123125780237E-17 ) ) ;
#2501 = CARTESIAN_POINT ( 'NONE',  ( -6.320000000000002061, 7.509999999999999787, 0.3200000000000083333 ) ) ;
#2502 = DIRECTION ( 'NONE',  ( -1.000000000000000000, -6.162975822039154730E-33, 5.551115123125780237E-17 ) ) ;
#2503 = CARTESIAN_POINT ( 'NONE',  ( -9.320000000000005613, 7.509999999999999787, 0.3200000000000083333 ) ) ;
#2504 = CARTESIAN_POINT ( 'NONE',  ( 0.000000000000000000, 0.000000000000000000, 0.000000000000000000 ) ) ;
#2505 = PLANE ( 'NONE',  #2105 ) ;
#2506 = ORIENTED_EDGE ( 'NONE', *, *, #202, .T. ) ;
#2507 = CARTESIAN_POINT ( 'NONE',  ( -7.270000000000001350, 3.309999999999999609, 1.270000000000008900 ) ) ;
#2508 = EDGE_CURVE ( 'NONE', #1253, #1160, #4359, .T. ) ;
#2509 = ORIENTED_EDGE ( 'NONE', *, *, #1023, .T. ) ;
#2510 = DIRECTION ( 'NONE',  ( 1.000000000000000000, 6.162975822039154730E-33, 9.436895709313828621E-16 ) ) ;
#2511 = VERTEX_POINT ( 'NONE', #1984 ) ;
#2512 = SURFACE_STYLE_USAGE ( .BOTH. , #1453 ) ;
#2513 = CARTESIAN_POINT ( 'NONE',  ( -3.620000000000004103, 9.910000000000000142, -1.729999999999995319 ) ) ;
#2514 = VERTEX_POINT ( 'NONE', #3083 ) ;
#2516 = ADVANCED_FACE ( 'NONE', ( #350 ), #3722, .T. ) ;
#2515 = VECTOR ( 'NONE', #1311, 1000.000000000000000 ) ;
#2517 = VECTOR ( 'NONE', #939, 1000.000000000000000 ) ;
#2518 = LINE ( 'NONE', #2478, #1797 ) ;
#2519 = EDGE_CURVE ( 'NONE', #255, #3277, #3018, .T. ) ;
#2520 = STYLED_ITEM ( 'NONE', ( #3307 ), #2830 ) ;
#2521 = DIRECTION ( 'NONE',  ( -1.000000000000000000, -6.162975822039154730E-33, 5.551115123125780237E-17 ) ) ;
#2522 = EDGE_LOOP ( 'NONE', ( #1547, #1197, #4370, #1608 ) ) ;
#2523 = PLANE ( 'NONE',  #1939 ) ;
#2524 = AXIS2_PLACEMENT_3D ( 'NONE', #2009, #3390, #3051 ) ;
#2525 = ADVANCED_FACE ( 'NONE', ( #3045 ), #1690, .T. ) ;
#2526 = DIRECTION ( 'NONE',  ( 3.697785493223491196E-32, 1.000000000000000000, 6.106226635438358014E-16 ) ) ;
#2527 = VECTOR ( 'NONE', #3151, 1000.000000000000000 ) ;
#2528 = CARTESIAN_POINT ( 'NONE',  ( -1.730000000000001537, 3.310000000000000053, -1.269999999999998685 ) ) ;
#2529 = FACE_OUTER_BOUND ( 'NONE', #610, .T. ) ;
#2530 = VECTOR ( 'NONE', #2732, 1000.000000000000000 ) ;
#2531 = LINE ( 'NONE', #1919, #3674 ) ;
#2532 = EDGE_LOOP ( 'NONE', ( #2063, #2404, #2116, #460 ) ) ;
#2533 = VECTOR ( 'NONE', #2580, 1000.000000000000000 ) ;
#2534 = CARTESIAN_POINT ( 'NONE',  ( -3.320000000000002505, -3.180000000000000160, 0.3200000000000000067 ) ) ;
#2535 = VERTEX_POINT ( 'NONE', #4082 ) ;
#2536 = PLANE ( 'NONE',  #1734 ) ;
#2537 = VERTEX_POINT ( 'NONE', #262 ) ;
#2538 =( LENGTH_UNIT ( ) NAMED_UNIT ( * ) SI_UNIT ( .MILLI., .METRE. ) );
#2539 = LINE ( 'NONE', #136, #66 ) ;
#2540 = CARTESIAN_POINT ( 'NONE',  ( -9.320000000000005613, -3.180000000000000160, -2.679999999999999272 ) ) ;
#2541 = ORIENTED_EDGE ( 'NONE', *, *, #856, .T. ) ;
#2542 = DIRECTION ( 'NONE',  ( 6.106226635438359986E-16, 3.763252711809810862E-48, 1.000000000000000000 ) ) ;
#2543 = CARTESIAN_POINT ( 'NONE',  ( -7.270000000000002238, 9.910000000000000142, -4.269999999999992468 ) ) ;
#2544 = DIRECTION ( 'NONE',  ( -5.551115123125780237E-17, -3.421138828918008148E-49, -1.000000000000000000 ) ) ;
#2545 = ORIENTED_EDGE ( 'NONE', *, *, #43, .F. ) ;
#2546 = DIRECTION ( 'NONE',  ( -1.000000000000000000, -6.162975822039154730E-33, 5.551115123125782702E-17 ) ) ;
#2547 = DIRECTION ( 'NONE',  ( 1.000000000000000000, 6.162975822039154730E-33, -5.551115123125780237E-17 ) ) ;
#2548 = EDGE_CURVE ( 'NONE', #2670, #163, #4401, .T. ) ;
#2549 = CARTESIAN_POINT ( 'NONE',  ( -2.680000000000001048, -3.180000000000000160, 0.3200000000000017830 ) ) ;
#2550 = EDGE_CURVE ( 'NONE', #1331, #963, #2752, .T. ) ;
#2551 = LINE ( 'NONE', #447, #924 ) ;
#2552 = ORIENTED_EDGE ( 'NONE', *, *, #3601, .T. ) ;
#2553 = CARTESIAN_POINT ( 'NONE',  ( -0.6199999999999998845, 9.910000000000000142, 1.270000000000009344 ) ) ;
#2554 = EDGE_CURVE ( 'NONE', #2109, #3227, #2657, .T. ) ;
#2555 = VERTEX_POINT ( 'NONE', #4040 ) ;
#2556 = CARTESIAN_POINT ( 'NONE',  ( 1.500000000000000444, 7.509999999999999787, -1.499999999999992006 ) ) ;
#2557 = ORIENTED_EDGE ( 'NONE', *, *, #3375, .T. ) ;
#2558 = DIRECTION ( 'NONE',  ( 4.243457361036816467E-17, -0.6447027996602211486, 0.7644333195971200201 ) ) ;
#2559 = CARTESIAN_POINT ( 'NONE',  ( -4.730000000000000426, 9.910000000000000142, -1.269999999999993134 ) ) ;
#2560 = CARTESIAN_POINT ( 'NONE',  ( -0.3199999999999982858, -3.180000000000000160, -0.3199999999999981193 ) ) ;
#2561 = VERTEX_POINT ( 'NONE', #309 ) ;
#2562 =( LENGTH_UNIT ( ) NAMED_UNIT ( * ) SI_UNIT ( .MILLI., .METRE. ) );
#2563 = FACE_OUTER_BOUND ( 'NONE', #765, .T. ) ;
#2564 = EDGE_LOOP ( 'NONE', ( #846, #3207, #152, #535 ) ) ;
#2565 = DIRECTION ( 'NONE',  ( 5.551115123125782702E-17, 3.421138828918009667E-49, 1.000000000000000000 ) ) ;
#2566 = PLANE ( 'NONE',  #1297 ) ;
#2567 =( NAMED_UNIT ( * ) SI_UNIT ( $, .STERADIAN. ) SOLID_ANGLE_UNIT ( ) );
#2568 =( GEOMETRIC_REPRESENTATION_CONTEXT ( 3 ) GLOBAL_UNCERTAINTY_ASSIGNED_CONTEXT ( ( #1147 ) ) GLOBAL_UNIT_ASSIGNED_CONTEXT ( ( #605, #2692, #3866 ) ) REPRESENTATION_CONTEXT ( 'NONE', 'WORKASPACE' ) );
#2569 = ADVANCED_FACE ( 'NONE', ( #3361 ), #960, .T. ) ;
#2570 = CARTESIAN_POINT ( 'NONE',  ( 0.3200000000000033928, -3.365883960437809179E-16, -3.319999999999998952 ) ) ;
#2571 = DIRECTION ( 'NONE',  ( 1.000000000000000000, 6.162975822039154730E-33, 5.551115123125782702E-17 ) ) ;
#2572 = ORIENTED_EDGE ( 'NONE', *, *, #3110, .F. ) ;
#2573 = CARTESIAN_POINT ( 'NONE',  ( -5.380000000000001670, 3.310000000000000053, 1.270000000000005347 ) ) ;
#2574 = ORIENTED_EDGE ( 'NONE', *, *, #450, .T. ) ;
#2575 = LINE ( 'NONE', #4002, #2958 ) ;
#2576 = ORIENTED_EDGE ( 'NONE', *, *, #3488, .T. ) ;
#2577 =( NAMED_UNIT ( * ) SI_UNIT ( $, .STERADIAN. ) SOLID_ANGLE_UNIT ( ) );
#2578 = LINE ( 'NONE', #2920, #4237 ) ;
#2579 = AXIS2_PLACEMENT_3D ( 'NONE', #1565, #3330, #2938 ) ;
#2580 = DIRECTION ( 'NONE',  ( 1.000000000000000000, 6.162975822039154730E-33, -5.551115123125780237E-17 ) ) ;
#2581 = ORIENTED_EDGE ( 'NONE', *, *, #2250, .F. ) ;
#2582 = EDGE_CURVE ( 'NONE', #937, #1971, #980, .T. ) ;
#2583 = CARTESIAN_POINT ( 'NONE',  ( -3.320000000000002505, -3.180000000000000160, 0.3200000000000000067 ) ) ;
#2584 = DIRECTION ( 'NONE',  ( 0.000000000000000000, -6.106226635438358014E-16, 1.000000000000000000 ) ) ;
#2585 = VECTOR ( 'NONE', #1505, 1000.000000000000000 ) ;
#2586 = VECTOR ( 'NONE', #3382, 1000.000000000000000 ) ;
#2587 = EDGE_LOOP ( 'NONE', ( #1088, #1058, #52, #2477 ) ) ;
#2588 = LINE ( 'NONE', #2885, #4466 ) ;
#2589 = LINE ( 'NONE', #2928, #351 ) ;
#2590 = LINE ( 'NONE', #2528, #3832 ) ;
#2591 = FACE_OUTER_BOUND ( 'NONE', #2716, .T. ) ;
#2592 = PLANE ( 'NONE',  #274 ) ;
#2593 = ORIENTED_EDGE ( 'NONE', *, *, #1695, .F. ) ;
#2594 = AXIS2_PLACEMENT_3D ( 'NONE', #1420, #4200, #2129 ) ;
#2595 = EDGE_CURVE ( 'NONE', #2382, #854, #2072, .T. ) ;
#2596 = EDGE_CURVE ( 'NONE', #3856, #1249, #4445, .T. ) ;
#2597 = CARTESIAN_POINT ( 'NONE',  ( -10.27000000000000490, 9.910000000000000142, -1.269999999999994911 ) ) ;
#2598 = AXIS2_PLACEMENT_3D ( 'NONE', #4267, #512, #1175 ) ;
#2599 = ORIENTED_EDGE ( 'NONE', *, *, #2993, .T. ) ;
#2600 = DIRECTION ( 'NONE',  ( -5.551115123125782702E-17, -3.421138828918009667E-49, -1.000000000000000000 ) ) ;
#2601 = AXIS2_PLACEMENT_3D ( 'NONE', #1137, #2138, #3512 ) ;
#2602 = VERTEX_POINT ( 'NONE', #21 ) ;
#2603 = CARTESIAN_POINT ( 'NONE',  ( -3.800000000000000266, 6.959999999999999964, -4.929999999999993499 ) ) ;
#2604 = FACE_OUTER_BOUND ( 'NONE', #1199, .T. ) ;
#2605 = AXIS2_PLACEMENT_3D ( 'NONE', #3040, #2344, #704 ) ;
#2606 = AXIS2_PLACEMENT_3D ( 'NONE', #3303, #2903, #1205 ) ;
#2607 = EDGE_CURVE ( 'NONE', #1866, #2107, #4424, .T. ) ;
#2608 = VECTOR ( 'NONE', #2098, 1000.000000000000000 ) ;
#2609 = DIRECTION ( 'NONE',  ( 3.697785493223491196E-32, 1.000000000000000000, 6.106226635438358014E-16 ) ) ;
#2610 = ORIENTED_EDGE ( 'NONE', *, *, #191, .T. ) ;
#2611 = EDGE_CURVE ( 'NONE', #1866, #3125, #2414, .T. ) ;
#2612 = VECTOR ( 'NONE', #169, 1000.000000000000000 ) ;
#2613 = FACE_OUTER_BOUND ( 'NONE', #681, .T. ) ;
#2614 = DIRECTION ( 'NONE',  ( -5.551115123125782702E-17, -3.421138828918009667E-49, -1.000000000000000000 ) ) ;
#2615 = EDGE_CURVE ( 'NONE', #3777, #389, #647, .T. ) ;
#2616 = ORIENTED_EDGE ( 'NONE', *, *, #2607, .F. ) ;
#2617 = DIRECTION ( 'NONE',  ( -1.000000000000000000, -6.162975822039154730E-33, 5.551115123125782702E-17 ) ) ;
#2618 = DIRECTION ( 'NONE',  ( 1.000000000000000000, -3.081487911019593786E-33, -5.551115123125780237E-17 ) ) ;
#2619 = DIRECTION ( 'NONE',  ( 1.000000000000000000, 6.162975822039154730E-33, -5.551115123125780237E-17 ) ) ;
#2620 = LINE ( 'NONE', #2170, #1789 ) ;
#2621 = ORIENTED_EDGE ( 'NONE', *, *, #2180, .F. ) ;
#2622 = CARTESIAN_POINT ( 'NONE',  ( -8.680000000000003268, -3.180000000000000160, 0.3200000000000017830 ) ) ;
#2623 = VERTEX_POINT ( 'NONE', #3443 ) ;
#2624 = PLANE ( 'NONE',  #143 ) ;
#2625 = ORIENTED_EDGE ( 'NONE', *, *, #4095, .T. ) ;
#2626 = CARTESIAN_POINT ( 'NONE',  ( -7.270000000000002238, 3.310000000000000053, -1.729999999999995541 ) ) ;
#2627 = EDGE_CURVE ( 'NONE', #684, #2156, #2003, .T. ) ;
#2628 = MECHANICAL_DESIGN_GEOMETRIC_PRESENTATION_REPRESENTATION (  '', ( #3109 ), #1032 ) ;
#2629 = CARTESIAN_POINT ( 'NONE',  ( -5.680000000000003268, 3.310000000000000053, -0.3199999999999942335 ) ) ;
#2630 = EDGE_LOOP ( 'NONE', ( #3074, #735, #1180, #1826 ) ) ;
#2631 = ORIENTED_EDGE ( 'NONE', *, *, #2854, .F. ) ;
#2632 = DIRECTION ( 'NONE',  ( -3.697785493223491196E-32, -1.000000000000000000, -6.106226635438358014E-16 ) ) ;
#2633 = VERTEX_POINT ( 'NONE', #2347 ) ;
#2634 = PLANE ( 'NONE',  #4398 ) ;
#2635 = LINE ( 'NONE', #3590, #1234 ) ;
#2636 = LINE ( 'NONE', #4019, #2798 ) ;
#2637 = ORIENTED_EDGE ( 'NONE', *, *, #3507, .T. ) ;
#2638 = DIRECTION ( 'NONE',  ( 0.000000000000000000, -6.106226635438358014E-16, 1.000000000000000000 ) ) ;
#2639 = VERTEX_POINT ( 'NONE', #596 ) ;
#2640 = CARTESIAN_POINT ( 'NONE',  ( -3.320000000000002505, -3.180000000000000160, -0.3199999999999981193 ) ) ;
#2641 = ORIENTED_EDGE ( 'NONE', *, *, #444, .F. ) ;
#2642 = LINE ( 'NONE', #862, #2221 ) ;
#2643 = DIRECTION ( 'NONE',  ( -5.551115123125782702E-17, -3.421138828918009667E-49, -1.000000000000000000 ) ) ;
#2644 = LINE ( 'NONE', #4350, #572 ) ;
#2645 = ORIENTED_EDGE ( 'NONE', *, *, #343, .F. ) ;
#2646 = EDGE_CURVE ( 'NONE', #4352, #2514, #672, .T. ) ;
#2647 = EDGE_LOOP ( 'NONE', ( #943, #1321, #2133, #1902 ) ) ;
#2648 = DIRECTION ( 'NONE',  ( 3.697785493223491196E-32, 1.000000000000000000, 6.106226635438358014E-16 ) ) ;
#2649 = PRESENTATION_STYLE_ASSIGNMENT (( #3422 ) ) ;
#2650 = FACE_OUTER_BOUND ( 'NONE', #35, .T. ) ;
#2651 = CARTESIAN_POINT ( 'NONE',  ( -3.320000000000002505, -3.180000000000000160, -2.679999999999999272 ) ) ;
#2652 = EDGE_CURVE ( 'NONE', #1791, #4262, #285, .T. ) ;
#2653 = VERTEX_POINT ( 'NONE', #3902 ) ;
#2654 = EDGE_CURVE ( 'NONE', #1836, #200, #1771, .T. ) ;
#2655 = COLOUR_RGB ( '',0.7921568627450980005, 0.8196078431372548767, 0.9333333333333333481 ) ;
#2656 = ADVANCED_FACE ( 'NONE', ( #802 ), #3879, .F. ) ;
#2657 = LINE ( 'NONE', #3408, #2946 ) ;
#2658 = VECTOR ( 'NONE', #1855, 1000.000000000000000 ) ;
#2659 = CARTESIAN_POINT ( 'NONE',  ( -6.320000000000002061, -3.180000000000000160, -2.679999999999999272 ) ) ;
#2660 = CARTESIAN_POINT ( 'NONE',  ( -3.320000000000002505, -3.180000000000000160, 0.3200000000000000067 ) ) ;
#2661 = EDGE_LOOP ( 'NONE', ( #3803, #440, #3, #2785 ) ) ;
#2662 = VECTOR ( 'NONE', #2366, 1000.000000000000000 ) ;
#2663 = CARTESIAN_POINT ( 'NONE',  ( -5.680000000000003268, 7.509999999999999787, -0.3199999999999916245 ) ) ;
#2664 = LINE ( 'NONE', #2690, #3972 ) ;
#2665 = ORIENTED_EDGE ( 'NONE', *, *, #2433, .F. ) ;
#2666 = PRESENTATION_STYLE_ASSIGNMENT (( #1905 ) ) ;
#2667 = LINE ( 'NONE', #2712, #784 ) ;
#2668 = VECTOR ( 'NONE', #3685, 1000.000000000000000 ) ;
#2669 = LINE ( 'NONE', #2714, #938 ) ;
#2670 = VERTEX_POINT ( 'NONE', #1067 ) ;
#2671 = AXIS2_PLACEMENT_3D ( 'NONE', #3576, #2196, #3160 ) ;
#2672 = AXIS2_PLACEMENT_3D ( 'NONE', #3268, #2324, #2584 ) ;
#2673 = ORIENTED_EDGE ( 'NONE', *, *, #478, .F. ) ;
#2674 = VECTOR ( 'NONE', #3580, 1000.000000000000000 ) ;
#2675 = LINE ( 'NONE', #459, #4463 ) ;
#2676 = CIRCLE ( 'NONE', #1163, 0.1650000000000002021 ) ;
#2677 = DIRECTION ( 'NONE',  ( 3.697785493223491196E-32, 1.000000000000000000, 6.106226635438358014E-16 ) ) ;
#2678 = PLANE ( 'NONE',  #2974 ) ;
#2679 = PLANE ( 'NONE',  #568 ) ;
#2680 = ORIENTED_EDGE ( 'NONE', *, *, #3149, .T. ) ;
#2681 = CARTESIAN_POINT ( 'NONE',  ( -4.500000000000000000, -3.365883960437809672E-16, -2.679999999999997495 ) ) ;
#2682 = EDGE_CURVE ( 'NONE', #2763, #1319, #408, .T. ) ;
#2683 = DIRECTION ( 'NONE',  ( 0.7071067811865474617, 4.357881996052623053E-33, -0.7071067811865474617 ) ) ;
#2684 = ADVANCED_FACE ( 'NONE', ( #773 ), #3172, .F. ) ;
#2685 = DIRECTION ( 'NONE',  ( -6.661338147750937270E-16, -4.105366594701611297E-48, -1.000000000000000000 ) ) ;
#2686 = EDGE_LOOP ( 'NONE', ( #3643, #3592, #979, #1400 ) ) ;
#2687 = DIRECTION ( 'NONE',  ( -1.000000000000000000, -6.162975822039154730E-33, 5.551115123125780237E-17 ) ) ;
#2688 = EDGE_CURVE ( 'NONE', #369, #805, #372, .T. ) ;
#2689 = ADVANCED_FACE ( 'NONE', ( #4159 ), #4186, .T. ) ;
#2690 = CARTESIAN_POINT ( 'NONE',  ( -4.500000000000003553, -3.365883960437809672E-16, -3.319999999999997620 ) ) ;
#2691 = ORIENTED_EDGE ( 'NONE', *, *, #4446, .T. ) ;
#2692 =( NAMED_UNIT ( * ) PLANE_ANGLE_UNIT ( ) SI_UNIT ( $, .RADIAN. ) );
#2693 = CARTESIAN_POINT ( 'NONE',  ( -3.320000000000002505, 3.310000000000000053, -2.679999999999995719 ) ) ;
#2694 = CARTESIAN_POINT ( 'NONE',  ( -6.320000000000002061, 3.310000000000000053, -3.319999999999995843 ) ) ;
#2695 = ORIENTED_EDGE ( 'NONE', *, *, #2273, .F. ) ;
#2696 = ORIENTED_EDGE ( 'NONE', *, *, #905, .T. ) ;
#2697 = AXIS2_PLACEMENT_3D ( 'NONE', #3620, #4268, #1176 ) ;
#2698 = CARTESIAN_POINT ( 'NONE',  ( -7.730000000000003979, 9.910000000000000142, 0.6200000000000096545 ) ) ;
#2699 = DIRECTION ( 'NONE',  ( 3.697785493223491196E-32, 1.000000000000000000, 6.106226635438358014E-16 ) ) ;
#2700 = LINE ( 'NONE', #2345, #3826 ) ;
#2701 = ORIENTED_EDGE ( 'NONE', *, *, #2654, .T. ) ;
#2702 = CARTESIAN_POINT ( 'NONE',  ( -3.620000000000000995, 9.910000000000000142, 1.270000000000009344 ) ) ;
#2703 = CARTESIAN_POINT ( 'NONE',  ( -3.620000000000002771, 3.310000000000000053, 1.270000000000009344 ) ) ;
#2704 = CARTESIAN_POINT ( 'NONE',  ( -7.270000000000002238, 9.910000000000000142, 1.270000000000009344 ) ) ;
#2705 = ORIENTED_EDGE ( 'NONE', *, *, #3019, .F. ) ;
#2706 =( LENGTH_UNIT ( ) NAMED_UNIT ( * ) SI_UNIT ( .MILLI., .METRE. ) );
#2707 = EDGE_CURVE ( 'NONE', #4236, #290, #4208, .T. ) ;
#2708 = ADVANCED_FACE ( 'NONE', ( #2811 ), #2432, .T. ) ;
#2709 = LINE ( 'NONE', #3773, #222 ) ;
#2710 = VERTEX_POINT ( 'NONE', #2834 ) ;
#2711 = LINE ( 'NONE', #1654, #1711 ) ;
#2712 = CARTESIAN_POINT ( 'NONE',  ( -4.729999999999996874, 3.310000000000000053, -2.379999999999995897 ) ) ;
#2713 = EDGE_CURVE ( 'NONE', #2223, #3277, #1115, .T. ) ;
#2714 = CARTESIAN_POINT ( 'NONE',  ( -1.269999999999999352, 3.310000000000000053, 0.6200000000000056577 ) ) ;
#2715 = LINE ( 'NONE', #1379, #3099 ) ;
#2716 = EDGE_LOOP ( 'NONE', ( #220, #1385, #4023, #2152 ) ) ;
#2717 = LINE ( 'NONE', #4094, #1289 ) ;
#2718 = EDGE_CURVE ( 'NONE', #3825, #795, #390, .T. ) ;
#2719 = FILL_AREA_STYLE ('',( #3403 ) ) ;
#2720 = DIRECTION ( 'NONE',  ( 5.551115123125782702E-17, 3.421138828918009667E-49, 1.000000000000000000 ) ) ;
#2721 = DIRECTION ( 'NONE',  ( -5.551115123125782702E-17, -3.421138828918009667E-49, -1.000000000000000000 ) ) ;
#2722 = UNCERTAINTY_MEASURE_WITH_UNIT (LENGTH_MEASURE( 1.000000000000000082E-05 ), #379, 'distance_accuracy_value', 'NONE');
#2723 = EDGE_CURVE ( 'NONE', #582, #3780, #37, .T. ) ;
#2724 = EDGE_LOOP ( 'NONE', ( #3918, #3714, #772, #3135 ) ) ;
#2725 = DIRECTION ( 'NONE',  ( 3.697785493223491196E-32, 1.000000000000000000, 6.106226635438358014E-16 ) ) ;
#2726 = STYLED_ITEM ( 'NONE', ( #2666 ), #4307 ) ;
#2727 = CARTESIAN_POINT ( 'NONE',  ( 0.3199999999999998956, 7.509999999999999787, -2.679999999999993054 ) ) ;
#2728 = PRESENTATION_LAYER_ASSIGNMENT (  '', '', ( #2079 ) ) ;
#2729 = FACE_OUTER_BOUND ( 'NONE', #3271, .T. ) ;
#2730 = FILL_AREA_STYLE_COLOUR ( '', #2 ) ;
#2731 = VECTOR ( 'NONE', #1462, 1000.000000000000000 ) ;
#2732 = DIRECTION ( 'NONE',  ( -1.000000000000000000, -6.162975822039154730E-33, 5.551115123125780237E-17 ) ) ;
#2733 = ORIENTED_EDGE ( 'NONE', *, *, #2718, .F. ) ;
#2734 = CARTESIAN_POINT ( 'NONE',  ( -10.27000000000000490, 3.310000000000000053, -4.269999999999996909 ) ) ;
#2735 = CARTESIAN_POINT ( 'NONE',  ( -6.320000000000002061, -3.180000000000000160, 0.3200000000000017830 ) ) ;
#2736 = ORIENTED_EDGE ( 'NONE', *, *, #2296, .F. ) ;
#2738 = EDGE_CURVE ( 'NONE', #4434, #3024, #2518, .T. ) ;
#2737 = VECTOR ( 'NONE', #3302, 1000.000000000000000 ) ;
#2739 = EDGE_CURVE ( 'NONE', #2365, #4076, #3563, .T. ) ;
#2740 = FACE_OUTER_BOUND ( 'NONE', #3649, .T. ) ;
#2741 = VERTEX_POINT ( 'NONE', #457 ) ;
#2742 = ORIENTED_EDGE ( 'NONE', *, *, #1381, .T. ) ;
#2743 = CARTESIAN_POINT ( 'NONE',  ( -0.3199999999999982858, -3.180000000000000160, -2.679999999999999272 ) ) ;
#2744 = VECTOR ( 'NONE', #2173, 1000.000000000000000 ) ;
#2745 = VECTOR ( 'NONE', #3259, 1000.000000000000000 ) ;
#2746 = CARTESIAN_POINT ( 'NONE',  ( -4.270000000000002238, 9.910000000000000142, -2.379999999999991456 ) ) ;
#2747 = LINE ( 'NONE', #4138, #2891 ) ;
#2748 = ORIENTED_EDGE ( 'NONE', *, *, #2219, .F. ) ;
#2749 = EDGE_CURVE ( 'NONE', #3304, #1624, #736, .T. ) ;
#2750 = VECTOR ( 'NONE', #310, 1000.000000000000000 ) ;
#2751 = ORIENTED_EDGE ( 'NONE', *, *, #307, .F. ) ;
#2752 = LINE ( 'NONE', #3108, #493 ) ;
#2753 = ADVANCED_FACE ( 'NONE', ( #1390 ), #4142, .T. ) ;
#2754 = FACE_OUTER_BOUND ( 'NONE', #69, .T. ) ;
#2755 = CARTESIAN_POINT ( 'NONE',  ( -8.680000000000003268, 3.310000000000000053, 0.3200000000000057243 ) ) ;
#2756 = CARTESIAN_POINT ( 'NONE',  ( -0.6199999999999998845, 9.910000000000000142, 1.270000000000009344 ) ) ;
#2757 = CARTESIAN_POINT ( 'NONE',  ( -4.730000000000000426, 3.310000000000001386, -1.269999999999993134 ) ) ;
#2758 = ORIENTED_EDGE ( 'NONE', *, *, #809, .T. ) ;
#2759 = DIRECTION ( 'NONE',  ( 1.000000000000000000, -3.081487911019593786E-33, -5.551115123125780237E-17 ) ) ;
#2760 = FACE_OUTER_BOUND ( 'NONE', #622, .T. ) ;
#2761 = ORIENTED_EDGE ( 'NONE', *, *, #4218, .T. ) ;
#2762 = DIRECTION ( 'NONE',  ( -5.551115123125782702E-17, -3.421138828918009667E-49, -1.000000000000000000 ) ) ;
#2763 = VERTEX_POINT ( 'NONE', #2787 ) ;
#2764 = ORIENTED_EDGE ( 'NONE', *, *, #414, .F. ) ;
#2765 = DIRECTION ( 'NONE',  ( 3.697785493223491196E-32, 1.000000000000000000, 6.106226635438358014E-16 ) ) ;
#2766 = EDGE_CURVE ( 'NONE', #4045, #3575, #2117, .T. ) ;
#2767 = PLANE ( 'NONE',  #4408 ) ;
#2768 = ORIENTED_EDGE ( 'NONE', *, *, #4279, .F. ) ;
#2769 = ORIENTED_EDGE ( 'NONE', *, *, #3539, .F. ) ;
#2770 = CARTESIAN_POINT ( 'NONE',  ( -6.320000000000002061, -3.180000000000000160, 0.3200000000000017830 ) ) ;
#2771 = DIRECTION ( 'NONE',  ( 5.551115123125782702E-17, 3.421138828918009667E-49, 1.000000000000000000 ) ) ;
#2772 = CARTESIAN_POINT ( 'NONE',  ( -10.92500000000000071, -3.365883960437809672E-16, -4.929999999999997939 ) ) ;
#2773 = CARTESIAN_POINT ( 'NONE',  ( 1.500000000000000444, -3.180000000000000160, -1.499999999999998446 ) ) ;
#2774 = ADVANCED_FACE ( 'NONE', ( #3632 ), #1600, .T. ) ;
#2775 = CARTESIAN_POINT ( 'NONE',  ( 1.924999999999998712, -3.365883960437809179E-16, -4.929999999999997939 ) ) ;
#2776 = DIRECTION ( 'NONE',  ( -1.000000000000000000, -6.162975822039154730E-33, -9.436895709313828621E-16 ) ) ;
#2777 = ORIENTED_EDGE ( 'NONE', *, *, #3852, .F. ) ;
#2778 = DIRECTION ( 'NONE',  ( -4.440892098500625176E-16, -2.736911063134407734E-48, -1.000000000000000000 ) ) ;
#2779 = CARTESIAN_POINT ( 'NONE',  ( -0.3199999999999982858, -3.180000000000000160, 0.3200000000000000067 ) ) ;
#2780 = ORIENTED_EDGE ( 'NONE', *, *, #3960, .T. ) ;
#2781 = SURFACE_STYLE_USAGE ( .BOTH. , #2047 ) ;
#2782 = PLANE ( 'NONE',  #2605 ) ;
#2783 = ORIENTED_EDGE ( 'NONE', *, *, #4400, .F. ) ;
#2784 = EDGE_LOOP ( 'NONE', ( #249, #2736, #4051, #1482 ) ) ;
#2785 = ORIENTED_EDGE ( 'NONE', *, *, #2335, .F. ) ;
#2786 = ADVANCED_FACE ( 'NONE', ( #822 ), #3966, .T. ) ;
#2787 = CARTESIAN_POINT ( 'NONE',  ( -7.270000000000002238, 3.310000000000000053, -4.269999999999996909 ) ) ;
#2788 = EDGE_CURVE ( 'NONE', #3554, #389, #4277, .T. ) ;
#2789 = CARTESIAN_POINT ( 'NONE',  ( -3.620000000000004103, 9.910000000000000142, -1.729999999999995319 ) ) ;
#2790 = CARTESIAN_POINT ( 'NONE',  ( -5.680000000000003268, 7.509999999999999787, -0.3199999999999916245 ) ) ;
#2791 = DIRECTION ( 'NONE',  ( 0.000000000000000000, 0.000000000000000000, 1.000000000000000000 ) ) ;
#2792 = CARTESIAN_POINT ( 'NONE',  ( -2.680000000000001048, -3.180000000000000160, -0.3199999999999981193 ) ) ;
#2793 = VECTOR ( 'NONE', #804, 1000.000000000000000 ) ;
#2794 = CARTESIAN_POINT ( 'NONE',  ( -4.729999999999996874, 9.910000000000000142, -2.379999999999991456 ) ) ;
#2795 = MANIFOLD_SOLID_BREP ( 'Split1[14]', #646 ) ;
#2796 = DIRECTION ( 'NONE',  ( 5.551115123125782702E-17, 3.421138828918009667E-49, 1.000000000000000000 ) ) ;
#2797 = VERTEX_POINT ( 'NONE', #189 ) ;
#2798 = VECTOR ( 'NONE', #289, 1000.000000000000000 ) ;
#2799 = DIRECTION ( 'NONE',  ( -5.551115123125782702E-17, -3.421138828918009667E-49, -1.000000000000000000 ) ) ;
#2800 = VERTEX_POINT ( 'NONE', #2202 ) ;
#2801 = LINE ( 'NONE', #2779, #4406 ) ;
#2802 = VECTOR ( 'NONE', #3054, 1000.000000000000000 ) ;
#2803 = ORIENTED_EDGE ( 'NONE', *, *, #669, .F. ) ;
#2804 = CARTESIAN_POINT ( 'NONE',  ( -5.380000000000001670, 9.910000000000000142, -1.729999999999991767 ) ) ;
#2805 = EDGE_LOOP ( 'NONE', ( #4429, #4228, #3645, #1701 ) ) ;
#2806 = STYLED_ITEM ( 'NONE', ( #2649 ), #2880 ) ;
#2807 = VECTOR ( 'NONE', #382, 1000.000000000000000 ) ;
#2808 = ORIENTED_EDGE ( 'NONE', *, *, #966, .F. ) ;
#2809 = ORIENTED_EDGE ( 'NONE', *, *, #1082, .T. ) ;
#2810 = VECTOR ( 'NONE', #4217, 1000.000000000000000 ) ;
#2811 = FACE_OUTER_BOUND ( 'NONE', #1434, .T. ) ;
#2812 = VECTOR ( 'NONE', #3451, 1000.000000000000000 ) ;
#2813 = STYLED_ITEM ( 'NONE', ( #3903 ), #1313 ) ;
#2814 = DIRECTION ( 'NONE',  ( 1.000000000000000000, -3.081487911019593786E-33, -5.551115123125780237E-17 ) ) ;
#2815 = AXIS2_PLACEMENT_3D ( 'NONE', #1148, #3615, #3550 ) ;
#2816 = ORIENTED_EDGE ( 'NONE', *, *, #2749, .T. ) ;
#2817 = CARTESIAN_POINT ( 'NONE',  ( -10.92500000000000071, 9.910000000000000142, -4.929999999999991722 ) ) ;
#2818 = VECTOR ( 'NONE', #4126, 1000.000000000000000 ) ;
#2819 = CARTESIAN_POINT ( 'NONE',  ( -10.28000000000000114, -0.5799999999999999600, -4.394999999999998685 ) ) ;
#2820 = DIRECTION ( 'NONE',  ( -5.551115123125782702E-17, -3.421138828918009667E-49, -1.000000000000000000 ) ) ;
#2821 = ADVANCED_FACE ( 'NONE', ( #2613 ), #870, .T. ) ;
#2822 = ADVANCED_FACE ( 'NONE', ( #3991 ), #3583, .T. ) ;
#2823 = DIRECTION ( 'NONE',  ( -5.551115123125782702E-17, -3.421138828918009667E-49, -1.000000000000000000 ) ) ;
#2824 = EDGE_LOOP ( 'NONE', ( #3360, #4345, #2359, #4189 ) ) ;
#2825 = LINE ( 'NONE', #1539, #2744 ) ;
#2826 = ADVANCED_FACE ( 'NONE', ( #2226 ), #144, .F. ) ;
#2827 = ORIENTED_EDGE ( 'NONE', *, *, #3065, .F. ) ;
#2828 = CARTESIAN_POINT ( 'NONE',  ( -6.320000000000002061, -3.180000000000000160, 0.3200000000000017830 ) ) ;
#2829 = ORIENTED_EDGE ( 'NONE', *, *, #2274, .T. ) ;
#2830 = MANIFOLD_SOLID_BREP ( 'Split1[2]', #3241 ) ;
#2831 = LINE ( 'NONE', #2513, #1670 ) ;
#2832 = ORIENTED_EDGE ( 'NONE', *, *, #1129, .F. ) ;
#2833 = VERTEX_POINT ( 'NONE', #2746 ) ;
#2834 = CARTESIAN_POINT ( 'NONE',  ( -6.320000000000002061, 3.310000000000000053, -0.3199999999999942335 ) ) ;
#2835 = LINE ( 'NONE', #1862, #4407 ) ;
#2836 = CARTESIAN_POINT ( 'NONE',  ( -9.320000000000005613, 7.509999999999999787, -3.319999999999993179 ) ) ;
#2837 = EDGE_LOOP ( 'NONE', ( #3478, #2625, #362, #2769 ) ) ;
#2838 = CARTESIAN_POINT ( 'NONE',  ( -9.320000000000005613, -3.180000000000000160, -2.679999999999999272 ) ) ;
#2839 = CARTESIAN_POINT ( 'NONE',  ( -9.320000000000005613, -3.180000000000000160, -0.3199999999999981193 ) ) ;
#2840 = ADVANCED_FACE ( 'NONE', ( #1323 ), #842, .T. ) ;
#2841 = LINE ( 'NONE', #783, #1307 ) ;
#2842 = CARTESIAN_POINT ( 'NONE',  ( -3.320000000000002505, -3.180000000000000160, -3.319999999999998952 ) ) ;
#2843 = CARTESIAN_POINT ( 'NONE',  ( -1.269999999999999352, 9.910000000000000142, -4.269999999999992468 ) ) ;
#2844 = ORIENTED_EDGE ( 'NONE', *, *, #4342, .T. ) ;
#2845 = EDGE_CURVE ( 'NONE', #2107, #4196, #592, .T. ) ;
#2846 = LINE ( 'NONE', #1490, #2810 ) ;
#2847 = ORIENTED_EDGE ( 'NONE', *, *, #1258, .F. ) ;
#2848 = DIRECTION ( 'NONE',  ( 3.697785493223491196E-32, 1.000000000000000000, 6.106226635438358014E-16 ) ) ;
#2849 = ORIENTED_EDGE ( 'NONE', *, *, #2495, .F. ) ;
#2850 = LINE ( 'NONE', #3957, #3663 ) ;
#2851 = EDGE_CURVE ( 'NONE', #3399, #1398, #4420, .T. ) ;
#2852 = CARTESIAN_POINT ( 'NONE',  ( -1.730000000000001537, 9.910000000000000142, -1.269999999999994911 ) ) ;
#2853 = ORIENTED_EDGE ( 'NONE', *, *, #3995, .F. ) ;
#2854 = EDGE_CURVE ( 'NONE', #4184, #315, #994, .T. ) ;
#2855 = CARTESIAN_POINT ( 'NONE',  ( -3.320000000000002505, -3.180000000000000160, 0.3200000000000000067 ) ) ;
#2856 = LINE ( 'NONE', #4227, #2793 ) ;
#2857 = EDGE_LOOP ( 'NONE', ( #1702, #4332, #469, #922 ) ) ;
#2858 = CARTESIAN_POINT ( 'NONE',  ( 1.270000000000002904, 9.910000000000000142, 1.270000000000009344 ) ) ;
#2859 = LINE ( 'NONE', #1146, #2020 ) ;
#2860 = DIRECTION ( 'NONE',  ( 3.697785493223491196E-32, 1.000000000000000000, 6.106226635438358014E-16 ) ) ;
#2861 = CARTESIAN_POINT ( 'NONE',  ( -0.3199999999999982858, 7.509999999999999787, 0.3200000000000066125 ) ) ;
#2862 = AXIS2_PLACEMENT_3D ( 'NONE', #3711, #2376, #2402 ) ;
#2863 = LINE ( 'NONE', #532, #3602 ) ;
#2864 = EDGE_LOOP ( 'NONE', ( #552, #3725, #426, #4358 ) ) ;
#2865 = DIRECTION ( 'NONE',  ( 3.697785493223491196E-32, 1.000000000000000000, 6.106226635438358014E-16 ) ) ;
#2866 = VERTEX_POINT ( 'NONE', #1343 ) ;
#2867 = CARTESIAN_POINT ( 'NONE',  ( -8.380000000000002558, 9.910000000000000142, 1.270000000000011120 ) ) ;
#2868 = ORIENTED_EDGE ( 'NONE', *, *, #1528, .T. ) ;
#2869 = DIRECTION ( 'NONE',  ( -1.000000000000000000, -6.162975822039154730E-33, 5.551115123125780237E-17 ) ) ;
#2870 = LINE ( 'NONE', #3958, #634 ) ;
#2871 = MECHANICAL_DESIGN_GEOMETRIC_PRESENTATION_REPRESENTATION (  '', ( #483 ), #1860 ) ;
#2872 = LINE ( 'NONE', #3236, #1003 ) ;
#2873 = ORIENTED_EDGE ( 'NONE', *, *, #1994, .T. ) ;
#2874 = VECTOR ( 'NONE', #3706, 1000.000000000000000 ) ;
#2875 = VECTOR ( 'NONE', #1308, 1000.000000000000000 ) ;
#2876 = DIRECTION ( 'NONE',  ( -5.551115123125782702E-17, -3.421138828918011187E-49, 1.000000000000000000 ) ) ;
#2877 = DIRECTION ( 'NONE',  ( -1.000000000000000000, -6.162975822039154730E-33, -9.436895709313828621E-16 ) ) ;
#2878 = EDGE_CURVE ( 'NONE', #188, #3082, #638, .T. ) ;
#2879 = CLOSED_SHELL ( 'NONE', ( #4144, #2822, #2384, #3294, #4203, #226 ) ) ;
#2880 = MANIFOLD_SOLID_BREP ( 'Combine1', #3836 ) ;
#2881 = EDGE_CURVE ( 'NONE', #3786, #2602, #2049, .T. ) ;
#2882 = PRESENTATION_LAYER_ASSIGNMENT (  '', '', ( #355 ) ) ;
#2883 = CARTESIAN_POINT ( 'NONE',  ( -9.320000000000005613, 3.310000000000000053, 0.3200000000000057243 ) ) ;
#2884 = ORIENTED_EDGE ( 'NONE', *, *, #1828, .F. ) ;
#2885 = CARTESIAN_POINT ( 'NONE',  ( 0.3200000000000033928, 7.509999999999999787, -3.319999999999994955 ) ) ;
#2886 = AXIS2_PLACEMENT_3D ( 'NONE', #1345, #2632, #2364 ) ;
#2887 = EDGE_CURVE ( 'NONE', #2602, #904, #2022, .T. ) ;
#2888 = CARTESIAN_POINT ( 'NONE',  ( -9.320000000000005613, -3.180000000000000160, 0.3200000000000017830 ) ) ;
#2889 = AXIS2_PLACEMENT_3D ( 'NONE', #817, #2176, #3558 ) ;
#2890 = FACE_OUTER_BOUND ( 'NONE', #540, .T. ) ;
#2891 = VECTOR ( 'NONE', #3766, 1000.000000000000000 ) ;
#2892 = VECTOR ( 'NONE', #41, 1000.000000000000000 ) ;
#2893 = PLANE ( 'NONE',  #2894 ) ;
#2894 = AXIS2_PLACEMENT_3D ( 'NONE', #2930, #1261, #2619 ) ;
#2895 = DIRECTION ( 'NONE',  ( 1.000000000000000000, 6.162975822039154730E-33, 9.436895709313828621E-16 ) ) ;
#2896 = ORIENTED_EDGE ( 'NONE', *, *, #3787, .T. ) ;
#2897 = DIRECTION ( 'NONE',  ( 3.697785493223491196E-32, 1.000000000000000000, 6.106226635438358014E-16 ) ) ;
#2898 = EDGE_LOOP ( 'NONE', ( #1026, #2472, #3546, #2018 ) ) ;
#2899 = DIRECTION ( 'NONE',  ( 1.000000000000000000, 6.162975822039154730E-33, 9.436895709313828621E-16 ) ) ;
#2900 = VERTEX_POINT ( 'NONE', #956 ) ;
#2901 = CARTESIAN_POINT ( 'NONE',  ( -2.680000000000001048, 7.509999999999999787, -3.319999999999993179 ) ) ;
#2902 = MANIFOLD_SOLID_BREP ( 'Split1[9]', #421 ) ;
#2903 = DIRECTION ( 'NONE',  ( -4.440892098500625176E-16, -2.736911063134407734E-48, -1.000000000000000000 ) ) ;
#2904 = ORIENTED_EDGE ( 'NONE', *, *, #2213, .T. ) ;
#2905 = CARTESIAN_POINT ( 'NONE',  ( -4.270000000000002238, 3.310000000000000053, 0.6200000000000056577 ) ) ;
#2906 = PRESENTATION_STYLE_ASSIGNMENT (( #3240 ) ) ;
#2907 = DIRECTION ( 'NONE',  ( 1.000000000000000000, 6.162975822039154730E-33, -5.551115123125780237E-17 ) ) ;
#2908 = EDGE_LOOP ( 'NONE', ( #4139, #1093, #424, #405 ) ) ;
#2909 = LINE ( 'NONE', #1895, #4396 ) ;
#2910 = CARTESIAN_POINT ( 'NONE',  ( -3.800000000000000266, 6.959999999999999964, -4.929999999999993499 ) ) ;
#2911 = PLANE ( 'NONE',  #223 ) ;
#2912 = CARTESIAN_POINT ( 'NONE',  ( -4.270000000000001350, 3.310000000000000053, 0.6200000000000096545 ) ) ;
#2913 = CARTESIAN_POINT ( 'NONE',  ( -7.730000000000003979, 3.310000000000000941, 0.6200000000000134293 ) ) ;
#2914 = EDGE_LOOP ( 'NONE', ( #831, #79, #2541, #911 ) ) ;
#2915 = CARTESIAN_POINT ( 'NONE',  ( 0.3199999999999998956, -3.365883960437809179E-16, -1.499999999999996669 ) ) ;
#2916 = ADVANCED_FACE ( 'NONE', ( #3438 ), #931, .T. ) ;
#2917 = VERTEX_POINT ( 'NONE', #344 ) ;
#2918 = DIRECTION ( 'NONE',  ( -1.000000000000000000, -6.162975822039154730E-33, 5.551115123125782702E-17 ) ) ;
#2919 = ORIENTED_EDGE ( 'NONE', *, *, #2519, .T. ) ;
#2920 = CARTESIAN_POINT ( 'NONE',  ( -5.680000000000003268, -3.180000000000000160, -3.319999999999998952 ) ) ;
#2921 = MANIFOLD_SOLID_BREP ( 'Split1[7]', #1801 ) ;
#2922 = FACE_OUTER_BOUND ( 'NONE', #2332, .T. ) ;
#2923 = ORIENTED_EDGE ( 'NONE', *, *, #3631, .T. ) ;
#2924 = DIRECTION ( 'NONE',  ( 5.551115123125782702E-17, -6.106226635438358014E-16, 1.000000000000000000 ) ) ;
#2925 = EDGE_CURVE ( 'NONE', #3327, #700, #1649, .T. ) ;
#2926 = ORIENTED_EDGE ( 'NONE', *, *, #3110, .T. ) ;
#2927 = LINE ( 'NONE', #3611, #3959 ) ;
#2928 = CARTESIAN_POINT ( 'NONE',  ( -1.269999999999999352, 9.910000000000000142, 0.6200000000000096545 ) ) ;
#2929 = DIRECTION ( 'NONE',  ( 1.000000000000000000, -3.081487911019593786E-33, -5.551115123125780237E-17 ) ) ;
#2930 = CARTESIAN_POINT ( 'NONE',  ( -5.680000000000003268, -3.180000000000000160, -3.319999999999998952 ) ) ;
#2931 = ADVANCED_FACE ( 'NONE', ( #1393 ), #3366, .F. ) ;
#2932 = FACE_OUTER_BOUND ( 'NONE', #3345, .T. ) ;
#2933 = ORIENTED_EDGE ( 'NONE', *, *, #3057, .F. ) ;
#2934 = DIRECTION ( 'NONE',  ( 1.000000000000000000, 6.162975822039154730E-33, -5.551115123125780237E-17 ) ) ;
#2935 = ORIENTED_EDGE ( 'NONE', *, *, #912, .T. ) ;
#2936 = FACE_OUTER_BOUND ( 'NONE', #211, .T. ) ;
#2937 = ORIENTED_EDGE ( 'NONE', *, *, #4464, .F. ) ;
#2938 = DIRECTION ( 'NONE',  ( -5.551115123125782702E-17, -3.421138828918009667E-49, -1.000000000000000000 ) ) ;
#2939 = CARTESIAN_POINT ( 'NONE',  ( -10.27000000000000490, 3.310000000000000053, 1.270000000000005347 ) ) ;
#2940 = EDGE_CURVE ( 'NONE', #3562, #3469, #3025, .T. ) ;
#2941 = VECTOR ( 'NONE', #4131, 1000.000000000000000 ) ;
#2942 = DIRECTION ( 'NONE',  ( 1.000000000000000000, 6.162975822039154730E-33, -5.551115123125780237E-17 ) ) ;
#2943 = EDGE_LOOP ( 'NONE', ( #1697, #161, #1165, #1560 ) ) ;
#2944 = VECTOR ( 'NONE', #2408, 1000.000000000000000 ) ;
#2945 = AXIS2_PLACEMENT_3D ( 'NONE', #1191, #1120, #173 ) ;
#2946 = VECTOR ( 'NONE', #1327, 1000.000000000000000 ) ;
#2947 = ORIENTED_EDGE ( 'NONE', *, *, #703, .F. ) ;
#2948 = PLANE ( 'NONE',  #4323 ) ;
#2949 = CARTESIAN_POINT ( 'NONE',  ( 0.3199999999999998956, -3.365883960437809179E-16, -0.3199999999999961764 ) ) ;
#2950 = UNCERTAINTY_MEASURE_WITH_UNIT (LENGTH_MEASURE( 1.000000000000000082E-05 ), #2361, 'distance_accuracy_value', 'NONE');
#2951 =( GEOMETRIC_REPRESENTATION_CONTEXT ( 3 ) GLOBAL_UNCERTAINTY_ASSIGNED_CONTEXT ( ( #241 ) ) GLOBAL_UNIT_ASSIGNED_CONTEXT ( ( #2562, #1569, #3286 ) ) REPRESENTATION_CONTEXT ( 'NONE', 'WORKASPACE' ) );
#2952 = VECTOR ( 'NONE', #364, 1000.000000000000000 ) ;
#2953 = DIRECTION ( 'NONE',  ( 0.000000000000000000, -6.106226635438358014E-16, 1.000000000000000000 ) ) ;
#2954 = MANIFOLD_SOLID_BREP ( 'Split1[17]', #1437 ) ;
#2955 = AXIS2_PLACEMENT_3D ( 'NONE', #4181, #3853, #430 ) ;
#2956 = CARTESIAN_POINT ( 'NONE',  ( -6.320000000000002061, -3.180000000000000160, -2.679999999999999272 ) ) ;
#2957 = ORIENTED_EDGE ( 'NONE', *, *, #3317, .T. ) ;
#2958 = VECTOR ( 'NONE', #1200, 1000.000000000000000 ) ;
#2959 = APPLICATION_CONTEXT ( 'automotive_design' ) ;
#2960 = VECTOR ( 'NONE', #3041, 1000.000000000000000 ) ;
#2961 = DIRECTION ( 'NONE',  ( 1.000000000000000000, 6.162975822039154730E-33, 9.436895709313828621E-16 ) ) ;
#2962 = AXIS2_PLACEMENT_3D ( 'NONE', #1123, #1101, #3131 ) ;
#2963 = ORIENTED_EDGE ( 'NONE', *, *, #3493, .T. ) ;
#2964 = FACE_OUTER_BOUND ( 'NONE', #1091, .T. ) ;
#2965 = VECTOR ( 'NONE', #3638, 1000.000000000000000 ) ;
#2966 = EDGE_LOOP ( 'NONE', ( #1404, #2919, #4201, #3015 ) ) ;
#2967 = DIRECTION ( 'NONE',  ( -1.000000000000000000, -6.162975822039154730E-33, 5.551115123125782702E-17 ) ) ;
#2968 = VECTOR ( 'NONE', #2502, 1000.000000000000000 ) ;
#2969 = MANIFOLD_SOLID_BREP ( 'Split1[15]', #1071 ) ;
#2970 = VECTOR ( 'NONE', #1329, 1000.000000000000000 ) ;
#2971 = FACE_OUTER_BOUND ( 'NONE', #2784, .T. ) ;
#2972 = ORIENTED_EDGE ( 'NONE', *, *, #4125, .T. ) ;
#2973 = ORIENTED_EDGE ( 'NONE', *, *, #2548, .T. ) ;
#2974 = AXIS2_PLACEMENT_3D ( 'NONE', #3967, #1276, #1961 ) ;
#2975 = DIRECTION ( 'NONE',  ( 0.000000000000000000, 0.000000000000000000, 1.000000000000000000 ) ) ;
#2976 = ORIENTED_EDGE ( 'NONE', *, *, #2416, .F. ) ;
#2977 = CARTESIAN_POINT ( 'NONE',  ( -10.27000000000000490, 3.310000000000001386, -1.729999999999990212 ) ) ;
#2978 = CARTESIAN_POINT ( 'NONE',  ( -5.680000000000003268, -3.180000000000000160, -3.319999999999998952 ) ) ;
#2979 = CARTESIAN_POINT ( 'NONE',  ( -10.27000000000000490, 9.910000000000000142, -1.729999999999989990 ) ) ;
#2980 = ORIENTED_EDGE ( 'NONE', *, *, #3325, .F. ) ;
#2981 = EDGE_CURVE ( 'NONE', #95, #2327, #4068, .T. ) ;
#2982 = CARTESIAN_POINT ( 'NONE',  ( -8.680000000000003268, 3.310000000000000053, -1.499999999999994671 ) ) ;
#2983 = EDGE_LOOP ( 'NONE', ( #3425, #1715, #1852, #2849 ) ) ;
#2984 = CARTESIAN_POINT ( 'NONE',  ( -5.680000000000003268, -3.180000000000000160, -2.679999999999999272 ) ) ;
#2985 = ORIENTED_EDGE ( 'NONE', *, *, #1856, .T. ) ;
#2986 = FILL_AREA_STYLE ('',( #1203 ) ) ;
#2987 = LINE ( 'NONE', #4386, #2157 ) ;
#2988 = CARTESIAN_POINT ( 'NONE',  ( -6.320000000000002061, -3.180000000000000160, 0.3200000000000017830 ) ) ;
#2989 = VERTEX_POINT ( 'NONE', #1829 ) ;
#2990 = ORIENTED_EDGE ( 'NONE', *, *, #1285, .T. ) ;
#2991 = ADVANCED_FACE ( 'NONE', ( #1776 ), #807, .T. ) ;
#2992 = CARTESIAN_POINT ( 'NONE',  ( -9.320000000000005613, -3.180000000000000160, -3.319999999999998952 ) ) ;
#2993 = EDGE_CURVE ( 'NONE', #3889, #4133, #1072, .T. ) ;
#2994 = CARTESIAN_POINT ( 'NONE',  ( -7.730000000000003979, 3.310000000000000053, -4.269999999999996909 ) ) ;
#2995 = FACE_OUTER_BOUND ( 'NONE', #2411, .T. ) ;
#2996 = ORIENTED_EDGE ( 'NONE', *, *, #209, .F. ) ;
#2997 = DIRECTION ( 'NONE',  ( -3.697785493223491196E-32, -1.000000000000000000, -6.106226635438358014E-16 ) ) ;
#2998 = CARTESIAN_POINT ( 'NONE',  ( -1.730000000000001537, 9.910000000000000142, -4.269999999999992468 ) ) ;
#2999 = PLANE ( 'NONE',  #4035 ) ;
#3000 = ORIENTED_EDGE ( 'NONE', *, *, #2845, .T. ) ;
#3001 = CARTESIAN_POINT ( 'NONE',  ( -7.270000000000002238, 3.310000000000000053, -4.269999999999996909 ) ) ;
#3002 = DIRECTION ( 'NONE',  ( -3.697785493223491196E-32, -1.000000000000000000, -6.106226635438358014E-16 ) ) ;
#3003 = ORIENTED_EDGE ( 'NONE', *, *, #283, .F. ) ;
#3004 = LINE ( 'NONE', #3692, #1571 ) ;
#3005 = CARTESIAN_POINT ( 'NONE',  ( -4.730000000000000426, 9.910000000000000142, -1.269999999999993134 ) ) ;
#3006 = CARTESIAN_POINT ( 'NONE',  ( -9.320000000000005613, -3.180000000000000160, -0.3199999999999981193 ) ) ;
#3007 = ORIENTED_EDGE ( 'NONE', *, *, #1328, .T. ) ;
#3008 = ORIENTED_EDGE ( 'NONE', *, *, #174, .T. ) ;
#3009 = FACE_OUTER_BOUND ( 'NONE', #3804, .T. ) ;
#3010 = SURFACE_STYLE_FILL_AREA ( #238 ) ;
#3011 = CARTESIAN_POINT ( 'NONE',  ( -0.6199999999999998845, 9.910000000000000142, -1.729999999999995319 ) ) ;
#3012 = DIRECTION ( 'NONE',  ( 5.551115123125782702E-17, 3.421138828918009667E-49, 1.000000000000000000 ) ) ;
#3013 =( GEOMETRIC_REPRESENTATION_CONTEXT ( 3 ) GLOBAL_UNCERTAINTY_ASSIGNED_CONTEXT ( ( #2950 ) ) GLOBAL_UNIT_ASSIGNED_CONTEXT ( ( #2361, #3059, #2446 ) ) REPRESENTATION_CONTEXT ( 'NONE', 'WORKASPACE' ) );
#3014 = EDGE_CURVE ( 'NONE', #3854, #2092, #2186, .T. ) ;
#3015 = ORIENTED_EDGE ( 'NONE', *, *, #3859, .F. ) ;
#3016 = AXIS2_PLACEMENT_3D ( 'NONE', #2141, #2100, #3516 ) ;
#3017 = EDGE_CURVE ( 'NONE', #963, #3889, #1845, .T. ) ;
#3018 = LINE ( 'NONE', #2031, #2517 ) ;
#3019 = EDGE_CURVE ( 'NONE', #1788, #2561, #2859, .T. ) ;
#3020 = VECTOR ( 'NONE', #1212, 1000.000000000000000 ) ;
#3021 = DIRECTION ( 'NONE',  ( -2.465190328815659976E-32, -1.000000000000000000, -4.306720954964487773E-16 ) ) ;
#3022 = EDGE_CURVE ( 'NONE', #3227, #1832, #462, .T. ) ;
#3023 = CARTESIAN_POINT ( 'NONE',  ( 0.3199999999999998956, 7.509999999999999787, -0.3199999999999916245 ) ) ;
#3024 = VERTEX_POINT ( 'NONE', #1506 ) ;
#3025 = LINE ( 'NONE', #1350, #3608 ) ;
#3026 = AXIS2_PLACEMENT_3D ( 'NONE', #2770, #1046, #3805 ) ;
#3027 = LINE ( 'NONE', #4049, #4042 ) ;
#3028 = CARTESIAN_POINT ( 'NONE',  ( -8.680000000000003268, 3.310000000000000053, -3.319999999999995843 ) ) ;
#3029 = MECHANICAL_DESIGN_GEOMETRIC_PRESENTATION_REPRESENTATION (  '', ( #355 ), #715 ) ;
#3030 = EDGE_LOOP ( 'NONE', ( #1268, #1526, #397, #861 ) ) ;
#3031 = CARTESIAN_POINT ( 'NONE',  ( -8.680000000000003268, 3.310000000000000053, -0.3199999999999942335 ) ) ;
#3032 = FACE_OUTER_BOUND ( 'NONE', #1375, .T. ) ;
#3033 = VECTOR ( 'NONE', #2865, 1000.000000000000000 ) ;
#3034 = CARTESIAN_POINT ( 'NONE',  ( -10.92500000000000071, 9.910000000000000142, 1.930000000000010152 ) ) ;
#3035 = ORIENTED_EDGE ( 'NONE', *, *, #3995, .T. ) ;
#3036 = ORIENTED_EDGE ( 'NONE', *, *, #1255, .F. ) ;
#3037 = MECHANICAL_DESIGN_GEOMETRIC_PRESENTATION_REPRESENTATION (  '', ( #3545 ), #1235 ) ;
#3038 = LINE ( 'NONE', #4419, #919 ) ;
#3039 = VECTOR ( 'NONE', #418, 1000.000000000000000 ) ;
#3040 = CARTESIAN_POINT ( 'NONE',  ( -4.270000000000002238, 3.310000000000000053, 0.6200000000000056577 ) ) ;
#3041 = DIRECTION ( 'NONE',  ( -5.551115123125782702E-17, -3.421138828918009667E-49, -1.000000000000000000 ) ) ;
#3042 = ORIENTED_EDGE ( 'NONE', *, *, #3686, .T. ) ;
#3043 = EDGE_CURVE ( 'NONE', #3575, #3077, #3519, .T. ) ;
#3044 = ADVANCED_FACE ( 'NONE', ( #782 ), #88, .T. ) ;
#3045 = FACE_OUTER_BOUND ( 'NONE', #4135, .T. ) ;
#3046 = LINE ( 'NONE', #288, #1371 ) ;
#3047 = ADVANCED_FACE ( 'NONE', ( #1173, #415 ), #1802, .F. ) ;
#3048 = DIRECTION ( 'NONE',  ( 1.000000000000000000, -3.081487911019593786E-33, -5.551115123125780237E-17 ) ) ;
#3049 = VERTEX_POINT ( 'NONE', #2165 ) ;
#3050 = SURFACE_SIDE_STYLE ('',( #3388 ) ) ;
#3051 = DIRECTION ( 'NONE',  ( 0.000000000000000000, 6.106226635438358014E-16, -1.000000000000000000 ) ) ;
#3052 = LINE ( 'NONE', #1696, #10 ) ;
#3053 = ORIENTED_EDGE ( 'NONE', *, *, #4056, .T. ) ;
#3054 = DIRECTION ( 'NONE',  ( 1.000000000000000000, 6.162975822039154730E-33, -5.551115123125780237E-17 ) ) ;
#3055 = DIRECTION ( 'NONE',  ( 5.551115123125782702E-17, -6.106226635438358014E-16, 1.000000000000000000 ) ) ;
#3056 = ORIENTED_EDGE ( 'NONE', *, *, #1103, .T. ) ;
#3057 = EDGE_CURVE ( 'NONE', #627, #665, #3549, .T. ) ;
#3058 = VERTEX_POINT ( 'NONE', #1484 ) ;
#3059 =( NAMED_UNIT ( * ) PLANE_ANGLE_UNIT ( ) SI_UNIT ( $, .RADIAN. ) );
#3060 = DIRECTION ( 'NONE',  ( 1.000000000000000000, 6.162975822039154730E-33, -5.551115123125780237E-17 ) ) ;
#3061 = DIRECTION ( 'NONE',  ( 5.551115123125782702E-17, 3.421138828918009667E-49, 1.000000000000000000 ) ) ;
#3062 = CARTESIAN_POINT ( 'NONE',  ( -4.729999999999996874, 9.910000000000000142, -2.379999999999991456 ) ) ;
#3063 = VERTEX_POINT ( 'NONE', #1757 ) ;
#3064 = DIRECTION ( 'NONE',  ( -5.551115123125782702E-17, -3.421138828918009667E-49, -1.000000000000000000 ) ) ;
#3065 = EDGE_CURVE ( 'NONE', #3527, #200, #739, .T. ) ;
#3066 = EDGE_CURVE ( 'NONE', #4133, #1127, #714, .T. ) ;
#3067 = CARTESIAN_POINT ( 'NONE',  ( -5.380000000000001670, 9.910000000000000142, 1.270000000000009344 ) ) ;
#3068 = PLANE ( 'NONE',  #3381 ) ;
#3069 =( NAMED_UNIT ( * ) SI_UNIT ( $, .STERADIAN. ) SOLID_ANGLE_UNIT ( ) );
#3070 = DIRECTION ( 'NONE',  ( -1.000000000000000000, -6.162975822039154730E-33, 5.551115123125780237E-17 ) ) ;
#3071 = EDGE_LOOP ( 'NONE', ( #1457, #74, #1751, #3321 ) ) ;
#3072 = SURFACE_STYLE_FILL_AREA ( #3417 ) ;
#3073 = CARTESIAN_POINT ( 'NONE',  ( 0.3199999999999998956, 3.310000000000000053, 0.3200000000000040035 ) ) ;
#3074 = ORIENTED_EDGE ( 'NONE', *, *, #1754, .T. ) ;
#3075 = ADVANCED_FACE ( 'NONE', ( #1099 ), #3129, .T. ) ;
#3076 = CARTESIAN_POINT ( 'NONE',  ( -4.270000000000002238, 9.910000000000000142, -4.269999999999992468 ) ) ;
#3077 = VERTEX_POINT ( 'NONE', #2461 ) ;
#3078 = EDGE_CURVE ( 'NONE', #2494, #3868, #3840, .T. ) ;
#3079 =( NAMED_UNIT ( * ) SI_UNIT ( $, .STERADIAN. ) SOLID_ANGLE_UNIT ( ) );
#3080 = DIRECTION ( 'NONE',  ( 3.697785493223491196E-32, 1.000000000000000000, 6.106226635438358014E-16 ) ) ;
#3081 = VERTEX_POINT ( 'NONE', #1438 ) ;
#3082 = VERTEX_POINT ( 'NONE', #2819 ) ;
#3083 = CARTESIAN_POINT ( 'NONE',  ( -5.200000000000001954, 6.959999999999999964, -4.929999999999993499 ) ) ;
#3084 = LINE ( 'NONE', #2659, #2750 ) ;
#3085 = VECTOR ( 'NONE', #2320, 1000.000000000000000 ) ;
#3086 = CARTESIAN_POINT ( 'NONE',  ( -2.680000000000001048, -3.180000000000000160, -0.3199999999999981193 ) ) ;
#3087 = AXIS2_PLACEMENT_3D ( 'NONE', #1710, #4127, #2417 ) ;
#3088 = EDGE_CURVE ( 'NONE', #4273, #3500, #2483, .T. ) ;
#3089 = CARTESIAN_POINT ( 'NONE',  ( 1.924999999999998712, 9.910000000000000142, -4.929999999999991722 ) ) ;
#3090 = VERTEX_POINT ( 'NONE', #746 ) ;
#3091 = LINE ( 'NONE', #3132, #437 ) ;
#3092 = ORIENTED_EDGE ( 'NONE', *, *, #3406, .T. ) ;
#3093 = AXIS2_PLACEMENT_3D ( 'NONE', #2247, #3627, #1162 ) ;
#3094 = FACE_OUTER_BOUND ( 'NONE', #1538, .T. ) ;
#3095 =( GEOMETRIC_REPRESENTATION_CONTEXT ( 3 ) GLOBAL_UNCERTAINTY_ASSIGNED_CONTEXT ( ( #4036 ) ) GLOBAL_UNIT_ASSIGNED_CONTEXT ( ( #4354, #1500, #907 ) ) REPRESENTATION_CONTEXT ( 'NONE', 'WORKASPACE' ) );
#3096 = ORIENTED_EDGE ( 'NONE', *, *, #4180, .T. ) ;
#3097 = ORIENTED_EDGE ( 'NONE', *, *, #545, .F. ) ;
#3098 = FACE_OUTER_BOUND ( 'NONE', #4347, .T. ) ;
#3099 = VECTOR ( 'NONE', #1720, 1000.000000000000000 ) ;
#3100 = VECTOR ( 'NONE', #402, 1000.000000000000000 ) ;
#3101 =( GEOMETRIC_REPRESENTATION_CONTEXT ( 3 ) GLOBAL_UNCERTAINTY_ASSIGNED_CONTEXT ( ( #3996 ) ) GLOBAL_UNIT_ASSIGNED_CONTEXT ( ( #655, #2372, #3069 ) ) REPRESENTATION_CONTEXT ( 'NONE', 'WORKASPACE' ) );
#3102 = DIRECTION ( 'NONE',  ( 5.551115123125782702E-17, 3.421138828918009667E-49, 1.000000000000000000 ) ) ;
#3103 = CARTESIAN_POINT ( 'NONE',  ( -4.500000000000003553, -3.365883960437809672E-16, -0.3199999999999961764 ) ) ;
#3104 = ORIENTED_EDGE ( 'NONE', *, *, #4397, .F. ) ;
#3105 = VECTOR ( 'NONE', #2823, 1000.000000000000000 ) ;
#3106 = EDGE_LOOP ( 'NONE', ( #265, #3969, #2211, #2175 ) ) ;
#3107 = AXIS2_PLACEMENT_3D ( 'NONE', #887, #2271, #1594 ) ;
#3108 = CARTESIAN_POINT ( 'NONE',  ( -5.680000000000003268, -3.180000000000000160, -0.3199999999999981193 ) ) ;
#3109 = STYLED_ITEM ( 'NONE', ( #4215 ), #1470 ) ;
#3110 = EDGE_CURVE ( 'NONE', #3848, #3372, #2151, .T. ) ;
#3111 = DIRECTION ( 'NONE',  ( -5.551115123125782702E-17, -3.421138828918009667E-49, -1.000000000000000000 ) ) ;
#3112 = FACE_OUTER_BOUND ( 'NONE', #1272, .T. ) ;
#3113 = FACE_OUTER_BOUND ( 'NONE', #3199, .T. ) ;
#3114 = FACE_BOUND ( 'NONE', #1631, .T. ) ;
#3115 = ORIENTED_EDGE ( 'NONE', *, *, #525, .F. ) ;
#3116 = CARTESIAN_POINT ( 'NONE',  ( -10.27000000000000490, 9.910000000000000142, -1.729999999999989990 ) ) ;
#3117 = ADVANCED_FACE ( 'NONE', ( #2110 ), #2536, .T. ) ;
#3118 = ORIENTED_EDGE ( 'NONE', *, *, #2845, .F. ) ;
#3119 = DIRECTION ( 'NONE',  ( 3.697785493223491196E-32, 1.000000000000000000, 6.106226635438358014E-16 ) ) ;
#3120 = LINE ( 'NONE', #1663, #3752 ) ;
#3121 = VERTEX_POINT ( 'NONE', #1451 ) ;
#3122 = EDGE_CURVE ( 'NONE', #3327, #3227, #729, .T. ) ;
#3123 = EDGE_CURVE ( 'NONE', #1765, #30, #4220, .T. ) ;
#3124 = ORIENTED_EDGE ( 'NONE', *, *, #1281, .F. ) ;
#3125 = VERTEX_POINT ( 'NONE', #3528 ) ;
#3126 = DIRECTION ( 'NONE',  ( 0.000000000000000000, -6.106226635438358014E-16, 1.000000000000000000 ) ) ;
#3127 = FACE_OUTER_BOUND ( 'NONE', #3913, .T. ) ;
#3128 = LINE ( 'NONE', #2790, #3743 ) ;
#3129 = CYLINDRICAL_SURFACE ( 'NONE', #4173, 0.4149999999999999800 ) ;
#3130 = FACE_OUTER_BOUND ( 'NONE', #1357, .T. ) ;
#3131 = DIRECTION ( 'NONE',  ( 5.551115123125782702E-17, 3.421138828918009667E-49, 1.000000000000000000 ) ) ;
#3132 = CARTESIAN_POINT ( 'NONE',  ( -2.680000000000001048, -3.180000000000000160, 0.3200000000000017830 ) ) ;
#3133 = ORIENTED_EDGE ( 'NONE', *, *, #1945, .T. ) ;
#3134 = CARTESIAN_POINT ( 'NONE',  ( -7.270000000000001350, 3.310000000000001386, -1.729999999999991989 ) ) ;
#3135 = ORIENTED_EDGE ( 'NONE', *, *, #2080, .F. ) ;
#3136 = FACE_OUTER_BOUND ( 'NONE', #2490, .T. ) ;
#3137 = VERTEX_POINT ( 'NONE', #2491 ) ;
#3138 = SURFACE_STYLE_USAGE ( .BOTH. , #1161 ) ;
#3139 = CARTESIAN_POINT ( 'NONE',  ( -4.729999999999996874, 9.910000000000000142, -2.379999999999991456 ) ) ;
#3140 = ORIENTED_EDGE ( 'NONE', *, *, #2887, .T. ) ;
#3141 = ORIENTED_EDGE ( 'NONE', *, *, #4432, .F. ) ;
#3142 = ORIENTED_EDGE ( 'NONE', *, *, #1527, .F. ) ;
#3143 = EDGE_CURVE ( 'NONE', #2317, #2511, #3191, .T. ) ;
#3144 = DIRECTION ( 'NONE',  ( -5.551115123125782702E-17, -3.421138828918009667E-49, -1.000000000000000000 ) ) ;
#3145 = CARTESIAN_POINT ( 'NONE',  ( -10.28000000000000114, -0.8300000000000004041, -4.394999999999999574 ) ) ;
#3146 = EDGE_CURVE ( 'NONE', #290, #2406, #1853, .T. ) ;
#3147 = LINE ( 'NONE', #59, #1014 ) ;
#3148 = DIRECTION ( 'NONE',  ( 0.000000000000000000, 6.106226635438358014E-16, -1.000000000000000000 ) ) ;
#3149 = EDGE_CURVE ( 'NONE', #3435, #3610, #3231, .T. ) ;
#3150 = VECTOR ( 'NONE', #1226, 1000.000000000000000 ) ;
#3151 = DIRECTION ( 'NONE',  ( -1.000000000000000000, -6.162975822039154730E-33, 5.551115123125780237E-17 ) ) ;
#3152 = CARTESIAN_POINT ( 'NONE',  ( -10.27000000000000490, 3.310000000000000053, -1.729999999999993987 ) ) ;
#3153 = AXIS2_PLACEMENT_3D ( 'NONE', #731, #3781, #367 ) ;
#3154 = CARTESIAN_POINT ( 'NONE',  ( -2.680000000000001048, 7.509999999999999787, 0.3200000000000083333 ) ) ;
#3155 = DIRECTION ( 'NONE',  ( 3.697785493223491196E-32, 1.000000000000000000, 6.106226635438358014E-16 ) ) ;
#3156 = VERTEX_POINT ( 'NONE', #3481 ) ;
#3157 = AXIS2_PLACEMENT_3D ( 'NONE', #2191, #4289, #830 ) ;
#3158 = DIRECTION ( 'NONE',  ( 3.697785493223491196E-32, 1.000000000000000000, 6.106226635438358014E-16 ) ) ;
#3159 = ORIENTED_EDGE ( 'NONE', *, *, #1320, .T. ) ;
#3160 = DIRECTION ( 'NONE',  ( 0.000000000000000000, -6.106226635438358014E-16, 1.000000000000000000 ) ) ;
#3161 = VECTOR ( 'NONE', #1002, 1000.000000000000000 ) ;
#3162 = ORIENTED_EDGE ( 'NONE', *, *, #3444, .T. ) ;
#3163 = PLANE ( 'NONE',  #3808 ) ;
#3164 = FACE_OUTER_BOUND ( 'NONE', #3734, .T. ) ;
#3165 = EDGE_LOOP ( 'NONE', ( #2751, #2937, #4405, #2136, #3509 ) ) ;
#3166 = AXIS2_PLACEMENT_3D ( 'NONE', #119, #2876, #4255 ) ;
#3167 = CLOSED_SHELL ( 'NONE', ( #1386, #3915, #2840, #3518, #2753, #4449 ) ) ;
#3168 = VECTOR ( 'NONE', #1518, 1000.000000000000000 ) ;
#3169 = ORIENTED_EDGE ( 'NONE', *, *, #407, .F. ) ;
#3170 = VERTEX_POINT ( 'NONE', #1493 ) ;
#3171 = AXIS2_PLACEMENT_3D ( 'NONE', #1038, #2127, #3820 ) ;
#3172 = PLANE ( 'NONE',  #3529 ) ;
#3173 = DIRECTION ( 'NONE',  ( 1.000000000000000000, 6.162975822039154730E-33, 1.276756478318929824E-15 ) ) ;
#3174 = VECTOR ( 'NONE', #878, 1000.000000000000000 ) ;
#3175 = PRESENTATION_LAYER_ASSIGNMENT (  '', '', ( #656 ) ) ;
#3176 = PLANE ( 'NONE',  #295 ) ;
#3177 = AXIS2_PLACEMENT_3D ( 'NONE', #2252, #210, #4275 ) ;
#3178 = ADVANCED_FACE ( 'NONE', ( #1399 ), #1087, .F. ) ;
#3179 = ORIENTED_EDGE ( 'NONE', *, *, #670, .T. ) ;
#3180 = FACE_OUTER_BOUND ( 'NONE', #3596, .T. ) ;
#3181 = EDGE_CURVE ( 'NONE', #2264, #2537, #359, .T. ) ;
#3182 = AXIS2_PLACEMENT_3D ( 'NONE', #2369, #915, #1369 ) ;
#3183 = DIRECTION ( 'NONE',  ( -1.000000000000000000, -6.162975822039154730E-33, 5.551115123125782702E-17 ) ) ;
#3184 = PLANE ( 'NONE',  #1373 ) ;
#3185 = ADVANCED_FACE ( 'NONE', ( #452 ), #3210, .T. ) ;
#3186 = CARTESIAN_POINT ( 'NONE',  ( -10.28000000000000114, -0.5800000000000001821, -3.979999999999998206 ) ) ;
#3187 = ORIENTED_EDGE ( 'NONE', *, *, #4206, .T. ) ;
#3188 = DIRECTION ( 'NONE',  ( 1.000000000000000000, 6.162975822039154730E-33, -4.440892098500625176E-16 ) ) ;
#3189 = ADVANCED_FACE ( 'NONE', ( #4241 ), #1159, .F. ) ;
#3190 = ORIENTED_EDGE ( 'NONE', *, *, #2130, .F. ) ;
#3191 = LINE ( 'NONE', #1835, #2240 ) ;
#3192 = ORIENTED_EDGE ( 'NONE', *, *, #669, .T. ) ;
#3193 = EDGE_CURVE ( 'NONE', #3461, #4207, #2801, .T. ) ;
#3194 = DIRECTION ( 'NONE',  ( 1.000000000000000000, 6.162975822039154730E-33, -5.551115123125780237E-17 ) ) ;
#3195 = EDGE_LOOP ( 'NONE', ( #4444, #1562, #448, #1424 ) ) ;
#3196 = ORIENTED_EDGE ( 'NONE', *, *, #2615, .F. ) ;
#3197 = DIRECTION ( 'NONE',  ( 3.697785493223491196E-32, 1.000000000000000000, 6.106226635438358014E-16 ) ) ;
#3198 = LINE ( 'NONE', #102, #2818 ) ;
#3199 = EDGE_LOOP ( 'NONE', ( #4413, #754, #2135, #2442 ) ) ;
#3200 = CARTESIAN_POINT ( 'NONE',  ( -1.730000000000001537, 9.910000000000000142, 1.270000000000009344 ) ) ;
#3201 = AXIS2_PLACEMENT_3D ( 'NONE', #27, #419, #1036 ) ;
#3202 = CARTESIAN_POINT ( 'NONE',  ( 0.3200000000000033928, -3.180000000000000160, -3.320000000000000728 ) ) ;
#3203 = DIRECTION ( 'NONE',  ( 3.081487911019576681E-33, 1.000000000000000000, -5.131708243377014121E-49 ) ) ;
#3204 = EDGE_CURVE ( 'NONE', #3710, #3878, #2443, .T. ) ;
#3205 = DIRECTION ( 'NONE',  ( -1.000000000000000000, -6.162975822039154730E-33, 5.551115123125782702E-17 ) ) ;
#3206 = PLANE ( 'NONE',  #1063 ) ;
#3207 = ORIENTED_EDGE ( 'NONE', *, *, #674, .T. ) ;
#3208 = CARTESIAN_POINT ( 'NONE',  ( -1.269999999999999352, 9.910000000000000142, 0.6200000000000096545 ) ) ;
#3209 = ORIENTED_EDGE ( 'NONE', *, *, #336, .T. ) ;
#3210 = PLANE ( 'NONE',  #2671 ) ;
#3211 = EDGE_LOOP ( 'NONE', ( #2809, #514, #4150, #4465 ) ) ;
#3212 = ADVANCED_FACE ( 'NONE', ( #3136 ), #48, .F. ) ;
#3213 = EDGE_CURVE ( 'NONE', #4454, #2107, #4175, .T. ) ;
#3214 = FACE_OUTER_BOUND ( 'NONE', #2824, .T. ) ;
#3215 = EDGE_LOOP ( 'NONE', ( #3397, #2346, #325, #2426 ) ) ;
#3216 = ADVANCED_FACE ( 'NONE', ( #3850 ), #1903, .T. ) ;
#3217 = DIRECTION ( 'NONE',  ( -1.000000000000000000, -6.162975822039154730E-33, 5.551115123125780237E-17 ) ) ;
#3218 =( LENGTH_UNIT ( ) NAMED_UNIT ( * ) SI_UNIT ( .MILLI., .METRE. ) );
#3219 = DIRECTION ( 'NONE',  ( 1.000000000000000000, 6.162975822039154730E-33, -5.551115123125780237E-17 ) ) ;
#3220 = ORIENTED_EDGE ( 'NONE', *, *, #1411, .T. ) ;
#3221 = DIRECTION ( 'NONE',  ( 5.551115123125782702E-17, 3.421138828918009667E-49, 1.000000000000000000 ) ) ;
#3222 = DIRECTION ( 'NONE',  ( 1.000000000000000000, 6.162975822039154730E-33, -5.551115123125780237E-17 ) ) ;
#3223 = UNCERTAINTY_MEASURE_WITH_UNIT (LENGTH_MEASURE( 1.000000000000000082E-05 ), #3560, 'distance_accuracy_value', 'NONE');
#3224 = DIRECTION ( 'NONE',  ( 0.000000000000000000, -6.106226635438358014E-16, 1.000000000000000000 ) ) ;
#3225 = PLANE ( 'NONE',  #869 ) ;
#3226 = LINE ( 'NONE', #1511, #2373 ) ;
#3227 = VERTEX_POINT ( 'NONE', #1181 ) ;
#3228 = CARTESIAN_POINT ( 'NONE',  ( -0.6199999999999998845, 3.310000000000000053, -1.729999999999999094 ) ) ;
#3229 = ADVANCED_FACE ( 'NONE', ( #2936 ), #2624, .T. ) ;
#3230 = ORIENTED_EDGE ( 'NONE', *, *, #745, .T. ) ;
#3231 = LINE ( 'NONE', #2867, #4251 ) ;
#3232 = ORIENTED_EDGE ( 'NONE', *, *, #3204, .T. ) ;
#3233 =( NAMED_UNIT ( * ) PLANE_ANGLE_UNIT ( ) SI_UNIT ( $, .RADIAN. ) );
#3234 = LINE ( 'NONE', #2939, #2090 ) ;
#3235 = AXIS2_PLACEMENT_3D ( 'NONE', #2743, #1341, #32 ) ;
#3236 = CARTESIAN_POINT ( 'NONE',  ( -2.680000000000001048, -3.180000000000000160, -0.3199999999999981193 ) ) ;
#3237 = ORIENTED_EDGE ( 'NONE', *, *, #4427, .T. ) ;
#3238 = VECTOR ( 'NONE', #3262, 1000.000000000000000 ) ;
#3239 = VECTOR ( 'NONE', #2299, 1000.000000000000000 ) ;
#3240 = SURFACE_STYLE_USAGE ( .BOTH. , #101 ) ;
#3241 = CLOSED_SHELL ( 'NONE', ( #1077, #3312, #1004, #3737, #858, #3929 ) ) ;
#3242 = PRESENTATION_LAYER_ASSIGNMENT (  '', '', ( #3965 ) ) ;
#3243 = CARTESIAN_POINT ( 'NONE',  ( -4.500000000000003553, 3.310000000000000053, 0.3200000000000057243 ) ) ;
#3244 = EDGE_LOOP ( 'NONE', ( #1171, #1427, #1452, #3490 ) ) ;
#3245 = CARTESIAN_POINT ( 'NONE',  ( 4.500000000000000000, 7.509999999999999787, -1.499999999999993783 ) ) ;
#3246 = VECTOR ( 'NONE', #4012, 1000.000000000000000 ) ;
#3247 = LINE ( 'NONE', #3927, #3239 ) ;
#3248 = VECTOR ( 'NONE', #4230, 1000.000000000000000 ) ;
#3249 = ADVANCED_FACE ( 'NONE', ( #1223 ), #1948, .T. ) ;
#3250 = FILL_AREA_STYLE_COLOUR ( '', #1882 ) ;
#3251 = AXIS2_PLACEMENT_3D ( 'NONE', #1193, #3203, #106 ) ;
#3252 = VECTOR ( 'NONE', #2358, 1000.000000000000000 ) ;
#3253 = CARTESIAN_POINT ( 'NONE',  ( -4.270000000000002238, 3.310000000000000053, 0.6200000000000056577 ) ) ;
#3254 = VECTOR ( 'NONE', #1033, 1000.000000000000000 ) ;
#3255 = LINE ( 'NONE', #787, #2155 ) ;
#3256 = EDGE_LOOP ( 'NONE', ( #722, #1658, #4451, #1206 ) ) ;
#3257 = PLANE ( 'NONE',  #564 ) ;
#3258 = ORIENTED_EDGE ( 'NONE', *, *, #1773, .F. ) ;
#3259 = DIRECTION ( 'NONE',  ( 3.697785493223491196E-32, 1.000000000000000000, 6.106226635438358014E-16 ) ) ;
#3260 = VERTEX_POINT ( 'NONE', #1541 ) ;
#3261 = DIRECTION ( 'NONE',  ( 3.697785493223491196E-32, 1.000000000000000000, 6.106226635438358014E-16 ) ) ;
#3262 = DIRECTION ( 'NONE',  ( 3.697785493223491196E-32, 1.000000000000000000, 6.106226635438358014E-16 ) ) ;
#3263 = CARTESIAN_POINT ( 'NONE',  ( -4.500000000000003553, 3.310000000000000053, 0.3200000000000057243 ) ) ;
#3264 = ORIENTED_EDGE ( 'NONE', *, *, #1129, .T. ) ;
#3265 = ADVANCED_FACE ( 'NONE', ( #2964 ), #3280, .T. ) ;
#3266 = EDGE_CURVE ( 'NONE', #1378, #1306, #1588, .T. ) ;
#3267 = CARTESIAN_POINT ( 'NONE',  ( 1.270000000000002904, 9.910000000000000142, -1.269999999999996687 ) ) ;
#3268 = CARTESIAN_POINT ( 'NONE',  ( -4.270000000000002238, 3.310000000000000053, 0.6200000000000056577 ) ) ;
#3269 = ADVANCED_FACE ( 'NONE', ( #2286 ), #2215, .T. ) ;
#3270 = CARTESIAN_POINT ( 'NONE',  ( -3.320000000000002505, 7.509999999999999787, -2.679999999999993054 ) ) ;
#3271 = EDGE_LOOP ( 'NONE', ( #228, #451, #3056, #3835 ) ) ;
#3272 = LINE ( 'NONE', #441, #778 ) ;
#3273 = CARTESIAN_POINT ( 'NONE',  ( -2.680000000000001048, 3.310000000000000053, -3.319999999999995843 ) ) ;
#3274 = FACE_OUTER_BOUND ( 'NONE', #1405, .T. ) ;
#3275 = DIRECTION ( 'NONE',  ( 1.000000000000000000, 6.162975822039154730E-33, -4.440892098500625176E-16 ) ) ;
#3276 = DIRECTION ( 'NONE',  ( 5.551115123125782702E-17, 3.421138828918009667E-49, 1.000000000000000000 ) ) ;
#3277 = VERTEX_POINT ( 'NONE', #1612 ) ;
#3278 = DIRECTION ( 'NONE',  ( -3.697785493223491196E-32, -1.000000000000000000, -6.106226635438358014E-16 ) ) ;
#3279 = EDGE_LOOP ( 'NONE', ( #2197, #609, #2051, #1426 ) ) ;
#3280 = PLANE ( 'NONE',  #3828 ) ;
#3281 = ORIENTED_EDGE ( 'NONE', *, *, #1104, .F. ) ;
#3282 =( NAMED_UNIT ( * ) PLANE_ANGLE_UNIT ( ) SI_UNIT ( $, .RADIAN. ) );
#3283 = FACE_OUTER_BOUND ( 'NONE', #2908, .T. ) ;
#3284 = CARTESIAN_POINT ( 'NONE',  ( 4.500000000000000000, -3.180000000000000160, -1.500000000000000222 ) ) ;
#3285 = ORIENTED_EDGE ( 'NONE', *, *, #3745, .F. ) ;
#3286 =( NAMED_UNIT ( * ) SI_UNIT ( $, .STERADIAN. ) SOLID_ANGLE_UNIT ( ) );
#3287 =( NAMED_UNIT ( * ) PLANE_ANGLE_UNIT ( ) SI_UNIT ( $, .RADIAN. ) );
#3288 = EDGE_CURVE ( 'NONE', #550, #705, #883, .T. ) ;
#3289 = EDGE_LOOP ( 'NONE', ( #576, #3515, #2844, #139 ) ) ;
#3290 = PLANE ( 'NONE',  #1142 ) ;
#3291 = CARTESIAN_POINT ( 'NONE',  ( -10.27000000000000490, 9.910000000000000142, -4.269999999999992468 ) ) ;
#3292 = DIRECTION ( 'NONE',  ( -1.000000000000000000, -6.162975822039154730E-33, 5.551115123125780237E-17 ) ) ;
#3293 = FACE_OUTER_BOUND ( 'NONE', #3289, .T. ) ;
#3294 = ADVANCED_FACE ( 'NONE', ( #231 ), #4365, .F. ) ;
#3295 = DIRECTION ( 'NONE',  ( 1.000000000000000000, 6.162975822039154730E-33, 9.436895709313828621E-16 ) ) ;
#3296 = VERTEX_POINT ( 'NONE', #2267 ) ;
#3297 = CARTESIAN_POINT ( 'NONE',  ( -7.730000000000003979, 9.910000000000000142, -1.729999999999991767 ) ) ;
#3298 = ORIENTED_EDGE ( 'NONE', *, *, #654, .T. ) ;
#3299 = CARTESIAN_POINT ( 'NONE',  ( -6.320000000000002061, 3.310000000000000053, 0.3200000000000057243 ) ) ;
#3300 = EDGE_LOOP ( 'NONE', ( #793, #836, #1209, #28 ) ) ;
#3301 = LINE ( 'NONE', #4321, #3150 ) ;
#3302 = DIRECTION ( 'NONE',  ( -5.551115123125782702E-17, -3.421138828918009667E-49, -1.000000000000000000 ) ) ;
#3303 = CARTESIAN_POINT ( 'NONE',  ( -7.270000000000002238, 9.910000000000000142, 1.270000000000009344 ) ) ;
#3304 = VERTEX_POINT ( 'NONE', #900 ) ;
#3305 = ORIENTED_EDGE ( 'NONE', *, *, #2652, .F. ) ;
#3306 = VECTOR ( 'NONE', #2067, 1000.000000000000000 ) ;
#3307 = PRESENTATION_STYLE_ASSIGNMENT (( #1932 ) ) ;
#3308 = FILL_AREA_STYLE ('',( #562 ) ) ;
#3309 = CARTESIAN_POINT ( 'NONE',  ( -3.320000000000002505, 3.310000000000000053, -1.499999999999994671 ) ) ;
#3310 = VECTOR ( 'NONE', #4305, 1000.000000000000000 ) ;
#3311 = PRODUCT_DEFINITION_SHAPE ( 'NONE', 'NONE',  #1713 ) ;
#3312 = ADVANCED_FACE ( 'NONE', ( #183 ), #583, .T. ) ;
#3313 = AXIS2_PLACEMENT_3D ( 'NONE', #4436, #3331, #950 ) ;
#3314 = ORIENTED_EDGE ( 'NONE', *, *, #3924, .T. ) ;
#3315 = LINE ( 'NONE', #1555, #3818 ) ;
#3316 = AXIS2_PLACEMENT_3D ( 'NONE', #1889, #890, #479 ) ;
#3317 = EDGE_CURVE ( 'NONE', #2028, #412, #2575, .T. ) ;
#3318 = AXIS2_PLACEMENT_3D ( 'NONE', #3324, #944, #881 ) ;
#3319 = LINE ( 'NONE', #1940, #1958 ) ;
#3320 = CARTESIAN_POINT ( 'NONE',  ( -8.680000000000003268, -3.180000000000000160, -2.679999999999999272 ) ) ;
#3321 = ORIENTED_EDGE ( 'NONE', *, *, #444, .T. ) ;
#3322 = AXIS2_PLACEMENT_3D ( 'NONE', #4152, #794, #3917 ) ;
#3323 = VECTOR ( 'NONE', #84, 1000.000000000000000 ) ;
#3324 = CARTESIAN_POINT ( 'NONE',  ( -8.680000000000003268, -3.180000000000000160, -2.679999999999999272 ) ) ;
#3325 = EDGE_CURVE ( 'NONE', #2445, #2216, #3690, .T. ) ;
#3326 = VECTOR ( 'NONE', #3498, 1000.000000000000000 ) ;
#3327 = VERTEX_POINT ( 'NONE', #3299 ) ;
#3328 = DIRECTION ( 'NONE',  ( 1.000000000000000000, 6.162975822039154730E-33, -5.551115123125780237E-17 ) ) ;
#3329 = ORIENTED_EDGE ( 'NONE', *, *, #1328, .F. ) ;
#3330 = DIRECTION ( 'NONE',  ( -1.000000000000000000, -6.162975822039154730E-33, 5.551115123125782702E-17 ) ) ;
#3331 = DIRECTION ( 'NONE',  ( 5.551115123125782702E-17, -6.106226635438358014E-16, 1.000000000000000000 ) ) ;
#3332 = VECTOR ( 'NONE', #1726, 1000.000000000000000 ) ;
#3333 = VECTOR ( 'NONE', #828, 1000.000000000000000 ) ;
#3334 = EDGE_CURVE ( 'NONE', #471, #2264, #4272, .T. ) ;
#3335 = CARTESIAN_POINT ( 'NONE',  ( -5.680000000000003268, -3.180000000000000160, -3.319999999999998952 ) ) ;
#3336 = ORIENTED_EDGE ( 'NONE', *, *, #2433, .T. ) ;
#3337 = ORIENTED_EDGE ( 'NONE', *, *, #2766, .T. ) ;
#3338 = CARTESIAN_POINT ( 'NONE',  ( 0.3199999999999998956, -3.180000000000000160, 0.3200000000000000067 ) ) ;
#3339 = CARTESIAN_POINT ( 'NONE',  ( -0.3199999999999982858, 3.310000000000000053, -0.3199999999999942335 ) ) ;
#3340 = LINE ( 'NONE', #4443, #3758 ) ;
#3341 = ORIENTED_EDGE ( 'NONE', *, *, #2225, .T. ) ;
#3342 = DIRECTION ( 'NONE',  ( -5.551115123125780237E-17, -3.421138828918008148E-49, -1.000000000000000000 ) ) ;
#3343 = CARTESIAN_POINT ( 'NONE',  ( -8.680000000000003268, -3.365883960437809672E-16, -1.499999999999996669 ) ) ;
#3344 = DIRECTION ( 'NONE',  ( -2.465190328815659976E-32, -1.000000000000000000, -4.306720954964487773E-16 ) ) ;
#3345 = EDGE_LOOP ( 'NONE', ( #3697, #1653, #3036, #743, #1316 ) ) ;
#3346 = LINE ( 'NONE', #1650, #1076 ) ;
#3347 = FACE_OUTER_BOUND ( 'NONE', #3755, .T. ) ;
#3348 = ORIENTED_EDGE ( 'NONE', *, *, #4309, .F. ) ;
#3349 = DIRECTION ( 'NONE',  ( 3.925231143186748730E-17, 0.7071067818211388412, 0.7071067805519563043 ) ) ;
#3350 = CARTESIAN_POINT ( 'NONE',  ( -3.320000000000002505, -3.180000000000000160, 0.3200000000000000067 ) ) ;
#3351 = DIRECTION ( 'NONE',  ( 3.697785493223491196E-32, 1.000000000000000000, 6.106226635438358014E-16 ) ) ;
#3352 = EDGE_LOOP ( 'NONE', ( #2832, #1628, #4182, #2017 ) ) ;
#3353 = EDGE_LOOP ( 'NONE', ( #813, #4062, #1909, #4081 ) ) ;
#3354 = EDGE_CURVE ( 'NONE', #3296, #1781, #4346, .T. ) ;
#3355 = CARTESIAN_POINT ( 'NONE',  ( -6.320000000000002061, -3.365883960437809672E-16, 0.3200000000000037259 ) ) ;
#3356 = EDGE_CURVE ( 'NONE', #4196, #3536, #204, .T. ) ;
#3357 = DIRECTION ( 'NONE',  ( 3.697785493223491196E-32, 1.000000000000000000, 6.106226635438358014E-16 ) ) ;
#3358 = LINE ( 'NONE', #3740, #3975 ) ;
#3359 = EDGE_CURVE ( 'NONE', #4107, #3527, #2244, .T. ) ;
#3360 = ORIENTED_EDGE ( 'NONE', *, *, #2596, .F. ) ;
#3361 = FACE_OUTER_BOUND ( 'NONE', #3256, .T. ) ;
#3362 = UNCERTAINTY_MEASURE_WITH_UNIT (LENGTH_MEASURE( 1.000000000000000082E-05 ), #661, 'distance_accuracy_value', 'NONE');
#3363 = CARTESIAN_POINT ( 'NONE',  ( -3.320000000000002505, 3.310000000000000053, -3.319999999999995843 ) ) ;
#3364 = CARTESIAN_POINT ( 'NONE',  ( -1.730000000000001537, 3.310000000000000497, 1.270000000000011786 ) ) ;
#3365 = EDGE_LOOP ( 'NONE', ( #1839, #1037, #751, #3348 ) ) ;
#3366 = PLANE ( 'NONE',  #3968 ) ;
#3367 = DIRECTION ( 'NONE',  ( 5.551115123125782702E-17, 3.421138828918009667E-49, 1.000000000000000000 ) ) ;
#3368 = PLANE ( 'NONE',  #3904 ) ;
#3369 = VERTEX_POINT ( 'NONE', #3430 ) ;
#3370 = DIRECTION ( 'NONE',  ( 1.000000000000000000, 6.162975822039154730E-33, 1.110223024625156540E-16 ) ) ;
#3371 = DIRECTION ( 'NONE',  ( 3.697785493223491196E-32, 1.000000000000000000, 6.106226635438358014E-16 ) ) ;
#3372 = VERTEX_POINT ( 'NONE', #3753 ) ;
#3373 = EDGE_LOOP ( 'NONE', ( #1326, #1114, #1818, #3196 ) ) ;
#3374 = LINE ( 'NONE', #1274, #1060 ) ;
#3375 = EDGE_CURVE ( 'NONE', #1306, #406, #3052, .T. ) ;
#3376 = CARTESIAN_POINT ( 'NONE',  ( -10.28000000000000114, -0.5800000000000001821, -4.394999999999998685 ) ) ;
#3377 = LINE ( 'NONE', #368, #4254 ) ;
#3378 = DIRECTION ( 'NONE',  ( 3.697785493223491196E-32, 1.000000000000000000, 6.106226635438358014E-16 ) ) ;
#3379 = PRESENTATION_LAYER_ASSIGNMENT (  '', '', ( #483 ) ) ;
#3380 = ORIENTED_EDGE ( 'NONE', *, *, #4146, .T. ) ;
#3381 = AXIS2_PLACEMENT_3D ( 'NONE', #549, #3682, #1968 ) ;
#3382 = DIRECTION ( 'NONE',  ( -1.000000000000000000, -6.162975822039154730E-33, 5.551115123125780237E-17 ) ) ;
#3383 = VECTOR ( 'NONE', #4274, 1000.000000000000000 ) ;
#3384 = PLANE ( 'NONE',  #3182 ) ;
#3385 = DIRECTION ( 'NONE',  ( 3.697785493223491196E-32, 1.000000000000000000, 6.106226635438358014E-16 ) ) ;
#3386 = ORIENTED_EDGE ( 'NONE', *, *, #523, .F. ) ;
#3387 = ADVANCED_FACE ( 'NONE', ( #3347 ), #4183, .T. ) ;
#3388 = SURFACE_STYLE_FILL_AREA ( #3810 ) ;
#3389 = VECTOR ( 'NONE', #4059, 1000.000000000000000 ) ;
#3390 = DIRECTION ( 'NONE',  ( -3.697785493223491196E-32, -1.000000000000000000, -6.106226635438358014E-16 ) ) ;
#3391 = CARTESIAN_POINT ( 'NONE',  ( -8.680000000000003268, -3.180000000000000160, -0.3199999999999981193 ) ) ;
#3392 = ORIENTED_EDGE ( 'NONE', *, *, #2464, .F. ) ;
#3393 = FACE_OUTER_BOUND ( 'NONE', #2126, .T. ) ;
#3394 = PLANE ( 'NONE',  #4468 ) ;
#3395 = VECTOR ( 'NONE', #1688, 1000.000000000000000 ) ;
#3396 = CARTESIAN_POINT ( 'NONE',  ( -8.380000000000002558, 9.910000000000000142, 1.270000000000011120 ) ) ;
#3397 = ORIENTED_EDGE ( 'NONE', *, *, #946, .T. ) ;
#3398 = VECTOR ( 'NONE', #2190, 1000.000000000000000 ) ;
#3399 = VERTEX_POINT ( 'NONE', #4086 ) ;
#3400 = VECTOR ( 'NONE', #2720, 1000.000000000000000 ) ;
#3401 = CARTESIAN_POINT ( 'NONE',  ( -4.729999999999997762, 3.310000000000002718, -2.379999999999995897 ) ) ;
#3402 = VECTOR ( 'NONE', #3410, 1000.000000000000000 ) ;
#3403 = FILL_AREA_STYLE_COLOUR ( '', #140 ) ;
#3404 = CARTESIAN_POINT ( 'NONE',  ( -4.729999999999996874, 9.910000000000000142, 0.6200000000000096545 ) ) ;
#3405 = CARTESIAN_POINT ( 'NONE',  ( -3.320000000000002505, 7.509999999999999787, 0.3200000000000066125 ) ) ;
#3406 = EDGE_CURVE ( 'NONE', #1247, #346, #2040, .T. ) ;
#3407 = VERTEX_POINT ( 'NONE', #1990 ) ;
#3408 = CARTESIAN_POINT ( 'NONE',  ( -6.320000000000002061, 7.509999999999999787, -0.3199999999999916245 ) ) ;
#3409 = EDGE_CURVE ( 'NONE', #1589, #366, #1015, .T. ) ;
#3410 = DIRECTION ( 'NONE',  ( -1.000000000000000000, -6.162975822039154730E-33, 5.551115123125780237E-17 ) ) ;
#3411 = EDGE_CURVE ( 'NONE', #3916, #163, #2664, .T. ) ;
#3412 = CARTESIAN_POINT ( 'NONE',  ( -5.680000000000003268, -3.180000000000000160, -2.679999999999999272 ) ) ;
#3413 = SURFACE_SIDE_STYLE ('',( #623 ) ) ;
#3414 = EDGE_CURVE ( 'NONE', #2445, #3825, #1630, .T. ) ;
#3415 = LINE ( 'NONE', #4450, #3760 ) ;
#3416 = EDGE_LOOP ( 'NONE', ( #3042, #1334, #3140, #1991 ) ) ;
#3417 = FILL_AREA_STYLE ('',( #26 ) ) ;
#3418 = DIRECTION ( 'NONE',  ( 0.7071067811865479058, 4.317754261380376347E-16, -0.7071067811865471286 ) ) ;
#3419 = LINE ( 'NONE', #381, #2094 ) ;
#3420 = ORIENTED_EDGE ( 'NONE', *, *, #191, .F. ) ;
#3421 = ORIENTED_EDGE ( 'NONE', *, *, #2278, .F. ) ;
#3422 = SURFACE_STYLE_USAGE ( .BOTH. , #3783 ) ;
#3423 = CARTESIAN_POINT ( 'NONE',  ( -0.3199999999999982858, -3.180000000000000160, -2.679999999999999272 ) ) ;
#3424 = ORIENTED_EDGE ( 'NONE', *, *, #3411, .F. ) ;
#3425 = ORIENTED_EDGE ( 'NONE', *, *, #19, .F. ) ;
#3426 = CARTESIAN_POINT ( 'NONE',  ( -3.800000000000000266, 6.959999999999999964, -4.929999999999993499 ) ) ;
#3427 = EDGE_CURVE ( 'NONE', #1785, #188, #2676, .T. ) ;
#3428 = CARTESIAN_POINT ( 'NONE',  ( -1.269999999999999352, 3.310000000000000053, -2.379999999999995897 ) ) ;
#3429 = CARTESIAN_POINT ( 'NONE',  ( -0.3199999999999982858, -3.365883960437809179E-16, -1.499999999999996669 ) ) ;
#3430 = CARTESIAN_POINT ( 'NONE',  ( 1.270000000000002682, 3.310000000000003162, -4.269999999999996021 ) ) ;
#3431 = EDGE_LOOP ( 'NONE', ( #2467, #2780, #1822, #99 ) ) ;
#3432 = PLANE ( 'NONE',  #3201 ) ;
#3433 = EDGE_LOOP ( 'NONE', ( #3557, #31, #2996, #1135 ) ) ;
#3434 = DIRECTION ( 'NONE',  ( -5.551115123125782702E-17, -3.421138828918009667E-49, -1.000000000000000000 ) ) ;
#3435 = VERTEX_POINT ( 'NONE', #2059 ) ;
#3436 = ORIENTED_EDGE ( 'NONE', *, *, #1139, .F. ) ;
#3437 = CARTESIAN_POINT ( 'NONE',  ( -0.3199999999999982858, -3.180000000000000160, -0.3199999999999981193 ) ) ;
#3438 = FACE_OUTER_BOUND ( 'NONE', #3510, .T. ) ;
#3439 = LINE ( 'NONE', #345, #3332 ) ;
#3440 = ORIENTED_EDGE ( 'NONE', *, *, #3078, .F. ) ;
#3441 = COLOUR_RGB ( '',0.7921568627450980005, 0.8196078431372548767, 0.9333333333333333481 ) ;
#3442 = EDGE_LOOP ( 'NONE', ( #4439, #184, #1477, #72 ) ) ;
#3443 = CARTESIAN_POINT ( 'NONE',  ( -2.680000000000001048, -3.180000000000000160, -3.319999999999998952 ) ) ;
#3444 = EDGE_CURVE ( 'NONE', #188, #1785, #1673, .T. ) ;
#3445 = FACE_OUTER_BOUND ( 'NONE', #3244, .T. ) ;
#3446 = VECTOR ( 'NONE', #1979, 1000.000000000000000 ) ;
#3447 = DIRECTION ( 'NONE',  ( -5.551115123125780237E-17, -3.421138828918008148E-49, -1.000000000000000000 ) ) ;
#3448 = DIRECTION ( 'NONE',  ( 1.000000000000000000, 6.162975822039154730E-33, -5.551115123125780237E-17 ) ) ;
#3450 = EDGE_CURVE ( 'NONE', #2150, #1319, #2709, .T. ) ;
#3449 = VECTOR ( 'NONE', #1693, 1000.000000000000000 ) ;
#3451 = DIRECTION ( 'NONE',  ( -5.551115123125782702E-17, -3.421138828918009667E-49, -1.000000000000000000 ) ) ;
#3452 = LINE ( 'NONE', #2422, #625 ) ;
#3453 = DIRECTION ( 'NONE',  ( 3.697785493223491196E-32, 1.000000000000000000, 6.106226635438358014E-16 ) ) ;
#3454 = VERTEX_POINT ( 'NONE', #3028 ) ;
#3455 = VECTOR ( 'NONE', #1336, 1000.000000000000000 ) ;
#3456 = EDGE_CURVE ( 'NONE', #1092, #1706, #3415, .T. ) ;
#3457 = EDGE_CURVE ( 'NONE', #3454, #1119, #677, .T. ) ;
#3458 = LINE ( 'NONE', #3116, #2164 ) ;
#3459 = EDGE_CURVE ( 'NONE', #1680, #1676, #4105, .T. ) ;
#3460 = AXIS2_PLACEMENT_3D ( 'NONE', #2583, #1168, #1187 ) ;
#3461 = VERTEX_POINT ( 'NONE', #967 ) ;
#3462 = AXIS2_PLACEMENT_3D ( 'NONE', #2553, #1875, #763 ) ;
#3463 = STYLED_ITEM ( 'NONE', ( #4430 ), #2969 ) ;
#3464 = CARTESIAN_POINT ( 'NONE',  ( -2.680000000000001048, -3.180000000000000160, -0.3199999999999981193 ) ) ;
#3465 = ORIENTED_EDGE ( 'NONE', *, *, #3928, .F. ) ;
#3466 = VECTOR ( 'NONE', #4395, 1000.000000000000000 ) ;
#3467 = VECTOR ( 'NONE', #4416, 1000.000000000000000 ) ;
#3468 = VECTOR ( 'NONE', #1283, 1000.000000000000000 ) ;
#3469 = VERTEX_POINT ( 'NONE', #3089 ) ;
#3470 = VERTEX_POINT ( 'NONE', #2757 ) ;
#3471 = CARTESIAN_POINT ( 'NONE',  ( -4.270000000000002238, 3.310000000000000053, 0.6200000000000056577 ) ) ;
#3472 = CARTESIAN_POINT ( 'NONE',  ( -4.270000000000002238, 9.910000000000000142, 0.6200000000000096545 ) ) ;
#3473 = FACE_OUTER_BOUND ( 'NONE', #2857, .T. ) ;
#3474 = CARTESIAN_POINT ( 'NONE',  ( -4.500000000000003553, -3.365883960437809672E-16, 0.3200000000000037259 ) ) ;
#3475 = DIRECTION ( 'NONE',  ( -5.551115123125782702E-17, -3.421138828918009667E-49, -1.000000000000000000 ) ) ;
#3476 = LINE ( 'NONE', #4234, #3039 ) ;
#3477 = CARTESIAN_POINT ( 'NONE',  ( -5.680000000000003268, -3.180000000000000160, -0.3199999999999981193 ) ) ;
#3478 = ORIENTED_EDGE ( 'NONE', *, *, #3409, .F. ) ;
#3479 = DIRECTION ( 'NONE',  ( 1.387778780781445281E-15, 8.552847072295023637E-48, -1.000000000000000000 ) ) ;
#3480 = ADVANCED_FACE ( 'NONE', ( #4433 ), #1333, .T. ) ;
#3481 = CARTESIAN_POINT ( 'NONE',  ( -5.680000000000003268, -3.365883960437809672E-16, -0.3199999999999961764 ) ) ;
#3482 = ORIENTED_EDGE ( 'NONE', *, *, #1620, .F. ) ;
#3483 = PRESENTATION_STYLE_ASSIGNMENT (( #3138 ) ) ;
#3484 = EDGE_CURVE ( 'NONE', #4438, #1359, #1290, .T. ) ;
#3485 = CARTESIAN_POINT ( 'NONE',  ( -9.320000000000005613, -3.180000000000000160, -2.679999999999999272 ) ) ;
#3486 = ORIENTED_EDGE ( 'NONE', *, *, #4455, .F. ) ;
#3487 = ADVANCED_FACE ( 'NONE', ( #4050 ), #3368, .T. ) ;
#3488 = EDGE_CURVE ( 'NONE', #1445, #4390, #2336, .T. ) ;
#3489 = ORIENTED_EDGE ( 'NONE', *, *, #3017, .F. ) ;
#3490 = ORIENTED_EDGE ( 'NONE', *, *, #2296, .T. ) ;
#3491 = CARTESIAN_POINT ( 'NONE',  ( 0.3199999999999998956, -3.180000000000000160, -2.679999999999999272 ) ) ;
#3492 = FILL_AREA_STYLE_COLOUR ( '', #219 ) ;
#3493 = EDGE_CURVE ( 'NONE', #3454, #2633, #2011, .T. ) ;
#3494 = FACE_OUTER_BOUND ( 'NONE', #370, .T. ) ;
#3495 = DIRECTION ( 'NONE',  ( 5.551115123125782702E-17, 3.421138828918009667E-49, 1.000000000000000000 ) ) ;
#3496 = CARTESIAN_POINT ( 'NONE',  ( -4.500000000000003553, -3.365883960437809672E-16, -0.3199999999999961764 ) ) ;
#3497 = DIRECTION ( 'NONE',  ( 5.551115123125782702E-17, 3.421138828918009667E-49, 1.000000000000000000 ) ) ;
#3498 = DIRECTION ( 'NONE',  ( 3.697785493223491196E-32, 1.000000000000000000, 6.106226635438358014E-16 ) ) ;
#3499 = PLANE ( 'NONE',  #1545 ) ;
#3500 = VERTEX_POINT ( 'NONE', #2794 ) ;
#3501 = DIRECTION ( 'NONE',  ( 3.697785493223491196E-32, 1.000000000000000000, 6.106226635438358014E-16 ) ) ;
#3502 = CARTESIAN_POINT ( 'NONE',  ( 1.924999999999998712, -3.365883960437809179E-16, -4.929999999999997939 ) ) ;
#3503 = ORIENTED_EDGE ( 'NONE', *, *, #2595, .T. ) ;
#3504 = FILL_AREA_STYLE ('',( #75 ) ) ;
#3505 = FACE_OUTER_BOUND ( 'NONE', #3215, .T. ) ;
#3506 = EDGE_LOOP ( 'NONE', ( #3703, #3670, #467, #500 ) ) ;
#3507 = EDGE_CURVE ( 'NONE', #1647, #3435, #90, .T. ) ;
#3508 = EDGE_CURVE ( 'NONE', #1278, #893, #1807, .T. ) ;
#3509 = ORIENTED_EDGE ( 'NONE', *, *, #2707, .F. ) ;
#3510 = EDGE_LOOP ( 'NONE', ( #1843, #2070, #2926, #1921 ) ) ;
#3511 = DIRECTION ( 'NONE',  ( 3.697785493223491196E-32, 1.000000000000000000, 6.106226635438358014E-16 ) ) ;
#3512 = DIRECTION ( 'NONE',  ( 0.000000000000000000, 6.106226635438358014E-16, -1.000000000000000000 ) ) ;
#3513 = EDGE_CURVE ( 'NONE', #2012, #2111, #2104, .T. ) ;
#3514 = CARTESIAN_POINT ( 'NONE',  ( 0.3199999999999998956, -3.180000000000000160, 0.3200000000000000067 ) ) ;
#3515 = ORIENTED_EDGE ( 'NONE', *, *, #2508, .T. ) ;
#3516 = DIRECTION ( 'NONE',  ( -3.697785493223491196E-32, -1.000000000000000000, -6.106226635438358014E-16 ) ) ;
#3517 = PRESENTATION_LAYER_ASSIGNMENT (  '', '', ( #1497 ) ) ;
#3518 = ADVANCED_FACE ( 'NONE', ( #2529 ), #2437, .F. ) ;
#3519 = LINE ( 'NONE', #3202, #3248 ) ;
#3520 = DIRECTION ( 'NONE',  ( 3.697785493223491196E-32, 1.000000000000000000, 6.106226635438358014E-16 ) ) ;
#3521 = MECHANICAL_DESIGN_GEOMETRIC_PRESENTATION_REPRESENTATION (  '', ( #4316 ), #2149 ) ;
#3522 = CARTESIAN_POINT ( 'NONE',  ( -0.3199999999999982858, -3.365883960437809179E-16, -2.679999999999997495 ) ) ;
#3523 = EDGE_CURVE ( 'NONE', #1790, #4390, #25, .T. ) ;
#3524 = ORIENTED_EDGE ( 'NONE', *, *, #3987, .T. ) ;
#3525 = VECTOR ( 'NONE', #2349, 1000.000000000000000 ) ;
#3526 = LINE ( 'NONE', #1448, #501 ) ;
#3527 = VERTEX_POINT ( 'NONE', #2503 ) ;
#3528 = CARTESIAN_POINT ( 'NONE',  ( -10.92500000000000071, 9.910000000000000142, 1.930000000000010152 ) ) ;
#3529 = AXIS2_PLACEMENT_3D ( 'NONE', #2158, #755, #55 ) ;
#3530 = ORIENTED_EDGE ( 'NONE', *, *, #4014, .F. ) ;
#3531 = LINE ( 'NONE', #2540, #3617 ) ;
#3532 = EDGE_LOOP ( 'NONE', ( #1617, #3932, #2401, #129 ) ) ;
#3533 = VECTOR ( 'NONE', #3197, 1000.000000000000000 ) ;
#3534 = VECTOR ( 'NONE', #515, 1000.000000000000000 ) ;
#3535 = VECTOR ( 'NONE', #1972, 1000.000000000000000 ) ;
#3536 = VERTEX_POINT ( 'NONE', #358 ) ;
#3537 = VECTOR ( 'NONE', #1824, 1000.000000000000000 ) ;
#3538 = EDGE_CURVE ( 'NONE', #3407, #2797, #761, .T. ) ;
#3539 = EDGE_CURVE ( 'NONE', #366, #2201, #1415, .T. ) ;
#3540 = VECTOR ( 'NONE', #3158, 1000.000000000000000 ) ;
#3541 = DIRECTION ( 'NONE',  ( 3.697785493223491196E-32, 1.000000000000000000, 6.106226635438358014E-16 ) ) ;
#3542 = AXIS2_PLACEMENT_3D ( 'NONE', #78, #1455, #97 ) ;
#3543 = VECTOR ( 'NONE', #2683, 1000.000000000000114 ) ;
#3544 = DIRECTION ( 'NONE',  ( 5.551115123125782702E-17, 3.421138828918009667E-49, 1.000000000000000000 ) ) ;
#3545 = STYLED_ITEM ( 'NONE', ( #877 ), #1264 ) ;
#3546 = ORIENTED_EDGE ( 'NONE', *, *, #3288, .F. ) ;
#3547 = DIRECTION ( 'NONE',  ( 1.000000000000000000, 6.162975822039154730E-33, -4.440892098500625176E-16 ) ) ;
#3548 = VECTOR ( 'NONE', #1798, 1000.000000000000000 ) ;
#3549 = LINE ( 'NONE', #442, #2096 ) ;
#3550 = DIRECTION ( 'NONE',  ( 1.000000000000000000, 6.162975822039154730E-33, -4.440892098500625176E-16 ) ) ;
#3551 = EDGE_CURVE ( 'NONE', #1092, #3260, #3887, .T. ) ;
#3552 = DIRECTION ( 'NONE',  ( 3.389636702121533459E-32, 1.000000000000000000, 5.672725669345085874E-16 ) ) ;
#3553 = DIRECTION ( 'NONE',  ( -1.000000000000000000, -6.162975822039154730E-33, 5.551115123125782702E-17 ) ) ;
#3554 = VERTEX_POINT ( 'NONE', #3911 ) ;
#3555 = DIRECTION ( 'NONE',  ( 3.081487911019576681E-33, 1.000000000000000000, -5.131708243377014121E-49 ) ) ;
#3556 = ADVANCED_FACE ( 'NONE', ( #3113 ), #1740, .F. ) ;
#3557 = ORIENTED_EDGE ( 'NONE', *, *, #3414, .F. ) ;
#3558 = DIRECTION ( 'NONE',  ( 0.000000000000000000, 0.000000000000000000, 1.000000000000000000 ) ) ;
#3559 = ORIENTED_EDGE ( 'NONE', *, *, #987, .F. ) ;
#3560 =( LENGTH_UNIT ( ) NAMED_UNIT ( * ) SI_UNIT ( .MILLI., .METRE. ) );
#3561 = DIRECTION ( 'NONE',  ( -3.697785493223491196E-32, -1.000000000000000000, -6.106226635438358014E-16 ) ) ;
#3562 = VERTEX_POINT ( 'NONE', #785 ) ;
#3563 = LINE ( 'NONE', #3857, #1873 ) ;
#3564 = DIRECTION ( 'NONE',  ( -1.000000000000000000, -6.162975822039154730E-33, 5.551115123125782702E-17 ) ) ;
#3565 = ORIENTED_EDGE ( 'NONE', *, *, #1815, .T. ) ;
#3566 = LINE ( 'NONE', #104, #3310 ) ;
#3567 = ADVANCED_FACE ( 'NONE', ( #1467 ), #4148, .T. ) ;
#3568 = DIRECTION ( 'NONE',  ( -5.551115123125782702E-17, -3.421138828918009667E-49, -1.000000000000000000 ) ) ;
#3569 = SURFACE_STYLE_USAGE ( .BOTH. , #808 ) ;
#3570 = APPLICATION_CONTEXT ( 'automotive_design' ) ;
#3571 = CARTESIAN_POINT ( 'NONE',  ( -3.320000000000002505, -3.365883960437809179E-16, 0.3200000000000020051 ) ) ;
#3572 = DIRECTION ( 'NONE',  ( 1.000000000000000000, 6.162975822039154730E-33, -4.440892098500625176E-16 ) ) ;
#3573 = ORIENTED_EDGE ( 'NONE', *, *, #1179, .F. ) ;
#3574 = PLANE ( 'NONE',  #1441 ) ;
#3575 = VERTEX_POINT ( 'NONE', #1078 ) ;
#3576 = CARTESIAN_POINT ( 'NONE',  ( -4.270000000000002238, 3.310000000000000053, 0.6200000000000056577 ) ) ;
#3577 = ORIENTED_EDGE ( 'NONE', *, *, #343, .T. ) ;
#3578 = CARTESIAN_POINT ( 'NONE',  ( -3.800000000000003819, 7.709999999999999964, -6.329999999999995630 ) ) ;
#3579 = CARTESIAN_POINT ( 'NONE',  ( -8.680000000000003268, -3.365883960437809672E-16, -0.3199999999999961764 ) ) ;
#3580 = DIRECTION ( 'NONE',  ( 5.551115123125782702E-17, 3.421138828918009667E-49, 1.000000000000000000 ) ) ;
#3581 = EDGE_LOOP ( 'NONE', ( #3577, #733, #3380, #2768 ) ) ;
#3582 = EDGE_CURVE ( 'NONE', #1247, #767, #2485, .T. ) ;
#3583 = PLANE ( 'NONE',  #3316 ) ;
#3584 = LINE ( 'NONE', #803, #3537 ) ;
#3585 = CARTESIAN_POINT ( 'NONE',  ( -8.680000000000003268, -3.180000000000000160, -2.679999999999999272 ) ) ;
#3586 = ORIENTED_EDGE ( 'NONE', *, *, #4427, .F. ) ;
#3587 = LINE ( 'NONE', #4282, #3813 ) ;
#3588 = LINE ( 'NONE', #3291, #3020 ) ;
#3589 = UNCERTAINTY_MEASURE_WITH_UNIT (LENGTH_MEASURE( 1.000000000000000082E-05 ), #748, 'distance_accuracy_value', 'NONE');
#3590 = CARTESIAN_POINT ( 'NONE',  ( -1.269999999999999352, 9.910000000000000142, -2.379999999999991456 ) ) ;
#3591 = CARTESIAN_POINT ( 'NONE',  ( -7.730000000000003979, 3.310000000000000053, -1.269999999999997131 ) ) ;
#3592 = ORIENTED_EDGE ( 'NONE', *, *, #407, .T. ) ;
#3593 = EDGE_CURVE ( 'NONE', #968, #665, #1443, .T. ) ;
#3594 = DIRECTION ( 'NONE',  ( -3.697785493223491196E-32, -1.000000000000000000, -6.106226635438358014E-16 ) ) ;
#3595 = VECTOR ( 'NONE', #2648, 1000.000000000000000 ) ;
#3596 = EDGE_LOOP ( 'NONE', ( #1102, #1362, #2972, #1731 ) ) ;
#3597 = DIRECTION ( 'NONE',  ( 3.081487911019576681E-33, 1.000000000000000000, -5.131708243377014121E-49 ) ) ;
#3598 = ORIENTED_EDGE ( 'NONE', *, *, #987, .T. ) ;
#3599 = FACE_OUTER_BOUND ( 'NONE', #3030, .T. ) ;
#3600 = LINE ( 'NONE', #2626, #2658 ) ;
#3601 = EDGE_CURVE ( 'NONE', #4221, #1127, #3476, .T. ) ;
#3602 = VECTOR ( 'NONE', #1582, 1000.000000000000000 ) ;
#3603 = DIRECTION ( 'NONE',  ( 3.697785493223491196E-32, 1.000000000000000000, 6.106226635438358014E-16 ) ) ;
#3604 = ORIENTED_EDGE ( 'NONE', *, *, #1967, .F. ) ;
#3605 = VECTOR ( 'NONE', #155, 1000.000000000000000 ) ;
#3606 = DIRECTION ( 'NONE',  ( 3.697785493223491196E-32, 1.000000000000000000, 6.106226635438358014E-16 ) ) ;
#3607 = CLOSED_SHELL ( 'NONE', ( #1342, #3265, #1850, #3556, #276, #3688 ) ) ;
#3608 = VECTOR ( 'NONE', #3749, 1000.000000000000000 ) ;
#3609 = FACE_OUTER_BOUND ( 'NONE', #2283, .T. ) ;
#3610 = VERTEX_POINT ( 'NONE', #719 ) ;
#3611 = CARTESIAN_POINT ( 'NONE',  ( 0.3199999999999998956, -3.180000000000000160, -0.3199999999999981193 ) ) ;
#3612 = AXIS2_PLACEMENT_3D ( 'NONE', #3778, #2044, #1339 ) ;
#3613 = LINE ( 'NONE', #4377, #3605 ) ;
#3614 = VECTOR ( 'NONE', #2143, 1000.000000000000000 ) ;
#3615 = DIRECTION ( 'NONE',  ( -4.440892098500625176E-16, -2.736911063134407734E-48, -1.000000000000000000 ) ) ;
#3616 = VECTOR ( 'NONE', #2614, 1000.000000000000000 ) ;
#3617 = VECTOR ( 'NONE', #3896, 1000.000000000000000 ) ;
#3618 = PLANE ( 'NONE',  #2598 ) ;
#3619 = AXIS2_PLACEMENT_3D ( 'NONE', #852, #1847, #810 ) ;
#3620 = CARTESIAN_POINT ( 'NONE',  ( -0.3199999999999982858, -3.180000000000000160, -3.319999999999998952 ) ) ;
#3621 = ORIENTED_EDGE ( 'NONE', *, *, #2468, .T. ) ;
#3622 = DIRECTION ( 'NONE',  ( 3.697785493223491196E-32, 1.000000000000000000, 6.106226635438358014E-16 ) ) ;
#3623 = EDGE_LOOP ( 'NONE', ( #3440, #1045, #3133, #4281 ) ) ;
#3624 = CARTESIAN_POINT ( 'NONE',  ( -9.320000000000005613, 7.509999999999999787, -0.3199999999999916245 ) ) ;
#3625 = EDGE_LOOP ( 'NONE', ( #3831, #2868, #3264, #3742 ) ) ;
#3626 = CARTESIAN_POINT ( 'NONE',  ( -4.730000000000000426, 9.910000000000000142, -4.269999999999992468 ) ) ;
#3627 = DIRECTION ( 'NONE',  ( 5.551115123125782702E-17, -6.106226635438358014E-16, 1.000000000000000000 ) ) ;
#3628 = LINE ( 'NONE', #4006, #293 ) ;
#3629 = VERTEX_POINT ( 'NONE', #3522 ) ;
#3630 = ADVANCED_FACE ( 'NONE', ( #445 ), #2251, .T. ) ;
#3631 = EDGE_CURVE ( 'NONE', #3082, #471, #365, .T. ) ;
#3632 = FACE_OUTER_BOUND ( 'NONE', #3353, .T. ) ;
#3633 = LINE ( 'NONE', #524, #2037 ) ;
#3634 = EDGE_CURVE ( 'NONE', #2535, #1969, #1759, .T. ) ;
#3635 = EDGE_LOOP ( 'NONE', ( #2431, #1799, #1689, #4326 ) ) ;
#3636 = CARTESIAN_POINT ( 'NONE',  ( -4.500000000000000000, -3.365883960437809672E-16, -2.679999999999997495 ) ) ;
#3637 = FACE_OUTER_BOUND ( 'NONE', #3623, .T. ) ;
#3638 = DIRECTION ( 'NONE',  ( 3.697785493223491196E-32, 1.000000000000000000, 6.106226635438358014E-16 ) ) ;
#3639 = DIRECTION ( 'NONE',  ( -1.000000000000000000, -6.162975822039154730E-33, -5.551115123125782702E-17 ) ) ;
#3640 = CARTESIAN_POINT ( 'NONE',  ( -9.320000000000005613, -3.180000000000000160, 0.3200000000000017830 ) ) ;
#3641 = ORIENTED_EDGE ( 'NONE', *, *, #3193, .T. ) ;
#3642 = LINE ( 'NONE', #4410, #1155 ) ;
#3643 = ORIENTED_EDGE ( 'NONE', *, *, #1281, .T. ) ;
#3644 = CARTESIAN_POINT ( 'NONE',  ( 0.3200000000000033928, -3.180000000000000160, -3.320000000000000728 ) ) ;
#3645 = ORIENTED_EDGE ( 'NONE', *, *, #1599, .T. ) ;
#3646 = CARTESIAN_POINT ( 'NONE',  ( -5.200000000000001954, 6.959999999999999964, -6.329999999999995630 ) ) ;
#3647 = DIRECTION ( 'NONE',  ( -5.551115123125782702E-17, -3.421138828918009667E-49, -1.000000000000000000 ) ) ;
#3648 = CARTESIAN_POINT ( 'NONE',  ( -3.320000000000002505, -3.180000000000000160, -2.679999999999999272 ) ) ;
#3649 = EDGE_LOOP ( 'NONE', ( #111, #1239, #1225, #3420 ) ) ;
#3650 = ADVANCED_FACE ( 'NONE', ( #4311 ), #4338, .T. ) ;
#3651 = SURFACE_STYLE_FILL_AREA ( #1548 ) ;
#3652 = DIRECTION ( 'NONE',  ( 5.551115123125782702E-17, 3.421138828918009667E-49, 1.000000000000000000 ) ) ;
#3653 = ADVANCED_FACE ( 'NONE', ( #2262 ), #3225, .F. ) ;
#3654 = ORIENTED_EDGE ( 'NONE', *, *, #3814, .T. ) ;
#3655 = EDGE_CURVE ( 'NONE', #3081, #1396, #177, .T. ) ;
#3656 = LINE ( 'NONE', #547, #134 ) ;
#3657 = LINE ( 'NONE', #2978, #3174 ) ;
#3658 = CARTESIAN_POINT ( 'NONE',  ( -10.28000000000000114, -0.8300000000000004041, -3.814999999999999059 ) ) ;
#3659 = ADVANCED_FACE ( 'NONE', ( #3293 ), #2893, .T. ) ;
#3660 = EDGE_LOOP ( 'NONE', ( #51, #2574, #1770, #2985 ) ) ;
#3661 = CARTESIAN_POINT ( 'NONE',  ( 1.924999999999998712, 9.910000000000000142, -4.929999999999991722 ) ) ;
#3662 = EDGE_CURVE ( 'NONE', #315, #3058, #2209, .T. ) ;
#3663 = VECTOR ( 'NONE', #233, 1000.000000000000000 ) ;
#3664 = ORIENTED_EDGE ( 'NONE', *, *, #856, .F. ) ;
#3665 = DIRECTION ( 'NONE',  ( 5.551115123125782702E-17, 3.421138828918009667E-49, 1.000000000000000000 ) ) ;
#3666 = VERTEX_POINT ( 'NONE', #3571 ) ;
#3667 = LINE ( 'NONE', #555, #927 ) ;
#3668 = PLANE ( 'NONE',  #2325 ) ;
#3669 = ORIENTED_EDGE ( 'NONE', *, *, #373, .F. ) ;
#3670 = ORIENTED_EDGE ( 'NONE', *, *, #4193, .T. ) ;
#3671 =( GEOMETRIC_REPRESENTATION_CONTEXT ( 3 ) GLOBAL_UNCERTAINTY_ASSIGNED_CONTEXT ( ( #3223 ) ) GLOBAL_UNIT_ASSIGNED_CONTEXT ( ( #3560, #768, #454 ) ) REPRESENTATION_CONTEXT ( 'NONE', 'WORKASPACE' ) );
#3672 = DIRECTION ( 'NONE',  ( 3.697785493223491196E-32, 1.000000000000000000, 6.106226635438358014E-16 ) ) ;
#3673 = DIRECTION ( 'NONE',  ( 0.000000000000000000, -6.106226635438358014E-16, 1.000000000000000000 ) ) ;
#3674 = VECTOR ( 'NONE', #879, 1000.000000000000000 ) ;
#3675 = VECTOR ( 'NONE', #2288, 1000.000000000000000 ) ;
#3676 = ORIENTED_EDGE ( 'NONE', *, *, #2357, .F. ) ;
#3677 = EDGE_CURVE ( 'NONE', #1253, #904, #3657, .T. ) ;
#3678 = CARTESIAN_POINT ( 'NONE',  ( -3.320000000000002505, 7.509999999999999787, -3.319999999999993179 ) ) ;
#3679 = VECTOR ( 'NONE', #1639, 1000.000000000000000 ) ;
#3680 = VECTOR ( 'NONE', #201, 1000.000000000000000 ) ;
#3681 = LINE ( 'NONE', #4378, #658 ) ;
#3682 = DIRECTION ( 'NONE',  ( 1.000000000000000000, 6.162975822039154730E-33, -4.440892098500625176E-16 ) ) ;
#3683 = ORIENTED_EDGE ( 'NONE', *, *, #3143, .F. ) ;
#3684 = VECTOR ( 'NONE', #3893, 1000.000000000000000 ) ;
#3685 = DIRECTION ( 'NONE',  ( -5.551115123125782702E-17, -3.421138828918009667E-49, -1.000000000000000000 ) ) ;
#3686 = EDGE_CURVE ( 'NONE', #3897, #34, #1557, .T. ) ;
#3687 = VECTOR ( 'NONE', #42, 1000.000000000000000 ) ;
#3688 = ADVANCED_FACE ( 'NONE', ( #2591 ), #530, .T. ) ;
#3689 = EDGE_LOOP ( 'NONE', ( #3008, #2610, #400, #420 ) ) ;
#3690 = LINE ( 'NONE', #133, #3535 ) ;
#3691 = VERTEX_POINT ( 'NONE', #1510 ) ;
#3692 = CARTESIAN_POINT ( 'NONE',  ( -1.269999999999999352, 9.910000000000000142, -4.269999999999992468 ) ) ;
#3693 = FACE_OUTER_BOUND ( 'NONE', #3689, .T. ) ;
#3694 = VECTOR ( 'NONE', #2178, 1000.000000000000000 ) ;
#3695 = ADVANCED_FACE ( 'NONE', ( #2280 ), #3618, .F. ) ;
#3696 = DIRECTION ( 'NONE',  ( 5.551115123125785167E-17, 0.7644333195971197981, 0.6447027996602215927 ) ) ;
#3697 = ORIENTED_EDGE ( 'NONE', *, *, #4009, .F. ) ;
#3698 = ORIENTED_EDGE ( 'NONE', *, *, #3593, .F. ) ;
#3699 = LINE ( 'NONE', #3243, #57 ) ;
#3700 = PRESENTATION_STYLE_ASSIGNMENT (( #4119 ) ) ;
#3701 = SURFACE_STYLE_FILL_AREA ( #3308 ) ;
#3702 = CARTESIAN_POINT ( 'NONE',  ( -1.500000000000000444, 7.509999999999999787, -1.499999999999992006 ) ) ;
#3703 = ORIENTED_EDGE ( 'NONE', *, *, #2688, .F. ) ;
#3704 = CARTESIAN_POINT ( 'NONE',  ( -7.730000000000003979, 3.310000000000000053, -1.729999999999995541 ) ) ;
#3705 = DIRECTION ( 'NONE',  ( -3.697785493223491196E-32, -1.000000000000000000, -6.106226635438358014E-16 ) ) ;
#3706 = DIRECTION ( 'NONE',  ( -1.000000000000000000, -6.162975822039154730E-33, 5.551115123125780237E-17 ) ) ;
#3707 = ORIENTED_EDGE ( 'NONE', *, *, #2389, .F. ) ;
#3708 = DIRECTION ( 'NONE',  ( 3.697785493223491196E-32, 1.000000000000000000, 6.106226635438358014E-16 ) ) ;
#3709 = CARTESIAN_POINT ( 'NONE',  ( -0.3199999999999982858, -3.180000000000000160, -0.3199999999999981193 ) ) ;
#3710 = VERTEX_POINT ( 'NONE', #1898 ) ;
#3711 = CARTESIAN_POINT ( 'NONE',  ( -7.730000000000003979, 9.910000000000000142, -4.269999999999992468 ) ) ;
#3712 = DIRECTION ( 'NONE',  ( 4.440892098500625176E-16, 2.736911063134407734E-48, 1.000000000000000000 ) ) ;
#3713 = CARTESIAN_POINT ( 'NONE',  ( -8.680000000000003268, -3.180000000000000160, 0.3200000000000017830 ) ) ;
#3714 = ORIENTED_EDGE ( 'NONE', *, *, #1218, .T. ) ;
#3715 = ORIENTED_EDGE ( 'NONE', *, *, #3019, .T. ) ;
#3716 = CARTESIAN_POINT ( 'NONE',  ( -10.92500000000000071, -3.365883960437809672E-16, -4.929999999999997939 ) ) ;
#3717 = LINE ( 'NONE', #1384, #363 ) ;
#3718 = LINE ( 'NONE', #3062, #1669 ) ;
#3719 = UNCERTAINTY_MEASURE_WITH_UNIT (LENGTH_MEASURE( 1.000000000000000082E-05 ), #4187, 'distance_accuracy_value', 'NONE');
#3720 = ADVANCED_FACE ( 'NONE', ( #3976 ), #3930, .T. ) ;
#3721 = VERTEX_POINT ( 'NONE', #548 ) ;
#3722 = PLANE ( 'NONE',  #1363 ) ;
#3723 = LINE ( 'NONE', #4017, #570 ) ;
#3724 = DIRECTION ( 'NONE',  ( 3.697785493223491196E-32, 1.000000000000000000, 6.106226635438358014E-16 ) ) ;
#3725 = ORIENTED_EDGE ( 'NONE', *, *, #2412, .T. ) ;
#3726 = PRESENTATION_STYLE_ASSIGNMENT (( #2039 ) ) ;
#3727 = CARTESIAN_POINT ( 'NONE',  ( -8.680000000000003268, -3.180000000000000160, -0.3199999999999981193 ) ) ;
#3728 = CARTESIAN_POINT ( 'NONE',  ( -10.28000000000000114, -0.8300000000000004041, -3.979999999999999094 ) ) ;
#3729 = ORIENTED_EDGE ( 'NONE', *, *, #3960, .F. ) ;
#3730 = SURFACE_STYLE_USAGE ( .BOTH. , #949 ) ;
#3731 = FACE_OUTER_BOUND ( 'NONE', #297, .T. ) ;
#3732 = EDGE_CURVE ( 'NONE', #1894, #2093, #3319, .T. ) ;
#3733 = CARTESIAN_POINT ( 'NONE',  ( -3.320000000000002505, -3.180000000000000160, -0.3199999999999981193 ) ) ;
#3734 = EDGE_LOOP ( 'NONE', ( #2239, #526, #4366, #3936 ) ) ;
#3735 = ORIENTED_EDGE ( 'NONE', *, *, #4249, .T. ) ;
#3736 = DIRECTION ( 'NONE',  ( -1.000000000000000000, -6.162975822039154730E-33, 5.551115123125780237E-17 ) ) ;
#3737 = ADVANCED_FACE ( 'NONE', ( #197 ), #3997, .F. ) ;
#3738 = VECTOR ( 'NONE', #206, 1000.000000000000000 ) ;
#3739 = DIRECTION ( 'NONE',  ( -0.7071067811865471286, -4.357881996052621000E-33, -0.7071067811865479058 ) ) ;
#3740 = CARTESIAN_POINT ( 'NONE',  ( -2.680000000000001048, -3.180000000000000160, 0.3200000000000017830 ) ) ;
#3741 = AXIS2_PLACEMENT_3D ( 'NONE', #2427, #636, #3800 ) ;
#3742 = ORIENTED_EDGE ( 'NONE', *, *, #4324, .F. ) ;
#3743 = VECTOR ( 'NONE', #2459, 1000.000000000000000 ) ;
#3744 = CARTESIAN_POINT ( 'NONE',  ( -10.92500000000000071, 9.910000000000000142, -4.929999999999991722 ) ) ;
#3745 = EDGE_CURVE ( 'NONE', #1108, #2223, #2635, .T. ) ;
#3746 = VECTOR ( 'NONE', #619, 1000.000000000000000 ) ;
#3747 = DIRECTION ( 'NONE',  ( -5.551115123125782702E-17, -3.421138828918009667E-49, -1.000000000000000000 ) ) ;
#3748 = DIRECTION ( 'NONE',  ( 3.697785493223491196E-32, 1.000000000000000000, 6.106226635438358014E-16 ) ) ;
#3749 = DIRECTION ( 'NONE',  ( -5.551115123125782702E-17, -3.421138828918009667E-49, -1.000000000000000000 ) ) ;
#3750 =( GEOMETRIC_REPRESENTATION_CONTEXT ( 3 ) GLOBAL_UNCERTAINTY_ASSIGNED_CONTEXT ( ( #463 ) ) GLOBAL_UNIT_ASSIGNED_CONTEXT ( ( #292, #1694, #964 ) ) REPRESENTATION_CONTEXT ( 'NONE', 'WORKASPACE' ) );
#3751 = CLOSED_SHELL ( 'NONE', ( #318, #3659, #497, #2381, #2087, #1132 ) ) ;
#3752 = VECTOR ( 'NONE', #3739, 1000.000000000000114 ) ;
#3753 = CARTESIAN_POINT ( 'NONE',  ( 0.3200000000000033928, 7.509999999999999787, -3.319999999999994955 ) ) ;
#3754 = AXIS2_PLACEMENT_3D ( 'NONE', #2307, #4024, #492 ) ;
#3755 = EDGE_LOOP ( 'NONE', ( #456, #1291, #3586, #757 ) ) ;
#3756 = CARTESIAN_POINT ( 'NONE',  ( -10.27000000000000490, 9.910000000000000142, -1.269999999999994911 ) ) ;
#3757 = CARTESIAN_POINT ( 'NONE',  ( -5.680000000000003268, -3.180000000000000160, -2.679999999999999272 ) ) ;
#3758 = VECTOR ( 'NONE', #2721, 1000.000000000000000 ) ;
#3759 = CARTESIAN_POINT ( 'NONE',  ( 0.6200000000000016609, 3.310000000000000053, -1.270000000000000462 ) ) ;
#3760 = VECTOR ( 'NONE', #3793, 1000.000000000000000 ) ;
#3761 = MECHANICAL_DESIGN_GEOMETRIC_PRESENTATION_REPRESENTATION (  '', ( #656 ), #2097 ) ;
#3762 = VECTOR ( 'NONE', #2942, 1000.000000000000000 ) ;
#3763 = ORIENTED_EDGE ( 'NONE', *, *, #3686, .F. ) ;
#3764 = DIRECTION ( 'NONE',  ( -1.000000000000000000, -6.162975822039154730E-33, 5.551115123125780237E-17 ) ) ;
#3765 = AXIS2_PLACEMENT_3D ( 'NONE', #2434, #392, #374 ) ;
#3766 = DIRECTION ( 'NONE',  ( 3.697785493223491196E-32, 1.000000000000000000, 6.106226635438358014E-16 ) ) ;
#3767 = DIRECTION ( 'NONE',  ( -5.551115123125782702E-17, -3.421138828918009667E-49, -1.000000000000000000 ) ) ;
#3768 = ORIENTED_EDGE ( 'NONE', *, *, #3493, .F. ) ;
#3769 = DIRECTION ( 'NONE',  ( 5.551115123125782702E-17, 3.421138828918009667E-49, 1.000000000000000000 ) ) ;
#3770 = LINE ( 'NONE', #2005, #3402 ) ;
#3771 = PLANE ( 'NONE',  #4391 ) ;
#3772 = SURFACE_STYLE_USAGE ( .BOTH. , #3050 ) ;
#3773 = CARTESIAN_POINT ( 'NONE',  ( -4.730000000000000426, 9.910000000000000142, -4.269999999999992468 ) ) ;
#3774 = EDGE_LOOP ( 'NONE', ( #3436, #589, #1044, #4029 ) ) ;
#3775 = CARTESIAN_POINT ( 'NONE',  ( -2.680000000000001048, -3.365883960437809179E-16, 0.3200000000000037259 ) ) ;
#3776 = LINE ( 'NONE', #269, #3455 ) ;
#3777 = VERTEX_POINT ( 'NONE', #2912 ) ;
#3778 = CARTESIAN_POINT ( 'NONE',  ( -3.320000000000002505, -3.180000000000000160, -0.3199999999999981193 ) ) ;
#3779 = VERTEX_POINT ( 'NONE', #2570 ) ;
#3780 = VERTEX_POINT ( 'NONE', #1918 ) ;
#3781 = DIRECTION ( 'NONE',  ( 3.697785493223491196E-32, 1.000000000000000000, 6.106226635438358014E-16 ) ) ;
#3782 = ADVANCED_FACE ( 'NONE', ( #895 ), #1581, .T. ) ;
#3783 = SURFACE_SIDE_STYLE ('',( #3010 ) ) ;
#3784 = CARTESIAN_POINT ( 'NONE',  ( -0.3199999999999982858, 3.310000000000000053, -1.499999999999994671 ) ) ;
#3785 = ORIENTED_EDGE ( 'NONE', *, *, #1478, .F. ) ;
#3786 = VERTEX_POINT ( 'NONE', #574 ) ;
#3787 = EDGE_CURVE ( 'NONE', #2917, #3848, #961, .T. ) ;
#3788 = CARTESIAN_POINT ( 'NONE',  ( -7.730000000000003979, 9.910000000000000142, -1.729999999999991767 ) ) ;
#3789 = DIRECTION ( 'NONE',  ( -1.000000000000000000, -6.162975822039154730E-33, -1.276756478318929824E-15 ) ) ;
#3790 = EDGE_CURVE ( 'NONE', #1249, #1278, #1966, .T. ) ;
#3791 = CARTESIAN_POINT ( 'NONE',  ( -3.620000000000004103, 9.910000000000000142, -1.729999999999995319 ) ) ;
#3792 = EDGE_CURVE ( 'NONE', #4352, #3081, #3723, .T. ) ;
#3793 = DIRECTION ( 'NONE',  ( 5.551115123125782702E-17, 3.421138828918009667E-49, 1.000000000000000000 ) ) ;
#3794 = CARTESIAN_POINT ( 'NONE',  ( -5.680000000000003268, -3.180000000000000160, 0.3200000000000017830 ) ) ;
#3795 = LINE ( 'NONE', #1395, #2034 ) ;
#3796 = ORIENTED_EDGE ( 'NONE', *, *, #3819, .F. ) ;
#3797 = CARTESIAN_POINT ( 'NONE',  ( 0.3199999999999998956, -3.180000000000000160, -2.679999999999999272 ) ) ;
#3798 = ORIENTED_EDGE ( 'NONE', *, *, #4147, .T. ) ;
#3799 = ORIENTED_EDGE ( 'NONE', *, *, #1139, .T. ) ;
#3800 = DIRECTION ( 'NONE',  ( -6.106226635438359986E-16, -3.763252711809810862E-48, -1.000000000000000000 ) ) ;
#3801 = CARTESIAN_POINT ( 'NONE',  ( -1.730000000000001537, 3.310000000000000053, -1.729999999999995541 ) ) ;
#3802 = ORIENTED_EDGE ( 'NONE', *, *, #3088, .T. ) ;
#3803 = ORIENTED_EDGE ( 'NONE', *, *, #1528, .F. ) ;
#3804 = EDGE_LOOP ( 'NONE', ( #2341, #2115, #431, #1926 ) ) ;
#3805 = DIRECTION ( 'NONE',  ( 3.697785493223491196E-32, 1.000000000000000000, 6.106226635438358014E-16 ) ) ;
#3806 = VECTOR ( 'NONE', #3119, 1000.000000000000000 ) ;
#3807 = DIRECTION ( 'NONE',  ( 5.551115123125782702E-17, 3.421138828918009667E-49, 1.000000000000000000 ) ) ;
#3808 = AXIS2_PLACEMENT_3D ( 'NONE', #3578, #2558, #2869 ) ;
#3809 = FACE_OUTER_BOUND ( 'NONE', #2257, .T. ) ;
#3810 = FILL_AREA_STYLE ('',( #2730 ) ) ;
#3811 = UNCERTAINTY_MEASURE_WITH_UNIT (LENGTH_MEASURE( 1.000000000000000082E-05 ), #4393, 'distance_accuracy_value', 'NONE');
#3812 = PLANE ( 'NONE',  #432 ) ;
#3813 = VECTOR ( 'NONE', #2185, 1000.000000000000000 ) ;
#3814 = EDGE_CURVE ( 'NONE', #3610, #4184, #2055, .T. ) ;
#3815 = CARTESIAN_POINT ( 'NONE',  ( -9.320000000000005613, -3.180000000000000160, -0.3199999999999981193 ) ) ;
#3816 = CARTESIAN_POINT ( 'NONE',  ( -6.320000000000002061, 3.310000000000000053, -2.679999999999995719 ) ) ;
#3817 = ORIENTED_EDGE ( 'NONE', *, *, #1619, .T. ) ;
#3818 = VECTOR ( 'NONE', #1576, 1000.000000000000000 ) ;
#3819 = EDGE_CURVE ( 'NONE', #1499, #34, #3084, .T. ) ;
#3820 = DIRECTION ( 'NONE',  ( -3.697785493223491196E-32, -1.000000000000000000, -6.106226635438358014E-16 ) ) ;
#3821 = EDGE_CURVE ( 'NONE', #1676, #3500, #4469, .T. ) ;
#3822 = COLOUR_RGB ( '',0.7921568627450980005, 0.8196078431372548767, 0.9333333333333333481 ) ;
#3823 = ORIENTED_EDGE ( 'NONE', *, *, #435, .T. ) ;
#3824 = CARTESIAN_POINT ( 'NONE',  ( -4.500000000000000000, -3.365883960437809672E-16, -2.679999999999997495 ) ) ;
#3825 = VERTEX_POINT ( 'NONE', #3363 ) ;
#3826 = VECTOR ( 'NONE', #2001, 1000.000000000000000 ) ;
#3827 = EDGE_CURVE ( 'NONE', #1108, #255, #2035, .T. ) ;
#3828 = AXIS2_PLACEMENT_3D ( 'NONE', #2640, #3982, #2600 ) ;
#3829 = DIRECTION ( 'NONE',  ( -5.551115123125782702E-17, -3.421138828918009667E-49, -1.000000000000000000 ) ) ;
#3830 = PRESENTATION_LAYER_ASSIGNMENT (  '', '', ( #2813 ) ) ;
#3831 = ORIENTED_EDGE ( 'NONE', *, *, #3484, .F. ) ;
#3832 = VECTOR ( 'NONE', #443, 1000.000000000000000 ) ;
#3833 = VECTOR ( 'NONE', #2465, 1000.000000000000000 ) ;
#3834 = ORIENTED_EDGE ( 'NONE', *, *, #654, .F. ) ;
#3835 = ORIENTED_EDGE ( 'NONE', *, *, #3551, .T. ) ;
#3836 = CLOSED_SHELL ( 'NONE', ( #3075, #3387, #781, #2021, #1634, #3961, #776, #864, #2048, #3487, #3885, #945, #2525, #1719, #1579, #1912, #2329, #154, #1085, #1245, #1794, #254, #1491, #3986, #1793, #2786, #2281, #2396, #2220, #4283, #4108, #1475, #3212, #3047, #1887, #18, #1442, #194, #3216, #2569, #3782, #2362, #58, #4425, #1891, #2821, #256, #2689, #2516, #1920, #4258, #1623, #1749, #3185, #3720, #2708, #1189, #584, #439, #181, #3630, #573 ) ) ;
#3837 = DIRECTION ( 'NONE',  ( 3.697785493223491196E-32, 1.000000000000000000, 6.106226635438358014E-16 ) ) ;
#3838 = DIRECTION ( 'NONE',  ( -3.697785493223491196E-32, -1.000000000000000000, -6.106226635438358014E-16 ) ) ;
#3839 = DIRECTION ( 'NONE',  ( 1.000000000000000000, 6.162975822039154730E-33, -5.551115123125780237E-17 ) ) ;
#3840 = LINE ( 'NONE', #3496, #2527 ) ;
#3841 = PLANE ( 'NONE',  #800 ) ;
#3842 = DIRECTION ( 'NONE',  ( 1.000000000000000000, 6.162975822039154730E-33, -5.551115123125780237E-17 ) ) ;
#3843 = DIRECTION ( 'NONE',  ( 1.000000000000000000, 0.000000000000000000, 0.000000000000000000 ) ) ;
#3844 = PLANE ( 'NONE',  #4047 ) ;
#3845 = EDGE_LOOP ( 'NONE', ( #203, #61, #1886, #2041 ) ) ;
#3846 = EDGE_CURVE ( 'NONE', #767, #4352, #3046, .T. ) ;
#3847 = EDGE_CURVE ( 'NONE', #2195, #1727, #1674, .T. ) ;
#3848 = VERTEX_POINT ( 'NONE', #2727 ) ;
#3849 = ORIENTED_EDGE ( 'NONE', *, *, #1082, .F. ) ;
#3850 = FACE_OUTER_BOUND ( 'NONE', #1924, .T. ) ;
#3851 = ORIENTED_EDGE ( 'NONE', *, *, #2615, .T. ) ;
#3852 = EDGE_CURVE ( 'NONE', #3721, #3304, #244, .T. ) ;
#3853 = DIRECTION ( 'NONE',  ( -5.551115123125780237E-17, -3.421138828918008148E-49, -1.000000000000000000 ) ) ;
#3854 = VERTEX_POINT ( 'NONE', #4426 ) ;
#3855 = ORIENTED_EDGE ( 'NONE', *, *, #1768, .T. ) ;
#3856 = VERTEX_POINT ( 'NONE', #620 ) ;
#3857 = CARTESIAN_POINT ( 'NONE',  ( -3.320000000000002505, -3.180000000000000160, -2.679999999999999272 ) ) ;
#3858 = PLANE ( 'NONE',  #2601 ) ;
#3859 = EDGE_CURVE ( 'NONE', #2653, #1765, #329, .T. ) ;
#3860 = LINE ( 'NONE', #777, #872 ) ;
#3861 = ORIENTED_EDGE ( 'NONE', *, *, #3288, .T. ) ;
#3862 = PLANE ( 'NONE',  #3087 ) ;
#3863 = DIRECTION ( 'NONE',  ( 3.697785493223491196E-32, 1.000000000000000000, 6.106226635438358014E-16 ) ) ;
#3864 = CARTESIAN_POINT ( 'NONE',  ( 0.3199999999999998956, -3.180000000000000160, -2.679999999999999272 ) ) ;
#3865 = CARTESIAN_POINT ( 'NONE',  ( -5.380000000000001670, 9.910000000000000142, 1.270000000000009344 ) ) ;
#3866 =( NAMED_UNIT ( * ) SI_UNIT ( $, .STERADIAN. ) SOLID_ANGLE_UNIT ( ) );
#3867 = DIRECTION ( 'NONE',  ( -4.440892098500625176E-16, -2.736911063134407734E-48, -1.000000000000000000 ) ) ;
#3868 = VERTEX_POINT ( 'NONE', #598 ) ;
#3869 = LINE ( 'NONE', #2915, #3534 ) ;
#3870 = EDGE_LOOP ( 'NONE', ( #645, #2621, #1904, #2128 ) ) ;
#3871 = DIRECTION ( 'NONE',  ( 3.697785493223491196E-32, 1.000000000000000000, 6.106226635438358014E-16 ) ) ;
#3872 = ADVANCED_FACE ( 'NONE', ( #4403 ), #3384, .T. ) ;
#3873 = ORIENTED_EDGE ( 'NONE', *, *, #1946, .F. ) ;
#3874 = SURFACE_STYLE_USAGE ( .BOTH. , #1183 ) ;
#3875 = EDGE_CURVE ( 'NONE', #1647, #4184, #2301, .T. ) ;
#3876 = DIRECTION ( 'NONE',  ( -9.436895709313828621E-16, -5.815936009160616511E-48, 1.000000000000000000 ) ) ;
#3877 = ORIENTED_EDGE ( 'NONE', *, *, #1332, .F. ) ;
#3878 = VERTEX_POINT ( 'NONE', #2348 ) ;
#3879 = PLANE ( 'NONE',  #417 ) ;
#3880 = DIRECTION ( 'NONE',  ( -1.000000000000000000, -6.162975822039154730E-33, 5.551115123125780237E-17 ) ) ;
#3881 = EDGE_CURVE ( 'NONE', #1244, #2445, #3681, .T. ) ;
#3882 = PLANE ( 'NONE',  #2395 ) ;
#3883 = ORIENTED_EDGE ( 'NONE', *, *, #643, .T. ) ;
#3884 = CARTESIAN_POINT ( 'NONE',  ( -1.730000000000001537, 9.910000000000000142, 1.270000000000009344 ) ) ;
#3885 = ADVANCED_FACE ( 'NONE', ( #4043 ), #941, .T. ) ;
#3886 = CARTESIAN_POINT ( 'NONE',  ( -4.500000000000003553, -3.365883960437809672E-16, 0.3200000000000037259 ) ) ;
#3887 = LINE ( 'NONE', #741, #3326 ) ;
#3888 = FACE_BOUND ( 'NONE', #2424, .T. ) ;
#3889 = VERTEX_POINT ( 'NONE', #2397 ) ;
#3890 = VECTOR ( 'NONE', #2565, 1000.000000000000000 ) ;
#3891 = LINE ( 'NONE', #4198, #4402 ) ;
#3892 = ORIENTED_EDGE ( 'NONE', *, *, #4239, .T. ) ;
#3893 = DIRECTION ( 'NONE',  ( -4.440892098500625176E-16, -2.736911063134407734E-48, -1.000000000000000000 ) ) ;
#3894 = AXIS2_PLACEMENT_3D ( 'NONE', #3788, #689, #3064 ) ;
#3895 = ORIENTED_EDGE ( 'NONE', *, *, #2652, .T. ) ;
#3896 = DIRECTION ( 'NONE',  ( 3.697785493223491196E-32, 1.000000000000000000, 6.106226635438358014E-16 ) ) ;
#3897 = VERTEX_POINT ( 'NONE', #4065 ) ;
#3898 = AXIS2_PLACEMENT_3D ( 'NONE', #602, #1629, #2638 ) ;
#3899 = VECTOR ( 'NONE', #1787, 1000.000000000000000 ) ;
#3900 = EDGE_CURVE ( 'NONE', #3024, #3260, #3770, .T. ) ;
#3901 = MECHANICAL_DESIGN_GEOMETRIC_PRESENTATION_REPRESENTATION (  '', ( #1367 ), #3101 ) ;
#3902 = CARTESIAN_POINT ( 'NONE',  ( 0.6200000000000018829, 3.310000000000002274, -1.729999999999993543 ) ) ;
#3903 = PRESENTATION_STYLE_ASSIGNMENT (( #2203 ) ) ;
#3904 = AXIS2_PLACEMENT_3D ( 'NONE', #2353, #947, #626 ) ;
#3905 = CARTESIAN_POINT ( 'NONE',  ( 0.3199999999999998956, -3.180000000000000160, -2.679999999999999272 ) ) ;
#3906 = VECTOR ( 'NONE', #2144, 1000.000000000000000 ) ;
#3907 = VERTEX_POINT ( 'NONE', #2703 ) ;
#3908 = DIRECTION ( 'NONE',  ( 1.000000000000000000, 6.162975822039154730E-33, -6.661338147750937270E-16 ) ) ;
#3909 = CARTESIAN_POINT ( 'NONE',  ( -6.320000000000002061, -3.180000000000000160, -3.319999999999998952 ) ) ;
#3910 = SURFACE_STYLE_FILL_AREA ( #3973 ) ;
#3911 = CARTESIAN_POINT ( 'NONE',  ( -4.270000000000002238, 9.910000000000000142, -1.269999999999994911 ) ) ;
#3912 = FACE_OUTER_BOUND ( 'NONE', #341, .T. ) ;
#3913 = EDGE_LOOP ( 'NONE', ( #1492, #840, #2453, #3392 ) ) ;
#3914 = DIRECTION ( 'NONE',  ( -4.440892098500625176E-16, -2.736911063134407734E-48, -1.000000000000000000 ) ) ;
#3915 = ADVANCED_FACE ( 'NONE', ( #4447 ), #2458, .T. ) ;
#3916 = VERTEX_POINT ( 'NONE', #1774 ) ;
#3917 = DIRECTION ( 'NONE',  ( 0.000000000000000000, -6.106226635438358014E-16, 1.000000000000000000 ) ) ;
#3918 = ORIENTED_EDGE ( 'NONE', *, *, #4018, .F. ) ;
#3919 = DIRECTION ( 'NONE',  ( 1.000000000000000000, 6.162975822039154730E-33, 9.436895709313828621E-16 ) ) ;
#3920 = CARTESIAN_POINT ( 'NONE',  ( -7.730000000000003979, 3.310000000000002274, -1.729999999999991767 ) ) ;
#3921 = LINE ( 'NONE', #750, #2674 ) ;
#3922 = EDGE_LOOP ( 'NONE', ( #82, #2439, #4199, #2008 ) ) ;
#3923 = CARTESIAN_POINT ( 'NONE',  ( 0.3199999999999998956, -3.365883960437809179E-16, 0.3200000000000020051 ) ) ;
#3924 = EDGE_CURVE ( 'NONE', #1597, #3063, #2139, .T. ) ;
#3925 = EDGE_LOOP ( 'NONE', ( #4351, #3817, #4341, #2177 ) ) ;
#3926 = CARTESIAN_POINT ( 'NONE',  ( -8.680000000000003268, -3.180000000000000160, -3.319999999999998952 ) ) ;
#3927 = CARTESIAN_POINT ( 'NONE',  ( -2.680000000000001048, -3.180000000000000160, -2.679999999999999272 ) ) ;
#3928 = EDGE_CURVE ( 'NONE', #3121, #3629, #4161, .T. ) ;
#3929 = ADVANCED_FACE ( 'NONE', ( #3445 ), #3882, .T. ) ;
#3930 = PLANE ( 'NONE',  #653 ) ;
#3931 = DIRECTION ( 'NONE',  ( -5.551115123125782702E-17, -3.421138828918009667E-49, -1.000000000000000000 ) ) ;
#3932 = ORIENTED_EDGE ( 'NONE', *, *, #3065, .T. ) ;
#3933 = CARTESIAN_POINT ( 'NONE',  ( -7.270000000000002238, 9.910000000000000142, -1.269999999999994911 ) ) ;
#3934 = ORIENTED_EDGE ( 'NONE', *, *, #3484, .T. ) ;
#3935 = CARTESIAN_POINT ( 'NONE',  ( 1.270000000000002904, 9.910000000000000142, -1.269999999999988027 ) ) ;
#3936 = ORIENTED_EDGE ( 'NONE', *, *, #1923, .F. ) ;
#3937 = DIRECTION ( 'NONE',  ( -1.000000000000000000, -6.162975822039154730E-33, 5.551115123125780237E-17 ) ) ;
#3938 = DIRECTION ( 'NONE',  ( -1.000000000000000000, -6.162975822039154730E-33, 5.551115123125782702E-17 ) ) ;
#3939 = ORIENTED_EDGE ( 'NONE', *, *, #3266, .T. ) ;
#3940 = SURFACE_STYLE_USAGE ( .BOTH. , #1861 ) ;
#3941 = LINE ( 'NONE', #150, #1645 ) ;
#3942 = EDGE_LOOP ( 'NONE', ( #1019, #4092, #1153, #3142 ) ) ;
#3943 = DIRECTION ( 'NONE',  ( -9.436895709313828621E-16, -5.815936009160616511E-48, 1.000000000000000000 ) ) ;
#3944 = CARTESIAN_POINT ( 'NONE',  ( -4.730000000000000426, 3.310000000000000053, -1.269999999999997131 ) ) ;
#3945 = CARTESIAN_POINT ( 'NONE',  ( 0.6199999999999981082, 9.910000000000000142, -1.269999999999988027 ) ) ;
#3946 = CARTESIAN_POINT ( 'NONE',  ( -10.27000000000000490, 9.910000000000000142, -1.269999999999994911 ) ) ;
#3947 = VECTOR ( 'NONE', #2061, 1000.000000000000000 ) ;
#3948 = CARTESIAN_POINT ( 'NONE',  ( -5.380000000000001670, 9.910000000000000142, -1.729999999999991767 ) ) ;
#3949 = ORIENTED_EDGE ( 'NONE', *, *, #4180, .F. ) ;
#3950 = EDGE_CURVE ( 'NONE', #2741, #2555, #1825, .T. ) ;
#3951 = FACE_OUTER_BOUND ( 'NONE', #4318, .T. ) ;
#3952 = VECTOR ( 'NONE', #1502, 1000.000000000000000 ) ;
#3953 = ADVANCED_FACE ( 'NONE', ( #2754 ), #4209, .T. ) ;
#3954 = ORIENTED_EDGE ( 'NONE', *, *, #4206, .F. ) ;
#3955 = DIRECTION ( 'NONE',  ( 3.697785493223491196E-32, 1.000000000000000000, 6.106226635438358014E-16 ) ) ;
#3956 = ORIENTED_EDGE ( 'NONE', *, *, #4286, .F. ) ;
#3957 = CARTESIAN_POINT ( 'NONE',  ( -0.3199999999999982858, -3.180000000000000160, -2.679999999999999272 ) ) ;
#3958 = CARTESIAN_POINT ( 'NONE',  ( -4.500000000000003553, 3.310000000000000053, -0.3199999999999942335 ) ) ;
#3959 = VECTOR ( 'NONE', #2500, 1000.000000000000000 ) ;
#3960 = EDGE_CURVE ( 'NONE', #3260, #3666, #3860, .T. ) ;
#3961 = ADVANCED_FACE ( 'NONE', ( #438 ), #1755, .T. ) ;
#3962 = FACE_OUTER_BOUND ( 'NONE', #4399, .T. ) ;
#3963 = EDGE_LOOP ( 'NONE', ( #560, #2114, #3337, #3220 ) ) ;
#3964 = AXIS2_PLACEMENT_3D ( 'NONE', #4334, #2618, #849 ) ;
#3965 = STYLED_ITEM ( 'NONE', ( #3726 ), #2921 ) ;
#3966 = PLANE ( 'NONE',  #1513 ) ;
#3967 = CARTESIAN_POINT ( 'NONE',  ( 0.6199999999999981082, 9.910000000000000142, -1.729999999999995319 ) ) ;
#3968 = AXIS2_PLACEMENT_3D ( 'NONE', #331, #354, #2351 ) ;
#3969 = ORIENTED_EDGE ( 'NONE', *, *, #4125, .F. ) ;
#3970 = CARTESIAN_POINT ( 'NONE',  ( -2.680000000000001048, 3.310000000000000053, -0.3199999999999942335 ) ) ;
#3971 = LINE ( 'NONE', #3944, #212 ) ;
#3972 = VECTOR ( 'NONE', #4071, 1000.000000000000000 ) ;
#3973 = FILL_AREA_STYLE ('',( #3250 ) ) ;
#3974 = MECHANICAL_DESIGN_GEOMETRIC_PRESENTATION_REPRESENTATION (  '', ( #6 ), #2316 ) ;
#3975 = VECTOR ( 'NONE', #3767, 1000.000000000000000 ) ;
#3976 = FACE_OUTER_BOUND ( 'NONE', #788, .T. ) ;
#3977 = VECTOR ( 'NONE', #3789, 1000.000000000000000 ) ;
#3978 = LINE ( 'NONE', #2956, #2228 ) ;
#3979 = EDGE_LOOP ( 'NONE', ( #3768, #1821, #3735, #2808 ) ) ;
#3980 = CARTESIAN_POINT ( 'NONE',  ( -5.680000000000003268, 7.509999999999999787, -3.319999999999993179 ) ) ;
#3981 = ORIENTED_EDGE ( 'NONE', *, *, #4328, .T. ) ;
#3982 = DIRECTION ( 'NONE',  ( -1.000000000000000000, -6.162975822039154730E-33, 5.551115123125782702E-17 ) ) ;
#3983 = EDGE_LOOP ( 'NONE', ( #4364, #507, #348, #984 ) ) ;
#3984 = DIRECTION ( 'NONE',  ( 0.7071067811865471286, 4.357881996052621000E-33, 0.7071067811865479058 ) ) ;
#3985 = CARTESIAN_POINT ( 'NONE',  ( -5.200000000000001954, 4.955000000000000071, -1.499999999999993783 ) ) ;
#3986 = ADVANCED_FACE ( 'NONE', ( #3494 ), #352, .T. ) ;
#3987 = EDGE_CURVE ( 'NONE', #4207, #4030, #3147, .T. ) ;
#3988 = LINE ( 'NONE', #903, #657 ) ;
#3989 = ORIENTED_EDGE ( 'NONE', *, *, #1936, .T. ) ;
#3990 = EDGE_CURVE ( 'NONE', #767, #2866, #4188, .T. ) ;
#3991 = FACE_OUTER_BOUND ( 'NONE', #1636, .T. ) ;
#3992 = ADVANCED_FACE ( 'NONE', ( #3127 ), #3176, .T. ) ;
#3993 = ORIENTED_EDGE ( 'NONE', *, *, #2333, .T. ) ;
#3994 = DIRECTION ( 'NONE',  ( -5.551115123125780237E-17, -3.421138828918008148E-49, -1.000000000000000000 ) ) ;
#3995 = EDGE_CURVE ( 'NONE', #118, #2653, #1735, .T. ) ;
#3996 = UNCERTAINTY_MEASURE_WITH_UNIT (LENGTH_MEASURE( 1.000000000000000082E-05 ), #655, 'distance_accuracy_value', 'NONE');
#3997 = PLANE ( 'NONE',  #1808 ) ;
#3998 = CARTESIAN_POINT ( 'NONE',  ( -8.680000000000003268, -3.180000000000000160, -2.679999999999999272 ) ) ;
#3999 = ORIENTED_EDGE ( 'NONE', *, *, #1779, .T. ) ;
#4000 = DIRECTION ( 'NONE',  ( -3.697785493223491196E-32, -1.000000000000000000, -6.106226635438358014E-16 ) ) ;
#4001 = ORIENTED_EDGE ( 'NONE', *, *, #4286, .T. ) ;
#4002 = CARTESIAN_POINT ( 'NONE',  ( 1.270000000000002904, 9.910000000000000142, 1.270000000000009344 ) ) ;
#4003 = VERTEX_POINT ( 'NONE', #2161 ) ;
#4004 =( LENGTH_UNIT ( ) NAMED_UNIT ( * ) SI_UNIT ( .MILLI., .METRE. ) );
#4005 = DIRECTION ( 'NONE',  ( -1.000000000000000000, -6.162975822039154730E-33, 4.440892098500625176E-16 ) ) ;
#4006 = CARTESIAN_POINT ( 'NONE',  ( -5.380000000000001670, 3.310000000000000053, -1.729999999999995541 ) ) ;
#4007 = ORIENTED_EDGE ( 'NONE', *, *, #2582, .F. ) ;
#4008 = EDGE_CURVE ( 'NONE', #1727, #1624, #3198, .T. ) ;
#4009 = EDGE_CURVE ( 'NONE', #1769, #3907, #2415, .T. ) ;
#4010 = VERTEX_POINT ( 'NONE', #691 ) ;
#4011 = CARTESIAN_POINT ( 'NONE',  ( 0.3199999999999998956, -3.180000000000000160, -0.3199999999999981193 ) ) ;
#4012 = DIRECTION ( 'NONE',  ( 1.000000000000000000, 6.162975822039154730E-33, -5.551115123125780237E-17 ) ) ;
#4013 = ORIENTED_EDGE ( 'NONE', *, *, #3582, .F. ) ;
#4014 = EDGE_CURVE ( 'NONE', #990, #4133, #23, .T. ) ;
#4015 = DIRECTION ( 'NONE',  ( 0.7071067811865474617, 4.357881996052623053E-33, 0.7071067811865474617 ) ) ;
#4016 = EDGE_CURVE ( 'NONE', #1834, #2470, #4143, .T. ) ;
#4017 = CARTESIAN_POINT ( 'NONE',  ( -3.800000000000000266, 6.959999999999999964, -4.929999999999993499 ) ) ;
#4018 = EDGE_CURVE ( 'NONE', #546, #3372, #506, .T. ) ;
#4019 = CARTESIAN_POINT ( 'NONE',  ( -2.680000000000001048, -3.180000000000000160, -3.319999999999998952 ) ) ;
#4020 = ORIENTED_EDGE ( 'NONE', *, *, #4089, .T. ) ;
#4021 = CARTESIAN_POINT ( 'NONE',  ( 1.270000000000002904, 3.310000000000000053, 1.270000000000005347 ) ) ;
#4022 = MECHANICAL_DESIGN_GEOMETRIC_PRESENTATION_REPRESENTATION (  '', ( #1497 ), #2568 ) ;
#4023 = ORIENTED_EDGE ( 'NONE', *, *, #565, .T. ) ;
#4024 = DIRECTION ( 'NONE',  ( 3.081487911019576681E-33, 1.000000000000000000, -5.131708243377014121E-49 ) ) ;
#4025 = ORIENTED_EDGE ( 'NONE', *, *, #3450, .F. ) ;
#4026 = DIRECTION ( 'NONE',  ( 1.000000000000000000, 6.162975822039154730E-33, 9.436895709313828621E-16 ) ) ;
#4027 = CARTESIAN_POINT ( 'NONE',  ( -2.680000000000001048, 7.509999999999999787, -2.679999999999993054 ) ) ;
#4028 = LINE ( 'NONE', #2312, #1812 ) ;
#4029 = ORIENTED_EDGE ( 'NONE', *, *, #2981, .F. ) ;
#4030 = VERTEX_POINT ( 'NONE', #3923 ) ;
#4031 = MECHANICAL_DESIGN_GEOMETRIC_PRESENTATION_REPRESENTATION (  '', ( #2079 ), #3013 ) ;
#4032 = CARTESIAN_POINT ( 'NONE',  ( 1.924999999999998712, -3.365883960437809179E-16, 1.930000000000002158 ) ) ;
#4033 = CARTESIAN_POINT ( 'NONE',  ( -5.680000000000003268, 7.509999999999999787, -2.679999999999993054 ) ) ;
#4034 = CARTESIAN_POINT ( 'NONE',  ( 0.3199999999999998956, -3.180000000000000160, -0.3199999999999981193 ) ) ;
#4035 = AXIS2_PLACEMENT_3D ( 'NONE', #264, #3724, #2282 ) ;
#4036 = UNCERTAINTY_MEASURE_WITH_UNIT (LENGTH_MEASURE( 1.000000000000000082E-05 ), #4354, 'distance_accuracy_value', 'NONE');
#4037 = EDGE_CURVE ( 'NONE', #3536, #4454, #4372, .T. ) ;
#4038 = AXIS2_PLACEMENT_3D ( 'NONE', #1795, #1429, #1823 ) ;
#4039 = EDGE_LOOP ( 'NONE', ( #2060, #4141, #618, #98 ) ) ;
#4040 = CARTESIAN_POINT ( 'NONE',  ( -9.320000000000005613, 7.509999999999999787, -2.679999999999993054 ) ) ;
#4041 = AXIS2_PLACEMENT_3D ( 'NONE', #258, #4441, #3060 ) ;
#4042 = VECTOR ( 'NONE', #3367, 1000.000000000000000 ) ;
#4043 = FACE_OUTER_BOUND ( 'NONE', #1027, .T. ) ;
#4044 = CARTESIAN_POINT ( 'NONE',  ( 1.270000000000002904, 9.910000000000000142, -4.269999999999992468 ) ) ;
#4045 = VERTEX_POINT ( 'NONE', #3905 ) ;
#4046 = PRESENTATION_LAYER_ASSIGNMENT (  '', '', ( #3463 ) ) ;
#4047 = AXIS2_PLACEMENT_3D ( 'NONE', #2106, #2077, #2776 ) ;
#4048 = AXIS2_PLACEMENT_3D ( 'NONE', #3485, #3876, #50 ) ;
#4049 = CARTESIAN_POINT ( 'NONE',  ( -9.320000000000005613, -3.365883960437809672E-16, -1.499999999999996669 ) ) ;
#4050 = FACE_OUTER_BOUND ( 'NONE', #4314, .T. ) ;
#4051 = ORIENTED_EDGE ( 'NONE', *, *, #2180, .T. ) ;
#4052 = CARTESIAN_POINT ( 'NONE',  ( -6.320000000000002061, -3.180000000000000160, -3.319999999999998952 ) ) ;
#4053 = PLANE ( 'NONE',  #3313 ) ;
#4054 = DIRECTION ( 'NONE',  ( 0.7071067811865474617, 4.357881996052623053E-33, 0.7071067811865474617 ) ) ;
#4055 = ORIENTED_EDGE ( 'NONE', *, *, #387, .T. ) ;
#4056 = EDGE_CURVE ( 'NONE', #4003, #3304, #3374, .T. ) ;
#4057 = ORIENTED_EDGE ( 'NONE', *, *, #1454, .T. ) ;
#4058 = DIRECTION ( 'NONE',  ( 5.551115123125782702E-17, 3.421138828918009667E-49, 1.000000000000000000 ) ) ;
#4059 = DIRECTION ( 'NONE',  ( -5.551115123125782702E-17, -3.421138828918009667E-49, -1.000000000000000000 ) ) ;
#4060 = LINE ( 'NONE', #2227, #4252 ) ;
#4061 = DIRECTION ( 'NONE',  ( 3.697785493223491196E-32, 1.000000000000000000, 6.106226635438358014E-16 ) ) ;
#4062 = ORIENTED_EDGE ( 'NONE', *, *, #841, .T. ) ;
#4063 = DIRECTION ( 'NONE',  ( -3.697785493223491196E-32, -1.000000000000000000, -6.106226635438358014E-16 ) ) ;
#4064 = EDGE_CURVE ( 'NONE', #3779, #3121, #2675, .T. ) ;
#4065 = CARTESIAN_POINT ( 'NONE',  ( -6.320000000000002061, 7.509999999999999787, -3.319999999999993179 ) ) ;
#4066 = LINE ( 'NONE', #962, #3449 ) ;
#4067 = ORIENTED_EDGE ( 'NONE', *, *, #142, .F. ) ;
#4068 = LINE ( 'NONE', #2756, #4331 ) ;
#4069 = ADVANCED_FACE ( 'NONE', ( #1638 ), #1842, .T. ) ;
#4070 = FACE_OUTER_BOUND ( 'NONE', #697, .T. ) ;
#4071 = DIRECTION ( 'NONE',  ( -1.000000000000000000, -6.162975822039154730E-33, 5.551115123125780237E-17 ) ) ;
#4072 = EDGE_LOOP ( 'NONE', ( #1416, #1352, #554, #4462 ) ) ;
#4073 = LINE ( 'NONE', #1682, #2444 ) ;
#4074 = LINE ( 'NONE', #300, #1523 ) ;
#4075 = ORIENTED_EDGE ( 'NONE', *, *, #749, .F. ) ;
#4076 = VERTEX_POINT ( 'NONE', #3270 ) ;
#4077 = PLANE ( 'NONE',  #3741 ) ;
#4078 = DIRECTION ( 'NONE',  ( 4.734329411396687024E-17, 0.7071067818211392852, -0.7071067805519558602 ) ) ;
#4079 = LINE ( 'NONE', #3801, #1959 ) ;
#4080 = CARTESIAN_POINT ( 'NONE',  ( -9.320000000000005613, -3.180000000000000160, -3.319999999999998952 ) ) ;
#4081 = ORIENTED_EDGE ( 'NONE', *, *, #450, .F. ) ;
#4082 = CARTESIAN_POINT ( 'NONE',  ( -2.680000000000001048, 3.310000000000000053, 0.3200000000000057243 ) ) ;
#4083 = UNCERTAINTY_MEASURE_WITH_UNIT (LENGTH_MEASURE( 1.000000000000000082E-05 ), #614, 'distance_accuracy_value', 'NONE');
#4084 = DIRECTION ( 'NONE',  ( 3.697785493223491196E-32, 1.000000000000000000, 6.106226635438358014E-16 ) ) ;
#4085 = FACE_OUTER_BOUND ( 'NONE', #3211, .T. ) ;
#4086 = CARTESIAN_POINT ( 'NONE',  ( 0.3199999999999998956, -3.180000000000000160, 0.3200000000000000067 ) ) ;
#4087 = ORIENTED_EDGE ( 'NONE', *, *, #2273, .T. ) ;
#4088 = DIRECTION ( 'NONE',  ( -1.000000000000000000, -6.162975822039154730E-33, 5.551115123125782702E-17 ) ) ;
#4089 = EDGE_CURVE ( 'NONE', #2514, #1396, #1864, .T. ) ;
#4090 = CARTESIAN_POINT ( 'NONE',  ( -9.320000000000005613, -3.180000000000000160, 0.3200000000000017830 ) ) ;
#4091 = FACE_OUTER_BOUND ( 'NONE', #2522, .T. ) ;
#4092 = ORIENTED_EDGE ( 'NONE', *, *, #4279, .T. ) ;
#4093 = ORIENTED_EDGE ( 'NONE', *, *, #2595, .F. ) ;
#4094 = CARTESIAN_POINT ( 'NONE',  ( -3.620000000000000995, 9.910000000000000142, 1.270000000000009344 ) ) ;
#4095 = EDGE_CURVE ( 'NONE', #1589, #2382, #3699, .T. ) ;
#4096 = CARTESIAN_POINT ( 'NONE',  ( 1.270000000000002904, 9.910000000000000142, -4.269999999999992468 ) ) ;
#4097 = PLANE ( 'NONE',  #2886 ) ;
#4098 = ORIENTED_EDGE ( 'NONE', *, *, #3043, .T. ) ;
#4099 = AXIS2_PLACEMENT_3D ( 'NONE', #1800, #3447, #3839 ) ;
#4100 = DIRECTION ( 'NONE',  ( -5.551115123125782702E-17, -3.421138828918011187E-49, 1.000000000000000000 ) ) ;
#4101 = VECTOR ( 'NONE', #1458, 1000.000000000000000 ) ;
#4102 = CARTESIAN_POINT ( 'NONE',  ( -5.380000000000001670, 9.910000000000000142, -1.729999999999991767 ) ) ;
#4103 = DIRECTION ( 'NONE',  ( -1.000000000000000000, -6.162975822039154730E-33, 5.551115123125780237E-17 ) ) ;
#4104 = FILL_AREA_STYLE_COLOUR ( '', #1073 ) ;
#4105 = LINE ( 'NONE', #332, #1598 ) ;
#4106 = AXIS2_PLACEMENT_3D ( 'NONE', #1121, #4191, #2526 ) ;
#4107 = VERTEX_POINT ( 'NONE', #1551 ) ;
#4108 = ADVANCED_FACE ( 'NONE', ( #3609 ), #257, .F. ) ;
#4109 = PLANE ( 'NONE',  #2862 ) ;
#4110 = FACE_OUTER_BOUND ( 'NONE', #2147, .T. ) ;
#4111 = ORIENTED_EDGE ( 'NONE', *, *, #3022, .F. ) ;
#4112 = CARTESIAN_POINT ( 'NONE',  ( -10.27000000000000490, 3.310000000000000053, -1.269999999999998685 ) ) ;
#4113 = VECTOR ( 'NONE', #4412, 1000.000000000000000 ) ;
#4114 = ORIENTED_EDGE ( 'NONE', *, *, #3601, .F. ) ;
#4115 = AXIS2_PLACEMENT_3D ( 'NONE', #732, #2113, #1766 ) ;
#4116 = EDGE_CURVE ( 'NONE', #403, #2317, #4392, .T. ) ;
#4117 = ORIENTED_EDGE ( 'NONE', *, *, #2627, .F. ) ;
#4118 = AXIS2_PLACEMENT_3D ( 'NONE', #3067, #1310, #3705 ) ;
#4119 = SURFACE_STYLE_USAGE ( .BOTH. , #2323 ) ;
#4120 = LINE ( 'NONE', #322, #571 ) ;
#4121 = ORIENTED_EDGE ( 'NONE', *, *, #613, .F. ) ;
#4122 = EDGE_CURVE ( 'NONE', #3825, #2365, #591, .T. ) ;
#4123 = ORIENTED_EDGE ( 'NONE', *, *, #2249, .T. ) ;
#4124 = DIRECTION ( 'NONE',  ( -1.000000000000000000, -6.162975822039154730E-33, 5.551115123125780237E-17 ) ) ;
#4125 = EDGE_CURVE ( 'NONE', #4130, #3407, #3941, .T. ) ;
#4126 = DIRECTION ( 'NONE',  ( 3.697785493223491196E-32, 1.000000000000000000, 6.106226635438358014E-16 ) ) ;
#4127 = DIRECTION ( 'NONE',  ( 1.000000000000000000, -3.081487911019593786E-33, -5.551115123125780237E-17 ) ) ;
#4128 = SURFACE_SIDE_STYLE ('',( #1031 ) ) ;
#4129 = CARTESIAN_POINT ( 'NONE',  ( -10.28000000000000114, -0.8300000000000004041, -3.979999999999999094 ) ) ;
#4130 = VERTEX_POINT ( 'NONE', #4280 ) ;
#4131 = DIRECTION ( 'NONE',  ( 4.440892098500625176E-16, 2.736911063134407734E-48, 1.000000000000000000 ) ) ;
#4132 = DIRECTION ( 'NONE',  ( 1.000000000000000000, 6.162975822039154730E-33, -4.440892098500625176E-16 ) ) ;
#4133 = VERTEX_POINT ( 'NONE', #3355 ) ;
#4134 = CARTESIAN_POINT ( 'NONE',  ( 0.3199999999999998956, -3.365883960437809179E-16, -2.679999999999997495 ) ) ;
#4135 = EDGE_LOOP ( 'NONE', ( #2380, #2154, #770, #4389 ) ) ;
#4136 = ORIENTED_EDGE ( 'NONE', *, *, #3078, .T. ) ;
#4137 = FACE_OUTER_BOUND ( 'NONE', #3373, .T. ) ;
#4138 = CARTESIAN_POINT ( 'NONE',  ( -1.269999999999999352, 9.910000000000000142, -1.269999999999994911 ) ) ;
#4139 = ORIENTED_EDGE ( 'NONE', *, *, #1023, .F. ) ;
#4140 = ORIENTED_EDGE ( 'NONE', *, *, #1580, .F. ) ;
#4141 = ORIENTED_EDGE ( 'NONE', *, *, #209, .T. ) ;
#4142 = PLANE ( 'NONE',  #3026 ) ;
#4143 = LINE ( 'NONE', #2789, #3595 ) ;
#4144 = ADVANCED_FACE ( 'NONE', ( #3009 ), #1299, .F. ) ;
#4145 = PLANE ( 'NONE',  #411 ) ;
#4146 = EDGE_CURVE ( 'NONE', #1319, #1680, #955, .T. ) ;
#4147 = EDGE_CURVE ( 'NONE', #4010, #1306, #2856, .T. ) ;
#4148 = PLANE ( 'NONE',  #429 ) ;
#4149 = FACE_BOUND ( 'NONE', #973, .T. ) ;
#4150 = ORIENTED_EDGE ( 'NONE', *, *, #1946, .T. ) ;
#4151 = CARTESIAN_POINT ( 'NONE',  ( -3.320000000000002505, -3.365883960437809179E-16, -3.319999999999997620 ) ) ;
#4152 = CARTESIAN_POINT ( 'NONE',  ( -4.270000000000002238, 3.310000000000000053, 0.6200000000000056577 ) ) ;
#4153 = ORIENTED_EDGE ( 'NONE', *, *, #3317, .F. ) ;
#4154 = CARTESIAN_POINT ( 'NONE',  ( -10.27000000000000490, 3.310000000000000053, -4.269999999999996909 ) ) ;
#4155 = CARTESIAN_POINT ( 'NONE',  ( -7.730000000000003979, 9.910000000000000142, -4.269999999999992468 ) ) ;
#4156 = VERTEX_POINT ( 'NONE', #2182 ) ;
#4157 = VERTEX_POINT ( 'NONE', #2883 ) ;
#4158 = ORIENTED_EDGE ( 'NONE', *, *, #581, .F. ) ;
#4159 = FACE_OUTER_BOUND ( 'NONE', #3922, .T. ) ;
#4160 = VECTOR ( 'NONE', #824, 1000.000000000000000 ) ;
#4161 = LINE ( 'NONE', #756, #3548 ) ;
#4162 = VECTOR ( 'NONE', #1848, 1000.000000000000000 ) ;
#4163 = LINE ( 'NONE', #3086, #2084 ) ;
#4164 = ADVANCED_FACE ( 'NONE', ( #2563 ), #4260, .T. ) ;
#4165 = CARTESIAN_POINT ( 'NONE',  ( -6.320000000000002061, -3.180000000000000160, -0.3199999999999981193 ) ) ;
#4166 = LINE ( 'NONE', #65, #1447 ) ;
#4167 = VECTOR ( 'NONE', #3370, 1000.000000000000000 ) ;
#4168 = DIRECTION ( 'NONE',  ( 5.551115123125782702E-17, 3.421138828918009667E-49, 1.000000000000000000 ) ) ;
#4169 = LINE ( 'NONE', #1053, #1885 ) ;
#4170 = ORIENTED_EDGE ( 'NONE', *, *, #3213, .T. ) ;
#4171 = VECTOR ( 'NONE', #2542, 1000.000000000000000 ) ;
#4172 = PLANE ( 'NONE',  #3171 ) ;
#4173 = AXIS2_PLACEMENT_3D ( 'NONE', #40, #1412, #2791 ) ;
#4174 = ORIENTED_EDGE ( 'NONE', *, *, #1609, .F. ) ;
#4175 = LINE ( 'NONE', #3502, #867 ) ;
#4176 = ORIENTED_EDGE ( 'NONE', *, *, #717, .T. ) ;
#4177 = FILL_AREA_STYLE ('',( #401 ) ) ;
#4178 = VECTOR ( 'NONE', #3012, 1000.000000000000000 ) ;
#4179 = VECTOR ( 'NONE', #983, 1000.000000000000000 ) ;
#4180 = EDGE_CURVE ( 'NONE', #705, #1642, #845, .T. ) ;
#4181 = CARTESIAN_POINT ( 'NONE',  ( -5.680000000000003268, -3.180000000000000160, -0.3199999999999981193 ) ) ;
#4182 = ORIENTED_EDGE ( 'NONE', *, *, #1110, .T. ) ;
#4183 = CONICAL_SURFACE ( 'NONE', #1309, 0.4149999999999999800, 0.7853981625000003852 ) ;
#4184 = VERTEX_POINT ( 'NONE', #685 ) ;
#4185 = ORIENTED_EDGE ( 'NONE', *, *, #4397, .T. ) ;
#4186 = PLANE ( 'NONE',  #4038 ) ;
#4187 =( LENGTH_UNIT ( ) NAMED_UNIT ( * ) SI_UNIT ( .MILLI., .METRE. ) );
#4188 = LINE ( 'NONE', #1460, #2174 ) ;
#4189 = ORIENTED_EDGE ( 'NONE', *, *, #1708, .T. ) ;
#4190 = LINE ( 'NONE', #2482, #2731 ) ;
#4191 = DIRECTION ( 'NONE',  ( 2.220446049250312588E-16, -6.106226635438358014E-16, 1.000000000000000000 ) ) ;
#4192 = CARTESIAN_POINT ( 'NONE',  ( -9.320000000000005613, 3.310000000000000053, -3.319999999999995843 ) ) ;
#4193 = EDGE_CURVE ( 'NONE', #369, #516, #702, .T. ) ;
#4194 = CARTESIAN_POINT ( 'NONE',  ( -8.380000000000002558, 3.310000000000000053, 1.270000000000007123 ) ) ;
#4195 = SURFACE_SIDE_STYLE ('',( #68 ) ) ;
#4196 = VERTEX_POINT ( 'NONE', #321 ) ;
#4197 = EDGE_CURVE ( 'NONE', #3156, #990, #1322, .T. ) ;
#4198 = CARTESIAN_POINT ( 'NONE',  ( -4.270000000000002238, 3.310000000000000053, -2.379999999999995897 ) ) ;
#4199 = ORIENTED_EDGE ( 'NONE', *, *, #3450, .T. ) ;
#4200 = DIRECTION ( 'NONE',  ( 1.110223024625156540E-16, 6.842277657836022373E-49, -1.000000000000000000 ) ) ;
#4201 = ORIENTED_EDGE ( 'NONE', *, *, #1433, .T. ) ;
#4202 = CARTESIAN_POINT ( 'NONE',  ( -4.500000000000003553, 3.310000000000000053, -0.3199999999999942335 ) ) ;
#4203 = ADVANCED_FACE ( 'NONE', ( #3098 ), #1703, .T. ) ;
#4204 = DIRECTION ( 'NONE',  ( 1.000000000000000000, 6.162975822039154730E-33, 1.387778780781445281E-15 ) ) ;
#4205 = ORIENTED_EDGE ( 'NONE', *, *, #1332, .T. ) ;
#4206 = EDGE_CURVE ( 'NONE', #1859, #3461, #4440, .T. ) ;
#4207 = VERTEX_POINT ( 'NONE', #342 ) ;
#4208 = LINE ( 'NONE', #1753, #4101 ) ;
#4209 = PLANE ( 'NONE',  #1238 ) ;
#4210 = ORIENTED_EDGE ( 'NONE', *, *, #2582, .T. ) ;
#4211 = FACE_OUTER_BOUND ( 'NONE', #2630, .T. ) ;
#4212 = DIRECTION ( 'NONE',  ( 3.697785493223491196E-32, 1.000000000000000000, 6.106226635438358014E-16 ) ) ;
#4213 = PLANE ( 'NONE',  #1013 ) ;
#4214 = DIRECTION ( 'NONE',  ( -0.7071067811865474617, -4.357881996052623053E-33, 0.7071067811865474617 ) ) ;
#4215 = PRESENTATION_STYLE_ASSIGNMENT (( #2486 ) ) ;
#4216 = VERTEX_POINT ( 'NONE', #4154 ) ;
#4217 = DIRECTION ( 'NONE',  ( -1.000000000000000000, -6.162975822039154730E-33, -1.387778780781445281E-15 ) ) ;
#4218 = EDGE_CURVE ( 'NONE', #4130, #2093, #303, .T. ) ;
#4219 = EDGE_LOOP ( 'NONE', ( #2413, #5, #3598, #2552 ) ) ;
#4220 = LINE ( 'NONE', #1764, #218 ) ;
#4221 = VERTEX_POINT ( 'NONE', #2112 ) ;
#4222 = PRESENTATION_STYLE_ASSIGNMENT (( #2512 ) ) ;
#4223 = CARTESIAN_POINT ( 'NONE',  ( 0.3199999999999998956, 3.310000000000000053, -0.3199999999999942335 ) ) ;
#4224 = EDGE_LOOP ( 'NONE', ( #3785, #3141, #1382, #4123 ) ) ;
#4225 = CARTESIAN_POINT ( 'NONE',  ( -3.320000000000002505, -3.180000000000000160, -3.319999999999998952 ) ) ;
#4226 =( NAMED_UNIT ( * ) SI_UNIT ( $, .STERADIAN. ) SOLID_ANGLE_UNIT ( ) );
#4227 = CARTESIAN_POINT ( 'NONE',  ( -4.500000000000000000, -3.365883960437809672E-16, -2.679999999999997495 ) ) ;
#4228 = ORIENTED_EDGE ( 'NONE', *, *, #1436, .T. ) ;
#4229 = CARTESIAN_POINT ( 'NONE',  ( -6.320000000000002061, 3.310000000000000053, -1.499999999999994671 ) ) ;
#4230 = DIRECTION ( 'NONE',  ( -1.000000000000000000, -6.162975822039154730E-33, 5.551115123125780237E-17 ) ) ;
#4231 = MANIFOLD_SOLID_BREP ( 'Split1[18]', #498 ) ;
#4232 = LINE ( 'NONE', #3945, #2965 ) ;
#4233 = VECTOR ( 'NONE', #1495, 1000.000000000000000 ) ;
#4234 = CARTESIAN_POINT ( 'NONE',  ( -5.680000000000003268, -3.180000000000000160, 0.3200000000000017830 ) ) ;
#4235 = DIRECTION ( 'NONE',  ( 1.000000000000000000, -3.081487911019593786E-33, -5.551115123125780237E-17 ) ) ;
#4236 = VERTEX_POINT ( 'NONE', #1383 ) ;
#4237 = VECTOR ( 'NONE', #3937, 1000.000000000000000 ) ;
#4238 = LINE ( 'NONE', #2148, #4250 ) ;
#4239 = EDGE_CURVE ( 'NONE', #2537, #2264, #630, .T. ) ;
#4240 = ORIENTED_EDGE ( 'NONE', *, *, #1409, .T. ) ;
#4241 = FACE_OUTER_BOUND ( 'NONE', #600, .T. ) ;
#4242 = AXIS2_PLACEMENT_3D ( 'NONE', #528, #3994, #894 ) ;
#4243 = ORIENTED_EDGE ( 'NONE', *, *, #3017, .T. ) ;
#4244 = SURFACE_STYLE_FILL_AREA ( #1109 ) ;
#4245 = CARTESIAN_POINT ( 'NONE',  ( -4.730000000000000426, 9.910000000000000142, -4.269999999999992468 ) ) ;
#4246 = CARTESIAN_POINT ( 'NONE',  ( -3.320000000000002505, 7.509999999999999787, -3.319999999999993179 ) ) ;
#4247 = ORIENTED_EDGE ( 'NONE', *, *, #1915, .F. ) ;
#4248 = STYLED_ITEM ( 'NONE', ( #1960 ), #2795 ) ;
#4249 = EDGE_CURVE ( 'NONE', #1119, #2741, #1724, .T. ) ;
#4250 = VECTOR ( 'NONE', #3622, 1000.000000000000000 ) ;
#4251 = VECTOR ( 'NONE', #112, 1000.000000000000000 ) ;
#4252 = VECTOR ( 'NONE', #3652, 1000.000000000000000 ) ;
#4253 = EDGE_CURVE ( 'NONE', #3907, #937, #2717, .T. ) ;
#4254 = VECTOR ( 'NONE', #686, 1000.000000000000000 ) ;
#4255 = DIRECTION ( 'NONE',  ( -1.000000000000000000, -6.162975822039154730E-33, -5.551115123125782702E-17 ) ) ;
#4256 = CARTESIAN_POINT ( 'NONE',  ( -5.680000000000003268, -3.180000000000000160, -2.679999999999999272 ) ) ;
#4257 = AXIS2_PLACEMENT_3D ( 'NONE', #2560, #3938, #839 ) ;
#4258 = ADVANCED_FACE ( 'NONE', ( #4137 ), #4077, .T. ) ;
#4259 = EDGE_CURVE ( 'NONE', #821, #3554, #3038, .T. ) ;
#4260 = PLANE ( 'NONE',  #1937 ) ;
#4261 = VECTOR ( 'NONE', #1884, 1000.000000000000000 ) ;
#4262 = VERTEX_POINT ( 'NONE', #2019 ) ;
#4263 = DIRECTION ( 'NONE',  ( -1.000000000000000000, -6.162975822039154730E-33, 5.551115123125780237E-17 ) ) ;
#4264 = DIRECTION ( 'NONE',  ( 5.551115123125782702E-17, -6.106226635438358014E-16, 1.000000000000000000 ) ) ;
#4265 = AXIS2_PLACEMENT_3D ( 'NONE', #190, #871, #2256 ) ;
#4266 = CARTESIAN_POINT ( 'NONE',  ( -0.3199999999999982858, -3.180000000000000160, -0.3199999999999981193 ) ) ;
#4267 = CARTESIAN_POINT ( 'NONE',  ( -10.92500000000000071, -3.365883960437809672E-16, -4.929999999999997939 ) ) ;
#4268 = DIRECTION ( 'NONE',  ( -1.000000000000000000, -6.162975822039154730E-33, 5.551115123125782702E-17 ) ) ;
#4269 = ORIENTED_EDGE ( 'NONE', *, *, #2142, .T. ) ;
#4270 = CARTESIAN_POINT ( 'NONE',  ( -8.680000000000003268, 7.509999999999999787, 0.3200000000000083333 ) ) ;
#4271 = ORIENTED_EDGE ( 'NONE', *, *, #2519, .F. ) ;
#4272 = LINE ( 'NONE', #1563, #2745 ) ;
#4273 = VERTEX_POINT ( 'NONE', #3401 ) ;
#4274 = DIRECTION ( 'NONE',  ( 3.697785493223491196E-32, 1.000000000000000000, 6.106226635438358014E-16 ) ) ;
#4275 = DIRECTION ( 'NONE',  ( 5.551115123125782702E-17, 3.421138828918009667E-49, 1.000000000000000000 ) ) ;
#4276 = ORIENTED_EDGE ( 'NONE', *, *, #2607, .T. ) ;
#4277 = LINE ( 'NONE', #561, #4171 ) ;
#4278 = LINE ( 'NONE', #3145, #3323 ) ;
#4279 = EDGE_CURVE ( 'NONE', #167, #1680, #993, .T. ) ;
#4280 = CARTESIAN_POINT ( 'NONE',  ( -8.680000000000003268, -3.180000000000000160, -0.3199999999999981193 ) ) ;
#4281 = ORIENTED_EDGE ( 'NONE', *, *, #1258, .T. ) ;
#4282 = CARTESIAN_POINT ( 'NONE',  ( -5.680000000000003268, -3.180000000000000160, -0.3199999999999981193 ) ) ;
#4283 = ADVANCED_FACE ( 'NONE', ( #837 ), #3163, .F. ) ;
#4284 = DIRECTION ( 'NONE',  ( 1.000000000000000000, 6.162975822039154730E-33, -5.551115123125780237E-17 ) ) ;
#4285 = MANIFOLD_SOLID_BREP ( 'Split1[5]', #3167 ) ;
#4286 = EDGE_CURVE ( 'NONE', #1955, #1647, #1131, .T. ) ;
#4287 = DIRECTION ( 'NONE',  ( 3.697785493223491196E-32, 1.000000000000000000, 6.106226635438358014E-16 ) ) ;
#4288 = EDGE_CURVE ( 'NONE', #2800, #3848, #2198, .T. ) ;
#4289 = DIRECTION ( 'NONE',  ( 1.276756478318929824E-15, 7.868619306511422767E-48, -1.000000000000000000 ) ) ;
#4290 = ORIENTED_EDGE ( 'NONE', *, *, #2447, .F. ) ;
#4291 = CARTESIAN_POINT ( 'NONE',  ( -1.269999999999999352, 3.310000000000000053, -4.269999999999996909 ) ) ;
#4292 = EDGE_CURVE ( 'NONE', #928, #2710, #114, .T. ) ;
#4293 = MANIFOLD_SOLID_BREP ( 'Split1[3]', #1228 ) ;
#4294 = ORIENTED_EDGE ( 'NONE', *, *, #336, .F. ) ;
#4295 = CARTESIAN_POINT ( 'NONE',  ( -4.500000000000000000, 3.310000000000000053, -2.679999999999995719 ) ) ;
#4296 = ORIENTED_EDGE ( 'NONE', *, *, #617, .F. ) ;
#4297 = CARTESIAN_POINT ( 'NONE',  ( -0.3199999999999982858, 7.509999999999999787, -0.3199999999999916245 ) ) ;
#4298 = PLANE ( 'NONE',  #3093 ) ;
#4299 = PLANE ( 'NONE',  #504 ) ;
#4300 = ORIENTED_EDGE ( 'NONE', *, *, #3508, .F. ) ;
#4301 = MANIFOLD_SOLID_BREP ( 'Split1[16]', #1729 ) ;
#4302 = FILL_AREA_STYLE ('',( #2255 ) ) ;
#4303 = PLANE ( 'NONE',  #4265 ) ;
#4304 = ORIENTED_EDGE ( 'NONE', *, *, #525, .T. ) ;
#4305 = DIRECTION ( 'NONE',  ( 3.697785493223491196E-32, 1.000000000000000000, 6.106226635438358014E-16 ) ) ;
#4306 = PLANE ( 'NONE',  #4242 ) ;
#4307 = MANIFOLD_SOLID_BREP ( 'Split1[6]', #3607 ) ;
#4308 = CARTESIAN_POINT ( 'NONE',  ( -5.680000000000003268, 3.310000000000000053, -3.319999999999995843 ) ) ;
#4309 = EDGE_CURVE ( 'NONE', #3170, #4045, #2850, .T. ) ;
#4310 = ADVANCED_FACE ( 'NONE', ( #3599 ), #1632, .T. ) ;
#4311 = FACE_OUTER_BOUND ( 'NONE', #3925, .T. ) ;
#4312 = VECTOR ( 'NONE', #2269, 1000.000000000000000 ) ;
#4313 = LINE ( 'NONE', #1216, #2300 ) ;
#4314 = EDGE_LOOP ( 'NONE', ( #1000, #182, #2309, #884 ) ) ;
#4315 = LINE ( 'NONE', #3001, #3680 ) ;
#4316 = STYLED_ITEM ( 'NONE', ( #2473 ), #4301 ) ;
#4317 = EDGE_CURVE ( 'NONE', #2561, #2223, #3004, .T. ) ;
#4318 = EDGE_LOOP ( 'NONE', ( #3949, #3989, #2963, #2976 ) ) ;
#4319 = DIRECTION ( 'NONE',  ( -3.697785493223491196E-32, -1.000000000000000000, -6.106226635438358014E-16 ) ) ;
#4320 = ORIENTED_EDGE ( 'NONE', *, *, #3827, .F. ) ;
#4321 = CARTESIAN_POINT ( 'NONE',  ( 0.3199999999999998956, 7.509999999999999787, 0.3200000000000066125 ) ) ;
#4322 = DIRECTION ( 'NONE',  ( 3.697785493223491196E-32, 1.000000000000000000, 6.106226635438358014E-16 ) ) ;
#4323 = AXIS2_PLACEMENT_3D ( 'NONE', #1574, #2617, #4333 ) ;
#4324 = EDGE_CURVE ( 'NONE', #1359, #4107, #4385, .T. ) ;
#4325 = CARTESIAN_POINT ( 'NONE',  ( -6.320000000000002061, -3.365883960437809672E-16, -0.3199999999999961764 ) ) ;
#4326 = ORIENTED_EDGE ( 'NONE', *, *, #1923, .T. ) ;
#4327 = VECTOR ( 'NONE', #606, 1000.000000000000000 ) ;
#4328 = EDGE_CURVE ( 'NONE', #4076, #2303, #2642, .T. ) ;
#4329 = VECTOR ( 'NONE', #3448, 1000.000000000000000 ) ;
#4330 = PRESENTATION_STYLE_ASSIGNMENT (( #1207 ) ) ;
#4331 = VECTOR ( 'NONE', #1463, 1000.000000000000000 ) ;
#4332 = ORIENTED_EDGE ( 'NONE', *, *, #2026, .T. ) ;
#4333 = DIRECTION ( 'NONE',  ( -5.551115123125782702E-17, -3.421138828918009667E-49, -1.000000000000000000 ) ) ;
#4334 = CARTESIAN_POINT ( 'NONE',  ( -5.680000000000003268, -3.180000000000000160, 0.3200000000000017830 ) ) ;
#4335 = VECTOR ( 'NONE', #1778, 1000.000000000000000 ) ;
#4336 = MECHANICAL_DESIGN_GEOMETRIC_PRESENTATION_REPRESENTATION (  '', ( #2813 ), #1446 ) ;
#4337 = VECTOR ( 'NONE', #3371, 1000.000000000000000 ) ;
#4338 = PLANE ( 'NONE',  #3619 ) ;
#4339 = AXIS2_PLACEMENT_3D ( 'NONE', #712, #1118, #85 ) ;
#4340 = DIRECTION ( 'NONE',  ( 0.000000000000000000, -6.106226635438358014E-16, 1.000000000000000000 ) ) ;
#4341 = ORIENTED_EDGE ( 'NONE', *, *, #2416, .T. ) ;
#4342 = EDGE_CURVE ( 'NONE', #1160, #3897, #1292, .T. ) ;
#4343 = EDGE_CURVE ( 'NONE', #2201, #1790, #3301, .T. ) ;
#4344 = LINE ( 'NONE', #2597, #718 ) ;
#4345 = ORIENTED_EDGE ( 'NONE', *, *, #809, .F. ) ;
#4346 = LINE ( 'NONE', #1925, #935 ) ;
#4347 = EDGE_LOOP ( 'NONE', ( #47, #1403, #683, #1604 ) ) ;
#4348 = LINE ( 'NONE', #519, #1418 ) ;
#4349 = CARTESIAN_POINT ( 'NONE',  ( -1.269999999999999352, 9.910000000000000142, -2.379999999999991456 ) ) ;
#4350 = CARTESIAN_POINT ( 'NONE',  ( -8.680000000000003268, 7.509999999999999787, -3.319999999999993179 ) ) ;
#4351 = ORIENTED_EDGE ( 'NONE', *, *, #3950, .T. ) ;
#4352 = VERTEX_POINT ( 'NONE', #2603 ) ;
#4353 = EDGE_CURVE ( 'NONE', #1785, #471, #586, .T. ) ;
#4354 =( LENGTH_UNIT ( ) NAMED_UNIT ( * ) SI_UNIT ( .MILLI., .METRE. ) );
#4355 = LINE ( 'NONE', #1302, #14 ) ;
#4356 = DIRECTION ( 'NONE',  ( 1.000000000000000000, 6.162975822039154730E-33, 9.436895709313828621E-16 ) ) ;
#4357 = EDGE_CURVE ( 'NONE', #4371, #1781, #250, .T. ) ;
#4358 = ORIENTED_EDGE ( 'NONE', *, *, #147, .F. ) ;
#4359 = LINE ( 'NONE', #1260, #2586 ) ;
#4360 = CARTESIAN_POINT ( 'NONE',  ( -1.500000000000000444, -3.180000000000000160, -1.499999999999998446 ) ) ;
#4361 = FACE_OUTER_BOUND ( 'NONE', #816, .T. ) ;
#4362 = ORIENTED_EDGE ( 'NONE', *, *, #174, .F. ) ;
#4363 = CARTESIAN_POINT ( 'NONE',  ( -4.270000000000002238, 9.910000000000000142, 0.6200000000000096545 ) ) ;
#4364 = ORIENTED_EDGE ( 'NONE', *, *, #3987, .F. ) ;
#4365 = PLANE ( 'NONE',  #3754 ) ;
#4366 = ORIENTED_EDGE ( 'NONE', *, *, #690, .T. ) ;
#4367 = DIRECTION ( 'NONE',  ( 3.697785493223491196E-32, 1.000000000000000000, 6.106226635438358014E-16 ) ) ;
#4368 = EDGE_CURVE ( 'NONE', #1396, #346, #2246, .T. ) ;
#4369 = PLANE ( 'NONE',  #3107 ) ;
#4370 = ORIENTED_EDGE ( 'NONE', *, *, #2723, .T. ) ;
#4371 = VERTEX_POINT ( 'NONE', #1543 ) ;
#4372 = LINE ( 'NONE', #4032, #4160 ) ;
#4373 = CARTESIAN_POINT ( 'NONE',  ( -10.92500000000000071, -3.365883960437809672E-16, -4.929999999999997939 ) ) ;
#4374 = CARTESIAN_POINT ( 'NONE',  ( -5.680000000000003268, 7.509999999999999787, 0.3200000000000083333 ) ) ;
#4375 = CARTESIAN_POINT ( 'NONE',  ( -10.28000000000000114, -0.8300000000000004041, -3.979999999999999094 ) ) ;
#4376 = ORIENTED_EDGE ( 'NONE', *, *, #3593, .T. ) ;
#4377 = CARTESIAN_POINT ( 'NONE',  ( 1.270000000000002904, 9.910000000000000142, -1.269999999999988027 ) ) ;
#4378 = CARTESIAN_POINT ( 'NONE',  ( -2.680000000000001048, 3.310000000000000053, -1.499999999999994671 ) ) ;
#4379 = LINE ( 'NONE', #2036, #2515 ) ;
#4380 = ORIENTED_EDGE ( 'NONE', *, *, #3356, .T. ) ;
#4381 = EDGE_CURVE ( 'NONE', #3049, #2150, #164, .T. ) ;
#4382 = DIRECTION ( 'NONE',  ( -5.551115123125782702E-17, -3.421138828918009667E-49, -1.000000000000000000 ) ) ;
#4383 = CARTESIAN_POINT ( 'NONE',  ( -10.28000000000000114, -0.5800000000000001821, -3.979999999999998206 ) ) ;
#4384 = ORIENTED_EDGE ( 'NONE', *, *, #116, .F. ) ;
#4385 = LINE ( 'NONE', #1590, #3738 ) ;
#4386 = CARTESIAN_POINT ( 'NONE',  ( -1.269999999999999352, 3.310000000000000053, -1.269999999999998685 ) ) ;
#4387 = COLOUR_RGB ( '',0.7921568627450980005, 0.8196078431372548767, 0.9333333333333333481 ) ;
#4388 = PLANE ( 'NONE',  #146 ) ;
#4389 = ORIENTED_EDGE ( 'NONE', *, *, #670, .F. ) ;
#4390 = VERTEX_POINT ( 'NONE', #4297 ) ;
#4391 = AXIS2_PLACEMENT_3D ( 'NONE', #738, #2120, #3495 ) ;
#4392 = LINE ( 'NONE', #2992, #2224 ) ;
#4393 =( LENGTH_UNIT ( ) NAMED_UNIT ( * ) SI_UNIT ( .MILLI., .METRE. ) );
#4394 = CARTESIAN_POINT ( 'NONE',  ( 0.3200000000000033928, -3.180000000000000160, -3.320000000000000728 ) ) ;
#4395 = DIRECTION ( 'NONE',  ( -1.000000000000000000, -6.162975822039154730E-33, 5.551115123125780237E-17 ) ) ;
#4397 = EDGE_CURVE ( 'NONE', #389, #937, #4348, .T. ) ;
#4396 = VECTOR ( 'NONE', #3547, 1000.000000000000000 ) ;
#4398 = AXIS2_PLACEMENT_3D ( 'NONE', #2910, #1938, #1280 ) ;
#4399 = EDGE_LOOP ( 'NONE', ( #917, #1064, #3664, #3683 ) ) ;
#4400 = EDGE_CURVE ( 'NONE', #3058, #1763, #885, .T. ) ;
#4401 = LINE ( 'NONE', #4467, #2450 ) ;
#4402 = VECTOR ( 'NONE', #92, 1000.000000000000114 ) ;
#4403 = FACE_OUTER_BOUND ( 'NONE', #3635, .T. ) ;
#4404 = FACE_OUTER_BOUND ( 'NONE', #660, .T. ) ;
#4405 = ORIENTED_EDGE ( 'NONE', *, *, #2468, .F. ) ;
#4406 = VECTOR ( 'NONE', #1057, 1000.000000000000000 ) ;
#4407 = VECTOR ( 'NONE', #3880, 1000.000000000000000 ) ;
#4408 = AXIS2_PLACEMENT_3D ( 'NONE', #4442, #4421, #1042 ) ;
#4409 = PRESENTATION_LAYER_ASSIGNMENT (  '', '', ( #3545 ) ) ;
#4410 = CARTESIAN_POINT ( 'NONE',  ( -1.730000000000001537, 9.910000000000000142, -1.729999999999991767 ) ) ;
#4411 = AXIS2_PLACEMENT_3D ( 'NONE', #3186, #3552, #1830 ) ;
#4412 = DIRECTION ( 'NONE',  ( 3.697785493223491196E-32, 1.000000000000000000, 6.106226635438358014E-16 ) ) ;
#4413 = ORIENTED_EDGE ( 'NONE', *, *, #3456, .F. ) ;
#4414 = DIRECTION ( 'NONE',  ( 4.440892098500625176E-16, 2.736911063134407734E-48, 1.000000000000000000 ) ) ;
#4415 = DIRECTION ( 'NONE',  ( 1.000000000000000000, -3.081487911019593786E-33, -5.551115123125780237E-17 ) ) ;
#4416 = DIRECTION ( 'NONE',  ( -3.697785493223491196E-32, -1.000000000000000000, -6.106226635438358014E-16 ) ) ;
#4417 = EDGE_LOOP ( 'NONE', ( #2853, #2990, #3993, #3799, #213, #230, #4205, #1660, #2179, #1479 ) ) ;
#4418 = ORIENTED_EDGE ( 'NONE', *, *, #475, .F. ) ;
#4419 = CARTESIAN_POINT ( 'NONE',  ( -1.730000000000001537, 9.910000000000000142, -1.269999999999994911 ) ) ;
#4420 = LINE ( 'NONE', #3338, #3679 ) ;
#4421 = DIRECTION ( 'NONE',  ( -5.551115123125780237E-17, -3.421138828918008148E-49, -1.000000000000000000 ) ) ;
#4422 = LINE ( 'NONE', #240, #868 ) ;
#4423 = EDGE_LOOP ( 'NONE', ( #103, #604, #762, #4418 ) ) ;
#4424 = LINE ( 'NONE', #2394, #1656 ) ;
#4425 = ADVANCED_FACE ( 'NONE', ( #679 ), #4109, .T. ) ;
#4426 = CARTESIAN_POINT ( 'NONE',  ( -6.320000000000002061, -3.180000000000000160, -3.319999999999998952 ) ) ;
#4427 = EDGE_CURVE ( 'NONE', #471, #3082, #699, .T. ) ;
#4428 = DIRECTION ( 'NONE',  ( 1.000000000000000000, 6.162975822039154730E-33, -6.661338147750937270E-16 ) ) ;
#4429 = ORIENTED_EDGE ( 'NONE', *, *, #2188, .T. ) ;
#4430 = PRESENTATION_STYLE_ASSIGNMENT (( #3772 ) ) ;
#4431 = CARTESIAN_POINT ( 'NONE',  ( -5.680000000000003268, -3.365883960437809672E-16, -1.499999999999996669 ) ) ;
#4432 = EDGE_CURVE ( 'NONE', #3854, #2989, #3452, .T. ) ;
#4433 = FACE_OUTER_BOUND ( 'NONE', #2983, .T. ) ;
#4434 = VERTEX_POINT ( 'NONE', #3775 ) ;
#4435 = DIRECTION ( 'NONE',  ( 0.000000000000000000, 0.000000000000000000, 1.000000000000000000 ) ) ;
#4436 = CARTESIAN_POINT ( 'NONE',  ( -1.730000000000001537, 9.910000000000000142, -4.269999999999992468 ) ) ;
#4437 = FACE_OUTER_BOUND ( 'NONE', #4072, .T. ) ;
#4438 = VERTEX_POINT ( 'NONE', #3031 ) ;
#4439 = ORIENTED_EDGE ( 'NONE', *, *, #2707, .T. ) ;
#4440 = LINE ( 'NONE', #3437, #3306 ) ;
#4441 = DIRECTION ( 'NONE',  ( -5.551115123125780237E-17, -3.421138828918008148E-49, -1.000000000000000000 ) ) ;
#4442 = CARTESIAN_POINT ( 'NONE',  ( -2.680000000000001048, -3.180000000000000160, -3.319999999999998952 ) ) ;
#4443 = CARTESIAN_POINT ( 'NONE',  ( -5.680000000000003268, -3.180000000000000160, 0.3200000000000017830 ) ) ;
#4444 = ORIENTED_EDGE ( 'NONE', *, *, #4292, .F. ) ;
#4445 = LINE ( 'NONE', #2681, #711 ) ;
#4446 = EDGE_CURVE ( 'NONE', #963, #990, #628, .T. ) ;
#4447 = FACE_OUTER_BOUND ( 'NONE', #585, .T. ) ;
#4448 = CARTESIAN_POINT ( 'NONE',  ( -10.27000000000000490, 9.910000000000000142, 1.270000000000009344 ) ) ;
#4449 = ADVANCED_FACE ( 'NONE', ( #3393 ), #298, .T. ) ;
#4450 = CARTESIAN_POINT ( 'NONE',  ( -3.320000000000002505, -3.180000000000000160, -0.3199999999999981193 ) ) ;
#4451 = ORIENTED_EDGE ( 'NONE', *, *, #3662, .T. ) ;
#4452 = LINE ( 'NONE', #1681, #2941 ) ;
#4453 = LINE ( 'NONE', #3350, #2802 ) ;
#4454 = VERTEX_POINT ( 'NONE', #2775 ) ;
#4455 = EDGE_CURVE ( 'NONE', #2481, #4216, #360, .T. ) ;
#4456 = CARTESIAN_POINT ( 'NONE',  ( -0.6199999999999998845, 3.310000000000000497, 1.270000000000009344 ) ) ;
#4457 = ORIENTED_EDGE ( 'NONE', *, *, #2713, .F. ) ;
#4458 = EDGE_LOOP ( 'NONE', ( #4001, #533, #1767, #3281 ) ) ;
#4459 = EDGE_CURVE ( 'NONE', #3461, #3399, #2711, .T. ) ;
#4460 = DIRECTION ( 'NONE',  ( -4.440892098500625176E-16, -2.736911063134407734E-48, -1.000000000000000000 ) ) ;
#4461 = LINE ( 'NONE', #16, #3400 ) ;
#4462 = ORIENTED_EDGE ( 'NONE', *, *, #1915, .T. ) ;
#4463 = VECTOR ( 'NONE', #1531, 1000.000000000000000 ) ;
#4464 = EDGE_CURVE ( 'NONE', #3470, #627, #4452, .T. ) ;
#4465 = ORIENTED_EDGE ( 'NONE', *, *, #951, .F. ) ;
#4466 = VECTOR ( 'NONE', #4263, 1000.000000000000000 ) ;
#4467 = CARTESIAN_POINT ( 'NONE',  ( -3.320000000000002505, -3.180000000000000160, -3.319999999999998952 ) ) ;
#4468 = AXIS2_PLACEMENT_3D ( 'NONE', #299, #3418, #587 ) ;
#4469 = LINE ( 'NONE', #4102, #2169 ) ;
#4470 = PLANE ( 'NONE',  #3016 ) ;
#4471 = COLOUR_RGB ( '',0.7921568627450980005, 0.8196078431372548767, 0.9333333333333333481 ) ;
ENDSEC;
END-ISO-10303-21;
