ISO-10303-21;
HEADER;
FILE_DESCRIPTION (( 'STEP AP214' ),
    '1' );
FILE_NAME ('LDS-C512RI.STEP',
    '2024-06-21T13:41:32',
    ( 'LENOVO' ),
    ( '' ),
    'SwSTEP 2.0',
    'SolidWorks 2021',
    '' );
FILE_SCHEMA (( 'AUTOMOTIVE_DESIGN' ));
ENDSEC;

DATA;
#1 = AXIS2_PLACEMENT_3D ( 'NONE', #3375, #2690, #3744 ) ;
#2 = ADVANCED_FACE ( 'NONE', ( #270 ), #1155, .F. ) ;
#3 = CARTESIAN_POINT ( 'NONE',  ( -5.304999999999880700, 0.3851141460153325591, 7.500000000000000000 ) ) ;
#4 = DIRECTION ( 'NONE',  ( 0.000000000000000000, 0.000000000000000000, 1.000000000000000000 ) ) ;
#5 = CARTESIAN_POINT ( 'NONE',  ( -4.850000000000001421, 0.000000000000000000, -9.500000000000001776 ) ) ;
#6 = DIRECTION ( 'NONE',  ( 0.000000000000000000, 0.000000000000000000, -1.000000000000000000 ) ) ;
#7 = CYLINDRICAL_SURFACE ( 'NONE', #3568, 0.2550000000000633427 ) ;
#8 = DIRECTION ( 'NONE',  ( 1.000000000000000000, 0.000000000000000000, -1.717841266356215627E-16 ) ) ;
#9 = CARTESIAN_POINT ( 'NONE',  ( -2.516588533158897967, 7.000000000000000000, 0.6500000000000000222 ) ) ;
#10 = DIRECTION ( 'NONE',  ( 0.000000000000000000, 0.000000000000000000, 1.000000000000000000 ) ) ;
#11 = DIRECTION ( 'NONE',  ( 1.000000000000000000, 0.000000000000000000, 2.219950081975834626E-17 ) ) ;
#12 = CARTESIAN_POINT ( 'NONE',  ( 4.157860651664130103, 7.000000000000000000, -0.1250000000000000000 ) ) ;
#13 = ORIENTED_EDGE ( 'NONE', *, *, #3217, .T. ) ;
#14 = CARTESIAN_POINT ( 'NONE',  ( -6.300000000000000711, 0.000000000000000000, 9.500000000000000000 ) ) ;
#15 = CARTESIAN_POINT ( 'NONE',  ( -4.299999999999998934, 0.9999999999999995559, -9.500000000000001776 ) ) ;
#16 = PLANE ( 'NONE',  #1334 ) ;
#17 = PRESENTATION_LAYER_ASSIGNMENT (  '', '', ( #2109 ) ) ;
#18 = EDGE_CURVE ( 'NONE', #113, #3468, #1898, .T. ) ;
#19 = ORIENTED_EDGE ( 'NONE', *, *, #3620, .F. ) ;
#20 = CARTESIAN_POINT ( 'NONE',  ( 3.357860651664131169, -0.3909616617838694852, -0.1249999999999990008 ) ) ;
#21 = CARTESIAN_POINT ( 'NONE',  ( 3.673882993561314869, 8.000000000000000000, -5.827146911406196672 ) ) ;
#22 = SURFACE_SIDE_STYLE ('',( #1196 ) ) ;
#23 = CARTESIAN_POINT ( 'NONE',  ( -1.678203140787359438, 7.000000000000000000, -5.415573082559153484 ) ) ;
#24 = UNCERTAINTY_MEASURE_WITH_UNIT (LENGTH_MEASURE( 1.000000000000000082E-05 ), #298, 'distance_accuracy_value', 'NONE');
#25 = STYLED_ITEM ( 'NONE', ( #4834 ), #1467 ) ;
#26 = DIRECTION ( 'NONE',  ( 0.1391731009600654934, -0.000000000000000000, -0.9902680687415702510 ) ) ;
#27 = EDGE_CURVE ( 'NONE', #863, #2897, #244, .T. ) ;
#28 = ORIENTED_EDGE ( 'NONE', *, *, #2811, .F. ) ;
#29 = PRESENTATION_STYLE_ASSIGNMENT (( #961 ) ) ;
#30 = CARTESIAN_POINT ( 'NONE',  ( 5.079999999999945004, 0.9999999999999995559, -7.620000000000035634 ) ) ;
#31 = CARTESIAN_POINT ( 'NONE',  ( -3.270700849529827980, 7.000000000000000000, -0.1249999999999990008 ) ) ;
#32 = PLANE ( 'NONE',  #2904 ) ;
#33 = DIRECTION ( 'NONE',  ( -0.1391731009600656044, -0.000000000000000000, 0.9902680687415702510 ) ) ;
#34 = AXIS2_PLACEMENT_3D ( 'NONE', #1466, #1811, #3883 ) ;
#35 = ORIENTED_EDGE ( 'NONE', *, *, #2670, .F. ) ;
#36 = FACE_OUTER_BOUND ( 'NONE', #2558, .T. ) ;
#37 = CARTESIAN_POINT ( 'NONE',  ( 3.336894955876370084, 7.000000000000000000, -5.780000000000001137 ) ) ;
#38 = ADVANCED_FACE ( 'NONE', ( #1775 ), #2091, .T. ) ;
#39 = EDGE_CURVE ( 'NONE', #4458, #3023, #299, .T. ) ;
#40 = CARTESIAN_POINT ( 'NONE',  ( 4.157860651664130103, -0.3909616617838694852, -0.1250000000000000000 ) ) ;
#41 = PLANE ( 'NONE',  #1502 ) ;
#42 = ORIENTED_EDGE ( 'NONE', *, *, #2279, .F. ) ;
#43 = PLANE ( 'NONE',  #4807 ) ;
#44 = ORIENTED_EDGE ( 'NONE', *, *, #3103, .T. ) ;
#45 = EDGE_CURVE ( 'NONE', #4575, #3206, #3775, .T. ) ;
#46 = DIRECTION ( 'NONE',  ( -0.000000000000000000, -1.000000000000000000, -0.000000000000000000 ) ) ;
#47 = AXIS2_PLACEMENT_3D ( 'NONE', #3355, #4884, #1110 ) ;
#48 = LINE ( 'NONE', #85, #3773 ) ;
#49 = VERTEX_POINT ( 'NONE', #3132 ) ;
#50 = CARTESIAN_POINT ( 'NONE',  ( -5.079999999999946780, 0.1225363191866975510, 7.874999999999996447 ) ) ;
#51 = EDGE_CURVE ( 'NONE', #692, #4896, #3683, .T. ) ;
#52 = FACE_OUTER_BOUND ( 'NONE', #3475, .T. ) ;
#53 =( GEOMETRIC_REPRESENTATION_CONTEXT ( 3 ) GLOBAL_UNCERTAINTY_ASSIGNED_CONTEXT ( ( #4235 ) ) GLOBAL_UNIT_ASSIGNED_CONTEXT ( ( #3503, #3928, #1172 ) ) REPRESENTATION_CONTEXT ( 'NONE', 'WORKASPACE' ) );
#54 = ORIENTED_EDGE ( 'NONE', *, *, #1764, .F. ) ;
#55 = PLANE ( 'NONE',  #3201 ) ;
#56 = EDGE_CURVE ( 'NONE', #2584, #2867, #3629, .T. ) ;
#57 = CARTESIAN_POINT ( 'NONE',  ( -3.305836058205425587, -0.3909616617838694852, 0.1250000000000000000 ) ) ;
#58 = LINE ( 'NONE', #1280, #1726 ) ;
#59 = PLANE ( 'NONE',  #3722 ) ;
#60 = AXIS2_PLACEMENT_3D ( 'NONE', #1734, #1439, #3320 ) ;
#61 = CARTESIAN_POINT ( 'NONE',  ( -2.576624604172662369, 8.000000000000000000, -0.7073991214881107936 ) ) ;
#62 = VERTEX_POINT ( 'NONE', #4288 ) ;
#63 = CIRCLE ( 'NONE', #927, 0.2549999999999592593 ) ;
#64 = CARTESIAN_POINT ( 'NONE',  ( -4.934348763394847737, 7.000000000000000000, 5.650000000000000355 ) ) ;
#65 = CARTESIAN_POINT ( 'NONE',  ( -5.295536334072250106, 0.1225363191866910145, -7.875000000000006217 ) ) ;
#66 = DIRECTION ( 'NONE',  ( 0.6427876096865411393, 0.000000000000000000, 0.7660444431189765702 ) ) ;
#67 = EDGE_CURVE ( 'NONE', #4779, #4852, #465, .T. ) ;
#68 = CARTESIAN_POINT ( 'NONE',  ( 4.599999999999999645, 7.000000000000000000, 6.450000000000000178 ) ) ;
#69 = AXIS2_PLACEMENT_3D ( 'NONE', #3587, #4948, #2016 ) ;
#70 = EDGE_LOOP ( 'NONE', ( #2821, #4654 ) ) ;
#71 = DIRECTION ( 'NONE',  ( 1.000000000000000000, 0.000000000000000000, 2.219950081975834626E-17 ) ) ;
#72 = VECTOR ( 'NONE', #4651, 1000.000000000000000 ) ;
#73 = CARTESIAN_POINT ( 'NONE',  ( -8.673617379884035472E-16, 0.9999999999999995559, -7.875000000000034639 ) ) ;
#74 = ORIENTED_EDGE ( 'NONE', *, *, #45, .F. ) ;
#75 = DIRECTION ( 'NONE',  ( 0.000000000000000000, 1.000000000000000000, -0.000000000000000000 ) ) ;
#76 = EDGE_LOOP ( 'NONE', ( #3492, #2842, #888, #4605 ) ) ;
#77 = AXIS2_PLACEMENT_3D ( 'NONE', #3634, #4536, #2159 ) ;
#78 = LINE ( 'NONE', #1555, #72 ) ;
#79 = EDGE_CURVE ( 'NONE', #2024, #3945, #2003, .T. ) ;
#80 = ADVANCED_FACE ( 'NONE', ( #2019 ), #256, .T. ) ;
#81 = ORIENTED_EDGE ( 'NONE', *, *, #4872, .F. ) ;
#82 =( NAMED_UNIT ( * ) PLANE_ANGLE_UNIT ( ) SI_UNIT ( $, .RADIAN. ) );
#83 = LINE ( 'NONE', #707, #3385 ) ;
#84 = ORIENTED_EDGE ( 'NONE', *, *, #1853, .F. ) ;
#85 = CARTESIAN_POINT ( 'NONE',  ( -2.516588533158897967, 7.000000000000000000, 0.6500000000000000222 ) ) ;
#86 = VECTOR ( 'NONE', #1182, 1000.000000000000000 ) ;
#87 = CARTESIAN_POINT ( 'NONE',  ( 1.526729004909567200, 7.000000000000000000, 7.099999999999999645 ) ) ;
#88 = DIRECTION ( 'NONE',  ( 0.7071067811865514585, -0.000000000000000000, 0.7071067811865435759 ) ) ;
#89 = CARTESIAN_POINT ( 'NONE',  ( -1.712242906716721080, 8.000000000000000000, -5.780000000000000249 ) ) ;
#90 = VECTOR ( 'NONE', #2340, 999.9999999999998863 ) ;
#91 = CARTESIAN_POINT ( 'NONE',  ( 5.079999999999945004, 1.721248916810457219, -7.875000000000098588 ) ) ;
#92 = ORIENTED_EDGE ( 'NONE', *, *, #4839, .F. ) ;
#93 = DIRECTION ( 'NONE',  ( -0.000000000000000000, 1.000000000000000000, -0.000000000000000000 ) ) ;
#94 = CARTESIAN_POINT ( 'NONE',  ( -4.122725442988535605, 8.000000000000000000, -0.1250000000000000000 ) ) ;
#95 = DIRECTION ( 'NONE',  ( -0.000000000000000000, 1.000000000000000000, -0.000000000000000000 ) ) ;
#96 = EDGE_LOOP ( 'NONE', ( #1309, #1322, #4663, #1925, #873 ) ) ;
#97 = LINE ( 'NONE', #91, #1730 ) ;
#98 = DIRECTION ( 'NONE',  ( 0.000000000000000000, 0.000000000000000000, -1.000000000000000000 ) ) ;
#99 = ORIENTED_EDGE ( 'NONE', *, *, #173, .F. ) ;
#100 = EDGE_CURVE ( 'NONE', #1114, #2981, #2011, .T. ) ;
#101 = EDGE_CURVE ( 'NONE', #3451, #2457, #407, .T. ) ;
#102 = DIRECTION ( 'NONE',  ( -0.000000000000000000, 1.000000000000000000, -0.000000000000000000 ) ) ;
#103 = ORIENTED_EDGE ( 'NONE', *, *, #1709, .F. ) ;
#104 = LINE ( 'NONE', #1593, #110 ) ;
#105 = AXIS2_PLACEMENT_3D ( 'NONE', #1444, #4609, #4969 ) ;
#106 = DIRECTION ( 'NONE',  ( 1.000000000000000000, 0.000000000000000000, -1.717841266356215627E-16 ) ) ;
#107 = ORIENTED_EDGE ( 'NONE', *, *, #561, .F. ) ;
#108 = DIRECTION ( 'NONE',  ( 1.000000000000000000, -0.000000000000000000, -0.000000000000000000 ) ) ;
#109 = DIRECTION ( 'NONE',  ( 0.000000000000000000, 0.000000000000000000, 1.000000000000000000 ) ) ;
#110 = VECTOR ( 'NONE', #2278, 1000.000000000000000 ) ;
#111 = CARTESIAN_POINT ( 'NONE',  ( 5.080000000000054250, 1.721248916810457219, 7.874999999999903189 ) ) ;
#112 = ADVANCED_FACE ( 'NONE', ( #357 ), #3729, .T. ) ;
#113 = VERTEX_POINT ( 'NONE', #224 ) ;
#114 = CARTESIAN_POINT ( 'NONE',  ( -1.526729004909564091, 7.000000000000000000, -7.100000000000000533 ) ) ;
#115 =( NAMED_UNIT ( * ) PLANE_ANGLE_UNIT ( ) SI_UNIT ( $, .RADIAN. ) );
#116 = EDGE_LOOP ( 'NONE', ( #4231, #948, #1756, #597 ) ) ;
#117 = LINE ( 'NONE', #3878, #1772 ) ;
#118 = DIRECTION ( 'NONE',  ( -1.000000000000000000, 0.000000000000000000, 5.726254633542118453E-16 ) ) ;
#119 = EDGE_CURVE ( 'NONE', #1267, #1495, #3702, .T. ) ;
#120 = DIRECTION ( 'NONE',  ( 0.000000000000000000, 1.000000000000000000, 0.000000000000000000 ) ) ;
#121 = AXIS2_PLACEMENT_3D ( 'NONE', #2280, #2763, #4209 ) ;
#122 = DIRECTION ( 'NONE',  ( 0.000000000000000000, 0.000000000000000000, 1.000000000000000000 ) ) ;
#123 = DIRECTION ( 'NONE',  ( 0.000000000000000000, 0.000000000000000000, -1.000000000000000000 ) ) ;
#124 = ORIENTED_EDGE ( 'NONE', *, *, #242, .T. ) ;
#125 = DIRECTION ( 'NONE',  ( -1.000000000000000000, 0.000000000000000000, 1.717841266356215627E-16 ) ) ;
#126 = ORIENTED_EDGE ( 'NONE', *, *, #3873, .T. ) ;
#127 = AXIS2_PLACEMENT_3D ( 'NONE', #4717, #476, #1249 ) ;
#128 = EDGE_CURVE ( 'NONE', #2998, #199, #3756, .T. ) ;
#129 = DIRECTION ( 'NONE',  ( 1.000000000000000000, 0.000000000000000000, -1.253608761936366671E-15 ) ) ;
#130 = ORIENTED_EDGE ( 'NONE', *, *, #602, .F. ) ;
#131 = FACE_OUTER_BOUND ( 'NONE', #3272, .T. ) ;
#132 = DIRECTION ( 'NONE',  ( -0.6427876096865418054, 0.000000000000000000, -0.7660444431189760151 ) ) ;
#133 = ORIENTED_EDGE ( 'NONE', *, *, #3642, .T. ) ;
#134 = STYLED_ITEM ( 'NONE', ( #2138 ), #1093 ) ;
#135 = FILL_AREA_STYLE ('',( #1296 ) ) ;
#136 = VECTOR ( 'NONE', #3326, 1000.000000000000000 ) ;
#137 = DIRECTION ( 'NONE',  ( 1.000000000000000000, 0.000000000000000000, -3.388131789017209368E-17 ) ) ;
#138 = ORIENTED_EDGE ( 'NONE', *, *, #1537, .T. ) ;
#139 = PLANE ( 'NONE',  #4127 ) ;
#140 = CARTESIAN_POINT ( 'NONE',  ( 5.079999999999945004, -5.250000000000000000, -7.620000000000035634 ) ) ;
#141 = CARTESIAN_POINT ( 'NONE',  ( -3.270700849529827980, 8.000000000000000000, -0.1249999999999990008 ) ) ;
#142 = VERTEX_POINT ( 'NONE', #4830 ) ;
#143 = LINE ( 'NONE', #1933, #1776 ) ;
#144 = DIRECTION ( 'NONE',  ( -0.000000000000000000, 1.000000000000000000, 0.000000000000000000 ) ) ;
#145 = LINE ( 'NONE', #1271, #160 ) ;
#146 = ADVANCED_FACE ( 'NONE', ( #3713 ), #4048, .F. ) ;
#147 = DIRECTION ( 'NONE',  ( -0.1391731009600654656, 0.000000000000000000, 0.9902680687415703620 ) ) ;
#148 = ORIENTED_EDGE ( 'NONE', *, *, #211, .T. ) ;
#149 = CARTESIAN_POINT ( 'NONE',  ( -2.516588533158897967, 7.000000000000000000, 0.6500000000000000222 ) ) ;
#150 = EDGE_CURVE ( 'NONE', #1448, #1944, #448, .T. ) ;
#151 = VECTOR ( 'NONE', #4535, 1000.000000000000000 ) ;
#152 = CARTESIAN_POINT ( 'NONE',  ( -2.775461530176017710, 7.000000000000000000, 0.7073991214881127920 ) ) ;
#153 = AXIS2_PLACEMENT_3D ( 'NONE', #777, #4179, #1198 ) ;
#154 = ORIENTED_EDGE ( 'NONE', *, *, #1771, .F. ) ;
#155 = VECTOR ( 'NONE', #2741, 1000.000000000000000 ) ;
#156 = DIRECTION ( 'NONE',  ( -1.000000000000000000, -0.000000000000000000, -0.000000000000000000 ) ) ;
#157 = STYLED_ITEM ( 'NONE', ( #3086 ), #3408 ) ;
#158 = ORIENTED_EDGE ( 'NONE', *, *, #3560, .F. ) ;
#159 = FACE_OUTER_BOUND ( 'NONE', #3236, .T. ) ;
#160 = VECTOR ( 'NONE', #385, 1000.000000000000000 ) ;
#161 = CARTESIAN_POINT ( 'NONE',  ( -5.080000000000002736, 0.1225363191866917500, -7.875000000000005329 ) ) ;
#162 = EDGE_CURVE ( 'NONE', #163, #3045, #2032, .T. ) ;
#163 = VERTEX_POINT ( 'NONE', #2938 ) ;
#164 = SURFACE_SIDE_STYLE ('',( #1523 ) ) ;
#165 = VECTOR ( 'NONE', #1760, 1000.000000000000000 ) ;
#166 =( LENGTH_UNIT ( ) NAMED_UNIT ( * ) SI_UNIT ( .MILLI., .METRE. ) );
#167 = ORIENTED_EDGE ( 'NONE', *, *, #4117, .F. ) ;
#168 = VECTOR ( 'NONE', #3564, 1000.000000000000000 ) ;
#169 = CARTESIAN_POINT ( 'NONE',  ( -2.539999999999945413, -5.250000000000000000, 7.620000000000018758 ) ) ;
#170 = EDGE_CURVE ( 'NONE', #3221, #2620, #3723, .T. ) ;
#171 = CARTESIAN_POINT ( 'NONE',  ( 4.122725442988532052, 7.000000000000000000, 0.1250000000000000000 ) ) ;
#172 = LINE ( 'NONE', #2289, #3529 ) ;
#173 = EDGE_CURVE ( 'NONE', #1419, #1214, #396, .T. ) ;
#174 = VERTEX_POINT ( 'NONE', #1332 ) ;
#175 = DIRECTION ( 'NONE',  ( 0.7882765718205376748, 0.000000000000000000, -0.6153210920477703016 ) ) ;
#176 = ORIENTED_EDGE ( 'NONE', *, *, #1967, .T. ) ;
#177 = DIRECTION ( 'NONE',  ( 0.000000000000000000, 0.000000000000000000, -1.000000000000000000 ) ) ;
#178 = CIRCLE ( 'NONE', #3057, 0.2550000000000008926 ) ;
#179 = CARTESIAN_POINT ( 'NONE',  ( 3.322725442988533562, 8.000000000000000000, 0.1250000000000000278 ) ) ;
#180 = VERTEX_POINT ( 'NONE', #1396 ) ;
#181 = VECTOR ( 'NONE', #3833, 1000.000000000000000 ) ;
#182 = UNCERTAINTY_MEASURE_WITH_UNIT (LENGTH_MEASURE( 1.000000000000000082E-05 ), #941, 'distance_accuracy_value', 'NONE');
#183 = ADVANCED_FACE ( 'NONE', ( #437 ), #139, .T. ) ;
#184 = CARTESIAN_POINT ( 'NONE',  ( 2.576624604172656596, 7.000000000000000000, 0.7073991214881125700 ) ) ;
#185 = CARTESIAN_POINT ( 'NONE',  ( 3.322725442988533562, 7.000000000000000000, 0.1250000000000000278 ) ) ;
#186 = ORIENTED_EDGE ( 'NONE', *, *, #1818, .T. ) ;
#187 = VECTOR ( 'NONE', #1561, 1000.000000000000000 ) ;
#188 = CIRCLE ( 'NONE', #3627, 1.684426917440847493 ) ;
#189 = AXIS2_PLACEMENT_3D ( 'NONE', #1244, #4645, #4991 ) ;
#190 = EDGE_LOOP ( 'NONE', ( #956, #4793, #1060, #4450 ) ) ;
#191 = PLANE ( 'NONE',  #3245 ) ;
#192 = VECTOR ( 'NONE', #4960, 1000.000000000000000 ) ;
#193 = CARTESIAN_POINT ( 'NONE',  ( -3.336894955876370528, 7.000000000000000000, 5.780000000000000249 ) ) ;
#194 = ORIENTED_EDGE ( 'NONE', *, *, #2925, .F. ) ;
#195 = DIRECTION ( 'NONE',  ( 0.000000000000000000, 1.000000000000000000, 0.000000000000000000 ) ) ;
#196 = EDGE_CURVE ( 'NONE', #3818, #4304, #2101, .T. ) ;
#197 = PRODUCT_DEFINITION ( 'UNKNOWN', '', #622, #4191 ) ;
#198 = CARTESIAN_POINT ( 'NONE',  ( 3.673882993561314869, 7.000000000000000000, -5.827146911406196672 ) ) ;
#199 = VERTEX_POINT ( 'NONE', #2912 ) ;
#200 = COLOUR_RGB ( '',0.000000000000000000, 0.7529411764705882248, 0.000000000000000000 ) ;
#201 = ORIENTED_EDGE ( 'NONE', *, *, #577, .T. ) ;
#202 = CARTESIAN_POINT ( 'NONE',  ( -3.673882993561319310, 8.000000000000000000, 5.827146911406196672 ) ) ;
#203 = ADVANCED_FACE ( 'NONE', ( #2040 ), #4456, .F. ) ;
#204 = EDGE_CURVE ( 'NONE', #2931, #1875, #3730, .T. ) ;
#205 = CARTESIAN_POINT ( 'NONE',  ( -4.299999999999998934, 0.5499999999999944933, 7.500000000000000000 ) ) ;
#206 = DIRECTION ( 'NONE',  ( -1.000000000000000000, -0.000000000000000000, 5.726254633542118453E-16 ) ) ;
#207 = AXIS2_PLACEMENT_3D ( 'NONE', #1731, #1676, #2977 ) ;
#208 = ORIENTED_EDGE ( 'NONE', *, *, #2072, .T. ) ;
#209 = ADVANCED_FACE ( 'NONE', ( #1959 ), #415, .T. ) ;
#210 = CARTESIAN_POINT ( 'NONE',  ( 2.539999999999999147, 0.9999999999999995559, 7.875000000000015987 ) ) ;
#211 = EDGE_CURVE ( 'NONE', #1151, #3358, #2082, .T. ) ;
#212 = CARTESIAN_POINT ( 'NONE',  ( -4.157860651664134544, 7.000000000000000000, 0.1250000000000004996 ) ) ;
#213 = ORIENTED_EDGE ( 'NONE', *, *, #3648, .F. ) ;
#214 = DIRECTION ( 'NONE',  ( 0.000000000000000000, 0.000000000000000000, -1.000000000000000000 ) ) ;
#215 = PLANE ( 'NONE',  #3903 ) ;
#216 = DIRECTION ( 'NONE',  ( -1.000000000000000000, -0.000000000000000000, -0.000000000000000000 ) ) ;
#217 = DIRECTION ( 'NONE',  ( 0.000000000000000000, -0.000000000000000000, 1.000000000000000000 ) ) ;
#218 = ADVANCED_FACE ( 'NONE', ( #3766 ), #3096, .F. ) ;
#219 = DIRECTION ( 'NONE',  ( 0.000000000000000000, 0.000000000000000000, 1.000000000000000000 ) ) ;
#220 = LINE ( 'NONE', #4782, #1879 ) ;
#221 = ORIENTED_EDGE ( 'NONE', *, *, #4639, .F. ) ;
#222 = CARTESIAN_POINT ( 'NONE',  ( -4.850000000000001421, 0.000000000000000000, 9.500000000000000000 ) ) ;
#223 = ORIENTED_EDGE ( 'NONE', *, *, #4199, .T. ) ;
#224 = CARTESIAN_POINT ( 'NONE',  ( 2.775461530176011937, 7.000000000000000000, -0.7073991214881119038 ) ) ;
#225 = FACE_OUTER_BOUND ( 'NONE', #2641, .T. ) ;
#226 = AXIS2_PLACEMENT_3D ( 'NONE', #2561, #2246, #4865 ) ;
#227 = DIRECTION ( 'NONE',  ( 0.1391731009600656321, -0.000000000000000000, -0.9902680687415702510 ) ) ;
#228 = EDGE_CURVE ( 'NONE', #962, #2502, #2112, .T. ) ;
#229 = EDGE_LOOP ( 'NONE', ( #883, #1385, #2446, #4715 ) ) ;
#230 = CARTESIAN_POINT ( 'NONE',  ( 2.539999999999999147, 1.721248916810457219, 7.365000000000015312 ) ) ;
#231 = DIRECTION ( 'NONE',  ( 1.000000000000000000, -0.000000000000000000, -0.000000000000000000 ) ) ;
#232 = CARTESIAN_POINT ( 'NONE',  ( -6.300000000000000711, 1.000000000000000000, -7.500000000000000000 ) ) ;
#233 = SURFACE_SIDE_STYLE ('',( #2018 ) ) ;
#234 = EDGE_CURVE ( 'NONE', #3395, #1025, #3646, .T. ) ;
#235 = ORIENTED_EDGE ( 'NONE', *, *, #3779, .F. ) ;
#236 = DIRECTION ( 'NONE',  ( 0.000000000000000000, 1.000000000000000000, 0.000000000000000000 ) ) ;
#237 = LINE ( 'NONE', #2719, #1891 ) ;
#238 = VERTEX_POINT ( 'NONE', #4243 ) ;
#239 = ADVANCED_FACE ( 'NONE', ( #3656 ), #1866, .F. ) ;
#240 = LINE ( 'NONE', #1161, #3606 ) ;
#241 = CARTESIAN_POINT ( 'NONE',  ( -6.300000000000000711, 8.000000000000000000, -9.500000000000001776 ) ) ;
#242 = EDGE_CURVE ( 'NONE', #1045, #3697, #3815, .T. ) ;
#243 =( LENGTH_UNIT ( ) NAMED_UNIT ( * ) SI_UNIT ( .MILLI., .METRE. ) );
#244 = LINE ( 'NONE', #3392, #1930 ) ;
#245 = FACE_OUTER_BOUND ( 'NONE', #2553, .T. ) ;
#246 = EDGE_LOOP ( 'NONE', ( #697, #1195, #208, #277, #2322 ) ) ;
#247 = CARTESIAN_POINT ( 'NONE',  ( 3.357860651664131169, 7.000000000000000000, -0.1249999999999990008 ) ) ;
#248 = DIRECTION ( 'NONE',  ( -1.000000000000000000, 0.000000000000000000, -0.000000000000000000 ) ) ;
#249 = LINE ( 'NONE', #3157, #1868 ) ;
#250 = ORIENTED_EDGE ( 'NONE', *, *, #2418, .F. ) ;
#251 = EDGE_CURVE ( 'NONE', #1278, #1004, #2140, .T. ) ;
#252 = LINE ( 'NONE', #5, #1881 ) ;
#253 = CARTESIAN_POINT ( 'NONE',  ( -4.122725442988535605, 7.000000000000000000, -0.1250000000000000000 ) ) ;
#254 =( GEOMETRIC_REPRESENTATION_CONTEXT ( 3 ) GLOBAL_UNCERTAINTY_ASSIGNED_CONTEXT ( ( #3850 ) ) GLOBAL_UNIT_ASSIGNED_CONTEXT ( ( #243, #3379, #2739 ) ) REPRESENTATION_CONTEXT ( 'NONE', 'WORKASPACE' ) );
#255 = ORIENTED_EDGE ( 'NONE', *, *, #1599, .T. ) ;
#256 = PLANE ( 'NONE',  #2721 ) ;
#257 = EDGE_CURVE ( 'NONE', #2177, #1796, #281, .T. ) ;
#258 = DIRECTION ( 'NONE',  ( -0.9902680687415703620, 0.000000000000000000, -0.1391731009600656044 ) ) ;
#259 = AXIS2_PLACEMENT_3D ( 'NONE', #1957, #3474, #3895 ) ;
#260 = PLANE ( 'NONE',  #121 ) ;
#261 = ORIENTED_EDGE ( 'NONE', *, *, #2367, .F. ) ;
#262 = VECTOR ( 'NONE', #2544, 1000.000000000000114 ) ;
#263 = EDGE_CURVE ( 'NONE', #4110, #2024, #1948, .T. ) ;
#264 = ORIENTED_EDGE ( 'NONE', *, *, #1704, .T. ) ;
#265 = DIRECTION ( 'NONE',  ( -0.000000000000000000, 1.000000000000000000, 0.000000000000000000 ) ) ;
#266 = CARTESIAN_POINT ( 'NONE',  ( -1.712242906716721080, 8.000000000000000000, -5.780000000000000249 ) ) ;
#267 = CARTESIAN_POINT ( 'NONE',  ( 2.367314854076395303, 7.000000000000000000, 0.6500000000000001332 ) ) ;
#268 =( NAMED_UNIT ( * ) PLANE_ANGLE_UNIT ( ) SI_UNIT ( $, .RADIAN. ) );
#269 = AXIS2_PLACEMENT_3D ( 'NONE', #496, #46, #4305 ) ;
#270 = FACE_OUTER_BOUND ( 'NONE', #3013, .T. ) ;
#271 = CARTESIAN_POINT ( 'NONE',  ( -8.673617379884035472E-16, 0.9999999999999995559, 7.620000000000033857 ) ) ;
#272 = LINE ( 'NONE', #584, #1932 ) ;
#273 = DIRECTION ( 'NONE',  ( 1.253608761936366671E-15, -0.000000000000000000, 1.000000000000000000 ) ) ;
#274 = ORIENTED_EDGE ( 'NONE', *, *, #2799, .T. ) ;
#275 = EDGE_CURVE ( 'NONE', #2702, #4559, #309, .T. ) ;
#276 = DIRECTION ( 'NONE',  ( -0.7071067811865515695, 0.000000000000000000, -0.7071067811865434649 ) ) ;
#277 = ORIENTED_EDGE ( 'NONE', *, *, #3767, .T. ) ;
#278 = PLANE ( 'NONE',  #1228 ) ;
#279 = CARTESIAN_POINT ( 'NONE',  ( -6.300000000000000711, 8.000000000000000000, -9.500000000000001776 ) ) ;
#280 = FACE_OUTER_BOUND ( 'NONE', #4630, .T. ) ;
#281 = LINE ( 'NONE', #4977, #1940 ) ;
#282 = ADVANCED_FACE ( 'NONE', ( #3664 ), #3843, .F. ) ;
#283 = VECTOR ( 'NONE', #1437, 1000.000000000000000 ) ;
#284 = DIRECTION ( 'NONE',  ( -1.000000000000000000, 0.000000000000000000, 0.000000000000000000 ) ) ;
#285 =( GEOMETRIC_REPRESENTATION_CONTEXT ( 3 ) GLOBAL_UNCERTAINTY_ASSIGNED_CONTEXT ( ( #3136 ) ) GLOBAL_UNIT_ASSIGNED_CONTEXT ( ( #1109, #2662, #4608 ) ) REPRESENTATION_CONTEXT ( 'NONE', 'WORKASPACE' ) );
#286 = DIRECTION ( 'NONE',  ( 0.000000000000000000, -1.000000000000000000, 0.000000000000000000 ) ) ;
#287 = EDGE_CURVE ( 'NONE', #3899, #2015, #319, .T. ) ;
#288 = DIRECTION ( 'NONE',  ( 0.000000000000000000, 0.000000000000000000, 1.000000000000000000 ) ) ;
#289 = LINE ( 'NONE', #957, #3638 ) ;
#290 = ORIENTED_EDGE ( 'NONE', *, *, #251, .T. ) ;
#291 = AXIS2_PLACEMENT_3D ( 'NONE', #4954, #331, #3813 ) ;
#292 = CARTESIAN_POINT ( 'NONE',  ( -4.850000000000001421, 0.000000000000000000, -9.500000000000001776 ) ) ;
#293 = ADVANCED_FACE ( 'NONE', ( #3882 ), #2756, .T. ) ;
#294 = EDGE_CURVE ( 'NONE', #2686, #4925, #3923, .T. ) ;
#295 = VECTOR ( 'NONE', #4190, 1000.000000000000000 ) ;
#296 = DIRECTION ( 'NONE',  ( -0.000000000000000000, -1.000000000000000000, -0.000000000000000000 ) ) ;
#297 = DIRECTION ( 'NONE',  ( -0.000000000000000000, -1.000000000000000000, -0.000000000000000000 ) ) ;
#298 =( LENGTH_UNIT ( ) NAMED_UNIT ( * ) SI_UNIT ( .MILLI., .METRE. ) );
#299 = CIRCLE ( 'NONE', #1203, 0.2549999999999384426 ) ;
#300 = DIRECTION ( 'NONE',  ( -0.000000000000000000, 1.000000000000000000, -0.000000000000000000 ) ) ;
#301 = LINE ( 'NONE', #370, #1970 ) ;
#302 = CARTESIAN_POINT ( 'NONE',  ( -5.080000000000002736, 1.721248916810457219, -7.620000000000002771 ) ) ;
#303 = ORIENTED_EDGE ( 'NONE', *, *, #523, .F. ) ;
#304 = EDGE_CURVE ( 'NONE', #2750, #1833, #2184, .T. ) ;
#305 = COLOUR_RGB ( '',0.5019607843137254832, 0.5019607843137254832, 0.5019607843137254832 ) ;
#306 = DIRECTION ( 'NONE',  ( -1.000000000000000000, 0.000000000000000000, 1.717841266356216367E-16 ) ) ;
#307 = CARTESIAN_POINT ( 'NONE',  ( 4.599999999999999645, 7.000000000000000000, 7.100000000000000533 ) ) ;
#308 = CARTESIAN_POINT ( 'NONE',  ( 0.000000000000000000, 0.000000000000000000, 0.000000000000000000 ) ) ;
#309 = LINE ( 'NONE', #2675, #1975 ) ;
#310 = FACE_OUTER_BOUND ( 'NONE', #4204, .T. ) ;
#311 = LINE ( 'NONE', #230, #329 ) ;
#312 = EDGE_LOOP ( 'NONE', ( #4612, #2955, #2851, #3397 ) ) ;
#313 = PLANE ( 'NONE',  #4897 ) ;
#314 = PLANE ( 'NONE',  #1965 ) ;
#315 = FACE_BOUND ( 'NONE', #1426, .T. ) ;
#316 = EDGE_CURVE ( 'NONE', #678, #2931, #2200, .T. ) ;
#317 = PRESENTATION_LAYER_ASSIGNMENT (  '', '', ( #4433 ) ) ;
#318 = LINE ( 'NONE', #4300, #3691 ) ;
#319 = LINE ( 'NONE', #761, #521 ) ;
#320 = DIRECTION ( 'NONE',  ( 0.000000000000000000, -1.000000000000000000, 0.000000000000000000 ) ) ;
#321 = LINE ( 'NONE', #1343, #2061 ) ;
#322 = EDGE_LOOP ( 'NONE', ( #2634, #1333, #2725, #4368 ) ) ;
#323 = DIRECTION ( 'NONE',  ( 0.7660444431189765702, 0.000000000000000000, -0.6427876096865411393 ) ) ;
#324 = ADVANCED_FACE ( 'NONE', ( #3913 ), #32, .F. ) ;
#325 = CARTESIAN_POINT ( 'NONE',  ( 5.080000000000054250, 0.9999999999999995559, 7.365000000000025970 ) ) ;
#326 = DIRECTION ( 'NONE',  ( -0.000000000000000000, 1.000000000000000000, 0.000000000000000000 ) ) ;
#327 = VECTOR ( 'NONE', #195, 1000.000000000000000 ) ;
#328 = LINE ( 'NONE', #997, #2051 ) ;
#329 = VECTOR ( 'NONE', #2076, 1000.000000000000000 ) ;
#330 = VERTEX_POINT ( 'NONE', #4206 ) ;
#331 = DIRECTION ( 'NONE',  ( 0.000000000000000000, 1.000000000000000000, -0.000000000000000000 ) ) ;
#332 = VECTOR ( 'NONE', #4542, 1000.000000000000000 ) ;
#333 = DIRECTION ( 'NONE',  ( 0.000000000000000000, 0.000000000000000000, -1.000000000000000000 ) ) ;
#334 = DIRECTION ( 'NONE',  ( 0.000000000000000000, 1.000000000000000000, 0.000000000000000000 ) ) ;
#335 = LINE ( 'NONE', #1240, #2002 ) ;
#336 = DIRECTION ( 'NONE',  ( 0.000000000000000000, -0.000000000000000000, 1.000000000000000000 ) ) ;
#337 = VECTOR ( 'NONE', #1124, 1000.000000000000000 ) ;
#338 = CARTESIAN_POINT ( 'NONE',  ( -6.300000000000000711, 1.000000000000000000, -7.500000000000000000 ) ) ;
#339 = CYLINDRICAL_SURFACE ( 'NONE', #4672, 0.2550000000000633427 ) ;
#340 = FACE_OUTER_BOUND ( 'NONE', #4787, .T. ) ;
#341 = FACE_OUTER_BOUND ( 'NONE', #3515, .T. ) ;
#342 = ORIENTED_EDGE ( 'NONE', *, *, #3959, .T. ) ;
#343 = EDGE_CURVE ( 'NONE', #1689, #945, #2262, .T. ) ;
#344 = AXIS2_PLACEMENT_3D ( 'NONE', #4411, #1257, #3636 ) ;
#345 = CARTESIAN_POINT ( 'NONE',  ( 3.336894955876370084, 7.000000000000000000, -5.780000000000001137 ) ) ;
#346 = EDGE_CURVE ( 'NONE', #3024, #429, #3875, .T. ) ;
#347 = CARTESIAN_POINT ( 'NONE',  ( -3.305836058205425587, 7.000000000000000000, 0.1250000000000000000 ) ) ;
#348 = LINE ( 'NONE', #1371, #3694 ) ;
#349 = CYLINDRICAL_SURFACE ( 'NONE', #1984, 0.2550000000000008926 ) ;
#350 = ORIENTED_EDGE ( 'NONE', *, *, #2466, .T. ) ;
#351 = PLANE ( 'NONE',  #3277 ) ;
#352 = DIRECTION ( 'NONE',  ( 1.000000000000000000, -0.000000000000000000, -0.000000000000000000 ) ) ;
#353 = VECTOR ( 'NONE', #2989, 999.9999999999998863 ) ;
#354 = AXIS2_PLACEMENT_3D ( 'NONE', #910, #4400, #393 ) ;
#355 = DIRECTION ( 'NONE',  ( -0.000000000000000000, -1.000000000000000000, -0.000000000000000000 ) ) ;
#356 = EDGE_CURVE ( 'NONE', #3468, #1045, #638, .T. ) ;
#357 = FACE_OUTER_BOUND ( 'NONE', #4615, .T. ) ;
#358 = LINE ( 'NONE', #1302, #2020 ) ;
#359 = CARTESIAN_POINT ( 'NONE',  ( 1.678203140787354775, 7.000000000000000000, 7.100000000000000533 ) ) ;
#360 = ORIENTED_EDGE ( 'NONE', *, *, #3208, .F. ) ;
#361 = LINE ( 'NONE', #4350, #3734 ) ;
#362 = CARTESIAN_POINT ( 'NONE',  ( -4.299999999999998934, 0.9999999999999995559, -9.500000000000001776 ) ) ;
#363 = AXIS2_PLACEMENT_3D ( 'NONE', #4900, #2453, #1063 ) ;
#364 = VECTOR ( 'NONE', #4426, 1000.000000000000000 ) ;
#365 = LINE ( 'NONE', #1019, #3685 ) ;
#366 = ORIENTED_EDGE ( 'NONE', *, *, #1670, .T. ) ;
#367 = PLANE ( 'NONE',  #938 ) ;
#368 = VECTOR ( 'NONE', #3718, 1000.000000000000000 ) ;
#369 =( NAMED_UNIT ( * ) SI_UNIT ( $, .STERADIAN. ) SOLID_ANGLE_UNIT ( ) );
#370 = CARTESIAN_POINT ( 'NONE',  ( -3.305836058205425587, 8.000000000000000000, 0.1250000000000000000 ) ) ;
#371 = PRESENTATION_STYLE_ASSIGNMENT (( #2873 ) ) ;
#372 = ADVANCED_FACE ( 'NONE', ( #493 ), #1698, .T. ) ;
#373 = CARTESIAN_POINT ( 'NONE',  ( -6.300000000000000711, 1.000000000000000000, 7.500000000000000000 ) ) ;
#374 = FACE_OUTER_BOUND ( 'NONE', #2859, .T. ) ;
#375 = VECTOR ( 'NONE', #3708, 1000.000000000000000 ) ;
#376 = EDGE_LOOP ( 'NONE', ( #1521, #4911, #342, #839, #450 ) ) ;
#377 = FACE_OUTER_BOUND ( 'NONE', #2914, .T. ) ;
#378 = DIRECTION ( 'NONE',  ( 0.7071067811865513475, 0.000000000000000000, 0.7071067811865435759 ) ) ;
#379 = PRESENTATION_STYLE_ASSIGNMENT (( #3741 ) ) ;
#380 = FILL_AREA_STYLE_COLOUR ( '', #305 ) ;
#381 = VECTOR ( 'NONE', #3345, 1000.000000000000000 ) ;
#382 = DIRECTION ( 'NONE',  ( 0.000000000000000000, 1.000000000000000000, 0.000000000000000000 ) ) ;
#383 = VECTOR ( 'NONE', #651, 1000.000000000000000 ) ;
#384 = CYLINDRICAL_SURFACE ( 'NONE', #2895, 0.2550000000000008926 ) ;
#385 = DIRECTION ( 'NONE',  ( 0.000000000000000000, -1.000000000000000000, 0.000000000000000000 ) ) ;
#386 = EDGE_CURVE ( 'NONE', #4446, #4680, #2209, .T. ) ;
#387 = VERTEX_POINT ( 'NONE', #4840 ) ;
#388 = DIRECTION ( 'NONE',  ( 0.000000000000000000, -1.000000000000000000, 0.000000000000000000 ) ) ;
#389 = AXIS2_PLACEMENT_3D ( 'NONE', #4689, #3159, #2001 ) ;
#390 = CARTESIAN_POINT ( 'NONE',  ( -1.678203140787359438, -0.3909616617838694852, -7.100000000000000533 ) ) ;
#391 = LINE ( 'NONE', #4073, #1973 ) ;
#392 = EDGE_CURVE ( 'NONE', #2837, #1127, #2219, .T. ) ;
#393 = DIRECTION ( 'NONE',  ( 0.000000000000000000, 0.000000000000000000, -1.000000000000000000 ) ) ;
#394 = AXIS2_PLACEMENT_3D ( 'NONE', #4882, #4910, #1107 ) ;
#395 = LINE ( 'NONE', #3705, #3736 ) ;
#396 = LINE ( 'NONE', #4864, #1969 ) ;
#397 = DIRECTION ( 'NONE',  ( 0.000000000000000000, 0.000000000000000000, 1.000000000000000000 ) ) ;
#398 = LINE ( 'NONE', #4886, #2123 ) ;
#399 = ORIENTED_EDGE ( 'NONE', *, *, #4461, .F. ) ;
#400 = DIRECTION ( 'NONE',  ( -0.7071067811865427988, 0.7071067811865523467, 0.000000000000000000 ) ) ;
#401 = CARTESIAN_POINT ( 'NONE',  ( 1.712242906716723967, 7.000000000000000000, 5.779999999999999361 ) ) ;
#402 = LINE ( 'NONE', #57, #1990 ) ;
#403 = CARTESIAN_POINT ( 'NONE',  ( -6.300000000000000711, 1.000000000000000000, -7.500000000000000000 ) ) ;
#404 = DIRECTION ( 'NONE',  ( -0.7660444431189760151, -0.000000000000000000, 0.6427876096865418054 ) ) ;
#405 =( LENGTH_UNIT ( ) NAMED_UNIT ( * ) SI_UNIT ( .MILLI., .METRE. ) );
#406 = LINE ( 'NONE', #3433, #381 ) ;
#407 = LINE ( 'NONE', #3283, #425 ) ;
#408 = VECTOR ( 'NONE', #3010, 1000.000000000000114 ) ;
#409 = ORIENTED_EDGE ( 'NONE', *, *, #2871, .T. ) ;
#410 = LINE ( 'NONE', #2957, #353 ) ;
#411 = DIRECTION ( 'NONE',  ( 0.000000000000000000, 1.000000000000000000, 0.000000000000000000 ) ) ;
#412 = DIRECTION ( 'NONE',  ( -0.7393579735722480839, 0.000000000000000000, 0.6733125477184714880 ) ) ;
#413 = CARTESIAN_POINT ( 'NONE',  ( -4.299999999999998934, 0.9999999999999995559, -9.500000000000001776 ) ) ;
#414 = VECTOR ( 'NONE', #1781, 1000.000000000000000 ) ;
#415 = CYLINDRICAL_SURFACE ( 'NONE', #3016, 0.2550000000000000044 ) ;
#416 = CARTESIAN_POINT ( 'NONE',  ( -6.300000000000000711, 1.000000000000000000, -7.500000000000000000 ) ) ;
#417 = VECTOR ( 'NONE', #4749, 1000.000000000000114 ) ;
#418 = CARTESIAN_POINT ( 'NONE',  ( -2.576624604172662369, 8.000000000000000000, -0.7073991214881107936 ) ) ;
#419 = AXIS2_PLACEMENT_3D ( 'NONE', #2174, #2832, #2472 ) ;
#420 = ORIENTED_EDGE ( 'NONE', *, *, #2773, .F. ) ;
#421 = EDGE_CURVE ( 'NONE', #3459, #1071, #572, .T. ) ;
#422 = DIRECTION ( 'NONE',  ( -0.1391731009600656044, -0.000000000000000000, 0.9902680687415702510 ) ) ;
#423 = CARTESIAN_POINT ( 'NONE',  ( -4.299999999999998934, 0.9999999999999995559, -9.500000000000001776 ) ) ;
#424 = CIRCLE ( 'NONE', #1807, 0.2549999999999592593 ) ;
#425 = VECTOR ( 'NONE', #4801, 1000.000000000000000 ) ;
#426 = ADVANCED_FACE ( 'NONE', ( #2281 ), #1340, .F. ) ;
#427 = VECTOR ( 'NONE', #607, 1000.000000000000114 ) ;
#428 = DIRECTION ( 'NONE',  ( -0.000000000000000000, -1.000000000000000000, -0.000000000000000000 ) ) ;
#429 = VERTEX_POINT ( 'NONE', #2416 ) ;
#430 = DIRECTION ( 'NONE',  ( 0.000000000000000000, 1.000000000000000000, 0.000000000000000000 ) ) ;
#431 = AXIS2_PLACEMENT_3D ( 'NONE', #934, #2062, #3306 ) ;
#432 = CARTESIAN_POINT ( 'NONE',  ( -2.539999999999945413, -5.250000000000000000, 7.620000000000018758 ) ) ;
#433 = FACE_OUTER_BOUND ( 'NONE', #1464, .T. ) ;
#434 = CARTESIAN_POINT ( 'NONE',  ( 2.576624604172656152, 8.000000000000000000, 0.7073991214881125700 ) ) ;
#435 = EDGE_CURVE ( 'NONE', #482, #49, #2298, .T. ) ;
#436 = PLANE ( 'NONE',  #3522 ) ;
#437 = FACE_OUTER_BOUND ( 'NONE', #4859, .T. ) ;
#438 = FACE_OUTER_BOUND ( 'NONE', #1461, .T. ) ;
#439 = CARTESIAN_POINT ( 'NONE',  ( 5.080000000000054250, -5.250000000000000000, 7.365000000000025970 ) ) ;
#440 = ORIENTED_EDGE ( 'NONE', *, *, #2594, .T. ) ;
#441 = DIRECTION ( 'NONE',  ( -0.000000000000000000, 1.000000000000000000, -0.000000000000000000 ) ) ;
#442 =( LENGTH_UNIT ( ) NAMED_UNIT ( * ) SI_UNIT ( .MILLI., .METRE. ) );
#443 = COLOUR_RGB ( '',0.7921568627450980005, 0.8196078431372548767, 0.9333333333333333481 ) ;
#444 =( GEOMETRIC_REPRESENTATION_CONTEXT ( 3 ) GLOBAL_UNCERTAINTY_ASSIGNED_CONTEXT ( ( #3535 ) ) GLOBAL_UNIT_ASSIGNED_CONTEXT ( ( #505, #746, #2778 ) ) REPRESENTATION_CONTEXT ( 'NONE', 'WORKASPACE' ) );
#445 = LINE ( 'NONE', #1858, #3700 ) ;
#446 = DIRECTION ( 'NONE',  ( 0.000000000000000000, 1.000000000000000000, -0.000000000000000000 ) ) ;
#447 = VECTOR ( 'NONE', #88, 1000.000000000000000 ) ;
#448 = LINE ( 'NONE', #2637, #364 ) ;
#449 = CIRCLE ( 'NONE', #2635, 0.6500000000000003553 ) ;
#450 = ORIENTED_EDGE ( 'NONE', *, *, #2005, .F. ) ;
#451 = VECTOR ( 'NONE', #500, 1000.000000000000000 ) ;
#452 = CARTESIAN_POINT ( 'NONE',  ( 6.300000000000000711, 0.000000000000000000, 9.500000000000000000 ) ) ;
#453 = COLOUR_RGB ( '',0.000000000000000000, 0.7529411764705882248, 0.000000000000000000 ) ;
#454 = VECTOR ( 'NONE', #3117, 1000.000000000000000 ) ;
#455 = VECTOR ( 'NONE', #4, 1000.000000000000000 ) ;
#456 = CARTESIAN_POINT ( 'NONE',  ( 2.539999999999999147, -5.250000000000000000, 7.875000000000015987 ) ) ;
#457 = VECTOR ( 'NONE', #2790, 999.9999999999998863 ) ;
#458 = DIRECTION ( 'NONE',  ( -0.1391731009600651325, -0.000000000000000000, 0.9902680687415703620 ) ) ;
#459 = ORIENTED_EDGE ( 'NONE', *, *, #1962, .T. ) ;
#460 = FACE_OUTER_BOUND ( 'NONE', #4324, .T. ) ;
#461 = DIRECTION ( 'NONE',  ( 0.7660444431189765702, 0.000000000000000000, -0.6427876096865411393 ) ) ;
#462 = EDGE_CURVE ( 'NONE', #1360, #2750, #3905, .T. ) ;
#463 = DIRECTION ( 'NONE',  ( 0.9902680687415703620, 0.000000000000000000, 0.1391731009600654378 ) ) ;
#464 = PRESENTATION_LAYER_ASSIGNMENT (  '', '', ( #1823 ) ) ;
#465 = LINE ( 'NONE', #4694, #3804 ) ;
#466 = VECTOR ( 'NONE', #4233, 1000.000000000000000 ) ;
#467 = LINE ( 'NONE', #596, #3806 ) ;
#468 = FILL_AREA_STYLE ('',( #2366 ) ) ;
#469 = EDGE_CURVE ( 'NONE', #1747, #3854, #3931, .T. ) ;
#470 = ORIENTED_EDGE ( 'NONE', *, *, #2612, .F. ) ;
#471 = CARTESIAN_POINT ( 'NONE',  ( -2.576624604172662369, 7.000000000000000000, -0.7073991214881107936 ) ) ;
#473 = SURFACE_STYLE_FILL_AREA ( #2252 ) ;
#472 = AXIS2_PLACEMENT_3D ( 'NONE', #3613, #4003, #3382 ) ;
#474 = CARTESIAN_POINT ( 'NONE',  ( -6.300000000000000711, 0.3851141460153323925, -7.500000000000000000 ) ) ;
#475 = VECTOR ( 'NONE', #2807, 1000.000000000000000 ) ;
#476 = DIRECTION ( 'NONE',  ( -0.000000000000000000, 1.000000000000000000, 0.000000000000000000 ) ) ;
#477 = DIRECTION ( 'NONE',  ( 1.000000000000000000, 0.000000000000000000, -1.717841266356216367E-16 ) ) ;
#478 = VECTOR ( 'NONE', #2276, 1000.000000000000000 ) ;
#479 = ADVANCED_FACE ( 'NONE', ( #564 ), #2118, .T. ) ;
#480 = DIRECTION ( 'NONE',  ( -0.000000000000000000, 1.000000000000000000, 0.000000000000000000 ) ) ;
#481 = LINE ( 'NONE', #3679, #2102 ) ;
#482 = VERTEX_POINT ( 'NONE', #205 ) ;
#483 = DIRECTION ( 'NONE',  ( -0.1391731009600651325, -0.000000000000000000, 0.9902680687415703620 ) ) ;
#484 = EDGE_CURVE ( 'NONE', #113, #1096, #2234, .T. ) ;
#485 = DIRECTION ( 'NONE',  ( 0.7071067811865427988, 0.7071067811865523467, 0.000000000000000000 ) ) ;
#486 = LINE ( 'NONE', #2025, #2145 ) ;
#487 = DIRECTION ( 'NONE',  ( -0.9902680687415703620, 0.000000000000000000, -0.1391731009600651325 ) ) ;
#488 = LINE ( 'NONE', #1946, #3889 ) ;
#489 = ORIENTED_EDGE ( 'NONE', *, *, #1034, .F. ) ;
#490 = CIRCLE ( 'NONE', #4837, 0.2550000000000008926 ) ;
#491 = AXIS2_PLACEMENT_3D ( 'NONE', #4693, #4247, #4658 ) ;
#492 = EDGE_CURVE ( 'NONE', #3971, #1543, #3956, .T. ) ;
#493 = FACE_OUTER_BOUND ( 'NONE', #4092, .T. ) ;
#494 = PLANE ( 'NONE',  #2625 ) ;
#495 = VECTOR ( 'NONE', #2325, 1000.000000000000000 ) ;
#496 = CARTESIAN_POINT ( 'NONE',  ( -2.539999999999945413, 1.721248916810457219, 7.620000000000018758 ) ) ;
#497 = ORIENTED_EDGE ( 'NONE', *, *, #832, .F. ) ;
#498 = SURFACE_STYLE_FILL_AREA ( #4829 ) ;
#499 = CARTESIAN_POINT ( 'NONE',  ( 4.299999999999998934, 0.5499999999999944933, -9.500000000000001776 ) ) ;
#500 = DIRECTION ( 'NONE',  ( -0.000000000000000000, -1.000000000000000000, -0.000000000000000000 ) ) ;
#501 = AXIS2_PLACEMENT_3D ( 'NONE', #1129, #4929, #10 ) ;
#502 = VECTOR ( 'NONE', #4466, 1000.000000000000000 ) ;
#503 = LINE ( 'NONE', #2797, #2092 ) ;
#504 = CYLINDRICAL_SURFACE ( 'NONE', #654, 0.2549999999999592593 ) ;
#505 =( LENGTH_UNIT ( ) NAMED_UNIT ( * ) SI_UNIT ( .MILLI., .METRE. ) );
#506 = DIRECTION ( 'NONE',  ( 0.000000000000000000, -0.000000000000000000, -1.000000000000000000 ) ) ;
#507 = VERTEX_POINT ( 'NONE', #1032 ) ;
#508 = CARTESIAN_POINT ( 'NONE',  ( 5.080000000000054250, 0.1225363191867636231, 7.874999999999903189 ) ) ;
#509 =( NAMED_UNIT ( * ) SI_UNIT ( $, .STERADIAN. ) SOLID_ANGLE_UNIT ( ) );
#510 = FACE_OUTER_BOUND ( 'NONE', #4598, .T. ) ;
#511 = CARTESIAN_POINT ( 'NONE',  ( 3.673882993561314869, -0.3909616617838694852, -7.100000000000000533 ) ) ;
#512 = AXIS2_PLACEMENT_3D ( 'NONE', #4495, #4407, #4366 ) ;
#513 = FACE_OUTER_BOUND ( 'NONE', #2151, .T. ) ;
#514 = DIRECTION ( 'NONE',  ( 0.000000000000000000, 1.000000000000000000, 0.000000000000000000 ) ) ;
#515 = LINE ( 'NONE', #2590, #3859 ) ;
#516 = VERTEX_POINT ( 'NONE', #2154 ) ;
#517 = CARTESIAN_POINT ( 'NONE',  ( -4.157860651664134544, 8.000000000000000000, 0.1250000000000004996 ) ) ;
#518 = DIRECTION ( 'NONE',  ( -0.000000000000000000, -1.000000000000000000, -0.000000000000000000 ) ) ;
#519 = VECTOR ( 'NONE', #1018, 1000.000000000000000 ) ;
#520 = CARTESIAN_POINT ( 'NONE',  ( 2.576624604172656596, 7.000000000000000000, 0.7073991214881125700 ) ) ;
#521 = VECTOR ( 'NONE', #1897, 1000.000000000000000 ) ;
#522 = ADVANCED_FACE ( 'NONE', ( #2288 ), #3939, .F. ) ;
#523 = EDGE_CURVE ( 'NONE', #685, #2318, #3968, .T. ) ;
#524 = CLOSED_SHELL ( 'NONE', ( #3059, #3911, #4112, #183, #80, #1854, #522 ) ) ;
#525 = MECHANICAL_DESIGN_GEOMETRIC_PRESENTATION_REPRESENTATION (  '', ( #2747 ), #4217 ) ;
#526 = FACE_OUTER_BOUND ( 'NONE', #3565, .T. ) ;
#527 = EDGE_CURVE ( 'NONE', #2177, #4514, #4150, .T. ) ;
#528 = CARTESIAN_POINT ( 'NONE',  ( -4.299999999999998934, 0.9999999999999995559, -9.500000000000001776 ) ) ;
#529 = AXIS2_PLACEMENT_3D ( 'NONE', #169, #1919, #3506 ) ;
#530 = DIRECTION ( 'NONE',  ( 0.000000000000000000, 0.000000000000000000, -1.000000000000000000 ) ) ;
#531 = ORIENTED_EDGE ( 'NONE', *, *, #3821, .F. ) ;
#532 = AXIS2_PLACEMENT_3D ( 'NONE', #4012, #4459, #4832 ) ;
#533 = DIRECTION ( 'NONE',  ( 0.000000000000000000, 0.000000000000000000, 1.000000000000000000 ) ) ;
#534 = CARTESIAN_POINT ( 'NONE',  ( -6.300000000000000711, 1.000000000000000000, 7.500000000000000000 ) ) ;
#535 = LINE ( 'NONE', #1539, #3975 ) ;
#536 = CARTESIAN_POINT ( 'NONE',  ( -3.270700849529827980, -0.3909616617838694852, -0.1249999999999990008 ) ) ;
#537 = FILL_AREA_STYLE_COLOUR ( '', #200 ) ;
#538 = ORIENTED_EDGE ( 'NONE', *, *, #4555, .F. ) ;
#539 = DIRECTION ( 'NONE',  ( 0.000000000000000000, 0.000000000000000000, 1.000000000000000000 ) ) ;
#540 = DIRECTION ( 'NONE',  ( 0.000000000000000000, 1.000000000000000000, 0.000000000000000000 ) ) ;
#541 = VECTOR ( 'NONE', #3280, 1000.000000000000000 ) ;
#542 = DIRECTION ( 'NONE',  ( -0.7882765718205382299, -0.000000000000000000, 0.6153210920477697465 ) ) ;
#543 = EDGE_CURVE ( 'NONE', #4254, #4842, #4102, .T. ) ;
#544 = CARTESIAN_POINT ( 'NONE',  ( 4.157860651664130103, 7.000000000000000000, -0.1250000000000000000 ) ) ;
#545 = LINE ( 'NONE', #4443, #579 ) ;
#546 = AXIS2_PLACEMENT_3D ( 'NONE', #2218, #3770, #4170 ) ;
#547 = ORIENTED_EDGE ( 'NONE', *, *, #3456, .F. ) ;
#548 = DIRECTION ( 'NONE',  ( 0.000000000000000000, 0.000000000000000000, 1.000000000000000000 ) ) ;
#549 = COLOUR_RGB ( '',0.000000000000000000, 0.7529411764705882248, 0.000000000000000000 ) ;
#550 = DIRECTION ( 'NONE',  ( 0.000000000000000000, -0.000000000000000000, 1.000000000000000000 ) ) ;
#551 = VECTOR ( 'NONE', #3856, 1000.000000000000000 ) ;
#552 = FILL_AREA_STYLE_COLOUR ( '', #1641 ) ;
#553 = EDGE_LOOP ( 'NONE', ( #4926, #850, #4401, #1260, #2714 ) ) ;
#554 = MECHANICAL_DESIGN_GEOMETRIC_PRESENTATION_REPRESENTATION (  '', ( #2109 ), #4519 ) ;
#555 = EDGE_CURVE ( 'NONE', #4240, #507, #2394, .T. ) ;
#556 = PRESENTATION_STYLE_ASSIGNMENT (( #2299 ) ) ;
#557 = VECTOR ( 'NONE', #1370, 1000.000000000000114 ) ;
#558 = VECTOR ( 'NONE', #2291, 1000.000000000000114 ) ;
#559 = DIRECTION ( 'NONE',  ( 0.1391731009600656044, 0.000000000000000000, -0.9902680687415702510 ) ) ;
#560 = EDGE_LOOP ( 'NONE', ( #255, #1330 ) ) ;
#561 = EDGE_CURVE ( 'NONE', #330, #4278, #4137, .T. ) ;
#562 = DIRECTION ( 'NONE',  ( 0.000000000000000000, 0.000000000000000000, -1.000000000000000000 ) ) ;
#563 =( NAMED_UNIT ( * ) PLANE_ANGLE_UNIT ( ) SI_UNIT ( $, .RADIAN. ) );
#564 = FACE_OUTER_BOUND ( 'NONE', #3482, .T. ) ;
#565 = CIRCLE ( 'NONE', #3974, 0.2550000000000026135 ) ;
#566 = CARTESIAN_POINT ( 'NONE',  ( -4.122725442988535605, -0.3909616617838694852, -0.1250000000000000000 ) ) ;
#567 = UNCERTAINTY_MEASURE_WITH_UNIT (LENGTH_MEASURE( 1.000000000000000082E-05 ), #405, 'distance_accuracy_value', 'NONE');
#568 = EDGE_LOOP ( 'NONE', ( #884, #3995, #4415, #621 ) ) ;
#569 = DIRECTION ( 'NONE',  ( 0.000000000000000000, 1.000000000000000000, 0.000000000000000000 ) ) ;
#570 = CARTESIAN_POINT ( 'NONE',  ( -3.108525283232020708, 7.000000000000000000, 1.147369190226200040E-16 ) ) ;
#571 = EDGE_CURVE ( 'NONE', #1215, #1232, #4077, .T. ) ;
#572 = LINE ( 'NONE', #995, #557 ) ;
#573 = DIRECTION ( 'NONE',  ( -0.000000000000000000, 1.000000000000000000, 0.000000000000000000 ) ) ;
#574 = ORIENTED_EDGE ( 'NONE', *, *, #2208, .F. ) ;
#575 = CARTESIAN_POINT ( 'NONE',  ( -3.108525283232020708, 7.000000000000000000, 0.000000000000000000 ) ) ;
#576 = DIRECTION ( 'NONE',  ( 0.000000000000000000, 0.000000000000000000, -1.000000000000000000 ) ) ;
#577 = EDGE_CURVE ( 'NONE', #2844, #3908, #723, .T. ) ;
#578 = STYLED_ITEM ( 'NONE', ( #4010 ), #4484 ) ;
#579 = VECTOR ( 'NONE', #3293, 1000.000000000000000 ) ;
#580 = CARTESIAN_POINT ( 'NONE',  ( 2.539999999999999147, 0.9999999999999995559, -7.620000000000015206 ) ) ;
#581 = ORIENTED_EDGE ( 'NONE', *, *, #3174, .F. ) ;
#582 = MANIFOLD_SOLID_BREP ( 'Boss-Extrude3[4]', #3415 ) ;
#583 = LINE ( 'NONE', #648, #2277 ) ;
#584 = CARTESIAN_POINT ( 'NONE',  ( 3.346237331257818415, -0.3909616617838694852, 5.649999999999999467 ) ) ;
#585 = PLANE ( 'NONE',  #1874 ) ;
#586 = VECTOR ( 'NONE', #4440, 1000.000000000000000 ) ;
#587 = LINE ( 'NONE', #15, #3932 ) ;
#588 = CARTESIAN_POINT ( 'NONE',  ( 6.300000000000000711, 1.000000000000000000, 7.500000000000000000 ) ) ;
#589 = EDGE_LOOP ( 'NONE', ( #2360, #682, #3609, #817 ) ) ;
#590 = VECTOR ( 'NONE', #137, 1000.000000000000000 ) ;
#591 = CARTESIAN_POINT ( 'NONE',  ( -5.079999999999946780, 1.721248916810457219, 7.620000000000037410 ) ) ;
#592 = CARTESIAN_POINT ( 'NONE',  ( -6.300000000000000711, 1.000000000000000000, -7.500000000000000000 ) ) ;
#593 = FACE_OUTER_BOUND ( 'NONE', #2760, .T. ) ;
#594 = DIRECTION ( 'NONE',  ( -0.000000000000000000, 1.000000000000000000, -0.000000000000000000 ) ) ;
#595 = ADVANCED_FACE ( 'NONE', ( #806 ), #1904, .T. ) ;
#596 = CARTESIAN_POINT ( 'NONE',  ( -3.673882993561319310, -0.3909616617838694852, 7.100000000000000533 ) ) ;
#597 = ORIENTED_EDGE ( 'NONE', *, *, #1917, .F. ) ;
#598 = DIRECTION ( 'NONE',  ( -0.000000000000000000, 1.000000000000000000, 0.000000000000000000 ) ) ;
#599 = DIRECTION ( 'NONE',  ( 0.000000000000000000, 1.000000000000000000, 0.000000000000000000 ) ) ;
#600 = CIRCLE ( 'NONE', #695, 0.2550000000000008926 ) ;
#601 = AXIS2_PLACEMENT_3D ( 'NONE', #1518, #4716, #3898 ) ;
#602 = EDGE_CURVE ( 'NONE', #4712, #2343, #2426, .T. ) ;
#603 = DIRECTION ( 'NONE',  ( -1.000000000000000000, -0.000000000000000000, 3.388131789017209368E-17 ) ) ;
#604 = COLOUR_RGB ( '',0.000000000000000000, 0.7529411764705882248, 0.000000000000000000 ) ;
#605 = ORIENTED_EDGE ( 'NONE', *, *, #1295, .T. ) ;
#606 = CARTESIAN_POINT ( 'NONE',  ( 3.346237331257818415, 7.000000000000000000, 5.649999999999999467 ) ) ;
#607 = DIRECTION ( 'NONE',  ( -0.7882765718205376748, 0.000000000000000000, 0.6153210920477703016 ) ) ;
#608 = PRESENTATION_LAYER_ASSIGNMENT (  '', '', ( #4105 ) ) ;
#609 = EDGE_CURVE ( 'NONE', #1292, #2860, #4066, .T. ) ;
#610 = EDGE_LOOP ( 'NONE', ( #538, #2436, #3890, #3860 ) ) ;
#611 = PRESENTATION_STYLE_ASSIGNMENT (( #3690 ) ) ;
#612 = CARTESIAN_POINT ( 'NONE',  ( -3.522408857683527295, -0.3909616617838694852, 7.100000000000000533 ) ) ;
#613 = CARTESIAN_POINT ( 'NONE',  ( 4.299999999999998934, 0.9999999999999995559, -9.500000000000001776 ) ) ;
#614 = VECTOR ( 'NONE', #3604, 1000.000000000000000 ) ;
#615 = AXIS2_PLACEMENT_3D ( 'NONE', #1361, #2559, #2967 ) ;
#616 = CARTESIAN_POINT ( 'NONE',  ( -4.864463665927758029, 0.1225363191866910145, -7.875000000000006217 ) ) ;
#617 = ADVANCED_FACE ( 'NONE', ( #764 ), #1130, .T. ) ;
#618 = CARTESIAN_POINT ( 'NONE',  ( -5.080000000000002736, 0.9999999999999995559, -7.364999999999999325 ) ) ;
#619 = CLOSED_SHELL ( 'NONE', ( #4764, #1577, #3797, #3778 ) ) ;
#620 = PRESENTATION_STYLE_ASSIGNMENT (( #3109 ) ) ;
#621 = ORIENTED_EDGE ( 'NONE', *, *, #2670, .T. ) ;
#622 = PRODUCT_DEFINITION_FORMATION_WITH_SPECIFIED_SOURCE ( 'ANY', '', #4176, .NOT_KNOWN. ) ;
#623 = CARTESIAN_POINT ( 'NONE',  ( -4.299999999999998934, 0.5499999999999944933, -9.500000000000001776 ) ) ;
#624 = VECTOR ( 'NONE', #2910, 1000.000000000000000 ) ;
#625 = VECTOR ( 'NONE', #4784, 1000.000000000000114 ) ;
#626 = CARTESIAN_POINT ( 'NONE',  ( -8.673617379884035472E-16, 1.721248916810457219, 7.620000000000033857 ) ) ;
#627 = VECTOR ( 'NONE', #1569, 1000.000000000000000 ) ;
#628 = ADVANCED_FACE ( 'NONE', ( #4172 ), #4533, .T. ) ;
#629 = ORIENTED_EDGE ( 'NONE', *, *, #3223, .F. ) ;
#630 = EDGE_CURVE ( 'NONE', #4852, #3001, #4119, .T. ) ;
#631 = DIRECTION ( 'NONE',  ( 0.000000000000000000, -0.000000000000000000, -1.000000000000000000 ) ) ;
#632 = DIRECTION ( 'NONE',  ( -0.000000000000000000, 0.000000000000000000, -1.000000000000000000 ) ) ;
#633 =( GEOMETRIC_REPRESENTATION_CONTEXT ( 3 ) GLOBAL_UNCERTAINTY_ASSIGNED_CONTEXT ( ( #1678 ) ) GLOBAL_UNIT_ASSIGNED_CONTEXT ( ( #442, #4332, #3577 ) ) REPRESENTATION_CONTEXT ( 'NONE', 'WORKASPACE' ) );
#634 = FACE_OUTER_BOUND ( 'NONE', #716, .T. ) ;
#635 = DIRECTION ( 'NONE',  ( -0.7660444431189760151, -0.000000000000000000, 0.6427876096865418054 ) ) ;
#636 = EDGE_CURVE ( 'NONE', #1998, #4845, #2415, .T. ) ;
#637 = CARTESIAN_POINT ( 'NONE',  ( 5.079999999999945004, -5.250000000000000000, -7.620000000000035634 ) ) ;
#638 = LINE ( 'NONE', #1928, #2248 ) ;
#639 = AXIS2_PLACEMENT_3D ( 'NONE', #2731, #2292, #3588 ) ;
#640 = LINE ( 'NONE', #3142, #495 ) ;
#641 = ORIENTED_EDGE ( 'NONE', *, *, #242, .F. ) ;
#642 = VECTOR ( 'NONE', #2947, 1000.000000000000000 ) ;
#643 = DIRECTION ( 'NONE',  ( -0.000000000000000000, 1.000000000000000000, 0.000000000000000000 ) ) ;
#644 = EDGE_LOOP ( 'NONE', ( #2934, #4398, #3167, #4521 ) ) ;
#645 = CARTESIAN_POINT ( 'NONE',  ( 1.678203140787354553, -0.3909616617838694852, 5.415573082559152596 ) ) ;
#646 = CARTESIAN_POINT ( 'NONE',  ( 2.539999999999999147, -5.250000000000000000, -7.620000000000015206 ) ) ;
#647 = ORIENTED_EDGE ( 'NONE', *, *, #527, .F. ) ;
#648 = CARTESIAN_POINT ( 'NONE',  ( 1.678203140787354108, 7.000000000000000000, 7.100000000000000533 ) ) ;
#649 = EDGE_LOOP ( 'NONE', ( #4315, #2950, #1319, #3009 ) ) ;
#650 = VECTOR ( 'NONE', #1148, 1000.000000000000000 ) ;
#651 = DIRECTION ( 'NONE',  ( -0.000000000000000000, 1.000000000000000000, -0.000000000000000000 ) ) ;
#652 = ADVANCED_FACE ( 'NONE', ( #2500 ), #3754, .T. ) ;
#653 = ORIENTED_EDGE ( 'NONE', *, *, #1273, .F. ) ;
#654 = AXIS2_PLACEMENT_3D ( 'NONE', #1602, #2358, #3176 ) ;
#655 = DIRECTION ( 'NONE',  ( 1.000000000000000000, 0.000000000000000000, -1.717841266356215627E-16 ) ) ;
#656 = EDGE_CURVE ( 'NONE', #1767, #962, #406, .T. ) ;
#657 = ADVANCED_FACE ( 'NONE', ( #2048 ), #1500, .F. ) ;
#658 = ORIENTED_EDGE ( 'NONE', *, *, #3570, .F. ) ;
#659 =( NAMED_UNIT ( * ) PLANE_ANGLE_UNIT ( ) SI_UNIT ( $, .RADIAN. ) );
#660 = FACE_OUTER_BOUND ( 'NONE', #649, .T. ) ;
#661 = EDGE_LOOP ( 'NONE', ( #1656, #2736, #2243, #2293, #3407 ) ) ;
#662 = CARTESIAN_POINT ( 'NONE',  ( -3.108525283232020708, -0.3909616617838694852, 0.000000000000000000 ) ) ;
#663 = PLANE ( 'NONE',  #4296 ) ;
#664 = AXIS2_PLACEMENT_3D ( 'NONE', #20, #2297, #378 ) ;
#665 = CARTESIAN_POINT ( 'NONE',  ( -3.673882993561319310, 7.000000000000000000, 5.827146911406196672 ) ) ;
#666 = EDGE_CURVE ( 'NONE', #3307, #4765, #395, .T. ) ;
#667 = DIRECTION ( 'NONE',  ( 0.4975428121645240065, -0.4975428121645173452, 0.7105647754616331024 ) ) ;
#668 = DIRECTION ( 'NONE',  ( 1.000000000000000000, 0.000000000000000000, -1.253608761936366671E-15 ) ) ;
#669 = VERTEX_POINT ( 'NONE', #2286 ) ;
#670 = VECTOR ( 'NONE', #3224, 1000.000000000000000 ) ;
#671 = LINE ( 'NONE', #3417, #4015 ) ;
#672 = ADVANCED_FACE ( 'NONE', ( #3721 ), #3068, .F. ) ;
#673 = ORIENTED_EDGE ( 'NONE', *, *, #1401, .F. ) ;
#674 = SURFACE_SIDE_STYLE ('',( #3342 ) ) ;
#675 = VECTOR ( 'NONE', #95, 1000.000000000000000 ) ;
#676 = AXIS2_PLACEMENT_3D ( 'NONE', #3517, #4653, #3027 ) ;
#677 = DIRECTION ( 'NONE',  ( -0.000000000000000000, -0.000000000000000000, 1.000000000000000000 ) ) ;
#678 = VERTEX_POINT ( 'NONE', #4257 ) ;
#679 = COLOUR_RGB ( '',0.7921568627450980005, 0.8196078431372548767, 0.9333333333333333481 ) ;
#680 = DIRECTION ( 'NONE',  ( 1.000000000000000000, -0.000000000000000000, -0.000000000000000000 ) ) ;
#681 = CARTESIAN_POINT ( 'NONE',  ( -3.522408857683527295, 8.000000000000000000, 7.100000000000000533 ) ) ;
#682 = ORIENTED_EDGE ( 'NONE', *, *, #3821, .T. ) ;
#683 = ORIENTED_EDGE ( 'NONE', *, *, #4369, .T. ) ;
#684 = FACE_OUTER_BOUND ( 'NONE', #4714, .T. ) ;
#685 = VERTEX_POINT ( 'NONE', #2726 ) ;
#686 = DIRECTION ( 'NONE',  ( 0.000000000000000000, 0.000000000000000000, -1.000000000000000000 ) ) ;
#687 = EDGE_CURVE ( 'NONE', #4304, #1944, #3803, .T. ) ;
#688 = ORIENTED_EDGE ( 'NONE', *, *, #211, .F. ) ;
#689 = ORIENTED_EDGE ( 'NONE', *, *, #3343, .F. ) ;
#690 = SURFACE_STYLE_FILL_AREA ( #4441 ) ;
#691 = EDGE_CURVE ( 'NONE', #4925, #678, #2058, .T. ) ;
#692 = VERTEX_POINT ( 'NONE', #3105 ) ;
#693 = DIRECTION ( 'NONE',  ( -0.000000000000000000, -1.000000000000000000, -0.000000000000000000 ) ) ;
#694 = FACE_OUTER_BOUND ( 'NONE', #2468, .T. ) ;
#695 = AXIS2_PLACEMENT_3D ( 'NONE', #937, #1329, #4008 ) ;
#696 = ADVANCED_FACE ( 'NONE', ( #3814 ), #1101, .F. ) ;
#697 = ORIENTED_EDGE ( 'NONE', *, *, #4555, .T. ) ;
#698 = VECTOR ( 'NONE', #461, 1000.000000000000000 ) ;
#699 = CARTESIAN_POINT ( 'NONE',  ( -6.300000000000000711, 1.000000000000000000, -7.500000000000000000 ) ) ;
#700 = ORIENTED_EDGE ( 'NONE', *, *, #119, .F. ) ;
#701 =( NAMED_UNIT ( * ) SI_UNIT ( $, .STERADIAN. ) SOLID_ANGLE_UNIT ( ) );
#702 = AXIS2_PLACEMENT_3D ( 'NONE', #2902, #1794, #2205 ) ;
#703 = ADVANCED_FACE ( 'NONE', ( #2100 ), #1941, .F. ) ;
#704 = PLANE ( 'NONE',  #3511 ) ;
#705 = VECTOR ( 'NONE', #2371, 1000.000000000000000 ) ;
#706 = ORIENTED_EDGE ( 'NONE', *, *, #2466, .F. ) ;
#707 = CARTESIAN_POINT ( 'NONE',  ( 2.367314854076395303, 7.000000000000000000, 0.6500000000000001332 ) ) ;
#708 = ORIENTED_EDGE ( 'NONE', *, *, #4729, .F. ) ;
#709 = FACE_OUTER_BOUND ( 'NONE', #3845, .T. ) ;
#710 = CARTESIAN_POINT ( 'NONE',  ( -3.522408857683527295, 7.000000000000000000, 7.100000000000000533 ) ) ;
#711 = VECTOR ( 'NONE', #4053, 1000.000000000000000 ) ;
#712 = DIRECTION ( 'NONE',  ( 1.000000000000000000, -0.000000000000000000, -0.000000000000000000 ) ) ;
#713 = ADVANCED_FACE ( 'NONE', ( #3774 ), #2794, .F. ) ;
#714 = DIRECTION ( 'NONE',  ( -0.000000000000000000, -1.000000000000000000, -0.000000000000000000 ) ) ;
#715 = ORIENTED_EDGE ( 'NONE', *, *, #1223, .T. ) ;
#716 = EDGE_LOOP ( 'NONE', ( #1016, #900, #2137, #4384, #35, #3295, #3196, #1027, #4281, #1486 ) ) ;
#717 = CLOSED_SHELL ( 'NONE', ( #3354, #4971, #2239, #3732 ) ) ;
#718 = CARTESIAN_POINT ( 'NONE',  ( -5.080000000000002736, 0.1225363191866917500, -7.875000000000005329 ) ) ;
#719 = LINE ( 'NONE', #279, #842 ) ;
#720 = CARTESIAN_POINT ( 'NONE',  ( -2.540000000000000480, -5.250000000000000000, -7.620000000000051621 ) ) ;
#721 = EDGE_CURVE ( 'NONE', #1071, #4756, #3746, .T. ) ;
#722 = ORIENTED_EDGE ( 'NONE', *, *, #860, .F. ) ;
#723 = LINE ( 'NONE', #517, #2464 ) ;
#724 = VERTEX_POINT ( 'NONE', #3168 ) ;
#725 = CARTESIAN_POINT ( 'NONE',  ( -1.678203140787359438, 8.000000000000000000, -5.415573082559153484 ) ) ;
#726 = ORIENTED_EDGE ( 'NONE', *, *, #906, .F. ) ;
#727 = CARTESIAN_POINT ( 'NONE',  ( 5.304999999999992610, 0.3851141460153323925, -7.500000000000000000 ) ) ;
#728 = VECTOR ( 'NONE', #422, 1000.000000000000114 ) ;
#729 = DIRECTION ( 'NONE',  ( 0.000000000000000000, 0.000000000000000000, 1.000000000000000000 ) ) ;
#730 =( BOUNDED_CURVE ( )  B_SPLINE_CURVE ( 3, ( #4646, #1640, #791, #508, #1991, #4993, #1209 ),
 .UNSPECIFIED., .F., .F. ) 
 B_SPLINE_CURVE_WITH_KNOTS ( ( 4, 3, 4 ),
 ( 4.222431654130989642, 6.283185307179586232, 8.343938960228182822 ),
 .UNSPECIFIED. ) 
 CURVE ( )  GEOMETRIC_REPRESENTATION_ITEM ( )  RATIONAL_B_SPLINE_CURVE ( ( 1.000000000000000000, 0.6763305036183591135, 0.6763305036183591135, 1.000000000000000000, 0.6763305036183591135, 0.6763305036183591135, 1.000000000000000000 ) ) 
 REPRESENTATION_ITEM ( '' )  );
#731 = VERTEX_POINT ( 'NONE', #1230 ) ;
#732 = DIRECTION ( 'NONE',  ( 0.000000000000000000, -1.000000000000000000, 0.000000000000000000 ) ) ;
#733 = CARTESIAN_POINT ( 'NONE',  ( -1.712242906716721080, 7.000000000000000000, -5.780000000000000249 ) ) ;
#734 = FACE_OUTER_BOUND ( 'NONE', #1192, .T. ) ;
#735 = DIRECTION ( 'NONE',  ( 1.000000000000000000, -0.000000000000000000, -0.000000000000000000 ) ) ;
#736 = CARTESIAN_POINT ( 'NONE',  ( 5.305000000000003268, 0.3851141460153326146, 7.500000000000000000 ) ) ;
#737 = ORIENTED_EDGE ( 'NONE', *, *, #392, .F. ) ;
#738 = VECTOR ( 'NONE', #2915, 1000.000000000000000 ) ;
#739 = AXIS2_PLACEMENT_3D ( 'NONE', #1587, #3764, #3128 ) ;
#740 = ORIENTED_EDGE ( 'NONE', *, *, #2861, .T. ) ;
#741 = ORIENTED_EDGE ( 'NONE', *, *, #666, .F. ) ;
#742 = CARTESIAN_POINT ( 'NONE',  ( -4.855000000000011973, 0.3851141460153325591, 7.500000000000000000 ) ) ;
#743 = ORIENTED_EDGE ( 'NONE', *, *, #3044, .T. ) ;
#744 = FACE_OUTER_BOUND ( 'NONE', #1346, .T. ) ;
#745 = CARTESIAN_POINT ( 'NONE',  ( -2.539999999999945413, 1.721248916810457219, 7.620000000000018758 ) ) ;
#746 =( NAMED_UNIT ( * ) PLANE_ANGLE_UNIT ( ) SI_UNIT ( $, .RADIAN. ) );
#747 = VERTEX_POINT ( 'NONE', #4340 ) ;
#748 = LINE ( 'NONE', #4276, #2351 ) ;
#749 = DIRECTION ( 'NONE',  ( -0.000000000000000000, -1.000000000000000000, -0.000000000000000000 ) ) ;
#750 = DIRECTION ( 'NONE',  ( -0.000000000000000000, 1.000000000000000000, 0.000000000000000000 ) ) ;
#751 = ORIENTED_EDGE ( 'NONE', *, *, #4331, .T. ) ;
#752 = EDGE_CURVE ( 'NONE', #4395, #4567, #424, .T. ) ;
#753 = VERTEX_POINT ( 'NONE', #3952 ) ;
#754 = DIRECTION ( 'NONE',  ( -0.000000000000000000, -0.000000000000000000, 1.000000000000000000 ) ) ;
#755 = AXIS2_PLACEMENT_3D ( 'NONE', #2829, #1630, #3680 ) ;
#756 = FACE_OUTER_BOUND ( 'NONE', #3218, .T. ) ;
#757 = EDGE_CURVE ( 'NONE', #724, #4395, #3765, .T. ) ;
#758 = ORIENTED_EDGE ( 'NONE', *, *, #691, .T. ) ;
#759 = AXIS2_PLACEMENT_3D ( 'NONE', #140, #2108, #2913 ) ;
#760 = CIRCLE ( 'NONE', #4753, 0.2550000000000000044 ) ;
#761 = CARTESIAN_POINT ( 'NONE',  ( -2.576624604172662369, 7.000000000000000000, -0.7073991214881107936 ) ) ;
#762 = SURFACE_SIDE_STYLE ('',( #3997 ) ) ;
#763 = ORIENTED_EDGE ( 'NONE', *, *, #4106, .F. ) ;
#764 = FACE_OUTER_BOUND ( 'NONE', #4487, .T. ) ;
#765 = EDGE_LOOP ( 'NONE', ( #2658, #2539, #2452, #740 ) ) ;
#766 = DIRECTION ( 'NONE',  ( -0.000000000000000000, 0.000000000000000000, -1.000000000000000000 ) ) ;
#767 = VERTEX_POINT ( 'NONE', #2027 ) ;
#768 = DIRECTION ( 'NONE',  ( -0.1391731009600652158, 0.000000000000000000, 0.9902680687415703620 ) ) ;
#769 = PRESENTATION_LAYER_ASSIGNMENT (  '', '', ( #4147 ) ) ;
#770 = CLOSED_SHELL ( 'NONE', ( #942, #4145, #3050, #3581, #1936, #2510 ) ) ;
#771 = DIRECTION ( 'NONE',  ( 0.1391731009600656044, 0.000000000000000000, -0.9902680687415703620 ) ) ;
#772 = LINE ( 'NONE', #1643, #705 ) ;
#773 = ORIENTED_EDGE ( 'NONE', *, *, #1223, .F. ) ;
#774 = PRESENTATION_STYLE_ASSIGNMENT (( #4570 ) ) ;
#775 = CARTESIAN_POINT ( 'NONE',  ( 2.550017939189503480, 8.000000000000000000, -0.6500000000000000222 ) ) ;
#776 = ORIENTED_EDGE ( 'NONE', *, *, #4809, .F. ) ;
#777 = CARTESIAN_POINT ( 'NONE',  ( -6.300000000000000711, 0.3851141460153325591, 7.500000000000000000 ) ) ;
#778 = ORIENTED_EDGE ( 'NONE', *, *, #1951, .F. ) ;
#779 = FACE_OUTER_BOUND ( 'NONE', #3660, .T. ) ;
#780 = DIRECTION ( 'NONE',  ( -2.219950081975834626E-17, 0.000000000000000000, 1.000000000000000000 ) ) ;
#781 = DIRECTION ( 'NONE',  ( 0.000000000000000000, 1.000000000000000000, 0.000000000000000000 ) ) ;
#782 = VERTEX_POINT ( 'NONE', #1300 ) ;
#783 = STYLED_ITEM ( 'NONE', ( #4090 ), #2911 ) ;
#784 = VECTOR ( 'NONE', #4213, 1000.000000000000000 ) ;
#785 = ORIENTED_EDGE ( 'NONE', *, *, #3000, .F. ) ;
#786 = CARTESIAN_POINT ( 'NONE',  ( -4.753571136907142503, 0.2519492937722875303, 7.690179118299015570 ) ) ;
#787 = ORIENTED_EDGE ( 'NONE', *, *, #3208, .T. ) ;
#788 = VECTOR ( 'NONE', #1700, 1000.000000000000000 ) ;
#789 = CARTESIAN_POINT ( 'NONE',  ( -4.122725442988535605, -0.3909616617838694852, -0.1250000000000000000 ) ) ;
#790 = ORIENTED_EDGE ( 'NONE', *, *, #3193, .F. ) ;
#791 = CARTESIAN_POINT ( 'NONE',  ( 5.295536334072239448, 0.1225363191867636231, 7.874999999999902300 ) ) ;
#792 = FACE_OUTER_BOUND ( 'NONE', #96, .T. ) ;
#793 = DIRECTION ( 'NONE',  ( 1.802254554072109477E-15, 0.000000000000000000, 1.000000000000000000 ) ) ;
#794 = DIRECTION ( 'NONE',  ( 0.000000000000000000, 1.000000000000000000, 0.000000000000000000 ) ) ;
#795 = ORIENTED_EDGE ( 'NONE', *, *, #2568, .T. ) ;
#796 = ORIENTED_EDGE ( 'NONE', *, *, #4522, .T. ) ;
#797 = AXIS2_PLACEMENT_3D ( 'NONE', #2762, #1867, #6 ) ;
#798 = EDGE_LOOP ( 'NONE', ( #1702, #4531, #1915, #1365 ) ) ;
#799 = CARTESIAN_POINT ( 'NONE',  ( 5.079999999999945004, 1.721248916810457219, -7.364999999999972680 ) ) ;
#800 = EDGE_CURVE ( 'NONE', #731, #2981, #3787, .T. ) ;
#801 = CARTESIAN_POINT ( 'NONE',  ( -5.079999999999946780, 0.9999999999999995559, 7.620000000000037410 ) ) ;
#802 = VECTOR ( 'NONE', #352, 1000.000000000000000 ) ;
#803 = CARTESIAN_POINT ( 'NONE',  ( -2.775461530176017710, 8.000000000000000000, 0.7073991214881127920 ) ) ;
#804 = CARTESIAN_POINT ( 'NONE',  ( 4.854999999999891180, 0.9999999999999995559, -7.500000000000000000 ) ) ;
#805 = ORIENTED_EDGE ( 'NONE', *, *, #2036, .T. ) ;
#806 = FACE_OUTER_BOUND ( 'NONE', #2647, .T. ) ;
#807 = DIRECTION ( 'NONE',  ( 0.000000000000000000, 1.000000000000000000, 0.000000000000000000 ) ) ;
#808 = MANIFOLD_SOLID_BREP ( 'Boss-Extrude3[7]', #4740 ) ;
#809 = EDGE_LOOP ( 'NONE', ( #1935, #4046 ) ) ;
#810 = DIRECTION ( 'NONE',  ( -0.000000000000000000, -0.000000000000000000, 1.000000000000000000 ) ) ;
#811 = CYLINDRICAL_SURFACE ( 'NONE', #2387, 0.6500000000000003553 ) ;
#812 =( GEOMETRIC_REPRESENTATION_CONTEXT ( 3 ) GLOBAL_UNCERTAINTY_ASSIGNED_CONTEXT ( ( #1894 ) ) GLOBAL_UNIT_ASSIGNED_CONTEXT ( ( #4600, #4095, #1846 ) ) REPRESENTATION_CONTEXT ( 'NONE', 'WORKASPACE' ) );
#813 = CIRCLE ( 'NONE', #291, 1.684426917440847049 ) ;
#814 = AXIS2_PLACEMENT_3D ( 'NONE', #2257, #780, #1408 ) ;
#815 = ORIENTED_EDGE ( 'NONE', *, *, #3481, .F. ) ;
#816 = LINE ( 'NONE', #2406, #2333 ) ;
#817 = ORIENTED_EDGE ( 'NONE', *, *, #4069, .F. ) ;
#818 = ORIENTED_EDGE ( 'NONE', *, *, #4292, .F. ) ;
#819 = DIRECTION ( 'NONE',  ( 0.6733125477184714880, 0.000000000000000000, 0.7393579735722480839 ) ) ;
#820 = VERTEX_POINT ( 'NONE', #114 ) ;
#821 = DIRECTION ( 'NONE',  ( 0.000000000000000000, -0.000000000000000000, 1.000000000000000000 ) ) ;
#822 = DIRECTION ( 'NONE',  ( 0.000000000000000000, -0.000000000000000000, 1.000000000000000000 ) ) ;
#823 = PLANE ( 'NONE',  #3282 ) ;
#824 = VERTEX_POINT ( 'NONE', #2301 ) ;
#825 = VECTOR ( 'NONE', #3120, 1000.000000000000000 ) ;
#826 = EDGE_LOOP ( 'NONE', ( #924, #1791, #4814, #932 ) ) ;
#827 = ORIENTED_EDGE ( 'NONE', *, *, #2085, .F. ) ;
#828 = CARTESIAN_POINT ( 'NONE',  ( -5.406428863092750170, 0.2519492937722874193, 7.690179118299015570 ) ) ;
#829 = ORIENTED_EDGE ( 'NONE', *, *, #162, .T. ) ;
#830 = LINE ( 'NONE', #3706, #642 ) ;
#831 = DIRECTION ( 'NONE',  ( -0.000000000000000000, 1.000000000000000000, 0.000000000000000000 ) ) ;
#832 = EDGE_CURVE ( 'NONE', #4515, #1767, #3509, .T. ) ;
#833 = DIRECTION ( 'NONE',  ( 0.000000000000000000, -0.000000000000000000, 1.000000000000000000 ) ) ;
#834 = VECTOR ( 'NONE', #2339, 1000.000000000000227 ) ;
#835 = DIRECTION ( 'NONE',  ( 0.000000000000000000, 1.000000000000000000, 0.000000000000000000 ) ) ;
#836 = PRESENTATION_LAYER_ASSIGNMENT (  '', '', ( #2747 ) ) ;
#837 = EDGE_LOOP ( 'NONE', ( #4477, #3410, #107, #4486 ) ) ;
#838 = ORIENTED_EDGE ( 'NONE', *, *, #294, .T. ) ;
#839 = ORIENTED_EDGE ( 'NONE', *, *, #343, .F. ) ;
#840 = CARTESIAN_POINT ( 'NONE',  ( -1.712242906716721080, 7.000000000000000000, -5.780000000000000249 ) ) ;
#841 = EDGE_LOOP ( 'NONE', ( #3441, #2941, #4312, #4523 ) ) ;
#842 = VECTOR ( 'NONE', #3084, 1000.000000000000000 ) ;
#843 = DIRECTION ( 'NONE',  ( 0.000000000000000000, -1.000000000000000000, 0.000000000000000000 ) ) ;
#844 = VECTOR ( 'NONE', #147, 1000.000000000000000 ) ;
#845 = VERTEX_POINT ( 'NONE', #2809 ) ;
#846 = DIRECTION ( 'NONE',  ( 1.000000000000000000, -0.000000000000000000, -0.000000000000000000 ) ) ;
#847 = VERTEX_POINT ( 'NONE', #3150 ) ;
#848 = DIRECTION ( 'NONE',  ( 0.000000000000000000, 0.000000000000000000, -1.000000000000000000 ) ) ;
#849 = ADVANCED_FACE ( 'NONE', ( #3501 ), #55, .F. ) ;
#850 = ORIENTED_EDGE ( 'NONE', *, *, #4292, .T. ) ;
#851 = LINE ( 'NONE', #152, #4201 ) ;
#852 = CARTESIAN_POINT ( 'NONE',  ( 1.678203140787354108, 8.000000000000000000, 7.100000000000000533 ) ) ;
#853 = EDGE_LOOP ( 'NONE', ( #3234, #2491, #2168, #3668 ) ) ;
#854 = LINE ( 'NONE', #3781, #4205 ) ;
#855 = EDGE_CURVE ( 'NONE', #1875, #1157, #1842, .T. ) ;
#856 = CARTESIAN_POINT ( 'NONE',  ( 4.157860651664130103, 8.000000000000000000, -0.1250000000000000000 ) ) ;
#857 = AXIS2_PLACEMENT_3D ( 'NONE', #3203, #1971, #125 ) ;
#858 = ORIENTED_EDGE ( 'NONE', *, *, #4701, .T. ) ;
#859 = CIRCLE ( 'NONE', #1294, 0.2550000000000000044 ) ;
#860 = EDGE_CURVE ( 'NONE', #1202, #4950, #188, .T. ) ;
#861 = ORIENTED_EDGE ( 'NONE', *, *, #1622, .F. ) ;
#862 = CARTESIAN_POINT ( 'NONE',  ( -4.299999999999998934, 0.9999999999999995559, -9.500000000000001776 ) ) ;
#863 = VERTEX_POINT ( 'NONE', #904 ) ;
#864 = LINE ( 'NONE', #232, #1017 ) ;
#865 =( LENGTH_UNIT ( ) NAMED_UNIT ( * ) SI_UNIT ( .MILLI., .METRE. ) );
#866 = DIRECTION ( 'NONE',  ( 0.000000000000000000, 0.000000000000000000, 1.000000000000000000 ) ) ;
#867 = VERTEX_POINT ( 'NONE', #1638 ) ;
#868 = CARTESIAN_POINT ( 'NONE',  ( -4.122725442988535605, 8.000000000000000000, -0.1250000000000000000 ) ) ;
#869 = VERTEX_POINT ( 'NONE', #3446 ) ;
#870 = CARTESIAN_POINT ( 'NONE',  ( -8.673617379884035472E-16, -5.250000000000000000, -7.875000000000034639 ) ) ;
#871 = EDGE_CURVE ( 'NONE', #1374, #4158, #1806, .T. ) ;
#872 = ORIENTED_EDGE ( 'NONE', *, *, #2450, .F. ) ;
#873 = ORIENTED_EDGE ( 'NONE', *, *, #1655, .T. ) ;
#874 = CARTESIAN_POINT ( 'NONE',  ( 3.346237331257818415, 7.000000000000000000, 5.649999999999999467 ) ) ;
#875 = LINE ( 'NONE', #1435, #929 ) ;
#876 = DIRECTION ( 'NONE',  ( 0.6733125477184714880, 0.000000000000000000, 0.7393579735722480839 ) ) ;
#877 = ORIENTED_EDGE ( 'NONE', *, *, #2487, .F. ) ;
#878 = FACE_OUTER_BOUND ( 'NONE', #2311, .T. ) ;
#879 = CARTESIAN_POINT ( 'NONE',  ( -4.299999999999998934, 0.9999999999999995559, -9.500000000000001776 ) ) ;
#880 = PLANE ( 'NONE',  #1389 ) ;
#881 = AXIS2_PLACEMENT_3D ( 'NONE', #2848, #1729, #1282 ) ;
#882 = ORIENTED_EDGE ( 'NONE', *, *, #2856, .F. ) ;
#883 = ORIENTED_EDGE ( 'NONE', *, *, #4428, .F. ) ;
#884 = ORIENTED_EDGE ( 'NONE', *, *, #3902, .T. ) ;
#885 = DIRECTION ( 'NONE',  ( -0.1391731009600651325, 0.000000000000000000, 0.9902680687415703620 ) ) ;
#886 = CIRCLE ( 'NONE', #1668, 0.2550000000000000044 ) ;
#887 = ORIENTED_EDGE ( 'NONE', *, *, #4310, .T. ) ;
#888 = ORIENTED_EDGE ( 'NONE', *, *, #577, .F. ) ;
#889 = UNCERTAINTY_MEASURE_WITH_UNIT (LENGTH_MEASURE( 1.000000000000000082E-05 ), #3495, 'distance_accuracy_value', 'NONE');
#890 = ORIENTED_EDGE ( 'NONE', *, *, #4790, .F. ) ;
#891 = DIRECTION ( 'NONE',  ( -0.000000000000000000, 1.000000000000000000, 0.000000000000000000 ) ) ;
#892 = VERTEX_POINT ( 'NONE', #4230 ) ;
#893 = LINE ( 'NONE', #1710, #2576 ) ;
#894 = CARTESIAN_POINT ( 'NONE',  ( -6.300000000000000711, 1.000000000000000000, 7.500000000000000000 ) ) ;
#895 = DIRECTION ( 'NONE',  ( 0.000000000000000000, 1.000000000000000000, 0.000000000000000000 ) ) ;
#896 = VERTEX_POINT ( 'NONE', #3929 ) ;
#897 = VECTOR ( 'NONE', #3368, 1000.000000000000114 ) ;
#898 = ORIENTED_EDGE ( 'NONE', *, *, #484, .F. ) ;
#899 = EDGE_CURVE ( 'NONE', #869, #4739, #3519, .T. ) ;
#900 = ORIENTED_EDGE ( 'NONE', *, *, #2005, .T. ) ;
#901 = LINE ( 'NONE', #1682, #4256 ) ;
#902 = CARTESIAN_POINT ( 'NONE',  ( -3.346237331257823744, 7.000000000000000000, -5.650000000000000355 ) ) ;
#903 = MECHANICAL_DESIGN_GEOMETRIC_PRESENTATION_REPRESENTATION (  '', ( #4433 ), #2269 ) ;
#904 = CARTESIAN_POINT ( 'NONE',  ( 4.850000000000001421, 0.000000000000000000, 9.500000000000000000 ) ) ;
#905 = CARTESIAN_POINT ( 'NONE',  ( 4.599999999999999645, 7.000000000000000000, 7.100000000000000533 ) ) ;
#906 = EDGE_CURVE ( 'NONE', #4845, #1998, #3541, .T. ) ;
#907 = VERTEX_POINT ( 'NONE', #3472 ) ;
#908 = VECTOR ( 'NONE', #4927, 1000.000000000000000 ) ;
#909 = DIRECTION ( 'NONE',  ( 0.7660444431189765702, 0.000000000000000000, -0.6427876096865411393 ) ) ;
#910 = CARTESIAN_POINT ( 'NONE',  ( 5.079999999999945004, -5.250000000000000000, -7.620000000000035634 ) ) ;
#911 = LINE ( 'NONE', #2960, #2592 ) ;
#912 = CARTESIAN_POINT ( 'NONE',  ( 2.539999999999999147, 0.9999999999999995559, 7.620000000000015206 ) ) ;
#913 = ORIENTED_EDGE ( 'NONE', *, *, #421, .T. ) ;
#914 = DIRECTION ( 'NONE',  ( -1.000000000000000000, -0.000000000000000000, 5.726254633542118453E-16 ) ) ;
#915 = DIRECTION ( 'NONE',  ( 0.000000000000000000, 1.000000000000000000, 0.000000000000000000 ) ) ;
#916 =( BOUNDED_CURVE ( )  B_SPLINE_CURVE ( 3, ( #3339, #3698, #1562, #727 ),
 .UNSPECIFIED., .F., .F. ) 
 B_SPLINE_CURVE_WITH_KNOTS ( ( 4, 4 ),
 ( 0.000000000000000000, 2.060753653048660539 ),
 .UNSPECIFIED. ) 
 CURVE ( )  GEOMETRIC_REPRESENTATION_ITEM ( )  RATIONAL_B_SPLINE_CURVE ( ( 1.000000000000000000, 0.6763305036183409058, 0.6763305036183409058, 1.000000000000000000 ) ) 
 REPRESENTATION_ITEM ( '' )  );
#917 = VERTEX_POINT ( 'NONE', #4270 ) ;
#918 = EDGE_LOOP ( 'NONE', ( #1120, #4760, #2454, #4055 ) ) ;
#919 = PLANE ( 'NONE',  #857 ) ;
#920 = FACE_OUTER_BOUND ( 'NONE', #2836, .T. ) ;
#921 =( LENGTH_UNIT ( ) NAMED_UNIT ( * ) SI_UNIT ( .MILLI., .METRE. ) );
#922 = ORIENTED_EDGE ( 'NONE', *, *, #4797, .F. ) ;
#923 = VECTOR ( 'NONE', #655, 1000.000000000000000 ) ;
#924 = ORIENTED_EDGE ( 'NONE', *, *, #1853, .T. ) ;
#925 = EDGE_LOOP ( 'NONE', ( #1815, #3030 ) ) ;
#926 = DIRECTION ( 'NONE',  ( -0.000000000000000000, 1.000000000000000000, 0.000000000000000000 ) ) ;
#927 = AXIS2_PLACEMENT_3D ( 'NONE', #3601, #144, #949 ) ;
#928 = EDGE_LOOP ( 'NONE', ( #708, #3624, #303, #194, #4696 ) ) ;
#929 = VECTOR ( 'NONE', #2528, 1000.000000000000000 ) ;
#930 = EDGE_CURVE ( 'NONE', #4514, #2343, #145, .T. ) ;
#931 = ORIENTED_EDGE ( 'NONE', *, *, #800, .F. ) ;
#932 = ORIENTED_EDGE ( 'NONE', *, *, #1341, .T. ) ;
#933 = ORIENTED_EDGE ( 'NONE', *, *, #3058, .T. ) ;
#934 = CARTESIAN_POINT ( 'NONE',  ( -1.712242906716721080, -0.3909616617838694852, -5.780000000000000249 ) ) ;
#935 = ORIENTED_EDGE ( 'NONE', *, *, #39, .F. ) ;
#936 = LINE ( 'NONE', #2728, #4295 ) ;
#937 = CARTESIAN_POINT ( 'NONE',  ( -2.540000000000000480, -5.250000000000000000, -7.620000000000051621 ) ) ;
#938 = AXIS2_PLACEMENT_3D ( 'NONE', #1098, #2646, #771 ) ;
#939 = DIRECTION ( 'NONE',  ( -0.000000000000000000, -1.000000000000000000, -0.000000000000000000 ) ) ;
#940 = EDGE_CURVE ( 'NONE', #4139, #3971, #1816, .T. ) ;
#941 =( LENGTH_UNIT ( ) NAMED_UNIT ( * ) SI_UNIT ( .MILLI., .METRE. ) );
#942 = ADVANCED_FACE ( 'NONE', ( #1827 ), #1578, .T. ) ;
#943 = ORIENTED_EDGE ( 'NONE', *, *, #3419, .F. ) ;
#944 = CARTESIAN_POINT ( 'NONE',  ( -3.336894955876370528, 7.000000000000000000, 5.780000000000000249 ) ) ;
#945 = VERTEX_POINT ( 'NONE', #2975 ) ;
#946 = CARTESIAN_POINT ( 'NONE',  ( 4.157860651664130103, -0.3909616617838694852, -0.1250000000000000000 ) ) ;
#947 = ORIENTED_EDGE ( 'NONE', *, *, #4262, .F. ) ;
#948 = ORIENTED_EDGE ( 'NONE', *, *, #304, .T. ) ;
#949 = DIRECTION ( 'NONE',  ( 0.000000000000000000, 0.000000000000000000, 1.000000000000000000 ) ) ;
#950 = FACE_OUTER_BOUND ( 'NONE', #3518, .T. ) ;
#951 = AXIS2_PLACEMENT_3D ( 'NONE', #3872, #4953, #1522 ) ;
#952 = CARTESIAN_POINT ( 'NONE',  ( 4.599999999999999645, 7.000000000000000000, 6.450000000000000178 ) ) ;
#953 = ORIENTED_EDGE ( 'NONE', *, *, #2230, .T. ) ;
#954 = LINE ( 'NONE', #2031, #2691 ) ;
#955 = FILL_AREA_STYLE ('',( #1675 ) ) ;
#956 = ORIENTED_EDGE ( 'NONE', *, *, #3593, .F. ) ;
#957 = CARTESIAN_POINT ( 'NONE',  ( -2.333885448045789346, -0.3909616617838694852, -0.6500000000000000222 ) ) ;
#958 = ORIENTED_EDGE ( 'NONE', *, *, #3217, .F. ) ;
#959 = CIRCLE ( 'NONE', #1162, 1.272853088593803417 ) ;
#960 = EDGE_CURVE ( 'NONE', #2376, #1376, #1835, .T. ) ;
#961 = SURFACE_STYLE_USAGE ( .BOTH. , #674 ) ;
#962 = VERTEX_POINT ( 'NONE', #2488 ) ;
#963 = CIRCLE ( 'NONE', #4578, 0.2549999999999384426 ) ;
#964 = ORIENTED_EDGE ( 'NONE', *, *, #757, .F. ) ;
#965 = EDGE_CURVE ( 'NONE', #3087, #1144, #3531, .T. ) ;
#966 = ORIENTED_EDGE ( 'NONE', *, *, #2983, .T. ) ;
#967 = DIRECTION ( 'NONE',  ( -0.000000000000000000, 1.000000000000000000, -0.000000000000000000 ) ) ;
#968 = DIRECTION ( 'NONE',  ( -3.388131789017209368E-17, 0.000000000000000000, -1.000000000000000000 ) ) ;
#969 = ORIENTED_EDGE ( 'NONE', *, *, #2259, .F. ) ;
#970 = VECTOR ( 'NONE', #876, 1000.000000000000000 ) ;
#971 = CIRCLE ( 'NONE', #2927, 1.272853088593803417 ) ;
#972 = AXIS2_PLACEMENT_3D ( 'NONE', #534, #4455, #1424 ) ;
#973 = DIRECTION ( 'NONE',  ( -0.000000000000000000, -1.000000000000000000, -0.000000000000000000 ) ) ;
#974 = ORIENTED_EDGE ( 'NONE', *, *, #150, .T. ) ;
#975 = EDGE_CURVE ( 'NONE', #1376, #2352, #311, .T. ) ;
#976 = ORIENTED_EDGE ( 'NONE', *, *, #1717, .F. ) ;
#977 = ORIENTED_EDGE ( 'NONE', *, *, #3193, .T. ) ;
#978 =( NAMED_UNIT ( * ) SI_UNIT ( $, .STERADIAN. ) SOLID_ANGLE_UNIT ( ) );
#979 = ORIENTED_EDGE ( 'NONE', *, *, #4949, .T. ) ;
#980 = VECTOR ( 'NONE', #93, 1000.000000000000000 ) ;
#981 = CYLINDRICAL_SURFACE ( 'NONE', #2858, 0.2550000000000633427 ) ;
#982 = PLANE ( 'NONE',  #2808 ) ;
#983 = CARTESIAN_POINT ( 'NONE',  ( -3.522408857683527295, 8.000000000000000000, 7.100000000000000533 ) ) ;
#984 = ORIENTED_EDGE ( 'NONE', *, *, #346, .T. ) ;
#985 = DIRECTION ( 'NONE',  ( 0.000000000000000000, 0.000000000000000000, 1.000000000000000000 ) ) ;
#986 = ORIENTED_EDGE ( 'NONE', *, *, #2944, .F. ) ;
#987 = EDGE_LOOP ( 'NONE', ( #773, #2397, #2462, #785 ) ) ;
#988 = LINE ( 'NONE', #4956, #2529 ) ;
#989 = EDGE_CURVE ( 'NONE', #2550, #1667, #1978, .T. ) ;
#990 = CARTESIAN_POINT ( 'NONE',  ( -8.673617379884035472E-16, -5.250000000000000000, 7.620000000000033857 ) ) ;
#991 = PRESENTATION_LAYER_ASSIGNMENT (  '', '', ( #1636 ) ) ;
#992 = ADVANCED_FACE ( 'NONE', ( #3666 ), #3686, .F. ) ;
#993 = VERTEX_POINT ( 'NONE', #4437 ) ;
#994 = LINE ( 'NONE', #171, #4237 ) ;
#995 = CARTESIAN_POINT ( 'NONE',  ( 4.157860651664130103, 7.000000000000000000, -0.1250000000000000000 ) ) ;
#996 = ORIENTED_EDGE ( 'NONE', *, *, #4551, .F. ) ;
#997 = CARTESIAN_POINT ( 'NONE',  ( -3.346237331257823744, -0.3909616617838694852, -5.650000000000000355 ) ) ;
#998 = VERTEX_POINT ( 'NONE', #3735 ) ;
#999 = CARTESIAN_POINT ( 'NONE',  ( -1.526729004909564091, -0.3909616617838694852, -7.100000000000000533 ) ) ;
#1000 = LINE ( 'NONE', #4983, #2566 ) ;
#1001 = EDGE_LOOP ( 'NONE', ( #700, #1550, #2517, #2114 ) ) ;
#1002 = PRESENTATION_LAYER_ASSIGNMENT (  '', '', ( #1472 ) ) ;
#1003 = LINE ( 'NONE', #4593, #897 ) ;
#1004 = VERTEX_POINT ( 'NONE', #3003 ) ;
#1005 = EDGE_CURVE ( 'NONE', #2376, #2430, #2013, .T. ) ;
#1006 = ORIENTED_EDGE ( 'NONE', *, *, #2976, .F. ) ;
#1007 = PLANE ( 'NONE',  #755 ) ;
#1008 = VERTEX_POINT ( 'NONE', #2152 ) ;
#1009 = FACE_OUTER_BOUND ( 'NONE', #1850, .T. ) ;
#1010 = CARTESIAN_POINT ( 'NONE',  ( 0.000000000000000000, 8.000000000000000000, 0.000000000000000000 ) ) ;
#1011 = EDGE_LOOP ( 'NONE', ( #4479, #2302, #2425, #1890 ) ) ;
#1012 = VECTOR ( 'NONE', #3847, 1000.000000000000000 ) ;
#1013 = AXIS2_PLACEMENT_3D ( 'NONE', #4362, #1963, #4686 ) ;
#1014 = EDGE_LOOP ( 'NONE', ( #4492, #4622 ) ) ;
#1015 = SURFACE_STYLE_USAGE ( .BOTH. , #164 ) ;
#1016 = ORIENTED_EDGE ( 'NONE', *, *, #1917, .T. ) ;
#1017 = VECTOR ( 'NONE', #4496, 1000.000000000000000 ) ;
#1018 = DIRECTION ( 'NONE',  ( 0.000000000000000000, 1.000000000000000000, 0.000000000000000000 ) ) ;
#1019 = CARTESIAN_POINT ( 'NONE',  ( 3.336894955876370084, 8.000000000000000000, -5.780000000000001137 ) ) ;
#1020 = ADVANCED_FACE ( 'NONE', ( #341 ), #2571, .T. ) ;
#1021 = LINE ( 'NONE', #37, #2703 ) ;
#1022 = ORIENTED_EDGE ( 'NONE', *, *, #1327, .T. ) ;
#1023 = DIRECTION ( 'NONE',  ( 0.000000000000000000, -0.000000000000000000, 1.000000000000000000 ) ) ;
#1024 = EDGE_CURVE ( 'NONE', #1633, #731, #2022, .T. ) ;
#1025 = VERTEX_POINT ( 'NONE', #4529 ) ;
#1026 = ADVANCED_FACE ( 'NONE', ( #1995 ), #349, .T. ) ;
#1027 = ORIENTED_EDGE ( 'NONE', *, *, #2345, .T. ) ;
#1028 = LINE ( 'NONE', #4601, #4307 ) ;
#1029 = DIRECTION ( 'NONE',  ( 1.717841266356215627E-16, -0.000000000000000000, 1.000000000000000000 ) ) ;
#1030 = ORIENTED_EDGE ( 'NONE', *, *, #4551, .T. ) ;
#1031 = VECTOR ( 'NONE', #810, 1000.000000000000000 ) ;
#1032 = CARTESIAN_POINT ( 'NONE',  ( -3.270700849529827980, 8.000000000000000000, -0.1249999999999990008 ) ) ;
#1033 = DIRECTION ( 'NONE',  ( -1.000000000000000000, -0.000000000000000000, -0.000000000000000000 ) ) ;
#1034 = EDGE_CURVE ( 'NONE', #2897, #1648, #3715, .T. ) ;
#1035 = EDGE_LOOP ( 'NONE', ( #4979, #3274 ) ) ;
#1036 = DIRECTION ( 'NONE',  ( -0.000000000000000000, 1.000000000000000000, -0.000000000000000000 ) ) ;
#1037 = FACE_OUTER_BOUND ( 'NONE', #4149, .T. ) ;
#1038 = AXIS2_PLACEMENT_3D ( 'NONE', #1501, #1848, #2255 ) ;
#1039 = ADVANCED_FACE ( 'NONE', ( #2115 ), #1727, .F. ) ;
#1040 = EDGE_CURVE ( 'NONE', #1008, #2860, #2127, .T. ) ;
#1041 = VECTOR ( 'NONE', #3996, 1000.000000000000000 ) ;
#1042 =( GEOMETRIC_REPRESENTATION_CONTEXT ( 3 ) GLOBAL_UNCERTAINTY_ASSIGNED_CONTEXT ( ( #2906 ) ) GLOBAL_UNIT_ASSIGNED_CONTEXT ( ( #865, #2738, #4676 ) ) REPRESENTATION_CONTEXT ( 'NONE', 'WORKASPACE' ) );
#1043 = ORIENTED_EDGE ( 'NONE', *, *, #965, .T. ) ;
#1044 = CARTESIAN_POINT ( 'NONE',  ( -4.855000000000011973, 0.9999999999999995559, 7.500000000000000000 ) ) ;
#1045 = VERTEX_POINT ( 'NONE', #1673 ) ;
#1046 = CARTESIAN_POINT ( 'NONE',  ( -1.526729004909564091, 8.000000000000000000, -7.100000000000000533 ) ) ;
#1047 = ORIENTED_EDGE ( 'NONE', *, *, #2940, .T. ) ;
#1048 = VECTOR ( 'NONE', #1372, 999.9999999999998863 ) ;
#1049 = EDGE_CURVE ( 'NONE', #4623, #113, #3790, .T. ) ;
#1050 = ORIENTED_EDGE ( 'NONE', *, *, #2155, .F. ) ;
#1051 = EDGE_LOOP ( 'NONE', ( #2828, #130, #1836, #4465, #2916, #3621, #1810 ) ) ;
#1052 = LINE ( 'NONE', #2202, #1075 ) ;
#1053 = CARTESIAN_POINT ( 'NONE',  ( 1.354563760474515322, 6.204563760474431255, -0.8110353672260601776 ) ) ;
#1054 = CARTESIAN_POINT ( 'NONE',  ( -1.678203140787359438, 8.000000000000000000, -5.415573082559153484 ) ) ;
#1055 = EDGE_LOOP ( 'NONE', ( #4124, #1104, #1509, #2665 ) ) ;
#1056 = CARTESIAN_POINT ( 'NONE',  ( -2.539999999999945413, 0.9999999999999995559, 7.620000000000018758 ) ) ;
#1057 = LINE ( 'NONE', #2892, #4489 ) ;
#1058 = EDGE_LOOP ( 'NONE', ( #2383, #4133, #2481, #3065, #1339 ) ) ;
#1059 = DIRECTION ( 'NONE',  ( 0.000000000000000000, 0.000000000000000000, -1.000000000000000000 ) ) ;
#1060 = ORIENTED_EDGE ( 'NONE', *, *, #3241, .F. ) ;
#1061 = AXIS2_PLACEMENT_3D ( 'NONE', #946, #2449, #4016 ) ;
#1062 = EDGE_LOOP ( 'NONE', ( #3649, #4722, #44, #290 ) ) ;
#1063 = DIRECTION ( 'NONE',  ( 0.1391731009600656321, 0.000000000000000000, -0.9902680687415703620 ) ) ;
#1064 = ADVANCED_FACE ( 'NONE', ( #433 ), #3628, .F. ) ;
#1065 = ORIENTED_EDGE ( 'NONE', *, *, #4618, .T. ) ;
#1066 = LINE ( 'NONE', #1504, #4469 ) ;
#1067 = DIRECTION ( 'NONE',  ( -0.000000000000000000, 0.000000000000000000, -1.000000000000000000 ) ) ;
#1068 = DIRECTION ( 'NONE',  ( 0.000000000000000000, 0.000000000000000000, 1.000000000000000000 ) ) ;
#1069 = EDGE_LOOP ( 'NONE', ( #1088, #3999, #4364, #3108, #4301 ) ) ;
#1070 = DIRECTION ( 'NONE',  ( -0.1391731009600655766, 0.000000000000000000, 0.9902680687415702510 ) ) ;
#1071 = VERTEX_POINT ( 'NONE', #544 ) ;
#1072 = CARTESIAN_POINT ( 'NONE',  ( 4.464885853984660535, 0.3851141460153329477, 7.500000000000000000 ) ) ;
#1073 = ORIENTED_EDGE ( 'NONE', *, *, #3372, .F. ) ;
#1074 = PLANE ( 'NONE',  #3544 ) ;
#1075 = VECTOR ( 'NONE', #3830, 999.9999999999998863 ) ;
#1076 = AXIS2_PLACEMENT_3D ( 'NONE', #1220, #3202, #3130 ) ;
#1077 = EDGE_CURVE ( 'NONE', #1383, #2384, #3800, .T. ) ;
#1078 = FACE_OUTER_BOUND ( 'NONE', #3171, .T. ) ;
#1079 = ORIENTED_EDGE ( 'NONE', *, *, #4199, .F. ) ;
#1080 = CARTESIAN_POINT ( 'NONE',  ( 5.079999999999945004, -5.250000000000000000, -7.364999999999972680 ) ) ;
#1081 = ORIENTED_EDGE ( 'NONE', *, *, #3848, .F. ) ;
#1082 = ORIENTED_EDGE ( 'NONE', *, *, #2525, .F. ) ;
#1083 = AXIS2_PLACEMENT_3D ( 'NONE', #1121, #66, #323 ) ;
#1084 = CARTESIAN_POINT ( 'NONE',  ( -4.850000000000001421, 0.000000000000000000, 9.500000000000000000 ) ) ;
#1085 = ADVANCED_FACE ( 'NONE', ( #3761 ), #3811, .F. ) ;
#1086 = DIRECTION ( 'NONE',  ( 0.000000000000000000, 0.000000000000000000, -1.000000000000000000 ) ) ;
#1087 = CYLINDRICAL_SURFACE ( 'NONE', #394, 0.2550000000000008926 ) ;
#1088 = ORIENTED_EDGE ( 'NONE', *, *, #2711, .T. ) ;
#1089 = VERTEX_POINT ( 'NONE', #1696 ) ;
#1090 = VECTOR ( 'NONE', #4768, 1000.000000000000000 ) ;
#1091 = FILL_AREA_STYLE_COLOUR ( '', #549 ) ;
#1092 = CARTESIAN_POINT ( 'NONE',  ( -5.304999999999880700, 1.721248916810457219, 7.500000000000000000 ) ) ;
#1093 = MANIFOLD_SOLID_BREP ( 'Boss-Extrude3[9]', #4078 ) ;
#1094 = VECTOR ( 'NONE', #3532, 1000.000000000000000 ) ;
#1095 = CARTESIAN_POINT ( 'NONE',  ( -3.673882993561319310, -0.3909616617838694852, 5.827146911406196672 ) ) ;
#1096 = VERTEX_POINT ( 'NONE', #3066 ) ;
#1097 = ORIENTED_EDGE ( 'NONE', *, *, #3404, .T. ) ;
#1098 = CARTESIAN_POINT ( 'NONE',  ( 4.157860651664130103, 7.000000000000000000, -0.1250000000000000000 ) ) ;
#1099 = EDGE_CURVE ( 'NONE', #3740, #1747, #813, .T. ) ;
#1100 = CIRCLE ( 'NONE', #2338, 0.6500000000000003553 ) ;
#1101 = PLANE ( 'NONE',  #34 ) ;
#1102 = CARTESIAN_POINT ( 'NONE',  ( -6.300000000000000711, 1.000000000000000000, -7.500000000000000000 ) ) ;
#1103 = AXIS2_PLACEMENT_3D ( 'NONE', #1102, #632, #3292 ) ;
#1104 = ORIENTED_EDGE ( 'NONE', *, *, #1665, .T. ) ;
#1105 = CARTESIAN_POINT ( 'NONE',  ( 4.599999999999999645, 8.000000000000000000, 5.799999999999999822 ) ) ;
#1106 = ORIENTED_EDGE ( 'NONE', *, *, #4386, .F. ) ;
#1107 = DIRECTION ( 'NONE',  ( 0.000000000000000000, 0.000000000000000000, -1.000000000000000000 ) ) ;
#1108 = ADVANCED_FACE ( 'NONE', ( #2530 ), #4177, .F. ) ;
#1109 =( LENGTH_UNIT ( ) NAMED_UNIT ( * ) SI_UNIT ( .MILLI., .METRE. ) );
#1110 = DIRECTION ( 'NONE',  ( 0.1391731009600654934, 0.000000000000000000, -0.9902680687415702510 ) ) ;
#1111 = ORIENTED_EDGE ( 'NONE', *, *, #1217, .T. ) ;
#1112 = CARTESIAN_POINT ( 'NONE',  ( -1.678203140787359660, 7.000000000000000000, -7.100000000000000533 ) ) ;
#1113 = ADVANCED_FACE ( 'NONE', ( #4207 ), #4143, .T. ) ;
#1114 = VERTEX_POINT ( 'NONE', #1808 ) ;
#1115 = EDGE_CURVE ( 'NONE', #867, #163, #3571, .T. ) ;
#1116 = CARTESIAN_POINT ( 'NONE',  ( 1.678203140787354775, 7.000000000000000000, 7.100000000000000533 ) ) ;
#1117 = DIRECTION ( 'NONE',  ( -1.000000000000000000, -0.000000000000000000, -0.000000000000000000 ) ) ;
#1118 = VECTOR ( 'NONE', #1623, 1000.000000000000000 ) ;
#1119 = ORIENTED_EDGE ( 'NONE', *, *, #527, .T. ) ;
#1120 = ORIENTED_EDGE ( 'NONE', *, *, #2036, .F. ) ;
#1121 = CARTESIAN_POINT ( 'NONE',  ( -3.270700849529827980, 7.000000000000000000, -0.1249999999999990008 ) ) ;
#1122 = EDGE_CURVE ( 'NONE', #1324, #669, #3591, .T. ) ;
#1123 = DIRECTION ( 'NONE',  ( 0.000000000000000000, 1.000000000000000000, 0.000000000000000000 ) ) ;
#1124 = DIRECTION ( 'NONE',  ( 0.000000000000000000, 1.000000000000000000, 0.000000000000000000 ) ) ;
#1125 = CARTESIAN_POINT ( 'NONE',  ( 5.305000000000003268, 0.9999999999999995559, 7.500000000000000000 ) ) ;
#1126 = EDGE_CURVE ( 'NONE', #1841, #1232, #240, .T. ) ;
#1127 = VERTEX_POINT ( 'NONE', #2724 ) ;
#1128 = ORIENTED_EDGE ( 'NONE', *, *, #4007, .T. ) ;
#1129 = CARTESIAN_POINT ( 'NONE',  ( -2.540000000000000480, 0.9999999999999995559, -7.620000000000051621 ) ) ;
#1130 = PLANE ( 'NONE',  #3829 ) ;
#1131 = DIRECTION ( 'NONE',  ( -0.000000000000000000, -1.000000000000000000, -0.000000000000000000 ) ) ;
#1132 = CARTESIAN_POINT ( 'NONE',  ( -3.108525283232020708, 8.000000000000000000, 0.000000000000000000 ) ) ;
#1133 = ORIENTED_EDGE ( 'NONE', *, *, #1926, .T. ) ;
#1134 = EDGE_CURVE ( 'NONE', #4146, #1639, #1902, .T. ) ;
#1135 = ORIENTED_EDGE ( 'NONE', *, *, #3333, .F. ) ;
#1136 = DIRECTION ( 'NONE',  ( 0.000000000000000000, -1.000000000000000000, 0.000000000000000000 ) ) ;
#1137 = LINE ( 'NONE', #347, #2776 ) ;
#1138 = CYLINDRICAL_SURFACE ( 'NONE', #4014, 1.272853088593803417 ) ;
#1139 = CARTESIAN_POINT ( 'NONE',  ( 6.300000000000000711, 0.000000000000000000, -9.500000000000001776 ) ) ;
#1140 = DIRECTION ( 'NONE',  ( 0.1391731009600656044, 0.000000000000000000, -0.9902680687415703620 ) ) ;
#1141 = AXIS2_PLACEMENT_3D ( 'NONE', #202, #514, #1432 ) ;
#1142 = ORIENTED_EDGE ( 'NONE', *, *, #3076, .T. ) ;
#1143 = DIRECTION ( 'NONE',  ( 1.000000000000000000, 0.000000000000000000, 0.000000000000000000 ) ) ;
#1144 = VERTEX_POINT ( 'NONE', #2285 ) ;
#1145 = VECTOR ( 'NONE', #4946, 1000.000000000000114 ) ;
#1146 = DIRECTION ( 'NONE',  ( 0.9902680687415703620, -0.000000000000000000, 0.1391731009600654656 ) ) ;
#1147 = ADVANCED_FACE ( 'NONE', ( #1918 ), #367, .F. ) ;
#1148 = DIRECTION ( 'NONE',  ( 0.000000000000000000, 1.000000000000000000, 0.000000000000000000 ) ) ;
#1149 = FACE_OUTER_BOUND ( 'NONE', #1058, .T. ) ;
#1150 = ORIENTED_EDGE ( 'NONE', *, *, #3126, .F. ) ;
#1151 = VERTEX_POINT ( 'NONE', #3034 ) ;
#1152 = DIRECTION ( 'NONE',  ( -1.000000000000000000, -0.000000000000000000, -0.000000000000000000 ) ) ;
#1153 = VERTEX_POINT ( 'NONE', #2818 ) ;
#1154 = PLANE ( 'NONE',  #2908 ) ;
#1155 = PLANE ( 'NONE',  #3256 ) ;
#1156 = SURFACE_SIDE_STYLE ('',( #2666 ) ) ;
#1157 = VERTEX_POINT ( 'NONE', #3963 ) ;
#1158 = ORIENTED_EDGE ( 'NONE', *, *, #3094, .F. ) ;
#1159 = ORIENTED_EDGE ( 'NONE', *, *, #492, .T. ) ;
#1160 = EDGE_CURVE ( 'NONE', #4146, #4002, #249, .T. ) ;
#1161 = CARTESIAN_POINT ( 'NONE',  ( 5.080000000000054250, 1.721248916810457219, 7.365000000000025970 ) ) ;
#1162 = AXIS2_PLACEMENT_3D ( 'NONE', #4001, #2136, #3643 ) ;
#1163 = LINE ( 'NONE', #3438, #4510 ) ;
#1164 = CARTESIAN_POINT ( 'NONE',  ( -4.157860651664134544, 7.000000000000000000, 0.1250000000000004996 ) ) ;
#1165 = EDGE_CURVE ( 'NONE', #2765, #3045, #1844, .T. ) ;
#1166 = DIRECTION ( 'NONE',  ( 0.000000000000000000, 1.000000000000000000, 0.000000000000000000 ) ) ;
#1167 = PRESENTATION_LAYER_ASSIGNMENT (  '', '', ( #2010 ) ) ;
#1168 = VERTEX_POINT ( 'NONE', #1647 ) ;
#1169 = ORIENTED_EDGE ( 'NONE', *, *, #2806, .T. ) ;
#1170 = LINE ( 'NONE', #1851, #1212 ) ;
#1171 = CARTESIAN_POINT ( 'NONE',  ( 2.539999999999999147, 0.9999999999999995559, 7.365000000000015312 ) ) ;
#1172 =( NAMED_UNIT ( * ) SI_UNIT ( $, .STERADIAN. ) SOLID_ANGLE_UNIT ( ) );
#1173 = ORIENTED_EDGE ( 'NONE', *, *, #1499, .T. ) ;
#1174 = APPLICATION_CONTEXT ( 'automotive_design' ) ;
#1175 = ORIENTED_EDGE ( 'NONE', *, *, #2233, .T. ) ;
#1176 = DIRECTION ( 'NONE',  ( -0.000000000000000000, 0.5735764363510397201, 0.8191520442889962395 ) ) ;
#1177 = ORIENTED_EDGE ( 'NONE', *, *, #2533, .F. ) ;
#1178 = CARTESIAN_POINT ( 'NONE',  ( -4.157860651664134544, 8.000000000000000000, 0.1250000000000004996 ) ) ;
#1179 = CARTESIAN_POINT ( 'NONE',  ( -3.336894955876370528, 8.000000000000000000, 5.780000000000000249 ) ) ;
#1180 = DIRECTION ( 'NONE',  ( 0.000000000000000000, -0.000000000000000000, 1.000000000000000000 ) ) ;
#1181 = FACE_OUTER_BOUND ( 'NONE', #2331, .T. ) ;
#1182 = DIRECTION ( 'NONE',  ( 0.1391731009600654656, 0.000000000000000000, -0.9902680687415703620 ) ) ;
#1183 = EDGE_LOOP ( 'NONE', ( #1158, #1402, #3198, #2964 ) ) ;
#1184 = CLOSED_SHELL ( 'NONE', ( #209, #1787, #2173, #293 ) ) ;
#1185 = CARTESIAN_POINT ( 'NONE',  ( 3.322725442988533562, 7.000000000000000000, 0.1250000000000000278 ) ) ;
#1186 = ORIENTED_EDGE ( 'NONE', *, *, #2132, .T. ) ;
#1187 = AXIS2_PLACEMENT_3D ( 'NONE', #4728, #1624, #4763 ) ;
#1188 = EDGE_CURVE ( 'NONE', #4575, #907, #220, .T. ) ;
#1189 = DIRECTION ( 'NONE',  ( 0.000000000000000000, 0.5735764363510397201, 0.8191520442889962395 ) ) ;
#1190 = VECTOR ( 'NONE', #4335, 1000.000000000000000 ) ;
#1191 = DIRECTION ( 'NONE',  ( -1.000000000000000000, 0.000000000000000000, 0.000000000000000000 ) ) ;
#1192 = EDGE_LOOP ( 'NONE', ( #2775, #4471, #706, #3552, #2823, #4128, #2907 ) ) ;
#1193 = VERTEX_POINT ( 'NONE', #2754 ) ;
#1194 = ADVANCED_FACE ( 'NONE', ( #225 ), #3546, .F. ) ;
#1195 = ORIENTED_EDGE ( 'NONE', *, *, #860, .T. ) ;
#1196 = SURFACE_STYLE_FILL_AREA ( #3116 ) ;
#1197 = EDGE_CURVE ( 'NONE', #1168, #724, #1887, .T. ) ;
#1198 = DIRECTION ( 'NONE',  ( 0.000000000000000000, -0.5735764363510399422, 0.8191520442889961284 ) ) ;
#1199 = ORIENTED_EDGE ( 'NONE', *, *, #1273, .T. ) ;
#1200 = ORIENTED_EDGE ( 'NONE', *, *, #4618, .F. ) ;
#1201 =( NAMED_UNIT ( * ) SI_UNIT ( $, .STERADIAN. ) SOLID_ANGLE_UNIT ( ) );
#1202 = VERTEX_POINT ( 'NONE', #1865 ) ;
#1203 = AXIS2_PLACEMENT_3D ( 'NONE', #2347, #2247, #288 ) ;
#1204 = COLOUR_RGB ( '',0.000000000000000000, 0.7529411764705882248, 0.000000000000000000 ) ;
#1205 = CARTESIAN_POINT ( 'NONE',  ( -2.540000000000000480, 0.9999999999999995559, -7.365000000000049951 ) ) ;
#1206 = DIRECTION ( 'NONE',  ( 0.000000000000000000, 0.000000000000000000, -1.000000000000000000 ) ) ;
#1207 = ORIENTED_EDGE ( 'NONE', *, *, #4473, .T. ) ;
#1208 = ORIENTED_EDGE ( 'NONE', *, *, #2819, .T. ) ;
#1209 = CARTESIAN_POINT ( 'NONE',  ( 4.855000000000105231, 0.3851141460153325591, 7.500000000000000000 ) ) ;
#1210 = DIRECTION ( 'NONE',  ( 0.1391731009600655766, 0.000000000000000000, -0.9902680687415702510 ) ) ;
#1211 = EDGE_CURVE ( 'NONE', #1689, #3146, #3586, .T. ) ;
#1212 = VECTOR ( 'NONE', #1819, 1000.000000000000000 ) ;
#1213 = DIRECTION ( 'NONE',  ( -0.000000000000000000, -1.000000000000000000, -0.000000000000000000 ) ) ;
#1214 = VERTEX_POINT ( 'NONE', #3480 ) ;
#1215 = VERTEX_POINT ( 'NONE', #1519 ) ;
#1216 = ORIENTED_EDGE ( 'NONE', *, *, #2533, .T. ) ;
#1217 = EDGE_CURVE ( 'NONE', #2024, #3350, #2603, .T. ) ;
#1218 = AXIS2_PLACEMENT_3D ( 'NONE', #87, #463, #3828 ) ;
#1219 = DIRECTION ( 'NONE',  ( 0.000000000000000000, 1.000000000000000000, 0.000000000000000000 ) ) ;
#1220 = CARTESIAN_POINT ( 'NONE',  ( -2.333885448045789346, 7.000000000000000000, -0.6500000000000000222 ) ) ;
#1221 = PRESENTATION_STYLE_ASSIGNMENT (( #4067 ) ) ;
#1222 = PLANE ( 'NONE',  #3453 ) ;
#1223 = EDGE_CURVE ( 'NONE', #1127, #174, #4294, .T. ) ;
#1224 = CARTESIAN_POINT ( 'NONE',  ( -3.336894955876370528, 7.000000000000000000, 5.780000000000000249 ) ) ;
#1225 = CARTESIAN_POINT ( 'NONE',  ( -3.522408857683527295, 7.000000000000000000, 7.100000000000000533 ) ) ;
#1226 = VERTEX_POINT ( 'NONE', #2786 ) ;
#1227 = ORIENTED_EDGE ( 'NONE', *, *, #2367, .T. ) ;
#1228 = AXIS2_PLACEMENT_3D ( 'NONE', #2508, #2551, #4041 ) ;
#1229 = CYLINDRICAL_SURFACE ( 'NONE', #2389, 0.2550000000000026135 ) ;
#1230 = CARTESIAN_POINT ( 'NONE',  ( 2.775461530176011937, 8.000000000000000000, -0.7073991214881119038 ) ) ;
#1231 = CARTESIAN_POINT ( 'NONE',  ( -3.108525283232020708, 7.000000000000000000, 0.000000000000000000 ) ) ;
#1232 = VERTEX_POINT ( 'NONE', #439 ) ;
#1233 = ORIENTED_EDGE ( 'NONE', *, *, #1197, .F. ) ;
#1234 = ADVANCED_FACE ( 'NONE', ( #2621 ), #1616, .T. ) ;
#1235 = DIRECTION ( 'NONE',  ( -0.000000000000000000, 0.000000000000000000, -1.000000000000000000 ) ) ;
#1236 = EDGE_LOOP ( 'NONE', ( #2583, #4042, #861, #2489 ) ) ;
#1237 = CARTESIAN_POINT ( 'NONE',  ( 4.599999999999999645, -0.3909616617838694852, 7.100000000000000533 ) ) ;
#1238 = AXIS2_PLACEMENT_3D ( 'NONE', #4198, #3452, #4617 ) ;
#1239 = LINE ( 'NONE', #4478, #4778 ) ;
#1240 = CARTESIAN_POINT ( 'NONE',  ( -4.122725442988535605, 8.000000000000000000, -0.1250000000000000000 ) ) ;
#1241 = DIRECTION ( 'NONE',  ( 0.000000000000000000, 0.000000000000000000, 1.000000000000000000 ) ) ;
#1242 = ORIENTED_EDGE ( 'NONE', *, *, #975, .F. ) ;
#1243 = VERTEX_POINT ( 'NONE', #2412 ) ;
#1244 = CARTESIAN_POINT ( 'NONE',  ( 1.678203140787354553, 8.000000000000000000, 5.415573082559152596 ) ) ;
#1245 = ORIENTED_EDGE ( 'NONE', *, *, #462, .F. ) ;
#1246 = CARTESIAN_POINT ( 'NONE',  ( -6.300000000000000711, -1.734723475976807094E-15, 8.050000000000000711 ) ) ;
#1247 = PLANE ( 'NONE',  #2695 ) ;
#1248 = AXIS2_PLACEMENT_3D ( 'NONE', #3936, #3227, #4360 ) ;
#1249 = DIRECTION ( 'NONE',  ( 0.000000000000000000, -0.000000000000000000, 1.000000000000000000 ) ) ;
#1250 = DIRECTION ( 'NONE',  ( 1.717841266356216367E-16, 0.000000000000000000, 1.000000000000000000 ) ) ;
#1251 = ORIENTED_EDGE ( 'NONE', *, *, #1126, .F. ) ;
#1252 = EDGE_CURVE ( 'NONE', #4739, #1008, #2642, .T. ) ;
#1253 = ORIENTED_EDGE ( 'NONE', *, *, #3579, .T. ) ;
#1254 = CARTESIAN_POINT ( 'NONE',  ( -4.299999999999998934, 0.5499999999999944933, -7.500000000000000000 ) ) ;
#1255 = DIRECTION ( 'NONE',  ( 0.7882765718205381189, 0.000000000000000000, -0.6153210920477697465 ) ) ;
#1256 = DIRECTION ( 'NONE',  ( -0.9902680687415703620, 0.000000000000000000, -0.1391731009600656044 ) ) ;
#1257 = DIRECTION ( 'NONE',  ( -0.000000000000000000, 1.000000000000000000, 0.000000000000000000 ) ) ;
#1258 = CARTESIAN_POINT ( 'NONE',  ( -3.673882993561319310, 7.000000000000000000, 7.100000000000000533 ) ) ;
#1259 = AXIS2_PLACEMENT_3D ( 'NONE', #3841, #320, #3127 ) ;
#1260 = ORIENTED_EDGE ( 'NONE', *, *, #3612, .T. ) ;
#1261 = ORIENTED_EDGE ( 'NONE', *, *, #2009, .T. ) ;
#1262 = ORIENTED_EDGE ( 'NONE', *, *, #392, .T. ) ;
#1263 =( BOUNDED_CURVE ( )  B_SPLINE_CURVE ( 3, ( #742, #786, #2698, #50, #2737, #828, #1511 ),
 .UNSPECIFIED., .F., .F. ) 
 B_SPLINE_CURVE_WITH_KNOTS ( ( 4, 3, 4 ),
 ( 4.222431654130710754, 6.283185307179586232, 8.343938960228461710 ),
 .UNSPECIFIED. ) 
 CURVE ( )  GEOMETRIC_REPRESENTATION_ITEM ( )  RATIONAL_B_SPLINE_CURVE ( ( 1.000000000000000000, 0.6763305036182792884, 0.6763305036182792884, 1.000000000000000000, 0.6763305036182792884, 0.6763305036182792884, 1.000000000000000000 ) ) 
 REPRESENTATION_ITEM ( '' )  );
#1264 = EDGE_CURVE ( 'NONE', #4577, #1841, #2632, .T. ) ;
#1265 = CARTESIAN_POINT ( 'NONE',  ( 3.200017939189510940, 8.000000000000000000, 0.000000000000000000 ) ) ;
#1266 = ORIENTED_EDGE ( 'NONE', *, *, #4252, .T. ) ;
#1267 = VERTEX_POINT ( 'NONE', #3 ) ;
#1268 = DIRECTION ( 'NONE',  ( 0.000000000000000000, -1.000000000000000000, 0.000000000000000000 ) ) ;
#1269 = EDGE_LOOP ( 'NONE', ( #3557, #1208, #4452, #4590 ) ) ;
#1270 = ADVANCED_FACE ( 'NONE', ( #2660 ), #4317, .T. ) ;
#1271 = CARTESIAN_POINT ( 'NONE',  ( 4.854999999999891180, 1.721248916810457219, -7.500000000000000000 ) ) ;
#1272 = EDGE_LOOP ( 'NONE', ( #1598, #4361, #2835, #3303 ) ) ;
#1273 = EDGE_CURVE ( 'NONE', #824, #3255, #4329, .T. ) ;
#1274 = CARTESIAN_POINT ( 'NONE',  ( 4.864463665927645231, 0.1225363191866256640, -7.875000000000098588 ) ) ;
#1275 = CARTESIAN_POINT ( 'NONE',  ( -6.300000000000000711, 1.000000000000000000, -7.500000000000000000 ) ) ;
#1276 = CARTESIAN_POINT ( 'NONE',  ( 6.300000000000000711, 0.3851141460153325591, 7.500000000000000000 ) ) ;
#1277 =( GEOMETRIC_REPRESENTATION_CONTEXT ( 3 ) GLOBAL_UNCERTAINTY_ASSIGNED_CONTEXT ( ( #24 ) ) GLOBAL_UNIT_ASSIGNED_CONTEXT ( ( #298, #268, #701 ) ) REPRESENTATION_CONTEXT ( 'NONE', 'WORKASPACE' ) );
#1278 = VERTEX_POINT ( 'NONE', #4752 ) ;
#1279 = VERTEX_POINT ( 'NONE', #31 ) ;
#1280 = CARTESIAN_POINT ( 'NONE',  ( -2.576624604172662369, 8.000000000000000000, -0.7073991214881107936 ) ) ;
#1281 = ORIENTED_EDGE ( 'NONE', *, *, #4007, .F. ) ;
#1282 = DIRECTION ( 'NONE',  ( 0.7071067811865514585, 0.000000000000000000, 0.7071067811865435759 ) ) ;
#1283 = DIRECTION ( 'NONE',  ( -1.000000000000000000, 0.000000000000000000, -0.000000000000000000 ) ) ;
#1284 = CARTESIAN_POINT ( 'NONE',  ( 6.300000000000000711, 8.000000000000000000, -9.500000000000001776 ) ) ;
#1285 = ORIENTED_EDGE ( 'NONE', *, *, #1160, .T. ) ;
#1286 = VERTEX_POINT ( 'NONE', #359 ) ;
#1287 = PLANE ( 'NONE',  #3712 ) ;
#1288 = EDGE_CURVE ( 'NONE', #2015, #238, #58, .T. ) ;
#1289 = ORIENTED_EDGE ( 'NONE', *, *, #1764, .T. ) ;
#1290 = EDGE_LOOP ( 'NONE', ( #1135, #3310, #629, #3536 ) ) ;
#1291 = CARTESIAN_POINT ( 'NONE',  ( 3.336894955876370084, 7.000000000000000000, -5.780000000000001137 ) ) ;
#1292 = VERTEX_POINT ( 'NONE', #1185 ) ;
#1293 =( NAMED_UNIT ( * ) SI_UNIT ( $, .STERADIAN. ) SOLID_ANGLE_UNIT ( ) );
#1294 = AXIS2_PLACEMENT_3D ( 'NONE', #1595, #2926, #4028 ) ;
#1295 = EDGE_CURVE ( 'NONE', #4038, #3146, #3391, .T. ) ;
#1296 = FILL_AREA_STYLE_COLOUR ( '', #4879 ) ;
#1297 = CARTESIAN_POINT ( 'NONE',  ( 2.576624604172656596, 8.000000000000000000, 0.7073991214881125700 ) ) ;
#1298 = ORIENTED_EDGE ( 'NONE', *, *, #3103, .F. ) ;
#1299 = ORIENTED_EDGE ( 'NONE', *, *, #3394, .T. ) ;
#1300 = CARTESIAN_POINT ( 'NONE',  ( -2.576624604172662369, 7.000000000000000000, -0.7073991214881109046 ) ) ;
#1301 = ORIENTED_EDGE ( 'NONE', *, *, #3174, .T. ) ;
#1302 = CARTESIAN_POINT ( 'NONE',  ( -6.300000000000000711, 8.000000000000000000, 9.500000000000000000 ) ) ;
#1303 = AXIS2_PLACEMENT_3D ( 'NONE', #4098, #4261, #4669 ) ;
#1304 = CARTESIAN_POINT ( 'NONE',  ( 1.526729004909567200, 8.000000000000000000, 7.099999999999999645 ) ) ;
#1305 = EDGE_CURVE ( 'NONE', #4002, #1243, #3425, .T. ) ;
#1306 = CARTESIAN_POINT ( 'NONE',  ( -8.673617379884035472E-16, 0.9999999999999995559, -7.620000000000033857 ) ) ;
#1307 = LINE ( 'NONE', #1983, #1446 ) ;
#1308 = ORIENTED_EDGE ( 'NONE', *, *, #257, .T. ) ;
#1309 = ORIENTED_EDGE ( 'NONE', *, *, #45, .T. ) ;
#1310 = ADVANCED_FACE ( 'NONE', ( #3402 ), #3418, .F. ) ;
#1311 = DIRECTION ( 'NONE',  ( 0.000000000000000000, 0.000000000000000000, -1.000000000000000000 ) ) ;
#1312 = ORIENTED_EDGE ( 'NONE', *, *, #3299, .F. ) ;
#1313 = DIRECTION ( 'NONE',  ( 0.000000000000000000, 0.8191520442889962395, -0.5735764363510397201 ) ) ;
#1314 = AXIS2_PLACEMENT_3D ( 'NONE', #952, #3986, #1338 ) ;
#1315 = PLANE ( 'NONE',  #3502 ) ;
#1316 = VECTOR ( 'NONE', #108, 1000.000000000000000 ) ;
#1317 = ORIENTED_EDGE ( 'NONE', *, *, #1348, .T. ) ;
#1318 = VERTEX_POINT ( 'NONE', #1857 ) ;
#1319 = ORIENTED_EDGE ( 'NONE', *, *, #4325, .F. ) ;
#1320 =( NAMED_UNIT ( * ) PLANE_ANGLE_UNIT ( ) SI_UNIT ( $, .RADIAN. ) );
#1321 = CARTESIAN_POINT ( 'NONE',  ( -2.333885448045789346, 7.000000000000000000, -0.6500000000000000222 ) ) ;
#1322 = ORIENTED_EDGE ( 'NONE', *, *, #1820, .T. ) ;
#1323 = ORIENTED_EDGE ( 'NONE', *, *, #2295, .F. ) ;
#1324 = VERTEX_POINT ( 'NONE', #1205 ) ;
#1325 = CARTESIAN_POINT ( 'NONE',  ( -4.753571136907178918, 0.2519492937722707659, -7.690179118299039551 ) ) ;
#1326 = DIRECTION ( 'NONE',  ( -0.000000000000000000, -1.000000000000000000, -0.000000000000000000 ) ) ;
#1327 = EDGE_CURVE ( 'NONE', #4171, #4919, #83, .T. ) ;
#1328 = LINE ( 'NONE', #3178, #1316 ) ;
#1329 = DIRECTION ( 'NONE',  ( 0.000000000000000000, 1.000000000000000000, -0.000000000000000000 ) ) ;
#1330 = ORIENTED_EDGE ( 'NONE', *, *, #3922, .T. ) ;
#1331 = ORIENTED_EDGE ( 'NONE', *, *, #3499, .T. ) ;
#1332 = CARTESIAN_POINT ( 'NONE',  ( 2.550017939189503480, 7.000000000000000000, -0.6500000000000000222 ) ) ;
#1333 = ORIENTED_EDGE ( 'NONE', *, *, #1422, .T. ) ;
#1334 = AXIS2_PLACEMENT_3D ( 'NONE', #4422, #2392, #2833 ) ;
#1335 = CARTESIAN_POINT ( 'NONE',  ( 3.673882993561314869, 7.000000000000000000, -5.827146911406196672 ) ) ;
#1336 = VERTEX_POINT ( 'NONE', #1139 ) ;
#1337 = ORIENTED_EDGE ( 'NONE', *, *, #1499, .F. ) ;
#1338 = DIRECTION ( 'NONE',  ( 0.000000000000000000, 0.000000000000000000, 1.000000000000000000 ) ) ;
#1339 = ORIENTED_EDGE ( 'NONE', *, *, #2831, .T. ) ;
#1340 = PLANE ( 'NONE',  #881 ) ;
#1341 = EDGE_CURVE ( 'NONE', #3001, #3255, #48, .T. ) ;
#1342 = CARTESIAN_POINT ( 'NONE',  ( -4.122725442988535605, 7.000000000000000000, -0.1250000000000000000 ) ) ;
#1343 = CARTESIAN_POINT ( 'NONE',  ( 2.367314854076395303, 8.000000000000000000, 0.6500000000000001332 ) ) ;
#1344 = DIRECTION ( 'NONE',  ( -0.000000000000000000, -1.000000000000000000, -0.000000000000000000 ) ) ;
#1345 = ORIENTED_EDGE ( 'NONE', *, *, #1877, .T. ) ;
#1346 = EDGE_LOOP ( 'NONE', ( #4184, #459, #3184, #3751 ) ) ;
#1347 = ORIENTED_EDGE ( 'NONE', *, *, #316, .T. ) ;
#1348 = EDGE_CURVE ( 'NONE', #4002, #1267, #1263, .T. ) ;
#1349 = CIRCLE ( 'NONE', #2673, 0.2549999999999392752 ) ;
#1350 = EDGE_LOOP ( 'NONE', ( #1589, #2742, #882, #1133 ) ) ;
#1351 = EDGE_CURVE ( 'NONE', #3358, #3971, #335, .T. ) ;
#1352 = EDGE_LOOP ( 'NONE', ( #4277, #2626, #3186, #974 ) ) ;
#1353 = ORIENTED_EDGE ( 'NONE', *, *, #1049, .F. ) ;
#1354 = PLANE ( 'NONE',  #2813 ) ;
#1355 = CARTESIAN_POINT ( 'NONE',  ( -3.673882993561319310, 8.000000000000000000, 7.100000000000000533 ) ) ;
#1356 = VECTOR ( 'NONE', #2473, 1000.000000000000000 ) ;
#1357 = CARTESIAN_POINT ( 'NONE',  ( 3.522408857683526406, -0.3909616617838694852, -7.100000000000000533 ) ) ;
#1358 = AXIS2_PLACEMENT_3D ( 'NONE', #4482, #4862, #214 ) ;
#1359 = ORIENTED_EDGE ( 'NONE', *, *, #1771, .T. ) ;
#1360 = VERTEX_POINT ( 'NONE', #862 ) ;
#1361 = CARTESIAN_POINT ( 'NONE',  ( -1.712242906716721080, 7.000000000000000000, -5.780000000000000249 ) ) ;
#1362 = ORIENTED_EDGE ( 'NONE', *, *, #1040, .F. ) ;
#1363 = DIRECTION ( 'NONE',  ( 0.000000000000000000, 1.000000000000000000, -0.000000000000000000 ) ) ;
#1364 = LINE ( 'NONE', #1237, #3037 ) ;
#1365 = ORIENTED_EDGE ( 'NONE', *, *, #3085, .T. ) ;
#1366 = ORIENTED_EDGE ( 'NONE', *, *, #4039, .T. ) ;
#1367 = AXIS2_PLACEMENT_3D ( 'NONE', #990, #120, #1754 ) ;
#1368 = DIRECTION ( 'NONE',  ( 0.000000000000000000, 0.000000000000000000, -1.000000000000000000 ) ) ;
#1369 = ORIENTED_EDGE ( 'NONE', *, *, #4168, .T. ) ;
#1370 = DIRECTION ( 'NONE',  ( -0.1391731009600655766, 0.000000000000000000, 0.9902680687415702510 ) ) ;
#1371 = CARTESIAN_POINT ( 'NONE',  ( 4.299999999999998934, 0.9999999999999995559, -9.500000000000001776 ) ) ;
#1372 = DIRECTION ( 'NONE',  ( -0.1391731009600656044, -0.000000000000000000, 0.9902680687415703620 ) ) ;
#1373 = VECTOR ( 'NONE', #2359, 1000.000000000000000 ) ;
#1374 = VERTEX_POINT ( 'NONE', #3112 ) ;
#1375 = ORIENTED_EDGE ( 'NONE', *, *, #3648, .T. ) ;
#1376 = VERTEX_POINT ( 'NONE', #1171 ) ;
#1377 = PRESENTATION_LAYER_ASSIGNMENT (  '', '', ( #3842 ) ) ;
#1378 = DIRECTION ( 'NONE',  ( -0.9902680687415703620, 0.000000000000000000, -0.1391731009600654656 ) ) ;
#1379 = EDGE_CURVE ( 'NONE', #820, #3818, #3991, .T. ) ;
#1380 = DIRECTION ( 'NONE',  ( 0.000000000000000000, 1.000000000000000000, 0.000000000000000000 ) ) ;
#1381 = DIRECTION ( 'NONE',  ( 1.000000000000000000, 0.000000000000000000, -0.000000000000000000 ) ) ;
#1382 = FACE_OUTER_BOUND ( 'NONE', #2649, .T. ) ;
#1383 = VERTEX_POINT ( 'NONE', #4708 ) ;
#1384 = EDGE_LOOP ( 'NONE', ( #737, #4103, #4641, #4780 ) ) ;
#1385 = ORIENTED_EDGE ( 'NONE', *, *, #871, .T. ) ;
#1386 = CARTESIAN_POINT ( 'NONE',  ( -5.080000000000002736, 1.721248916810457219, -7.620000000000002771 ) ) ;
#1387 = ADVANCED_FACE ( 'NONE', ( #4019 ), #3145, .F. ) ;
#1388 = EDGE_CURVE ( 'NONE', #507, #2015, #4056, .T. ) ;
#1389 = AXIS2_PLACEMENT_3D ( 'NONE', #3486, #123, #1283 ) ;
#1390 = CARTESIAN_POINT ( 'NONE',  ( 2.539999999999999147, -5.250000000000000000, 7.620000000000015206 ) ) ;
#1391 = VECTOR ( 'NONE', #973, 1000.000000000000000 ) ;
#1392 = CARTESIAN_POINT ( 'NONE',  ( 4.157860651664130103, 7.000000000000000000, -0.1250000000000000000 ) ) ;
#1393 = EDGE_LOOP ( 'NONE', ( #2987, #829, #1331, #1366 ) ) ;
#1394 = ORIENTED_EDGE ( 'NONE', *, *, #1134, .T. ) ;
#1395 = AXIS2_PLACEMENT_3D ( 'NONE', #3538, #4972, #793 ) ;
#1396 = CARTESIAN_POINT ( 'NONE',  ( -8.673617379884035472E-16, 0.9999999999999995559, 7.365000000000033076 ) ) ;
#1397 = ORIENTED_EDGE ( 'NONE', *, *, #1625, .F. ) ;
#1398 = DIRECTION ( 'NONE',  ( -0.000000000000000000, -0.000000000000000000, 1.000000000000000000 ) ) ;
#1399 = CARTESIAN_POINT ( 'NONE',  ( -2.539999999999945413, 0.9999999999999995559, 7.365000000000081037 ) ) ;
#1400 = FACE_OUTER_BOUND ( 'NONE', #1405, .T. ) ;
#1401 = EDGE_CURVE ( 'NONE', #685, #2897, #2377, .T. ) ;
#1402 = ORIENTED_EDGE ( 'NONE', *, *, #4144, .T. ) ;
#1403 = ORIENTED_EDGE ( 'NONE', *, *, #1737, .F. ) ;
#1404 = DIRECTION ( 'NONE',  ( 1.000000000000000000, 0.000000000000000000, -1.717841266356215627E-16 ) ) ;
#1405 = EDGE_LOOP ( 'NONE', ( #2628, #4873, #1173, #126 ) ) ;
#1406 = DIRECTION ( 'NONE',  ( -0.000000000000000000, 1.000000000000000000, 0.000000000000000000 ) ) ;
#1407 = DIRECTION ( 'NONE',  ( 0.000000000000000000, -0.000000000000000000, -1.000000000000000000 ) ) ;
#1408 = DIRECTION ( 'NONE',  ( 1.000000000000000000, 0.000000000000000000, 2.219950081975834626E-17 ) ) ;
#1409 = DIRECTION ( 'NONE',  ( 0.000000000000000000, 0.000000000000000000, 1.000000000000000000 ) ) ;
#1410 = DIRECTION ( 'NONE',  ( -0.000000000000000000, -1.000000000000000000, -0.000000000000000000 ) ) ;
#1411 = ORIENTED_EDGE ( 'NONE', *, *, #2638, .F. ) ;
#1412 = ORIENTED_EDGE ( 'NONE', *, *, #1622, .T. ) ;
#1413 = ADVANCED_FACE ( 'NONE', ( #4958 ), #1588, .T. ) ;
#1414 = AXIS2_PLACEMENT_3D ( 'NONE', #30, #2845, #3572 ) ;
#1415 = EDGE_CURVE ( 'NONE', #3312, #2922, #4858, .T. ) ;
#1416 = DIRECTION ( 'NONE',  ( -0.000000000000000000, -1.000000000000000000, -0.000000000000000000 ) ) ;
#1417 = ADVANCED_FACE ( 'NONE', ( #3166 ), #1610, .F. ) ;
#1418 = LINE ( 'NONE', #418, #3005 ) ;
#1419 = VERTEX_POINT ( 'NONE', #3471 ) ;
#1420 = ORIENTED_EDGE ( 'NONE', *, *, #4767, .F. ) ;
#1421 = DIRECTION ( 'NONE',  ( 0.000000000000000000, 0.000000000000000000, -1.000000000000000000 ) ) ;
#1422 = EDGE_CURVE ( 'NONE', #1448, #896, #1481, .T. ) ;
#1423 = CYLINDRICAL_SURFACE ( 'NONE', #269, 0.2549999999999384426 ) ;
#1424 = DIRECTION ( 'NONE',  ( 1.000000000000000000, 0.000000000000000000, -0.000000000000000000 ) ) ;
#1425 = ORIENTED_EDGE ( 'NONE', *, *, #4579, .F. ) ;
#1426 = EDGE_LOOP ( 'NONE', ( #2204, #2677, #547, #3949 ) ) ;
#1427 = ADVANCED_FACE ( 'NONE', ( #3172 ), #4267, .T. ) ;
#1428 = DIRECTION ( 'NONE',  ( 0.1391731009600656044, 0.000000000000000000, -0.9902680687415703620 ) ) ;
#1429 = FILL_AREA_STYLE ('',( #2519 ) ) ;
#1430 = MECHANICAL_DESIGN_GEOMETRIC_PRESENTATION_REPRESENTATION (  '', ( #3699 ), #812 ) ;
#1431 = EDGE_LOOP ( 'NONE', ( #2463, #4108, #2767, #4599 ) ) ;
#1432 = DIRECTION ( 'NONE',  ( 0.000000000000000000, -0.000000000000000000, 1.000000000000000000 ) ) ;
#1433 = ORIENTED_EDGE ( 'NONE', *, *, #1024, .F. ) ;
#1434 = DIRECTION ( 'NONE',  ( 1.000000000000000000, 0.000000000000000000, -1.717841266356216367E-16 ) ) ;
#1435 = CARTESIAN_POINT ( 'NONE',  ( -3.108525283232020708, 7.000000000000000000, 0.000000000000000000 ) ) ;
#1436 = CARTESIAN_POINT ( 'NONE',  ( 3.336894955876370084, 8.000000000000000000, -5.780000000000001137 ) ) ;
#1437 = DIRECTION ( 'NONE',  ( -0.7071067811865515695, -0.000000000000000000, -0.7071067811865435759 ) ) ;
#1438 = EDGE_CURVE ( 'NONE', #1279, #4139, #3311, .T. ) ;
#1439 = DIRECTION ( 'NONE',  ( -0.000000000000000000, -1.000000000000000000, -0.000000000000000000 ) ) ;
#1440 = FACE_OUTER_BOUND ( 'NONE', #3837, .T. ) ;
#1441 = AXIS2_PLACEMENT_3D ( 'NONE', #1445, #3049, #3356 ) ;
#1442 = ORIENTED_EDGE ( 'NONE', *, *, #263, .F. ) ;
#1443 = AXIS2_PLACEMENT_3D ( 'NONE', #4945, #2585, #276 ) ;
#1444 = CARTESIAN_POINT ( 'NONE',  ( -2.576624604172662369, -0.3909616617838694852, -0.7073991214881107936 ) ) ;
#1445 = CARTESIAN_POINT ( 'NONE',  ( 4.122725442988532052, -0.3909616617838694852, 0.1250000000000000000 ) ) ;
#1446 = VECTOR ( 'NONE', #3496, 1000.000000000000000 ) ;
#1447 = ORIENTED_EDGE ( 'NONE', *, *, #3394, .F. ) ;
#1448 = VERTEX_POINT ( 'NONE', #345 ) ;
#1449 = DIRECTION ( 'NONE',  ( -0.7071067811865522357, -0.7071067811865426878, -0.000000000000000000 ) ) ;
#1450 = AXIS2_PLACEMENT_3D ( 'NONE', #4356, #3930, #4713 ) ;
#1451 = UNCERTAINTY_MEASURE_WITH_UNIT (LENGTH_MEASURE( 1.000000000000000082E-05 ), #4736, 'distance_accuracy_value', 'NONE');
#1452 = ADVANCED_FACE ( 'NONE', ( #4912 ), #3216, .F. ) ;
#1453 = ADVANCED_FACE ( 'NONE', ( #4827 ), #191, .F. ) ;
#1454 = LINE ( 'NONE', #4824, #1479 ) ;
#1455 = CARTESIAN_POINT ( 'NONE',  ( 4.850000000000001421, 0.000000000000000000, -9.500000000000001776 ) ) ;
#1456 = VERTEX_POINT ( 'NONE', #1355 ) ;
#1457 = DIRECTION ( 'NONE',  ( -0.1391731009600654656, -0.000000000000000000, 0.9902680687415703620 ) ) ;
#1458 = ORIENTED_EDGE ( 'NONE', *, *, #2612, .T. ) ;
#1459 = STYLED_ITEM ( 'NONE', ( #4299 ), #2970 ) ;
#1460 = LINE ( 'NONE', #3018, #1471 ) ;
#1461 = EDGE_LOOP ( 'NONE', ( #722, #2413, #688, #1880 ) ) ;
#1462 = DIRECTION ( 'NONE',  ( -0.7071067811865522357, -0.7071067811865426878, 0.000000000000000000 ) ) ;
#1463 = FACE_OUTER_BOUND ( 'NONE', #4255, .T. ) ;
#1464 = EDGE_LOOP ( 'NONE', ( #2441, #4120, #986, #2428 ) ) ;
#1465 = ADVANCED_FACE ( 'NONE', ( #1463 ), #4820, .T. ) ;
#1466 = CARTESIAN_POINT ( 'NONE',  ( -3.305836058205425587, 7.000000000000000000, 0.1250000000000000000 ) ) ;
#1467 = MANIFOLD_SOLID_BREP ( 'Boss-Extrude3[3]', #3173 ) ;
#1468 = DIRECTION ( 'NONE',  ( -0.1391731009600654656, -0.000000000000000000, 0.9902680687415703620 ) ) ;
#1469 = CARTESIAN_POINT ( 'NONE',  ( 4.854999999999891180, 0.3851141460153323925, -7.500000000000000000 ) ) ;
#1470 = CARTESIAN_POINT ( 'NONE',  ( 2.775461530176011937, 8.000000000000000000, -0.7073991214881119038 ) ) ;
#1471 = VECTOR ( 'NONE', #4451, 1000.000000000000000 ) ;
#1472 = STYLED_ITEM ( 'NONE', ( #620 ), #2429 ) ;
#1473 = ORIENTED_EDGE ( 'NONE', *, *, #3423, .F. ) ;
#1474 = COLOUR_RGB ( '',0.000000000000000000, 0.7529411764705882248, 0.000000000000000000 ) ;
#1475 = ORIENTED_EDGE ( 'NONE', *, *, #3593, .T. ) ;
#1476 = EDGE_CURVE ( 'NONE', #692, #892, #3296, .T. ) ;
#1477 = CARTESIAN_POINT ( 'NONE',  ( 6.300000000000000711, 0.3851141460153325591, 7.500000000000000000 ) ) ;
#1478 = DIRECTION ( 'NONE',  ( 0.000000000000000000, -0.000000000000000000, 1.000000000000000000 ) ) ;
#1479 = VECTOR ( 'NONE', #559, 1000.000000000000114 ) ;
#1480 = VERTEX_POINT ( 'NONE', #3243 ) ;
#1481 = LINE ( 'NONE', #4989, #4935 ) ;
#1482 = ORIENTED_EDGE ( 'NONE', *, *, #4297, .F. ) ;
#1483 = ORIENTED_EDGE ( 'NONE', *, *, #1773, .T. ) ;
#1484 = DIRECTION ( 'NONE',  ( 0.7882765718205376748, 0.000000000000000000, -0.6153210920477703016 ) ) ;
#1485 = LINE ( 'NONE', #3865, #1520 ) ;
#1486 = ORIENTED_EDGE ( 'NONE', *, *, #2418, .T. ) ;
#1487 = CARTESIAN_POINT ( 'NONE',  ( 4.157860651664130103, 8.000000000000000000, -0.1250000000000000000 ) ) ;
#1488 = FACE_OUTER_BOUND ( 'NONE', #2161, .T. ) ;
#1489 = VERTEX_POINT ( 'NONE', #4006 ) ;
#1490 = ORIENTED_EDGE ( 'NONE', *, *, #1773, .F. ) ;
#1491 = ADVANCED_FACE ( 'NONE', ( #1508 ), #3592, .F. ) ;
#1492 = CARTESIAN_POINT ( 'NONE',  ( 2.539999999999999147, -5.250000000000000000, -7.875000000000015987 ) ) ;
#1493 = ADVANCED_FACE ( 'NONE', ( #1515 ), #2512, .T. ) ;
#1494 = VECTOR ( 'NONE', #680, 1000.000000000000000 ) ;
#1495 = VERTEX_POINT ( 'NONE', #2477 ) ;
#1496 =( NAMED_UNIT ( * ) SI_UNIT ( $, .STERADIAN. ) SOLID_ANGLE_UNIT ( ) );
#1497 = ORIENTED_EDGE ( 'NONE', *, *, #4767, .T. ) ;
#1498 = ORIENTED_EDGE ( 'NONE', *, *, #2793, .F. ) ;
#1499 = EDGE_CURVE ( 'NONE', #3023, #3240, #3148, .T. ) ;
#1500 = PLANE ( 'NONE',  #3990 ) ;
#1501 = CARTESIAN_POINT ( 'NONE',  ( -3.673882993561319310, 7.000000000000000000, 5.827146911406196672 ) ) ;
#1502 = AXIS2_PLACEMENT_3D ( 'NONE', #1231, #412, #819 ) ;
#1503 = DIRECTION ( 'NONE',  ( -1.000000000000000000, -0.000000000000000000, -0.000000000000000000 ) ) ;
#1504 = CARTESIAN_POINT ( 'NONE',  ( -6.300000000000000711, 0.000000000000000000, 9.500000000000000000 ) ) ;
#1505 = LINE ( 'NONE', #4526, #2791 ) ;
#1506 = EDGE_LOOP ( 'NONE', ( #4532, #2275, #1674, #581, #2186 ) ) ;
#1507 = PRESENTATION_LAYER_ASSIGNMENT (  '', '', ( #157 ) ) ;
#1508 = FACE_OUTER_BOUND ( 'NONE', #1514, .T. ) ;
#1509 = ORIENTED_EDGE ( 'NONE', *, *, #4168, .F. ) ;
#1510 = ORIENTED_EDGE ( 'NONE', *, *, #3429, .F. ) ;
#1511 = CARTESIAN_POINT ( 'NONE',  ( -5.304999999999880700, 0.3851141460153325591, 7.500000000000000000 ) ) ;
#1512 = DIRECTION ( 'NONE',  ( -0.000000000000000000, 1.000000000000000000, -0.000000000000000000 ) ) ;
#1513 = APPLICATION_PROTOCOL_DEFINITION ( 'draft international standard', 'automotive_design', 1998, #1174 ) ;
#1514 = EDGE_LOOP ( 'NONE', ( #2631, #497, #1972, #2221, #969, #2717, #2527, #2591, #3253, #2196 ) ) ;
#1515 = FACE_OUTER_BOUND ( 'NONE', #4141, .T. ) ;
#1516 = EDGE_LOOP ( 'NONE', ( #3808, #4020, #4029, #4934, #4819 ) ) ;
#1517 = DIRECTION ( 'NONE',  ( 0.000000000000000000, -0.000000000000000000, 1.000000000000000000 ) ) ;
#1518 = CARTESIAN_POINT ( 'NONE',  ( 1.678203140787354553, 8.000000000000000000, 5.415573082559152596 ) ) ;
#1519 = CARTESIAN_POINT ( 'NONE',  ( 5.080000000000054250, -5.250000000000000000, 7.874999999999903189 ) ) ;
#1520 = VECTOR ( 'NONE', #835, 1000.000000000000000 ) ;
#1521 = ORIENTED_EDGE ( 'NONE', *, *, #4033, .T. ) ;
#1522 = DIRECTION ( 'NONE',  ( -0.1391731009600656044, 0.000000000000000000, 0.9902680687415703620 ) ) ;
#1523 = SURFACE_STYLE_FILL_AREA ( #135 ) ;
#1524 = EDGE_LOOP ( 'NONE', ( #2448, #2404, #2396, #4121 ) ) ;
#1525 = EDGE_CURVE ( 'NONE', #3524, #2748, #1627, .T. ) ;
#1526 = AXIS2_PLACEMENT_3D ( 'NONE', #198, #599, #1023 ) ;
#1527 = DIRECTION ( 'NONE',  ( 0.000000000000000000, -1.000000000000000000, 0.000000000000000000 ) ) ;
#1528 =( NAMED_UNIT ( * ) PLANE_ANGLE_UNIT ( ) SI_UNIT ( $, .RADIAN. ) );
#1529 = EDGE_CURVE ( 'NONE', #2490, #3395, #4943, .T. ) ;
#1530 = VECTOR ( 'NONE', #1210, 1000.000000000000114 ) ;
#1531 = VERTEX_POINT ( 'NONE', #3324 ) ;
#1532 = DIRECTION ( 'NONE',  ( -0.000000000000000000, -1.000000000000000000, -0.000000000000000000 ) ) ;
#1533 = ORIENTED_EDGE ( 'NONE', *, *, #1217, .F. ) ;
#1534 = DIRECTION ( 'NONE',  ( -1.000000000000000000, 0.000000000000000000, 0.000000000000000000 ) ) ;
#1535 = SURFACE_SIDE_STYLE ('',( #2688 ) ) ;
#1536 = AXIS2_PLACEMENT_3D ( 'NONE', #2784, #2817, #3088 ) ;
#1537 = EDGE_CURVE ( 'NONE', #2674, #3221, #1618, .T. ) ;
#1538 = ADVANCED_FACE ( 'NONE', ( #1488 ), #2047, .T. ) ;
#1539 = CARTESIAN_POINT ( 'NONE',  ( 3.673882993561314869, 7.000000000000000000, -7.100000000000000533 ) ) ;
#1540 = CARTESIAN_POINT ( 'NONE',  ( 1.712242906716723967, 8.000000000000000000, 5.779999999999999361 ) ) ;
#1541 = VECTOR ( 'NONE', #1449, 1000.000000000000114 ) ;
#1542 = MANIFOLD_SOLID_BREP ( 'Boss-Extrude2[5]', #2361 ) ;
#1543 = VERTEX_POINT ( 'NONE', #2232 ) ;
#1544 = ORIENTED_EDGE ( 'NONE', *, *, #1709, .T. ) ;
#1545 = DIRECTION ( 'NONE',  ( -0.000000000000000000, 1.000000000000000000, -0.000000000000000000 ) ) ;
#1546 = FILL_AREA_STYLE_COLOUR ( '', #3962 ) ;
#1547 = CARTESIAN_POINT ( 'NONE',  ( -4.299999999999998934, 0.9999999999999995559, -9.500000000000001776 ) ) ;
#1548 = CARTESIAN_POINT ( 'NONE',  ( 4.599999999999999645, 7.000000000000000000, 6.450000000000000178 ) ) ;
#1549 = VECTOR ( 'NONE', #2336, 1000.000000000000000 ) ;
#1550 = ORIENTED_EDGE ( 'NONE', *, *, #1617, .F. ) ;
#1551 = CARTESIAN_POINT ( 'NONE',  ( 1.678203140787354108, 7.000000000000000000, 7.100000000000000533 ) ) ;
#1552 = ORIENTED_EDGE ( 'NONE', *, *, #4788, .F. ) ;
#1553 = DIRECTION ( 'NONE',  ( 0.000000000000000000, 1.000000000000000000, 0.000000000000000000 ) ) ;
#1554 = CARTESIAN_POINT ( 'NONE',  ( 3.673882993561314869, 8.000000000000000000, -5.827146911406196672 ) ) ;
#1555 = CARTESIAN_POINT ( 'NONE',  ( 3.357860651664131169, 8.000000000000000000, -0.1249999999999990008 ) ) ;
#1556 = CARTESIAN_POINT ( 'NONE',  ( -2.333885448045789346, 7.000000000000000000, -0.6500000000000000222 ) ) ;
#1557 = LINE ( 'NONE', #1246, #4901 ) ;
#1558 = FACE_OUTER_BOUND ( 'NONE', #1980, .T. ) ;
#1559 = ORIENTED_EDGE ( 'NONE', *, *, #3909, .F. ) ;
#1560 = CARTESIAN_POINT ( 'NONE',  ( -8.673617379884035472E-16, -5.250000000000000000, -7.620000000000033857 ) ) ;
#1561 = DIRECTION ( 'NONE',  ( -0.000000000000000000, -0.000000000000000000, 1.000000000000000000 ) ) ;
#1562 = CARTESIAN_POINT ( 'NONE',  ( 5.406428863092851422, 0.2519492937722398462, -7.690179118299083072 ) ) ;
#1563 = VECTOR ( 'NONE', #4545, 1000.000000000000114 ) ;
#1564 = ORIENTED_EDGE ( 'NONE', *, *, #3456, .T. ) ;
#1565 = EDGE_CURVE ( 'NONE', #3204, #4346, #3235, .T. ) ;
#1566 = DIRECTION ( 'NONE',  ( 1.000000000000000000, 0.000000000000000000, -0.000000000000000000 ) ) ;
#1567 = DIRECTION ( 'NONE',  ( -0.1391731009600656044, 0.000000000000000000, 0.9902680687415703620 ) ) ;
#1568 = AXIS2_PLACEMENT_3D ( 'NONE', #3921, #781, #4796 ) ;
#1569 = DIRECTION ( 'NONE',  ( -0.000000000000000000, 1.000000000000000000, -0.000000000000000000 ) ) ;
#1570 = CARTESIAN_POINT ( 'NONE',  ( -3.522408857683527295, 7.000000000000000000, 7.100000000000000533 ) ) ;
#1571 = CIRCLE ( 'NONE', #1395, 1.684426917440847493 ) ;
#1572 = ORIENTED_EDGE ( 'NONE', *, *, #27, .F. ) ;
#1573 = VECTOR ( 'NONE', #306, 1000.000000000000000 ) ;
#1574 = ORIENTED_EDGE ( 'NONE', *, *, #3759, .T. ) ;
#1575 = CARTESIAN_POINT ( 'NONE',  ( -6.300000000000000711, 0.3851141460153325591, 7.500000000000000000 ) ) ;
#1576 = CARTESIAN_POINT ( 'NONE',  ( -4.122725442988535605, 7.000000000000000000, -0.1250000000000000000 ) ) ;
#1577 = ADVANCED_FACE ( 'NONE', ( #1558 ), #7, .T. ) ;
#1578 = PLANE ( 'NONE',  #4773 ) ;
#1579 = VECTOR ( 'NONE', #749, 1000.000000000000000 ) ;
#1580 = ORIENTED_EDGE ( 'NONE', *, *, #2345, .F. ) ;
#1581 = ORIENTED_EDGE ( 'NONE', *, *, #3478, .T. ) ;
#1582 = CARTESIAN_POINT ( 'NONE',  ( 2.775461530176011937, 7.000000000000000000, -0.7073991214881119038 ) ) ;
#1583 = CARTESIAN_POINT ( 'NONE',  ( -5.079999999999946780, 1.721248916810457219, 7.620000000000037410 ) ) ;
#1584 = FACE_OUTER_BOUND ( 'NONE', #3264, .T. ) ;
#1585 = AXIS2_PLACEMENT_3D ( 'NONE', #1291, #4584, #3725 ) ;
#1586 = ORIENTED_EDGE ( 'NONE', *, *, #3537, .F. ) ;
#1587 = CARTESIAN_POINT ( 'NONE',  ( 2.539999999999999147, -5.250000000000000000, -7.620000000000015206 ) ) ;
#1588 = CYLINDRICAL_SURFACE ( 'NONE', #1653, 0.6500000000000003553 ) ;
#1589 = ORIENTED_EDGE ( 'NONE', *, *, #2208, .T. ) ;
#1590 = EDGE_CURVE ( 'NONE', #3908, #907, #3454, .T. ) ;
#1591 = DIRECTION ( 'NONE',  ( -0.7071067811865522357, 0.7071067811865426878, 0.000000000000000000 ) ) ;
#1592 = CARTESIAN_POINT ( 'NONE',  ( 5.079999999999945004, 0.9999999999999995559, -7.620000000000035634 ) ) ;
#1593 = CARTESIAN_POINT ( 'NONE',  ( -3.270700849529827980, 7.000000000000000000, -0.1249999999999990008 ) ) ;
#1594 = CARTESIAN_POINT ( 'NONE',  ( 3.357860651664131169, 7.000000000000000000, -0.1249999999999990008 ) ) ;
#1595 = CARTESIAN_POINT ( 'NONE',  ( 2.539999999999999147, -5.250000000000000000, -7.620000000000015206 ) ) ;
#1596 = VECTOR ( 'NONE', #569, 1000.000000000000000 ) ;
#1597 = CYLINDRICAL_SURFACE ( 'NONE', #3914, 1.684426917440847493 ) ;
#1598 = ORIENTED_EDGE ( 'NONE', *, *, #555, .T. ) ;
#1599 = EDGE_CURVE ( 'NONE', #2948, #1662, #1723, .T. ) ;
#1600 = DIRECTION ( 'NONE',  ( 0.000000000000000000, 1.000000000000000000, 0.000000000000000000 ) ) ;
#1601 = DIRECTION ( 'NONE',  ( 1.000000000000000000, -0.000000000000000000, -0.000000000000000000 ) ) ;
#1602 = CARTESIAN_POINT ( 'NONE',  ( -5.079999999999946780, 1.721248916810457219, 7.620000000000037410 ) ) ;
#1603 = FILL_AREA_STYLE_COLOUR ( '', #2991 ) ;
#1604 = VERTEX_POINT ( 'NONE', #4967 ) ;
#1605 = ORIENTED_EDGE ( 'NONE', *, *, #4711, .F. ) ;
#1606 = EDGE_CURVE ( 'NONE', #896, #820, #1758, .T. ) ;
#1607 = MANIFOLD_SOLID_BREP ( 'Boss-Extrude3[6]', #1184 ) ;
#1608 = DIRECTION ( 'NONE',  ( -0.000000000000000000, 1.000000000000000000, -0.000000000000000000 ) ) ;
#1609 = CARTESIAN_POINT ( 'NONE',  ( -2.333885448045789346, 8.000000000000000000, -0.6500000000000000222 ) ) ;
#1610 = CYLINDRICAL_SURFACE ( 'NONE', #2577, 0.2550000000000026135 ) ;
#1611 = ORIENTED_EDGE ( 'NONE', *, *, #630, .F. ) ;
#1612 = DIRECTION ( 'NONE',  ( -0.000000000000000000, -1.000000000000000000, -0.000000000000000000 ) ) ;
#1613 = CARTESIAN_POINT ( 'NONE',  ( -5.305000000000005045, 0.3851141460153323925, -7.500000000000000000 ) ) ;
#1614 = CARTESIAN_POINT ( 'NONE',  ( -4.850000000000001421, 0.000000000000000000, -9.500000000000001776 ) ) ;
#1615 = ADVANCED_FACE ( 'NONE', ( #1681 ), #2073, .F. ) ;
#1616 = PLANE ( 'NONE',  #1701 ) ;
#1617 = EDGE_CURVE ( 'NONE', #2393, #1267, #3370, .T. ) ;
#1618 = CIRCLE ( 'NONE', #4338, 0.2550000000000000044 ) ;
#1619 = ORIENTED_EDGE ( 'NONE', *, *, #1005, .T. ) ;
#1620 = CARTESIAN_POINT ( 'NONE',  ( -6.300000000000000711, 0.3851141460153323925, -7.500000000000000000 ) ) ;
#1621 = DIRECTION ( 'NONE',  ( 0.000000000000000000, 0.000000000000000000, 1.000000000000000000 ) ) ;
#1622 = EDGE_CURVE ( 'NONE', #387, #3056, #3381, .T. ) ;
#1623 = DIRECTION ( 'NONE',  ( 0.000000000000000000, 1.000000000000000000, 0.000000000000000000 ) ) ;
#1624 = DIRECTION ( 'NONE',  ( 0.000000000000000000, -1.000000000000000000, 0.000000000000000000 ) ) ;
#1625 = EDGE_CURVE ( 'NONE', #1286, #869, #3409, .T. ) ;
#1626 = VERTEX_POINT ( 'NONE', #2485 ) ;
#1627 = CIRCLE ( 'NONE', #1358, 0.2550000000000008926 ) ;
#1628 = ORIENTED_EDGE ( 'NONE', *, *, #1646, .F. ) ;
#1629 = DIRECTION ( 'NONE',  ( 0.000000000000000000, 0.000000000000000000, -1.000000000000000000 ) ) ;
#1630 = DIRECTION ( 'NONE',  ( -0.000000000000000000, 1.000000000000000000, 0.000000000000000000 ) ) ;
#1631 = DIRECTION ( 'NONE',  ( 1.000000000000000000, -0.000000000000000000, -0.000000000000000000 ) ) ;
#1632 = CARTESIAN_POINT ( 'NONE',  ( 1.678203140787354108, 8.000000000000000000, 7.100000000000000533 ) ) ;
#1633 = VERTEX_POINT ( 'NONE', #3626 ) ;
#1634 = LINE ( 'NONE', #799, #4998 ) ;
#1635 = ORIENTED_EDGE ( 'NONE', *, *, #4594, .F. ) ;
#1636 = STYLED_ITEM ( 'NONE', ( #2434 ), #2866 ) ;
#1637 = PLANE ( 'NONE',  #1218 ) ;
#1638 = CARTESIAN_POINT ( 'NONE',  ( -4.855000000000000426, 0.9999999999999995559, -7.500000000000000000 ) ) ;
#1639 = VERTEX_POINT ( 'NONE', #4435 ) ;
#1640 = CARTESIAN_POINT ( 'NONE',  ( 5.406428863092791026, 0.2519492937723058490, 7.690179118298990701 ) ) ;
#1641 = COLOUR_RGB ( '',0.7921568627450980005, 0.8196078431372548767, 0.9333333333333333481 ) ;
#1642 = ORIENTED_EDGE ( 'NONE', *, *, #3710, .F. ) ;
#1643 = CARTESIAN_POINT ( 'NONE',  ( 3.522408857683526406, 7.000000000000000000, -7.100000000000000533 ) ) ;
#1644 =( GEOMETRIC_REPRESENTATION_CONTEXT ( 3 ) GLOBAL_UNCERTAINTY_ASSIGNED_CONTEXT ( ( #182 ) ) GLOBAL_UNIT_ASSIGNED_CONTEXT ( ( #941, #2874, #3248 ) ) REPRESENTATION_CONTEXT ( 'NONE', 'WORKASPACE' ) );
#1645 = CARTESIAN_POINT ( 'NONE',  ( -4.157860651664134544, -0.3909616617838694852, 0.1250000000000004996 ) ) ;
#1646 = EDGE_CURVE ( 'NONE', #724, #1168, #63, .T. ) ;
#1647 = CARTESIAN_POINT ( 'NONE',  ( -5.079999999999946780, 0.9999999999999995559, 7.365000000000078373 ) ) ;
#1648 = VERTEX_POINT ( 'NONE', #2917 ) ;
#1649 = CARTESIAN_POINT ( 'NONE',  ( 5.079999999999945004, 0.9999999999999995559, -7.620000000000035634 ) ) ;
#1650 = VECTOR ( 'NONE', #2451, 1000.000000000000000 ) ;
#1651 = DIRECTION ( 'NONE',  ( 0.000000000000000000, 0.000000000000000000, 1.000000000000000000 ) ) ;
#1652 = CARTESIAN_POINT ( 'NONE',  ( -5.080000000000002736, 0.9999999999999995559, -7.620000000000002771 ) ) ;
#1653 = AXIS2_PLACEMENT_3D ( 'NONE', #2363, #4349, #1950 ) ;
#1654 = ADVANCED_FACE ( 'NONE', ( #52 ), #4018, .F. ) ;
#1655 = EDGE_CURVE ( 'NONE', #2074, #4575, #3460, .T. ) ;
#1656 = ORIENTED_EDGE ( 'NONE', *, *, #4671, .F. ) ;
#1657 = LINE ( 'NONE', #1276, #90 ) ;
#1658 = CARTESIAN_POINT ( 'NONE',  ( 1.526729004909567200, 7.000000000000000000, 7.099999999999999645 ) ) ;
#1659 = PLANE ( 'NONE',  #419 ) ;
#1660 = AXIS2_PLACEMENT_3D ( 'NONE', #1649, #4755, #122 ) ;
#1661 = DIRECTION ( 'NONE',  ( -0.1391731009600656044, -0.000000000000000000, 0.9902680687415703620 ) ) ;
#1662 = VERTEX_POINT ( 'NONE', #2753 ) ;
#1663 = DIRECTION ( 'NONE',  ( 0.000000000000000000, -0.000000000000000000, 1.000000000000000000 ) ) ;
#1664 = CARTESIAN_POINT ( 'NONE',  ( 2.367314854076395303, 7.000000000000000000, 0.6500000000000001332 ) ) ;
#1665 = EDGE_CURVE ( 'NONE', #1193, #1531, #4975, .T. ) ;
#1666 = SURFACE_SIDE_STYLE ('',( #1863 ) ) ;
#1667 = VERTEX_POINT ( 'NONE', #64 ) ;
#1668 = AXIS2_PLACEMENT_3D ( 'NONE', #3209, #3585, #3944 ) ;
#1669 =( NAMED_UNIT ( * ) PLANE_ANGLE_UNIT ( ) SI_UNIT ( $, .RADIAN. ) );
#1670 = EDGE_CURVE ( 'NONE', #767, #993, #1714, .T. ) ;
#1671 = CARTESIAN_POINT ( 'NONE',  ( -3.673882993561319310, 7.000000000000000000, 5.827146911406196672 ) ) ;
#1672 = AXIS2_PLACEMENT_3D ( 'NONE', #413, #1908, #821 ) ;
#1673 = CARTESIAN_POINT ( 'NONE',  ( 3.357860651664131169, 8.000000000000000000, -0.1249999999999990008 ) ) ;
#1674 = ORIENTED_EDGE ( 'NONE', *, *, #1938, .F. ) ;
#1675 = FILL_AREA_STYLE_COLOUR ( '', #2401 ) ;
#1676 = DIRECTION ( 'NONE',  ( 0.000000000000000000, 1.000000000000000000, 0.000000000000000000 ) ) ;
#1677 = DIRECTION ( 'NONE',  ( 0.000000000000000000, 0.000000000000000000, -1.000000000000000000 ) ) ;
#1678 = UNCERTAINTY_MEASURE_WITH_UNIT (LENGTH_MEASURE( 1.000000000000000082E-05 ), #442, 'distance_accuracy_value', 'NONE');
#1679 = DIRECTION ( 'NONE',  ( 0.000000000000000000, 0.000000000000000000, -1.000000000000000000 ) ) ;
#1680 = ORIENTED_EDGE ( 'NONE', *, *, #1962, .F. ) ;
#1681 = FACE_OUTER_BOUND ( 'NONE', #3102, .T. ) ;
#1682 = CARTESIAN_POINT ( 'NONE',  ( 3.336894955876370084, -0.3909616617838694852, -5.780000000000001137 ) ) ;
#1683 = DIRECTION ( 'NONE',  ( 0.000000000000000000, 0.000000000000000000, 1.000000000000000000 ) ) ;
#1684 = PRESENTATION_LAYER_ASSIGNMENT (  '', '', ( #1459 ) ) ;
#1685 = VECTOR ( 'NONE', #2881, 1000.000000000000000 ) ;
#1686 = DIRECTION ( 'NONE',  ( 0.000000000000000000, 1.000000000000000000, 0.000000000000000000 ) ) ;
#1687 = DIRECTION ( 'NONE',  ( -0.1391731009600651325, 0.000000000000000000, 0.9902680687415703620 ) ) ;
#1688 = CARTESIAN_POINT ( 'NONE',  ( -1.712242906716721080, 7.000000000000000000, -5.780000000000000249 ) ) ;
#1689 = VERTEX_POINT ( 'NONE', #1614 ) ;
#1690 = AXIS2_PLACEMENT_3D ( 'NONE', #271, #2982, #1409 ) ;
#1691 = CIRCLE ( 'NONE', #1536, 0.2550000000000000044 ) ;
#1692 =( LENGTH_UNIT ( ) NAMED_UNIT ( * ) SI_UNIT ( .MILLI., .METRE. ) );
#1693 = EDGE_CURVE ( 'NONE', #1096, #1045, #78, .T. ) ;
#1694 = CARTESIAN_POINT ( 'NONE',  ( -6.300000000000000711, 0.3851141460153325591, 7.500000000000000000 ) ) ;
#1695 = VECTOR ( 'NONE', #4775, 1000.000000000000000 ) ;
#1696 = CARTESIAN_POINT ( 'NONE',  ( -2.775461530176017710, 7.000000000000000000, 0.7073991214881127920 ) ) ;
#1697 = ORIENTED_EDGE ( 'NONE', *, *, #386, .F. ) ;
#1698 = PLANE ( 'NONE',  #1753 ) ;
#1699 = VECTOR ( 'NONE', #156, 1000.000000000000000 ) ;
#1700 = DIRECTION ( 'NONE',  ( -1.000000000000000000, -0.000000000000000000, -0.000000000000000000 ) ) ;
#1701 = AXIS2_PLACEMENT_3D ( 'NONE', #2274, #1999, #2847 ) ;
#1702 = ORIENTED_EDGE ( 'NONE', *, *, #170, .F. ) ;
#1703 =( BOUNDED_CURVE ( )  B_SPLINE_CURVE ( 3, ( #4319, #3449, #1274, #3864 ),
 .UNSPECIFIED., .F., .F. ) 
 B_SPLINE_CURVE_WITH_KNOTS ( ( 4, 4 ),
 ( 4.222431654130935463, 6.283185307179586232 ),
 .UNSPECIFIED. ) 
 CURVE ( )  GEOMETRIC_REPRESENTATION_ITEM ( )  RATIONAL_B_SPLINE_CURVE ( ( 1.000000000000000000, 0.6763305036183435703, 0.6763305036183435703, 1.000000000000000000 ) ) 
 REPRESENTATION_ITEM ( '' )  );
#1704 = EDGE_CURVE ( 'NONE', #3983, #1226, #97, .T. ) ;
#1705 = CARTESIAN_POINT ( 'NONE',  ( -3.108525283232020708, 8.000000000000000000, 0.000000000000000000 ) ) ;
#1706 = DIRECTION ( 'NONE',  ( 0.000000000000000000, 0.000000000000000000, 1.000000000000000000 ) ) ;
#1707 = VERTEX_POINT ( 'NONE', #3869 ) ;
#1708 = ORIENTED_EDGE ( 'NONE', *, *, #1742, .T. ) ;
#1709 = EDGE_CURVE ( 'NONE', #2867, #3350, #3421, .T. ) ;
#1710 = CARTESIAN_POINT ( 'NONE',  ( -2.516588533158897967, 7.000000000000000000, 0.6500000000000000222 ) ) ;
#1711 = VECTOR ( 'NONE', #1927, 1000.000000000000000 ) ;
#1712 = CARTESIAN_POINT ( 'NONE',  ( 4.934348763394843296, 7.000000000000000000, -5.650000000000000355 ) ) ;
#1713 = VERTEX_POINT ( 'NONE', #1892 ) ;
#1714 = LINE ( 'NONE', #2272, #3359 ) ;
#1715 = ORIENTED_EDGE ( 'NONE', *, *, #3126, .T. ) ;
#1716 = DIRECTION ( 'NONE',  ( -0.000000000000000000, -0.000000000000000000, 1.000000000000000000 ) ) ;
#1717 = EDGE_CURVE ( 'NONE', #1419, #4779, #3352, .T. ) ;
#1718 = DIRECTION ( 'NONE',  ( 0.000000000000000000, 0.000000000000000000, 1.000000000000000000 ) ) ;
#1719 = AXIS2_PLACEMENT_3D ( 'NONE', #2458, #1759, #2039 ) ;
#1720 = ADVANCED_FACE ( 'NONE', ( #36 ), #436, .F. ) ;
#1721 = ORIENTED_EDGE ( 'NONE', *, *, #2169, .F. ) ;
#1722 = CARTESIAN_POINT ( 'NONE',  ( 4.157860651664130103, 8.000000000000000000, -0.1250000000000000000 ) ) ;
#1723 = CIRCLE ( 'NONE', #4921, 0.2549999999999392752 ) ;
#1724 = FILL_AREA_STYLE_COLOUR ( '', #4082 ) ;
#1725 = ORIENTED_EDGE ( 'NONE', *, *, #561, .T. ) ;
#1726 = VECTOR ( 'NONE', #3093, 999.9999999999998863 ) ;
#1727 = PLANE ( 'NONE',  #2439 ) ;
#1728 = EDGE_LOOP ( 'NONE', ( #3530, #2417, #3633, #2386 ) ) ;
#1729 = DIRECTION ( 'NONE',  ( -0.7071067811865435759, 0.000000000000000000, 0.7071067811865514585 ) ) ;
#1730 = VECTOR ( 'NONE', #355, 1000.000000000000000 ) ;
#1731 = CARTESIAN_POINT ( 'NONE',  ( 0.000000000000000000, 6.999999999999996447, 0.000000000000000000 ) ) ;
#1732 = UNCERTAINTY_MEASURE_WITH_UNIT (LENGTH_MEASURE( 1.000000000000000082E-05 ), #3041, 'distance_accuracy_value', 'NONE');
#1733 = DIRECTION ( 'NONE',  ( -0.000000000000000000, -0.000000000000000000, 1.000000000000000000 ) ) ;
#1734 = CARTESIAN_POINT ( 'NONE',  ( 4.599999999999999645, 7.000000000000000000, 6.450000000000000178 ) ) ;
#1735 = VERTEX_POINT ( 'NONE', #4323 ) ;
#1736 = CIRCLE ( 'NONE', #3067, 0.2550000000000008926 ) ;
#1737 = EDGE_CURVE ( 'NONE', #3078, #753, #1736, .T. ) ;
#1738 = EDGE_LOOP ( 'NONE', ( #673, #1903, #1227, #1186, #2788 ) ) ;
#1739 = DIRECTION ( 'NONE',  ( -0.9902680687415703620, 0.000000000000000000, -0.1391731009600654378 ) ) ;
#1740 = CARTESIAN_POINT ( 'NONE',  ( -3.270700849529827980, 7.000000000000000000, -0.1249999999999990008 ) ) ;
#1741 = AXIS2_PLACEMENT_3D ( 'NONE', #3213, #2901, #219 ) ;
#1742 = EDGE_CURVE ( 'NONE', #2430, #2352, #1691, .T. ) ;
#1743 = CARTESIAN_POINT ( 'NONE',  ( -4.855000000000000426, 0.3851141460153323925, -7.500000000000000000 ) ) ;
#1744 = ADVANCED_FACE ( 'NONE', ( #3336 ), #3123, .T. ) ;
#1745 = ORIENTED_EDGE ( 'NONE', *, *, #1839, .T. ) ;
#1746 = CIRCLE ( 'NONE', #1414, 0.2550000000000633427 ) ;
#1747 = VERTEX_POINT ( 'NONE', #874 ) ;
#1748 = CARTESIAN_POINT ( 'NONE',  ( 2.775461530176011937, 8.000000000000000000, -0.7073991214881119038 ) ) ;
#1749 = DIRECTION ( 'NONE',  ( 0.000000000000000000, -0.000000000000000000, 1.000000000000000000 ) ) ;
#1750 = EDGE_CURVE ( 'NONE', #4057, #4765, #1657, .T. ) ;
#1751 = ORIENTED_EDGE ( 'NONE', *, *, #2072, .F. ) ;
#1752 = CIRCLE ( 'NONE', #354, 0.2550000000000633427 ) ;
#1753 = AXIS2_PLACEMENT_3D ( 'NONE', #879, #1406, #1757 ) ;
#1754 = DIRECTION ( 'NONE',  ( 0.000000000000000000, 0.000000000000000000, 1.000000000000000000 ) ) ;
#1755 = ADVANCED_FACE ( 'NONE', ( #4990 ), #4685, .T. ) ;
#1756 = ORIENTED_EDGE ( 'NONE', *, *, #4033, .F. ) ;
#1757 = DIRECTION ( 'NONE',  ( 0.000000000000000000, -0.000000000000000000, 1.000000000000000000 ) ) ;
#1758 = LINE ( 'NONE', #4071, #1699 ) ;
#1759 = DIRECTION ( 'NONE',  ( -0.000000000000000000, 1.000000000000000000, 0.000000000000000000 ) ) ;
#1761 = ORIENTED_EDGE ( 'NONE', *, *, #1341, .F. ) ;
#1760 = DIRECTION ( 'NONE',  ( -0.000000000000000000, -0.000000000000000000, 1.000000000000000000 ) ) ;
#1762 = DIRECTION ( 'NONE',  ( -0.000000000000000000, -1.000000000000000000, -0.000000000000000000 ) ) ;
#1763 =( NAMED_UNIT ( * ) PLANE_ANGLE_UNIT ( ) SI_UNIT ( $, .RADIAN. ) );
#1764 = EDGE_CURVE ( 'NONE', #3983, #2692, #1746, .T. ) ;
#1765 = EDGE_LOOP ( 'NONE', ( #81, #4959 ) ) ;
#1766 = CYLINDRICAL_SURFACE ( 'NONE', #797, 0.2550000000000000044 ) ;
#1767 = VERTEX_POINT ( 'NONE', #3961 ) ;
#1768 = CARTESIAN_POINT ( 'NONE',  ( 1.526729004909567200, 7.000000000000000000, 7.099999999999999645 ) ) ;
#1769 = CARTESIAN_POINT ( 'NONE',  ( -8.361332446101459740E-16, 1.721248916810457219, -7.365000000000033076 ) ) ;
#1770 = CARTESIAN_POINT ( 'NONE',  ( -6.300000000000000711, 8.000000000000000000, 9.500000000000000000 ) ) ;
#1771 = EDGE_CURVE ( 'NONE', #4093, #1226, #1752, .T. ) ;
#1772 = VECTOR ( 'NONE', #807, 1000.000000000000000 ) ;
#1773 = EDGE_CURVE ( 'NONE', #2692, #4093, #1634, .T. ) ;
#1774 = DIRECTION ( 'NONE',  ( 0.000000000000000000, -1.000000000000000000, 0.000000000000000000 ) ) ;
#1775 = FACE_OUTER_BOUND ( 'NONE', #3285, .T. ) ;
#1776 = VECTOR ( 'NONE', #846, 1000.000000000000000 ) ;
#1777 = EDGE_LOOP ( 'NONE', ( #1721, #935, #1082, #1745, #2260, #4988, #2815, #2229, #3439, #2211, #2574, #2890, #4524, #751, #1245, #250, #2509, #186, #647, #158, #4065, #2524 ) ) ;
#1778 = ADVANCED_FACE ( 'NONE', ( #3448 ), #3900, .F. ) ;
#1779 = EDGE_CURVE ( 'NONE', #4898, #3899, #104, .T. ) ;
#1780 = CARTESIAN_POINT ( 'NONE',  ( 2.775461530176011937, 7.000000000000000000, -0.7073991214881119038 ) ) ;
#1781 = DIRECTION ( 'NONE',  ( -0.7071067811865515695, -0.000000000000000000, -0.7071067811865435759 ) ) ;
#1782 = LINE ( 'NONE', #4726, #187 ) ;
#1783 = SURFACE_STYLE_USAGE ( .BOTH. , #3346 ) ;
#1784 = ORIENTED_EDGE ( 'NONE', *, *, #162, .F. ) ;
#1785 = CARTESIAN_POINT ( 'NONE',  ( 6.300000000000000711, 8.000000000000000000, 9.500000000000000000 ) ) ;
#1786 = CARTESIAN_POINT ( 'NONE',  ( 2.539999999999999147, 0.9999999999999995559, -7.365000000000015312 ) ) ;
#1787 = ADVANCED_FACE ( 'NONE', ( #3365 ), #1766, .T. ) ;
#1788 = ORIENTED_EDGE ( 'NONE', *, *, #1351, .T. ) ;
#1789 = FACE_OUTER_BOUND ( 'NONE', #2572, .T. ) ;
#1790 = EDGE_CURVE ( 'NONE', #3206, #3908, #117, .T. ) ;
#1791 = ORIENTED_EDGE ( 'NONE', *, *, #1327, .F. ) ;
#1792 = PLANE ( 'NONE',  #105 ) ;
#1793 = DIRECTION ( 'NONE',  ( 0.6733125477184713770, -0.000000000000000000, 0.7393579735722481949 ) ) ;
#1794 = DIRECTION ( 'NONE',  ( -0.000000000000000000, 1.000000000000000000, -0.000000000000000000 ) ) ;
#1795 = DIRECTION ( 'NONE',  ( -0.1391731009600654656, 0.000000000000000000, 0.9902680687415702510 ) ) ;
#1796 = VERTEX_POINT ( 'NONE', #4286 ) ;
#1797 = LINE ( 'NONE', #3131, #1834 ) ;
#1798 = MECHANICAL_DESIGN_GEOMETRIC_PRESENTATION_REPRESENTATION (  '', ( #25 ), #4817 ) ;
#1799 = ORIENTED_EDGE ( 'NONE', *, *, #1599, .F. ) ;
#1800 = VECTOR ( 'NONE', #1176, 1000.000000000000114 ) ;
#1801 = CARTESIAN_POINT ( 'NONE',  ( 6.300000000000000711, -1.734723475976807094E-15, -8.050000000000000711 ) ) ;
#1802 = DIRECTION ( 'NONE',  ( 0.6427876096865411393, -0.000000000000000000, 0.7660444431189765702 ) ) ;
#1803 = ORIENTED_EDGE ( 'NONE', *, *, #18, .F. ) ;
#1804 = PLANE ( 'NONE',  #546 ) ;
#1805 = ORIENTED_EDGE ( 'NONE', *, *, #3560, .T. ) ;
#1806 = LINE ( 'NONE', #1954, #181 ) ;
#1807 = AXIS2_PLACEMENT_3D ( 'NONE', #4732, #1600, #4392 ) ;
#1808 = CARTESIAN_POINT ( 'NONE',  ( 3.357860651664131169, 7.000000000000000000, -0.1249999999999990008 ) ) ;
#1809 = ADVANCED_FACE ( 'NONE', ( #3322 ), #1222, .F. ) ;
#1810 = ORIENTED_EDGE ( 'NONE', *, *, #2953, .F. ) ;
#1811 = DIRECTION ( 'NONE',  ( 0.7393579735722481949, 0.000000000000000000, -0.6733125477184713770 ) ) ;
#1812 = CYLINDRICAL_SURFACE ( 'NONE', #1303, 0.6500000000000003553 ) ;
#1813 = DIRECTION ( 'NONE',  ( 0.000000000000000000, 0.000000000000000000, -1.000000000000000000 ) ) ;
#1815 = ORIENTED_EDGE ( 'NONE', *, *, #3085, .F. ) ;
#1814 = DIRECTION ( 'NONE',  ( -0.000000000000000000, -1.000000000000000000, -0.000000000000000000 ) ) ;
#1816 = LINE ( 'NONE', #789, #168 ) ;
#1817 = DIRECTION ( 'NONE',  ( 0.000000000000000000, 1.000000000000000000, 0.000000000000000000 ) ) ;
#1818 = EDGE_CURVE ( 'NONE', #3054, #4514, #143, .T. ) ;
#1819 = DIRECTION ( 'NONE',  ( 1.000000000000000000, 0.000000000000000000, -1.717841266356215627E-16 ) ) ;
#1820 = EDGE_CURVE ( 'NONE', #3206, #747, #1797, .T. ) ;
#1821 = EDGE_LOOP ( 'NONE', ( #3266, #1119, #2547, #4200 ) ) ;
#1822 = LINE ( 'NONE', #3783, #3491 ) ;
#1823 = STYLED_ITEM ( 'NONE', ( #611 ), #4380 ) ;
#1824 = SURFACE_STYLE_USAGE ( .BOTH. , #3998 ) ;
#1825 = ORIENTED_EDGE ( 'NONE', *, *, #4449, .T. ) ;
#1827 = FACE_OUTER_BOUND ( 'NONE', #1290, .T. ) ;
#1826 = DIRECTION ( 'NONE',  ( 1.000000000000000000, 0.000000000000000000, 2.219950081975834626E-17 ) ) ;
#1828 = CARTESIAN_POINT ( 'NONE',  ( -3.522408857683527295, -0.3909616617838694852, 7.100000000000000533 ) ) ;
#1829 = CARTESIAN_POINT ( 'NONE',  ( 1.526729004909567200, 8.000000000000000000, 7.099999999999999645 ) ) ;
#1830 = AXIS2_PLACEMENT_3D ( 'NONE', #1920, #3083, #3450 ) ;
#1831 = ADVANCED_FACE ( 'NONE', ( #3523 ), #1154, .T. ) ;
#1832 = CARTESIAN_POINT ( 'NONE',  ( -3.108525283232020708, -0.3909616617838694852, 0.000000000000000000 ) ) ;
#1833 = VERTEX_POINT ( 'NONE', #4333 ) ;
#1834 = VECTOR ( 'NONE', #3907, 1000.000000000000000 ) ;
#1835 = CIRCLE ( 'NONE', #3413, 0.2550000000000000044 ) ;
#1836 = ORIENTED_EDGE ( 'NONE', *, *, #2871, .F. ) ;
#1837 = LINE ( 'NONE', #4602, #192 ) ;
#1838 = PLANE ( 'NONE',  #226 ) ;
#1839 = EDGE_CURVE ( 'NONE', #3363, #1648, #1782, .T. ) ;
#1840 = DIRECTION ( 'NONE',  ( 0.000000000000000000, -0.000000000000000000, 1.000000000000000000 ) ) ;
#1841 = VERTEX_POINT ( 'NONE', #325 ) ;
#1842 = LINE ( 'NONE', #2334, #155 ) ;
#1843 = CARTESIAN_POINT ( 'NONE',  ( -2.540000000000000480, 1.721248916810457219, -7.620000000000051621 ) ) ;
#1844 =( BOUNDED_CURVE ( )  B_SPLINE_CURVE ( 3, ( #3573, #4652, #65, #718 ),
 .UNSPECIFIED., .F., .F. ) 
 B_SPLINE_CURVE_WITH_KNOTS ( ( 4, 4 ),
 ( 4.222431654130955003, 6.283185307179586232 ),
 .UNSPECIFIED. ) 
 CURVE ( )  GEOMETRIC_REPRESENTATION_ITEM ( )  RATIONAL_B_SPLINE_CURVE ( ( 1.000000000000000000, 0.6763305036183491215, 0.6763305036183491215, 1.000000000000000000 ) ) 
 REPRESENTATION_ITEM ( '' )  );
#1845 = EDGE_LOOP ( 'NONE', ( #1337, #3046, #1952, #689 ) ) ;
#1846 =( NAMED_UNIT ( * ) SI_UNIT ( $, .STERADIAN. ) SOLID_ANGLE_UNIT ( ) );
#1847 = LINE ( 'NONE', #14, #165 ) ;
#1848 = DIRECTION ( 'NONE',  ( 0.000000000000000000, 1.000000000000000000, 0.000000000000000000 ) ) ;
#1850 = EDGE_LOOP ( 'NONE', ( #4222, #3107 ) ) ;
#1849 = DIRECTION ( 'NONE',  ( 0.000000000000000000, -0.000000000000000000, 1.000000000000000000 ) ) ;
#1851 = CARTESIAN_POINT ( 'NONE',  ( -3.522408857683527295, 8.000000000000000000, 7.100000000000000533 ) ) ;
#1852 =( GEOMETRIC_REPRESENTATION_CONTEXT ( 3 ) GLOBAL_UNCERTAINTY_ASSIGNED_CONTEXT ( ( #889 ) ) GLOBAL_UNIT_ASSIGNED_CONTEXT ( ( #3495, #3466, #1201 ) ) REPRESENTATION_CONTEXT ( 'NONE', 'WORKASPACE' ) );
#1853 = EDGE_CURVE ( 'NONE', #3255, #4919, #237, .T. ) ;
#1854 = ADVANCED_FACE ( 'NONE', ( #245 ), #2316, .F. ) ;
#1855 = ORIENTED_EDGE ( 'NONE', *, *, #4639, .T. ) ;
#1856 = LINE ( 'NONE', #2689, #1913 ) ;
#1857 = CARTESIAN_POINT ( 'NONE',  ( 4.934348763394843296, 8.000000000000000000, -5.650000000000000355 ) ) ;
#1858 = CARTESIAN_POINT ( 'NONE',  ( -4.299999999999998934, 0.5499999999999944933, -9.500000000000001776 ) ) ;
#1859 = APPLICATION_PROTOCOL_DEFINITION ( 'draft international standard', 'automotive_design', 1998, #4970 ) ;
#1860 = ADVANCED_FACE ( 'NONE', ( #3575 ), #4937, .T. ) ;
#1861 = CARTESIAN_POINT ( 'NONE',  ( -4.157860651664134544, -0.3909616617838694852, 0.1250000000000004996 ) ) ;
#1862 = EDGE_LOOP ( 'NONE', ( #3002, #4870, #933, #4913, #1030 ) ) ;
#1863 = SURFACE_STYLE_FILL_AREA ( #4429 ) ;
#1864 = EDGE_LOOP ( 'NONE', ( #984, #4291, #2735, #4387 ) ) ;
#1865 = CARTESIAN_POINT ( 'NONE',  ( -3.346237331257823300, 7.000000000000000000, -5.650000000000000355 ) ) ;
#1866 = PLANE ( 'NONE',  #1083 ) ;
#1867 = DIRECTION ( 'NONE',  ( -0.000000000000000000, -1.000000000000000000, -0.000000000000000000 ) ) ;
#1868 = VECTOR ( 'NONE', #4404, 1000.000000000000000 ) ;
#1869 = CARTESIAN_POINT ( 'NONE',  ( -6.300000000000000711, 1.000000000000000000, 7.500000000000000000 ) ) ;
#1870 = ORIENTED_EDGE ( 'NONE', *, *, #2432, .T. ) ;
#1871 = EDGE_CURVE ( 'NONE', #3707, #2584, #172, .T. ) ;
#1872 = DIRECTION ( 'NONE',  ( -1.000000000000000000, 0.000000000000000000, 5.726254633542119439E-16 ) ) ;
#1873 = CARTESIAN_POINT ( 'NONE',  ( 4.464885853984662312, 0.3851141460153325591, -7.500000000000000000 ) ) ;
#1874 = AXIS2_PLACEMENT_3D ( 'NONE', #3238, #1979, #129 ) ;
#1875 = VERTEX_POINT ( 'NONE', #1132 ) ;
#1876 = FILL_AREA_STYLE ('',( #2730 ) ) ;
#1877 = EDGE_CURVE ( 'NONE', #669, #1324, #178, .T. ) ;
#1878 = CARTESIAN_POINT ( 'NONE',  ( 4.299999999999998934, 1.000000000000000000, 7.500000000000000000 ) ) ;
#1879 = VECTOR ( 'NONE', #3514, 1000.000000000000000 ) ;
#1880 = ORIENTED_EDGE ( 'NONE', *, *, #2806, .F. ) ;
#1881 = VECTOR ( 'NONE', #2759, 1000.000000000000114 ) ;
#1882 = CARTESIAN_POINT ( 'NONE',  ( -3.522408857683527295, 7.000000000000000000, 7.100000000000000533 ) ) ;
#1883 = ORIENTED_EDGE ( 'NONE', *, *, #170, .T. ) ;
#1884 = SURFACE_SIDE_STYLE ('',( #2189 ) ) ;
#1885 = PLANE ( 'NONE',  #2598 ) ;
#1886 = DIRECTION ( 'NONE',  ( -1.717841266356215627E-16, 0.000000000000000000, -1.000000000000000000 ) ) ;
#1887 = CIRCLE ( 'NONE', #2304, 0.2549999999999592593 ) ;
#1888 = DIRECTION ( 'NONE',  ( 0.1391731009600655766, 0.000000000000000000, -0.9902680687415702510 ) ) ;
#1889 = PLANE ( 'NONE',  #1238 ) ;
#1890 = ORIENTED_EDGE ( 'NONE', *, *, #940, .F. ) ;
#1891 = VECTOR ( 'NONE', #71, 1000.000000000000000 ) ;
#1892 = CARTESIAN_POINT ( 'NONE',  ( -4.850000000000002309, -1.734723475976807094E-15, 8.050000000000000711 ) ) ;
#1893 = ORIENTED_EDGE ( 'NONE', *, *, #2385, .T. ) ;
#1894 = UNCERTAINTY_MEASURE_WITH_UNIT (LENGTH_MEASURE( 1.000000000000000082E-05 ), #4600, 'distance_accuracy_value', 'NONE');
#1895 = ADVANCED_FACE ( 'NONE', ( #1789 ), #1812, .T. ) ;
#1896 = CARTESIAN_POINT ( 'NONE',  ( -6.300000000000000711, 8.000000000000000000, -9.500000000000001776 ) ) ;
#1897 = DIRECTION ( 'NONE',  ( -0.000000000000000000, 1.000000000000000000, -0.000000000000000000 ) ) ;
#1898 = LINE ( 'NONE', #1594, #3594 ) ;
#1899 = AXIS2_PLACEMENT_3D ( 'NONE', #4321, #750, #3053 ) ;
#1900 = VECTOR ( 'NONE', #3877, 1000.000000000000000 ) ;
#1901 = DIRECTION ( 'NONE',  ( 0.000000000000000000, 0.000000000000000000, 1.000000000000000000 ) ) ;
#1902 = LINE ( 'NONE', #1869, #3600 ) ;
#1903 = ORIENTED_EDGE ( 'NONE', *, *, #523, .T. ) ;
#1904 = PLANE ( 'NONE',  #1916 ) ;
#1905 = LINE ( 'NONE', #3487, #1900 ) ;
#1906 = PLANE ( 'NONE',  #3152 ) ;
#1907 = AXIS2_PLACEMENT_3D ( 'NONE', #2008, #4818, #3789 ) ;
#1909 = ORIENTED_EDGE ( 'NONE', *, *, #3338, .T. ) ;
#1908 = DIRECTION ( 'NONE',  ( -0.000000000000000000, 1.000000000000000000, 0.000000000000000000 ) ) ;
#1910 = EDGE_CURVE ( 'NONE', #3146, #3323, #1847, .T. ) ;
#1911 = DIRECTION ( 'NONE',  ( 0.000000000000000000, 1.000000000000000000, 0.000000000000000000 ) ) ;
#1912 = ORIENTED_EDGE ( 'NONE', *, *, #204, .T. ) ;
#1913 = VECTOR ( 'NONE', #4218, 1000.000000000000000 ) ;
#1914 = DIRECTION ( 'NONE',  ( -0.000000000000000000, 1.000000000000000000, -0.000000000000000000 ) ) ;
#1915 = ORIENTED_EDGE ( 'NONE', *, *, #2111, .T. ) ;
#1916 = AXIS2_PLACEMENT_3D ( 'NONE', #3399, #3739, #11 ) ;
#1917 = EDGE_CURVE ( 'NONE', #1360, #2870, #3547, .T. ) ;
#1918 = FACE_OUTER_BOUND ( 'NONE', #2671, .T. ) ;
#1919 = DIRECTION ( 'NONE',  ( 0.000000000000000000, 1.000000000000000000, 0.000000000000000000 ) ) ;
#1920 = CARTESIAN_POINT ( 'NONE',  ( -8.673617379884035472E-16, -5.250000000000000000, 7.620000000000033857 ) ) ;
#1921 = PLANE ( 'NONE',  #3558 ) ;
#1922 = ORIENTED_EDGE ( 'NONE', *, *, #1967, .F. ) ;
#1923 = LINE ( 'NONE', #3269, #3615 ) ;
#1924 = DIRECTION ( 'NONE',  ( -0.000000000000000000, -1.000000000000000000, -0.000000000000000000 ) ) ;
#1925 = ORIENTED_EDGE ( 'NONE', *, *, #2656, .T. ) ;
#1926 = EDGE_CURVE ( 'NONE', #4438, #238, #1822, .T. ) ;
#1927 = DIRECTION ( 'NONE',  ( -0.000000000000000000, -1.000000000000000000, -0.000000000000000000 ) ) ;
#1928 = CARTESIAN_POINT ( 'NONE',  ( 3.357860651664131169, 7.000000000000000000, -0.1249999999999990008 ) ) ;
#1929 = CARTESIAN_POINT ( 'NONE',  ( -5.080000000000002736, 0.9999999999999995559, -7.875000000000005329 ) ) ;
#1930 = VECTOR ( 'NONE', #4625, 1000.000000000000114 ) ;
#1931 = CARTESIAN_POINT ( 'NONE',  ( -6.300000000000000711, 1.000000000000000000, -7.500000000000000000 ) ) ;
#1932 = VECTOR ( 'NONE', #1380, 1000.000000000000000 ) ;
#1933 = CARTESIAN_POINT ( 'NONE',  ( -6.300000000000000711, 1.000000000000000000, -7.500000000000000000 ) ) ;
#1934 = CARTESIAN_POINT ( 'NONE',  ( 4.299999999999998934, 0.5499999999999944933, -9.500000000000001776 ) ) ;
#1935 = ORIENTED_EDGE ( 'NONE', *, *, #2549, .F. ) ;
#1936 = ADVANCED_FACE ( 'NONE', ( #3516 ), #2225, .T. ) ;
#1937 = FACE_BOUND ( 'NONE', #4104, .T. ) ;
#1938 = EDGE_CURVE ( 'NONE', #4151, #3212, #3473, .T. ) ;
#1939 = MECHANICAL_DESIGN_GEOMETRIC_PRESENTATION_REPRESENTATION (  '', ( #578 ), #633 ) ;
#1940 = VECTOR ( 'NONE', #843, 1000.000000000000000 ) ;
#1941 = PLANE ( 'NONE',  #4981 ) ;
#1942 = CARTESIAN_POINT ( 'NONE',  ( 2.539999999999999147, 0.9999999999999995559, 7.620000000000015206 ) ) ;
#1944 = VERTEX_POINT ( 'NONE', #1436 ) ;
#1943 = DIRECTION ( 'NONE',  ( 1.000000000000000000, 0.000000000000000000, 2.219950081975834626E-17 ) ) ;
#1945 = MECHANICAL_DESIGN_GEOMETRIC_PRESENTATION_REPRESENTATION (  '', ( #157 ), #4848 ) ;
#1946 = CARTESIAN_POINT ( 'NONE',  ( -6.300000000000000711, 0.3851141460153325591, 7.500000000000000000 ) ) ;
#1947 = FILL_AREA_STYLE ('',( #1603 ) ) ;
#1948 = LINE ( 'NONE', #2715, #3637 ) ;
#1949 = LINE ( 'NONE', #4064, #427 ) ;
#1950 = DIRECTION ( 'NONE',  ( 0.000000000000000000, 0.000000000000000000, 1.000000000000000000 ) ) ;
#1951 = EDGE_CURVE ( 'NONE', #845, #4515, #1856, .T. ) ;
#1952 = ORIENTED_EDGE ( 'NONE', *, *, #3462, .T. ) ;
#1953 = CARTESIAN_POINT ( 'NONE',  ( -5.080000000000002736, 1.721248916810457219, -7.620000000000002771 ) ) ;
#1954 = CARTESIAN_POINT ( 'NONE',  ( 2.576624604172656596, -0.3909616617838694852, 0.7073991214881125700 ) ) ;
#1955 = FACE_BOUND ( 'NONE', #3341, .T. ) ;
#1956 = DIRECTION ( 'NONE',  ( -1.000000000000000000, 0.000000000000000000, -0.000000000000000000 ) ) ;
#1957 = CARTESIAN_POINT ( 'NONE',  ( 3.673882993561314869, 7.000000000000000000, -5.827146911406196672 ) ) ;
#1958 = UNCERTAINTY_MEASURE_WITH_UNIT (LENGTH_MEASURE( 1.000000000000000082E-05 ), #921, 'distance_accuracy_value', 'NONE');
#1959 = FACE_OUTER_BOUND ( 'NONE', #2876, .T. ) ;
#1960 = LINE ( 'NONE', #1258, #2134 ) ;
#1961 = ORIENTED_EDGE ( 'NONE', *, *, #2882, .F. ) ;
#1962 = EDGE_CURVE ( 'NONE', #1713, #4306, #1837, .T. ) ;
#1963 = DIRECTION ( 'NONE',  ( -0.000000000000000000, 1.000000000000000000, 0.000000000000000000 ) ) ;
#1964 = VECTOR ( 'NONE', #1826, 1000.000000000000000 ) ;
#1965 = AXIS2_PLACEMENT_3D ( 'NONE', #2669, #4748, #1180 ) ;
#1966 = CARTESIAN_POINT ( 'NONE',  ( -4.850000000000001421, 0.000000000000000000, -9.500000000000001776 ) ) ;
#1967 = EDGE_CURVE ( 'NONE', #782, #2709, #3498, .T. ) ;
#1968 = DIRECTION ( 'NONE',  ( -0.000000000000000000, 1.000000000000000000, -0.000000000000000000 ) ) ;
#1969 = VECTOR ( 'NONE', #594, 1000.000000000000000 ) ;
#1970 = VECTOR ( 'NONE', #4908, 1000.000000000000000 ) ;
#1971 = DIRECTION ( 'NONE',  ( -1.717841266356215627E-16, 0.000000000000000000, -1.000000000000000000 ) ) ;
#1972 = ORIENTED_EDGE ( 'NONE', *, *, #3852, .T. ) ;
#1973 = VECTOR ( 'NONE', #4506, 1000.000000000000000 ) ;
#1974 = FACE_OUTER_BOUND ( 'NONE', #4076, .T. ) ;
#1975 = VECTOR ( 'NONE', #441, 1000.000000000000000 ) ;
#1976 = LINE ( 'NONE', #3189, #466 ) ;
#1977 = LINE ( 'NONE', #1785, #3724 ) ;
#1978 = LINE ( 'NONE', #4810, #3659 ) ;
#1979 = DIRECTION ( 'NONE',  ( 1.253608761936366671E-15, 0.000000000000000000, 1.000000000000000000 ) ) ;
#1980 = EDGE_LOOP ( 'NONE', ( #1490, #54, #264, #3500 ) ) ;
#1981 = ADVANCED_FACE ( 'NONE', ( #159 ), #3979, .T. ) ;
#1982 = CARTESIAN_POINT ( 'NONE',  ( -4.157860651664134544, 7.000000000000000000, 0.1250000000000004996 ) ) ;
#1983 = CARTESIAN_POINT ( 'NONE',  ( 6.300000000000000711, 8.000000000000000000, -9.500000000000001776 ) ) ;
#1984 = AXIS2_PLACEMENT_3D ( 'NONE', #626, #3289, #1368 ) ;
#1985 = VECTOR ( 'NONE', #1457, 1000.000000000000000 ) ;
#1986 = VECTOR ( 'NONE', #4022, 1000.000000000000000 ) ;
#1987 = DIRECTION ( 'NONE',  ( -1.000000000000000000, 0.000000000000000000, -1.177063452450326228E-15 ) ) ;
#1988 = ORIENTED_EDGE ( 'NONE', *, *, #2743, .T. ) ;
#1989 = DIRECTION ( 'NONE',  ( 0.000000000000000000, 1.000000000000000000, 0.000000000000000000 ) ) ;
#1990 = VECTOR ( 'NONE', #430, 1000.000000000000000 ) ;
#1991 = CARTESIAN_POINT ( 'NONE',  ( 4.864463665927869052, 0.1225363191867636231, 7.874999999999902300 ) ) ;
#1992 = DIRECTION ( 'NONE',  ( 1.000000000000000000, -0.000000000000000000, -1.253608761936366671E-15 ) ) ;
#1993 = VECTOR ( 'NONE', #4169, 1000.000000000000114 ) ;
#1994 = LINE ( 'NONE', #1705, #2004 ) ;
#1995 = FACE_OUTER_BOUND ( 'NONE', #4351, .T. ) ;
#1996 = DIRECTION ( 'NONE',  ( 0.000000000000000000, 0.8191520442889961284, 0.5735764363510399422 ) ) ;
#1997 = MECHANICAL_DESIGN_GEOMETRIC_PRESENTATION_REPRESENTATION (  '', ( #3842 ), #3640 ) ;
#1998 = VERTEX_POINT ( 'NONE', #905 ) ;
#1999 = DIRECTION ( 'NONE',  ( -0.9902680687415702510, 0.000000000000000000, -0.1391731009600656044 ) ) ;
#2000 = MANIFOLD_SOLID_BREP ( 'Boss-Extrude2[8]', #2521 ) ;
#2001 = DIRECTION ( 'NONE',  ( 0.1391731009600652158, 0.000000000000000000, -0.9902680687415703620 ) ) ;
#2002 = VECTOR ( 'NONE', #3562, 1000.000000000000000 ) ;
#2003 = LINE ( 'NONE', #1224, #3737 ) ;
#2004 = VECTOR ( 'NONE', #635, 1000.000000000000114 ) ;
#2005 = EDGE_CURVE ( 'NONE', #2870, #1689, #252, .T. ) ;
#2006 = DIRECTION ( 'NONE',  ( 0.1391731009600656321, -0.000000000000000000, -0.9902680687415702510 ) ) ;
#2007 = ORIENTED_EDGE ( 'NONE', *, *, #930, .F. ) ;
#2008 = CARTESIAN_POINT ( 'NONE',  ( -4.299999999999998934, 0.9999999999999995559, -9.500000000000001776 ) ) ;
#2009 = EDGE_CURVE ( 'NONE', #2692, #3983, #3583, .T. ) ;
#2010 = STYLED_ITEM ( 'NONE', ( #1221 ), #3286 ) ;
#2011 = LINE ( 'NONE', #2214, #327 ) ;
#2012 = LINE ( 'NONE', #4572, #3738 ) ;
#2013 = LINE ( 'NONE', #3371, #1986 ) ;
#2014 = CARTESIAN_POINT ( 'NONE',  ( -4.299999999999998934, 0.9999999999999995559, -9.500000000000001776 ) ) ;
#2015 = VERTEX_POINT ( 'NONE', #4367 ) ;
#2016 = DIRECTION ( 'NONE',  ( 0.000000000000000000, 0.000000000000000000, 1.000000000000000000 ) ) ;
#2017 = LINE ( 'NONE', #4034, #3662 ) ;
#2018 = SURFACE_STYLE_FILL_AREA ( #4867 ) ;
#2019 = FACE_OUTER_BOUND ( 'NONE', #1011, .T. ) ;
#2020 = VECTOR ( 'NONE', #2841, 1000.000000000000000 ) ;
#2021 = CIRCLE ( 'NONE', #77, 0.2549999999999592593 ) ;
#2022 = LINE ( 'NONE', #4463, #3674 ) ;
#2023 = DIRECTION ( 'NONE',  ( -1.000000000000000000, 0.000000000000000000, 0.000000000000000000 ) ) ;
#2024 = VERTEX_POINT ( 'NONE', #401 ) ;
#2025 = CARTESIAN_POINT ( 'NONE',  ( 2.576624604172656596, 7.000000000000000000, 0.7073991214881125700 ) ) ;
#2026 = ADVANCED_FACE ( 'NONE', ( #131 ), #4761, .F. ) ;
#2027 = CARTESIAN_POINT ( 'NONE',  ( -6.300000000000000711, -1.734723475976807094E-15, 8.050000000000000711 ) ) ;
#2028 = UNCERTAINTY_MEASURE_WITH_UNIT (LENGTH_MEASURE( 1.000000000000000082E-05 ), #2664, 'distance_accuracy_value', 'NONE');
#2029 = VECTOR ( 'NONE', #3015, 1000.000000000000000 ) ;
#2030 = DIRECTION ( 'NONE',  ( -0.1391731009600655766, 0.000000000000000000, 0.9902680687415702510 ) ) ;
#2031 = CARTESIAN_POINT ( 'NONE',  ( 4.299999999999998934, 0.5499999999999944933, 7.500000000000000000 ) ) ;
#2032 = LINE ( 'NONE', #3978, #2049 ) ;
#2033 = AXIS2_PLACEMENT_3D ( 'NONE', #2157, #75, #1629 ) ;
#2034 = DIRECTION ( 'NONE',  ( 0.000000000000000000, -0.000000000000000000, 1.000000000000000000 ) ) ;
#2035 = EDGE_LOOP ( 'NONE', ( #4707, #3091, #4220, #2408 ) ) ;
#2036 = EDGE_CURVE ( 'NONE', #2395, #2837, #1905, .T. ) ;
#2037 = CYLINDRICAL_SURFACE ( 'NONE', #3095, 0.2550000000000026135 ) ;
#2038 = DIRECTION ( 'NONE',  ( 1.000000000000000000, 0.000000000000000000, 0.000000000000000000 ) ) ;
#2039 = DIRECTION ( 'NONE',  ( 0.000000000000000000, 0.000000000000000000, 1.000000000000000000 ) ) ;
#2040 = FACE_OUTER_BOUND ( 'NONE', #3321, .T. ) ;
#2041 = VECTOR ( 'NONE', #1888, 1000.000000000000114 ) ;
#2042 = CIRCLE ( 'NONE', #1690, 0.2550000000000008926 ) ;
#2043 = CARTESIAN_POINT ( 'NONE',  ( -2.540000000000000480, 1.721248916810457219, -7.875000000000052403 ) ) ;
#2044 = ORIENTED_EDGE ( 'NONE', *, *, #3374, .F. ) ;
#2045 = AXIS2_PLACEMENT_3D ( 'NONE', #4388, #2023, #4800 ) ;
#2046 = LINE ( 'NONE', #3412, #2057 ) ;
#2047 = PLANE ( 'NONE',  #1907 ) ;
#2048 = FACE_OUTER_BOUND ( 'NONE', #2988, .T. ) ;
#2049 = VECTOR ( 'NONE', #4123, 1000.000000000000000 ) ;
#2050 = CYLINDRICAL_SURFACE ( 'NONE', #4373, 1.684426917440847493 ) ;
#2051 = VECTOR ( 'NONE', #236, 1000.000000000000000 ) ;
#2052 = DIRECTION ( 'NONE',  ( -0.000000000000000000, 1.000000000000000000, -0.000000000000000000 ) ) ;
#2053 = EDGE_LOOP ( 'NONE', ( #2237, #898, #1353, #2471 ) ) ;
#2054 = CARTESIAN_POINT ( 'NONE',  ( 2.367314854076395303, 8.000000000000000000, 0.6500000000000001332 ) ) ;
#2055 = AXIS2_PLACEMENT_3D ( 'NONE', #662, #3817, #4178 ) ;
#2056 = DIRECTION ( 'NONE',  ( 0.000000000000000000, 1.000000000000000000, 0.000000000000000000 ) ) ;
#2057 = VECTOR ( 'NONE', #1140, 999.9999999999998863 ) ;
#2058 = LINE ( 'NONE', #775, #414 ) ;
#2059 = VECTOR ( 'NONE', #4922, 1000.000000000000114 ) ;
#2060 = CIRCLE ( 'NONE', #2607, 0.2549999999999392752 ) ;
#2061 = VECTOR ( 'NONE', #2532, 1000.000000000000114 ) ;
#2062 = DIRECTION ( 'NONE',  ( 1.717841266356216367E-16, -0.000000000000000000, 1.000000000000000000 ) ) ;
#2063 = ORIENTED_EDGE ( 'NONE', *, *, #3035, .T. ) ;
#2064 = DIRECTION ( 'NONE',  ( -0.000000000000000000, 1.000000000000000000, -0.000000000000000000 ) ) ;
#2065 = DIRECTION ( 'NONE',  ( -0.000000000000000000, 1.000000000000000000, -0.000000000000000000 ) ) ;
#2066 = SURFACE_STYLE_FILL_AREA ( #3219 ) ;
#2067 = EDGE_CURVE ( 'NONE', #4025, #962, #3622, .T. ) ;
#2068 = CARTESIAN_POINT ( 'NONE',  ( -1.526729004909564091, 8.000000000000000000, -7.100000000000000533 ) ) ;
#2069 = VECTOR ( 'NONE', #1434, 1000.000000000000000 ) ;
#2070 = DIRECTION ( 'NONE',  ( 0.000000000000000000, 0.000000000000000000, 1.000000000000000000 ) ) ;
#2071 = LINE ( 'NONE', #2494, #3757 ) ;
#2072 = EDGE_CURVE ( 'NONE', #4950, #782, #3610, .T. ) ;
#2073 = PLANE ( 'NONE',  #3239 ) ;
#2074 = VERTEX_POINT ( 'NONE', #4474 ) ;
#2075 = STYLED_ITEM ( 'NONE', ( #556 ), #4248 ) ;
#2076 = DIRECTION ( 'NONE',  ( -0.000000000000000000, -1.000000000000000000, -0.000000000000000000 ) ) ;
#2077 = FACE_BOUND ( 'NONE', #661, .T. ) ;
#2078 = EDGE_CURVE ( 'NONE', #4156, #1318, #1923, .T. ) ;
#2079 = DIRECTION ( 'NONE',  ( -0.000000000000000000, 1.000000000000000000, -0.000000000000000000 ) ) ;
#2080 = CARTESIAN_POINT ( 'NONE',  ( -1.526729004909564091, 8.000000000000000000, -7.100000000000000533 ) ) ;
#2081 = VECTOR ( 'NONE', #411, 1000.000000000000000 ) ;
#2082 = CIRCLE ( 'NONE', #4656, 1.684426917440847493 ) ;
#2083 = FACE_OUTER_BOUND ( 'NONE', #644, .T. ) ;
#2084 = CARTESIAN_POINT ( 'NONE',  ( 2.539999999999999147, -5.250000000000000000, 7.365000000000015312 ) ) ;
#2085 = EDGE_CURVE ( 'NONE', #2087, #4739, #272, .T. ) ;
#2086 = DIRECTION ( 'NONE',  ( 1.000000000000000000, 0.000000000000000000, 0.000000000000000000 ) ) ;
#2087 = VERTEX_POINT ( 'NONE', #2135 ) ;
#2088 = VECTOR ( 'NONE', #603, 1000.000000000000000 ) ;
#2089 = LINE ( 'NONE', #111, #451 ) ;
#2090 = DIRECTION ( 'NONE',  ( -0.1391731009600656044, 0.000000000000000000, 0.9902680687415703620 ) ) ;
#2091 = CYLINDRICAL_SURFACE ( 'NONE', #4928, 0.2549999999999384426 ) ;
#2092 = VECTOR ( 'NONE', #1567, 999.9999999999998863 ) ;
#2093 = CYLINDRICAL_SURFACE ( 'NONE', #3745, 0.2550000000000000044 ) ;
#2094 = DIRECTION ( 'NONE',  ( -1.000000000000000000, 0.000000000000000000, -2.219950081975834626E-17 ) ) ;
#2095 = EDGE_LOOP ( 'NONE', ( #4355, #1073, #574, #2936, #4978 ) ) ;
#2096 = EDGE_CURVE ( 'NONE', #4759, #3187, #3483, .T. ) ;
#2097 = VECTOR ( 'NONE', #3701, 1000.000000000000000 ) ;
#2098 = DIRECTION ( 'NONE',  ( 0.000000000000000000, 0.000000000000000000, 1.000000000000000000 ) ) ;
#2099 = VECTOR ( 'NONE', #1512, 1000.000000000000000 ) ;
#2100 = FACE_OUTER_BOUND ( 'NONE', #1001, .T. ) ;
#2101 = LINE ( 'NONE', #1688, #3672 ) ;
#2102 = VECTOR ( 'NONE', #4074, 1000.000000000000000 ) ;
#2103 = UNCERTAINTY_MEASURE_WITH_UNIT (LENGTH_MEASURE( 1.000000000000000082E-05 ), #4467, 'distance_accuracy_value', 'NONE');
#2104 = DIRECTION ( 'NONE',  ( -1.000000000000000000, 0.000000000000000000, 0.000000000000000000 ) ) ;
#2105 = ORIENTED_EDGE ( 'NONE', *, *, #3513, .T. ) ;
#2106 = CARTESIAN_POINT ( 'NONE',  ( -5.305000000000005045, 0.9999999999999995559, -7.500000000000000000 ) ) ;
#2107 = CARTESIAN_POINT ( 'NONE',  ( 2.539999999999999147, 1.721248916810457219, -7.365000000000015312 ) ) ;
#2108 = DIRECTION ( 'NONE',  ( 0.000000000000000000, -1.000000000000000000, 0.000000000000000000 ) ) ;
#2109 = STYLED_ITEM ( 'NONE', ( #3254 ), #1542 ) ;
#2110 = CARTESIAN_POINT ( 'NONE',  ( -3.305836058205425587, 7.000000000000000000, 0.1250000000000000000 ) ) ;
#2111 = EDGE_CURVE ( 'NONE', #2674, #2143, #481, .T. ) ;
#2112 = LINE ( 'NONE', #3485, #455 ) ;
#2113 = FACE_OUTER_BOUND ( 'NONE', #4202, .T. ) ;
#2114 = ORIENTED_EDGE ( 'NONE', *, *, #4751, .T. ) ;
#2115 = FACE_OUTER_BOUND ( 'NONE', #4905, .T. ) ;
#2116 = DIRECTION ( 'NONE',  ( 0.000000000000000000, 0.000000000000000000, -1.000000000000000000 ) ) ;
#2117 = FACE_BOUND ( 'NONE', #3101, .T. ) ;
#2118 = PLANE ( 'NONE',  #3470 ) ;
#2119 = CARTESIAN_POINT ( 'NONE',  ( 3.673882993561314869, -0.3909616617838694852, -5.827146911406196672 ) ) ;
#2120 = SURFACE_STYLE_FILL_AREA ( #468 ) ;
#2121 = VECTOR ( 'NONE', #1219, 1000.000000000000000 ) ;
#2122 = FACE_OUTER_BOUND ( 'NONE', #4638, .T. ) ;
#2123 = VECTOR ( 'NONE', #1398, 1000.000000000000000 ) ;
#2124 = DIRECTION ( 'NONE',  ( 0.000000000000000000, 1.000000000000000000, 0.000000000000000000 ) ) ;
#2125 = CARTESIAN_POINT ( 'NONE',  ( 6.300000000000000711, 8.000000000000000000, 9.500000000000000000 ) ) ;
#2126 = CLOSED_SHELL ( 'NONE', ( #1465, #1270, #4938, #1387 ) ) ;
#2127 = LINE ( 'NONE', #4874, #2088 ) ;
#2128 = LINE ( 'NONE', #4390, #475 ) ;
#2129 = FILL_AREA_STYLE ('',( #4416 ) ) ;
#2130 = VECTOR ( 'NONE', #939, 1000.000000000000000 ) ;
#2131 = DIRECTION ( 'NONE',  ( -0.1391731009600654656, 0.000000000000000000, 0.9902680687415703620 ) ) ;
#2132 = EDGE_CURVE ( 'NONE', #3307, #863, #398, .T. ) ;
#2133 = CIRCLE ( 'NONE', #529, 0.2549999999999392752 ) ;
#2134 = VECTOR ( 'NONE', #3551, 1000.000000000000000 ) ;
#2135 = CARTESIAN_POINT ( 'NONE',  ( 3.346237331257818859, 7.000000000000000000, 5.649999999999999467 ) ) ;
#2136 = DIRECTION ( 'NONE',  ( 0.000000000000000000, 1.000000000000000000, 0.000000000000000000 ) ) ;
#2137 = ORIENTED_EDGE ( 'NONE', *, *, #1211, .T. ) ;
#2138 = PRESENTATION_STYLE_ASSIGNMENT (( #2684 ) ) ;
#2139 = FACE_OUTER_BOUND ( 'NONE', #2727, .T. ) ;
#2140 = CIRCLE ( 'NONE', #2846, 0.2550000000000008926 ) ;
#2141 = VECTOR ( 'NONE', #3512, 1000.000000000000000 ) ;
#2142 = EDGE_CURVE ( 'NONE', #2074, #1456, #467, .T. ) ;
#2143 = VERTEX_POINT ( 'NONE', #1492 ) ;
#2144 = AXIS2_PLACEMENT_3D ( 'NONE', #1942, #2796, #3525 ) ;
#2145 = VECTOR ( 'NONE', #1255, 1000.000000000000000 ) ;
#2146 = EDGE_CURVE ( 'NONE', #1944, #1626, #365, .T. ) ;
#2147 = AXIS2_PLACEMENT_3D ( 'NONE', #4432, #4803, #539 ) ;
#2148 = DIRECTION ( 'NONE',  ( -0.000000000000000000, 1.000000000000000000, 0.000000000000000000 ) ) ;
#2149 = VECTOR ( 'NONE', #4164, 1000.000000000000000 ) ;
#2150 = LINE ( 'NONE', #856, #3957 ) ;
#2151 = EDGE_LOOP ( 'NONE', ( #3113, #1299 ) ) ;
#2152 = CARTESIAN_POINT ( 'NONE',  ( 4.122725442988532052, 8.000000000000000000, 0.1250000000000000000 ) ) ;
#2153 = ADVANCED_FACE ( 'NONE', ( #2113 ), #1838, .F. ) ;
#2154 = CARTESIAN_POINT ( 'NONE',  ( 4.122725442988532052, 7.000000000000000000, 0.1250000000000000000 ) ) ;
#2155 = EDGE_CURVE ( 'NONE', #3726, #3024, #1960, .T. ) ;
#2156 = VECTOR ( 'NONE', #2079, 1000.000000000000000 ) ;
#2157 = CARTESIAN_POINT ( 'NONE',  ( -1.678203140787359438, 8.000000000000000000, -5.415573082559153484 ) ) ;
#2158 = ADVANCED_FACE ( 'NONE', ( #3714 ), #4372, .T. ) ;
#2159 = DIRECTION ( 'NONE',  ( 0.000000000000000000, 0.000000000000000000, 1.000000000000000000 ) ) ;
#2160 = CARTESIAN_POINT ( 'NONE',  ( 4.850000000000001421, -8.673617379884035472E-16, 8.050000000000000711 ) ) ;
#2161 = EDGE_LOOP ( 'NONE', ( #2992, #2476 ) ) ;
#2162 = LINE ( 'NONE', #3185, #2296 ) ;
#2163 = EDGE_CURVE ( 'NONE', #3899, #4438, #3796, .T. ) ;
#2164 = CARTESIAN_POINT ( 'NONE',  ( -2.775461530176017710, 7.000000000000000000, 0.7073991214881127920 ) ) ;
#2165 = LINE ( 'NONE', #3884, #3776 ) ;
#2166 = VECTOR ( 'NONE', #1484, 1000.000000000000114 ) ;
#2167 = AXIS2_PLACEMENT_3D ( 'NONE', #4795, #4549, #106 ) ;
#2168 = ORIENTED_EDGE ( 'NONE', *, *, #1401, .T. ) ;
#2169 = EDGE_CURVE ( 'NONE', #3023, #2502, #3816, .T. ) ;
#2170 = CARTESIAN_POINT ( 'NONE',  ( -8.361332446101460726E-16, -5.250000000000000000, -7.365000000000033076 ) ) ;
#2171 = VECTOR ( 'NONE', #4863, 1000.000000000000000 ) ;
#2172 = UNCERTAINTY_MEASURE_WITH_UNIT (LENGTH_MEASURE( 1.000000000000000082E-05 ), #1692, 'distance_accuracy_value', 'NONE');
#2173 = ADVANCED_FACE ( 'NONE', ( #3665 ), #3543, .T. ) ;
#2174 = CARTESIAN_POINT ( 'NONE',  ( 0.000000000000000000, 8.000000000000000000, 0.000000000000000000 ) ) ;
#2175 = LINE ( 'NONE', #89, #3703 ) ;
#2176 = FACE_OUTER_BOUND ( 'NONE', #2368, .T. ) ;
#2177 = VERTEX_POINT ( 'NONE', #3935 ) ;
#2178 = CARTESIAN_POINT ( 'NONE',  ( 4.599999999999999645, 7.000000000000000000, 5.799999999999999822 ) ) ;
#2179 = MECHANICAL_DESIGN_GEOMETRIC_PRESENTATION_REPRESENTATION (  '', ( #4105 ), #285 ) ;
#2180 = DIRECTION ( 'NONE',  ( 0.000000000000000000, 1.000000000000000000, -0.000000000000000000 ) ) ;
#2181 = EDGE_CURVE ( 'NONE', #4171, #2702, #3647, .T. ) ;
#2182 = FACE_OUTER_BOUND ( 'NONE', #1272, .T. ) ;
#2183 = SURFACE_STYLE_USAGE ( .BOTH. , #1156 ) ;
#2184 = LINE ( 'NONE', #1254, #2191 ) ;
#2185 = FACE_OUTER_BOUND ( 'NONE', #3124, .T. ) ;
#2186 = ORIENTED_EDGE ( 'NONE', *, *, #346, .F. ) ;
#2187 = PRESENTATION_LAYER_ASSIGNMENT (  '', '', ( #4823 ) ) ;
#2188 = CARTESIAN_POINT ( 'NONE',  ( -3.522408857683527295, -0.3909616617838694852, 7.100000000000000533 ) ) ;
#2189 = SURFACE_STYLE_FILL_AREA ( #3533 ) ;
#2190 = PLANE ( 'NONE',  #207 ) ;
#2191 = VECTOR ( 'NONE', #286, 1000.000000000000000 ) ;
#2192 = DIRECTION ( 'NONE',  ( -0.9902680687415703620, 0.000000000000000000, -0.1391731009600656044 ) ) ;
#2193 = LINE ( 'NONE', #338, #551 ) ;
#2194 = DIRECTION ( 'NONE',  ( -1.000000000000000000, -0.000000000000000000, 1.717841266356215627E-16 ) ) ;
#2195 = CARTESIAN_POINT ( 'NONE',  ( 3.673882993561314869, 7.000000000000000000, -5.827146911406196672 ) ) ;
#2196 = ORIENTED_EDGE ( 'NONE', *, *, #228, .F. ) ;
#2197 = FACE_OUTER_BOUND ( 'NONE', #837, .T. ) ;
#2198 = EDGE_CURVE ( 'NONE', #4101, #2844, #301, .T. ) ;
#2199 = ADVANCED_FACE ( 'NONE', ( #3731 ), #4134, .T. ) ;
#2200 = LINE ( 'NONE', #2244, #2273 ) ;
#2201 = DIRECTION ( 'NONE',  ( -0.1391731009600654378, 0.000000000000000000, 0.9902680687415703620 ) ) ;
#2202 = CARTESIAN_POINT ( 'NONE',  ( -6.300000000000000711, 0.3851141460153325591, 7.500000000000000000 ) ) ;
#2203 = ADVANCED_FACE ( 'NONE', ( #3704 ), #3403, .F. ) ;
#2204 = ORIENTED_EDGE ( 'NONE', *, *, #2146, .F. ) ;
#2205 = DIRECTION ( 'NONE',  ( 0.000000000000000000, 0.000000000000000000, 1.000000000000000000 ) ) ;
#2206 = LINE ( 'NONE', #902, #3892 ) ;
#2207 = DIRECTION ( 'NONE',  ( 0.000000000000000000, -0.000000000000000000, 1.000000000000000000 ) ) ;
#2208 = EDGE_CURVE ( 'NONE', #238, #3960, #3657, .T. ) ;
#2209 = LINE ( 'NONE', #3548, #3896 ) ;
#2210 = LINE ( 'NONE', #4135, #3948 ) ;
#2211 = ORIENTED_EDGE ( 'NONE', *, *, #2520, .F. ) ;
#2212 = DIRECTION ( 'NONE',  ( 0.7071067811865515695, -0.000000000000000000, 0.7071067811865435759 ) ) ;
#2213 = AXIS2_PLACEMENT_3D ( 'NONE', #4383, #3214, #3947 ) ;
#2214 = CARTESIAN_POINT ( 'NONE',  ( 3.357860651664131169, -0.3909616617838694852, -0.1249999999999990008 ) ) ;
#2215 = VECTOR ( 'NONE', #3308, 1000.000000000000000 ) ;
#2216 = ADVANCED_FACE ( 'NONE', ( #2083 ), #2093, .T. ) ;
#2217 = DIRECTION ( 'NONE',  ( 0.000000000000000000, -0.000000000000000000, 1.000000000000000000 ) ) ;
#2218 = CARTESIAN_POINT ( 'NONE',  ( -2.576624604172662369, 7.000000000000000000, -0.7073991214881107936 ) ) ;
#2219 = LINE ( 'NONE', #575, #2240 ) ;
#2220 = FACE_OUTER_BOUND ( 'NONE', #4162, .T. ) ;
#2221 = ORIENTED_EDGE ( 'NONE', *, *, #3353, .F. ) ;
#2222 = SURFACE_SIDE_STYLE ('',( #473 ) ) ;
#2223 = CARTESIAN_POINT ( 'NONE',  ( 4.599999999999999645, 7.000000000000000000, 6.450000000000000178 ) ) ;
#2224 = VECTOR ( 'NONE', #3231, 1000.000000000000000 ) ;
#2225 = PLANE ( 'NONE',  #3298 ) ;
#2226 = CIRCLE ( 'NONE', #69, 0.6500000000000003553 ) ;
#2227 = CARTESIAN_POINT ( 'NONE',  ( -8.673617379884035472E-16, 1.721248916810457219, -7.620000000000033857 ) ) ;
#2228 = CARTESIAN_POINT ( 'NONE',  ( -2.516588533158897967, 8.000000000000000000, 0.6500000000000000222 ) ) ;
#2229 = ORIENTED_EDGE ( 'NONE', *, *, #2233, .F. ) ;
#2230 = EDGE_CURVE ( 'NONE', #4559, #1214, #3630, .T. ) ;
#2231 = AXIS2_PLACEMENT_3D ( 'NONE', #1554, #794, #2782 ) ;
#2232 = CARTESIAN_POINT ( 'NONE',  ( -3.270700849529827980, 8.000000000000000000, -0.1249999999999990008 ) ) ;
#2233 = EDGE_CURVE ( 'NONE', #1495, #4146, #2021, .T. ) ;
#2234 = LINE ( 'NONE', #2526, #586 ) ;
#2235 = DIRECTION ( 'NONE',  ( -0.000000000000000000, 1.000000000000000000, -0.000000000000000000 ) ) ;
#2236 = VECTOR ( 'NONE', #4080, 1000.000000000000227 ) ;
#2237 = ORIENTED_EDGE ( 'NONE', *, *, #4376, .T. ) ;
#2238 = VECTOR ( 'NONE', #3114, 1000.000000000000000 ) ;
#2239 = ADVANCED_FACE ( 'NONE', ( #3768 ), #4468, .T. ) ;
#2240 = VECTOR ( 'NONE', #2886, 1000.000000000000114 ) ;
#2241 = VECTOR ( 'NONE', #3555, 1000.000000000000000 ) ;
#2242 = ADVANCED_FACE ( 'NONE', ( #310 ), #384, .T. ) ;
#2243 = ORIENTED_EDGE ( 'NONE', *, *, #2096, .F. ) ;
#2244 = CARTESIAN_POINT ( 'NONE',  ( -2.333885448045789346, 8.000000000000000000, -0.6500000000000000222 ) ) ;
#2245 = VECTOR ( 'NONE', #2514, 1000.000000000000000 ) ;
#2246 = DIRECTION ( 'NONE',  ( 0.000000000000000000, -1.000000000000000000, 0.000000000000000000 ) ) ;
#2247 = DIRECTION ( 'NONE',  ( -0.000000000000000000, 1.000000000000000000, 0.000000000000000000 ) ) ;
#2248 = VECTOR ( 'NONE', #2344, 1000.000000000000000 ) ;
#2249 = EDGE_CURVE ( 'NONE', #2686, #847, #1949, .T. ) ;
#2250 = FACE_OUTER_BOUND ( 'NONE', #2611, .T. ) ;
#2251 = ORIENTED_EDGE ( 'NONE', *, *, #666, .T. ) ;
#2252 = FILL_AREA_STYLE ('',( #3430 ) ) ;
#2253 = LINE ( 'NONE', #592, #624 ) ;
#2254 = DIRECTION ( 'NONE',  ( -5.726254633542119439E-16, 0.000000000000000000, -1.000000000000000000 ) ) ;
#2255 = DIRECTION ( 'NONE',  ( 0.000000000000000000, 0.000000000000000000, 1.000000000000000000 ) ) ;
#2256 = VECTOR ( 'NONE', #4620, 1000.000000000000000 ) ;
#2257 = CARTESIAN_POINT ( 'NONE',  ( -2.516588533158897967, 7.000000000000000000, 0.6500000000000000222 ) ) ;
#2258 = CARTESIAN_POINT ( 'NONE',  ( -1.526729004909564091, 7.000000000000000000, -7.100000000000000533 ) ) ;
#2259 = EDGE_CURVE ( 'NONE', #4680, #3081, #1977, .T. ) ;
#2260 = ORIENTED_EDGE ( 'NONE', *, *, #2586, .T. ) ;
#2261 = CARTESIAN_POINT ( 'NONE',  ( -1.678203140787359438, 7.000000000000000000, -5.415573082559153484 ) ) ;
#2262 = LINE ( 'NONE', #1966, #2256 ) ;
#2263 = DIRECTION ( 'NONE',  ( 0.000000000000000000, -0.000000000000000000, 1.000000000000000000 ) ) ;
#2264 = LINE ( 'NONE', #2054, #2166 ) ;
#2265 = CLOSED_SHELL ( 'NONE', ( #1744, #2411, #4964, #3504, #1831, #3383, #2946 ) ) ;
#2266 = EDGE_CURVE ( 'NONE', #1127, #2931, #289, .T. ) ;
#2267 = CARTESIAN_POINT ( 'NONE',  ( -1.526729004909564091, -0.3909616617838694852, -7.100000000000000533 ) ) ;
#2268 = PLANE ( 'NONE',  #4442 ) ;
#2269 =( GEOMETRIC_REPRESENTATION_CONTEXT ( 3 ) GLOBAL_UNCERTAINTY_ASSIGNED_CONTEXT ( ( #2103 ) ) GLOBAL_UNIT_ASSIGNED_CONTEXT ( ( #4467, #4061, #2887 ) ) REPRESENTATION_CONTEXT ( 'NONE', 'WORKASPACE' ) );
#2270 = CARTESIAN_POINT ( 'NONE',  ( -4.299999999999998934, 1.000000000000000000, -7.500000000000000000 ) ) ;
#2271 = EDGE_CURVE ( 'NONE', #3279, #180, #2042, .T. ) ;
#2272 = CARTESIAN_POINT ( 'NONE',  ( -6.300000000000000711, 0.000000000000000000, 9.500000000000000000 ) ) ;
#2273 = VECTOR ( 'NONE', #4283, 1000.000000000000000 ) ;
#2274 = CARTESIAN_POINT ( 'NONE',  ( -1.712242906716721080, -0.3909616617838694852, -5.780000000000000249 ) ) ;
#2275 = ORIENTED_EDGE ( 'NONE', *, *, #3810, .F. ) ;
#2276 = DIRECTION ( 'NONE',  ( 1.000000000000000000, -0.000000000000000000, -1.253608761936366671E-15 ) ) ;
#2277 = VECTOR ( 'NONE', #2994, 999.9999999999998863 ) ;
#2278 = DIRECTION ( 'NONE',  ( 0.7660444431189765702, 0.000000000000000000, -0.6427876096865411393 ) ) ;
#2279 = EDGE_CURVE ( 'NONE', #4919, #4559, #321, .T. ) ;
#2280 = CARTESIAN_POINT ( 'NONE',  ( -2.540000000000000480, -5.250000000000000000, -7.620000000000051621 ) ) ;
#2281 = FACE_OUTER_BOUND ( 'NONE', #2879, .T. ) ;
#2282 = VECTOR ( 'NONE', #4702, 1000.000000000000000 ) ;
#2283 = ADVANCED_FACE ( 'NONE', ( #340 ), #3777, .F. ) ;
#2284 = EDGE_LOOP ( 'NONE', ( #4109, #838, #2990, #890 ) ) ;
#2285 = CARTESIAN_POINT ( 'NONE',  ( -8.673617379884035472E-16, -5.250000000000000000, 7.365000000000033076 ) ) ;
#2286 = CARTESIAN_POINT ( 'NONE',  ( -2.540000000000000480, 0.9999999999999995559, -7.875000000000052403 ) ) ;
#2287 = CARTESIAN_POINT ( 'NONE',  ( 3.346237331257818415, 8.000000000000000000, 5.649999999999999467 ) ) ;
#2288 = FACE_OUTER_BOUND ( 'NONE', #246, .T. ) ;
#2289 = CARTESIAN_POINT ( 'NONE',  ( -3.522408857683527295, 8.000000000000000000, 7.100000000000000533 ) ) ;
#2290 = FACE_OUTER_BOUND ( 'NONE', #1384, .T. ) ;
#2291 = DIRECTION ( 'NONE',  ( -0.000000000000000000, 0.5735764363510397201, 0.8191520442889962395 ) ) ;
#2292 = DIRECTION ( 'NONE',  ( 0.000000000000000000, -1.000000000000000000, 0.000000000000000000 ) ) ;
#2293 = ORIENTED_EDGE ( 'NONE', *, *, #3110, .F. ) ;
#2294 = AXIS2_PLACEMENT_3D ( 'NONE', #1592, #2315, #1621 ) ;
#2295 = EDGE_CURVE ( 'NONE', #4129, #4101, #3673, .T. ) ;
#2296 = VECTOR ( 'NONE', #4268, 1000.000000000000114 ) ;
#2297 = DIRECTION ( 'NONE',  ( -0.7071067811865436870, 0.000000000000000000, 0.7071067811865514585 ) ) ;
#2298 = LINE ( 'NONE', #3258, #2224 ) ;
#2299 = SURFACE_STYLE_USAGE ( .BOTH. , #1884 ) ;
#2300 = VECTOR ( 'NONE', #4113, 1000.000000000000000 ) ;
#2301 = CARTESIAN_POINT ( 'NONE',  ( -3.108525283232020708, 8.000000000000000000, 0.000000000000000000 ) ) ;
#2302 = ORIENTED_EDGE ( 'NONE', *, *, #3677, .T. ) ;
#2303 = CARTESIAN_POINT ( 'NONE',  ( -5.362627775081942438, -0.5126277750819345780, -8.782108335183918868 ) ) ;
#2304 = AXIS2_PLACEMENT_3D ( 'NONE', #801, #480, #397 ) ;
#2305 = LINE ( 'NONE', #2178, #3938 ) ;
#2306 = CARTESIAN_POINT ( 'NONE',  ( 3.200017939189510940, 7.000000000000000000, -1.084202172485504434E-16 ) ) ;
#2307 = EDGE_CURVE ( 'NONE', #1707, #3617, #449, .T. ) ;
#2308 = DIRECTION ( 'NONE',  ( -1.000000000000000000, -0.000000000000000000, -0.000000000000000000 ) ) ;
#2309 = LINE ( 'NONE', #4303, #2282 ) ;
#2310 = DIRECTION ( 'NONE',  ( 1.000000000000000000, -0.000000000000000000, 0.000000000000000000 ) ) ;
#2311 = EDGE_LOOP ( 'NONE', ( #1177, #4027, #4583, #531 ) ) ;
#2312 = DIRECTION ( 'NONE',  ( 0.000000000000000000, 0.000000000000000000, 1.000000000000000000 ) ) ;
#2313 = VECTOR ( 'NONE', #4045, 999.9999999999998863 ) ;
#2314 = EDGE_CURVE ( 'NONE', #1202, #3358, #328, .T. ) ;
#2315 = DIRECTION ( 'NONE',  ( -0.000000000000000000, 1.000000000000000000, 0.000000000000000000 ) ) ;
#2316 = PLANE ( 'NONE',  #2564 ) ;
#2317 = FACE_OUTER_BOUND ( 'NONE', #4136, .T. ) ;
#2318 = VERTEX_POINT ( 'NONE', #1072 ) ;
#2319 = EDGE_CURVE ( 'NONE', #4210, #824, #1994, .T. ) ;
#2320 = CARTESIAN_POINT ( 'NONE',  ( -3.673882993561319310, 8.000000000000000000, 5.827146911406196672 ) ) ;
#2321 = AXIS2_PLACEMENT_3D ( 'NONE', #745, #1416, #3752 ) ;
#2322 = ORIENTED_EDGE ( 'NONE', *, *, #1438, .T. ) ;
#2323 = DIRECTION ( 'NONE',  ( 0.000000000000000000, 1.000000000000000000, 0.000000000000000000 ) ) ;
#2324 = LINE ( 'NONE', #3153, #2374 ) ;
#2325 = DIRECTION ( 'NONE',  ( -1.000000000000000000, -0.000000000000000000, -0.000000000000000000 ) ) ;
#2326 = EDGE_CURVE ( 'NONE', #4896, #3054, #348, .T. ) ;
#2327 = CARTESIAN_POINT ( 'NONE',  ( -6.300000000000000711, 8.000000000000000000, 9.500000000000000000 ) ) ;
#2328 = ORIENTED_EDGE ( 'NONE', *, *, #1871, .F. ) ;
#2329 = MECHANICAL_DESIGN_GEOMETRIC_PRESENTATION_REPRESENTATION (  '', ( #3489 ), #53 ) ;
#2330 = EDGE_CURVE ( 'NONE', #2483, #2998, #2012, .T. ) ;
#2331 = EDGE_LOOP ( 'NONE', ( #858, #1050, #1552, #3197 ) ) ;
#2332 = DIRECTION ( 'NONE',  ( 0.000000000000000000, -0.000000000000000000, -1.000000000000000000 ) ) ;
#2333 = VECTOR ( 'NONE', #1992, 1000.000000000000000 ) ;
#2334 = CARTESIAN_POINT ( 'NONE',  ( -3.108525283232020708, 8.000000000000000000, 0.000000000000000000 ) ) ;
#2335 = ORIENTED_EDGE ( 'NONE', *, *, #4386, .T. ) ;
#2336 = DIRECTION ( 'NONE',  ( 0.000000000000000000, 1.000000000000000000, 0.000000000000000000 ) ) ;
#2337 = LINE ( 'NONE', #3129, #675 ) ;
#2338 = AXIS2_PLACEMENT_3D ( 'NONE', #4847, #4470, #3164 ) ;
#2339 = DIRECTION ( 'NONE',  ( -0.7882765718205382299, -0.000000000000000000, 0.6153210920477697465 ) ) ;
#2340 = DIRECTION ( 'NONE',  ( 0.000000000000000000, -0.5735764363510399422, 0.8191520442889961284 ) ) ;
#2341 = LINE ( 'NONE', #4684, #834 ) ;
#2342 = DIRECTION ( 'NONE',  ( 0.1391731009600656321, -0.000000000000000000, -0.9902680687415702510 ) ) ;
#2343 = VERTEX_POINT ( 'NONE', #1469 ) ;
#2344 = DIRECTION ( 'NONE',  ( -0.000000000000000000, 1.000000000000000000, -0.000000000000000000 ) ) ;
#2345 = EDGE_CURVE ( 'NONE', #4290, #692, #3749, .T. ) ;
#2346 = AXIS2_PLACEMENT_3D ( 'NONE', #3758, #1421, #4155 ) ;
#2347 = CARTESIAN_POINT ( 'NONE',  ( 5.080000000000054250, 0.9999999999999995559, 7.619999999999964579 ) ) ;
#2348 = DIRECTION ( 'NONE',  ( -0.000000000000000000, -1.000000000000000000, -0.000000000000000000 ) ) ;
#2349 = ORIENTED_EDGE ( 'NONE', *, *, #4666, .T. ) ;
#2350 = CARTESIAN_POINT ( 'NONE',  ( -2.576624604172662369, 7.000000000000000000, -0.7073991214881107936 ) ) ;
#2351 = VECTOR ( 'NONE', #26, 1000.000000000000227 ) ;
#2352 = VERTEX_POINT ( 'NONE', #2084 ) ;
#2353 = VECTOR ( 'NONE', #2212, 999.9999999999998863 ) ;
#2354 = DIRECTION ( 'NONE',  ( 1.000000000000000000, 0.000000000000000000, -0.000000000000000000 ) ) ;
#2355 = CARTESIAN_POINT ( 'NONE',  ( -6.300000000000000711, 1.000000000000000000, 7.500000000000000000 ) ) ;
#2356 = FACE_OUTER_BOUND ( 'NONE', #3490, .T. ) ;
#2357 = EDGE_CURVE ( 'NONE', #4464, #62, #2071, .T. ) ;
#2358 = DIRECTION ( 'NONE',  ( 0.000000000000000000, -1.000000000000000000, 0.000000000000000000 ) ) ;
#2359 = DIRECTION ( 'NONE',  ( -1.000000000000000000, 0.000000000000000000, 1.717841266356215627E-16 ) ) ;
#2360 = ORIENTED_EDGE ( 'NONE', *, *, #543, .F. ) ;
#2361 = CLOSED_SHELL ( 'NONE', ( #3357, #3687, #595, #628, #2608, #4447, #2593, #3658 ) ) ;
#2362 = VECTOR ( 'NONE', #1033, 1000.000000000000000 ) ;
#2363 = CARTESIAN_POINT ( 'NONE',  ( 4.599999999999999645, -0.3909616617838694852, 6.450000000000000178 ) ) ;
#2364 = CARTESIAN_POINT ( 'NONE',  ( 4.855000000000105231, 0.3851141460153325591, 7.500000000000000000 ) ) ;
#2365 = ADVANCED_FACE ( 'NONE', ( #3941 ), #3994, .T. ) ;
#2366 = FILL_AREA_STYLE_COLOUR ( '', #3794 ) ;
#2367 = EDGE_CURVE ( 'NONE', #2318, #3307, #2210, .T. ) ;
#2368 = EDGE_LOOP ( 'NONE', ( #470, #3769, #3301, #743 ) ) ;
#2369 = ORIENTED_EDGE ( 'NONE', *, *, #2882, .T. ) ;
#2370 = PRESENTATION_STYLE_ASSIGNMENT (( #1783 ) ) ;
#2371 = DIRECTION ( 'NONE',  ( -0.000000000000000000, 1.000000000000000000, -0.000000000000000000 ) ) ;
#2372 = DIRECTION ( 'NONE',  ( -0.000000000000000000, 1.000000000000000000, 0.000000000000000000 ) ) ;
#2373 = ORIENTED_EDGE ( 'NONE', *, *, #4893, .T. ) ;
#2374 = VECTOR ( 'NONE', #3510, 1000.000000000000000 ) ;
#2375 = CARTESIAN_POINT ( 'NONE',  ( -3.108525283232020708, 8.000000000000000000, 0.000000000000000000 ) ) ;
#2376 = VERTEX_POINT ( 'NONE', #210 ) ;
#2377 = LINE ( 'NONE', #3443, #1094 ) ;
#2378 = PRODUCT_RELATED_PRODUCT_CATEGORY ( 'part', '', ( #4176 ) ) ;
#2379 = CARTESIAN_POINT ( 'NONE',  ( -1.712242906716721080, -0.3909616617838694852, -5.780000000000000249 ) ) ;
#2380 = EDGE_LOOP ( 'NONE', ( #4706, #3055 ) ) ;
#2381 = CARTESIAN_POINT ( 'NONE',  ( -1.712242906716721080, 8.000000000000000000, -5.780000000000000249 ) ) ;
#2382 = CARTESIAN_POINT ( 'NONE',  ( -5.080000000000002736, 0.1225363191866917500, -7.875000000000005329 ) ) ;
#2383 = ORIENTED_EDGE ( 'NONE', *, *, #4106, .T. ) ;
#2384 = VERTEX_POINT ( 'NONE', #1105 ) ;
#2385 = EDGE_CURVE ( 'NONE', #1324, #1004, #545, .T. ) ;
#2386 = ORIENTED_EDGE ( 'NONE', *, *, #1188, .F. ) ;
#2387 = AXIS2_PLACEMENT_3D ( 'NONE', #68, #1968, #2312 ) ;
#2388 = CARTESIAN_POINT ( 'NONE',  ( 4.599999999999999645, 7.000000000000000000, 5.799999999999999822 ) ) ;
#2389 = AXIS2_PLACEMENT_3D ( 'NONE', #1386, #3682, #3361 ) ;
#2390 = LINE ( 'NONE', #141, #2409 ) ;
#2391 = CARTESIAN_POINT ( 'NONE',  ( 2.539999999999999147, -5.250000000000000000, -7.365000000000015312 ) ) ;
#2392 = DIRECTION ( 'NONE',  ( 0.000000000000000000, -1.000000000000000000, 0.000000000000000000 ) ) ;
#2393 = VERTEX_POINT ( 'NONE', #4815 ) ;
#2394 = LINE ( 'NONE', #94, #2444 ) ;
#2395 = VERTEX_POINT ( 'NONE', #149 ) ;
#2396 = ORIENTED_EDGE ( 'NONE', *, *, #1211, .F. ) ;
#2397 = ORIENTED_EDGE ( 'NONE', *, *, #2266, .T. ) ;
#2398 = CARTESIAN_POINT ( 'NONE',  ( -4.122725442988535605, 7.000000000000000000, -0.1250000000000000000 ) ) ;
#2399 = SURFACE_STYLE_FILL_AREA ( #1429 ) ;
#2400 = ORIENTED_EDGE ( 'NONE', *, *, #1348, .F. ) ;
#2401 = COLOUR_RGB ( '',0.7921568627450980005, 0.8196078431372548767, 0.9333333333333333481 ) ;
#2402 = ORIENTED_EDGE ( 'NONE', *, *, #4790, .T. ) ;
#2403 = DIRECTION ( 'NONE',  ( 0.000000000000000000, 1.000000000000000000, 0.000000000000000000 ) ) ;
#2404 = ORIENTED_EDGE ( 'NONE', *, *, #1910, .F. ) ;
#2405 = FACE_OUTER_BOUND ( 'NONE', #4628, .T. ) ;
#2406 = CARTESIAN_POINT ( 'NONE',  ( 4.157860651664130103, 7.000000000000000000, -0.1250000000000000000 ) ) ;
#2407 = DIRECTION ( 'NONE',  ( -5.726254633542118453E-16, 0.000000000000000000, -1.000000000000000000 ) ) ;
#2408 = ORIENTED_EDGE ( 'NONE', *, *, #294, .F. ) ;
#2409 = VECTOR ( 'NONE', #909, 1000.000000000000000 ) ;
#2410 = EDGE_CURVE ( 'NONE', #1214, #4210, #640, .T. ) ;
#2411 = ADVANCED_FACE ( 'NONE', ( #2220 ), #704, .T. ) ;
#2412 = CARTESIAN_POINT ( 'NONE',  ( -4.464885853984662312, 0.3851141460153320595, 7.500000000000001776 ) ) ;
#2413 = ORIENTED_EDGE ( 'NONE', *, *, #2314, .T. ) ;
#2414 =( GEOMETRIC_REPRESENTATION_CONTEXT ( 3 ) GLOBAL_UNCERTAINTY_ASSIGNED_CONTEXT ( ( #567 ) ) GLOBAL_UNIT_ASSIGNED_CONTEXT ( ( #405, #1528, #4126 ) ) REPRESENTATION_CONTEXT ( 'NONE', 'WORKASPACE' ) );
#2415 = CIRCLE ( 'NONE', #4059, 0.6500000000000003553 ) ;
#2416 = CARTESIAN_POINT ( 'NONE',  ( -2.775461530176017710, 8.000000000000000000, 0.7073991214881127920 ) ) ;
#2417 = ORIENTED_EDGE ( 'NONE', *, *, #2142, .T. ) ;
#2418 = EDGE_CURVE ( 'NONE', #4896, #1360, #587, .T. ) ;
#2419 = PLANE ( 'NONE',  #4552 ) ;
#2420 = LINE ( 'NONE', #2080, #2362 ) ;
#2421 = DIRECTION ( 'NONE',  ( -0.000000000000000000, -1.000000000000000000, -0.000000000000000000 ) ) ;
#2422 = ORIENTED_EDGE ( 'NONE', *, *, #4893, .F. ) ;
#2423 = SURFACE_STYLE_FILL_AREA ( #2843 ) ;
#2424 = UNCERTAINTY_MEASURE_WITH_UNIT (LENGTH_MEASURE( 1.000000000000000082E-05 ), #4597, 'distance_accuracy_value', 'NONE');
#2425 = ORIENTED_EDGE ( 'NONE', *, *, #492, .F. ) ;
#2426 = LINE ( 'NONE', #4632, #4181 ) ;
#2427 = CARTESIAN_POINT ( 'NONE',  ( -1.712242906716721080, 7.000000000000000000, -5.780000000000000249 ) ) ;
#2428 = ORIENTED_EDGE ( 'NONE', *, *, #469, .T. ) ;
#2429 = MANIFOLD_SOLID_BREP ( 'Boss-Extrude2[2]', #3177 ) ;
#2430 = VERTEX_POINT ( 'NONE', #456 ) ;
#2431 = VECTOR ( 'NONE', #518, 1000.000000000000000 ) ;
#2432 = EDGE_CURVE ( 'NONE', #2318, #4215, #488, .T. ) ;
#2433 = CARTESIAN_POINT ( 'NONE',  ( -3.108525283232020708, 7.000000000000000000, 0.000000000000000000 ) ) ;
#2434 = PRESENTATION_STYLE_ASSIGNMENT (( #3284 ) ) ;
#2435 = DIRECTION ( 'NONE',  ( -0.7071067811865515695, 0.000000000000000000, -0.7071067811865435759 ) ) ;
#2436 = ORIENTED_EDGE ( 'NONE', *, *, #940, .T. ) ;
#2437 = ORIENTED_EDGE ( 'NONE', *, *, #2249, .T. ) ;
#2438 = ORIENTED_EDGE ( 'NONE', *, *, #1305, .F. ) ;
#2439 = AXIS2_PLACEMENT_3D ( 'NONE', #2523, #4564, #1311 ) ;
#2440 =( LENGTH_UNIT ( ) NAMED_UNIT ( * ) SI_UNIT ( .MILLI., .METRE. ) );
#2441 = ORIENTED_EDGE ( 'NONE', *, *, #3110, .T. ) ;
#2442 = LINE ( 'NONE', #4781, #738 ) ;
#2443 = ORIENTED_EDGE ( 'NONE', *, *, #3333, .T. ) ;
#2444 = VECTOR ( 'NONE', #3291, 1000.000000000000000 ) ;
#2445 = SURFACE_STYLE_USAGE ( .BOTH. , #1666 ) ;
#2446 = ORIENTED_EDGE ( 'NONE', *, *, #2711, .F. ) ;
#2447 = DIRECTION ( 'NONE',  ( -0.7660444431189765702, 0.000000000000000000, 0.6427876096865411393 ) ) ;
#2448 = ORIENTED_EDGE ( 'NONE', *, *, #3993, .F. ) ;
#2449 = DIRECTION ( 'NONE',  ( 0.9902680687415703620, -0.000000000000000000, 0.1391731009600656044 ) ) ;
#2450 = EDGE_CURVE ( 'NONE', #4623, #917, #535, .T. ) ;
#2451 = DIRECTION ( 'NONE',  ( 1.000000000000000000, -0.000000000000000000, -0.000000000000000000 ) ) ;
#2452 = ORIENTED_EDGE ( 'NONE', *, *, #1099, .F. ) ;
#2453 = DIRECTION ( 'NONE',  ( 0.9902680687415703620, 0.000000000000000000, 0.1391731009600656321 ) ) ;
#2454 = ORIENTED_EDGE ( 'NONE', *, *, #855, .F. ) ;
#2455 = SURFACE_STYLE_FILL_AREA ( #955 ) ;
#2456 = CARTESIAN_POINT ( 'NONE',  ( -4.122725442988535605, 8.000000000000000000, -0.1250000000000000000 ) ) ;
#2457 = VERTEX_POINT ( 'NONE', #4263 ) ;
#2458 = CARTESIAN_POINT ( 'NONE',  ( -8.673617379884035472E-16, 0.9999999999999995559, 7.620000000000033857 ) ) ;
#2459 = FACE_OUTER_BOUND ( 'NONE', #2639, .T. ) ;
#2460 = EDGE_CURVE ( 'NONE', #2981, #4756, #2150, .T. ) ;
#2461 = CARTESIAN_POINT ( 'NONE',  ( 4.122725442988532052, 8.000000000000000000, 0.1250000000000000000 ) ) ;
#2462 = ORIENTED_EDGE ( 'NONE', *, *, #316, .F. ) ;
#2463 = ORIENTED_EDGE ( 'NONE', *, *, #1476, .T. ) ;
#2464 = VECTOR ( 'NONE', #914, 1000.000000000000000 ) ;
#2465 = CARTESIAN_POINT ( 'NONE',  ( -4.157860651664134544, 8.000000000000000000, 0.1250000000000004996 ) ) ;
#2466 = EDGE_CURVE ( 'NONE', #3323, #3281, #3876, .T. ) ;
#2467 = ORIENTED_EDGE ( 'NONE', *, *, #4505, .T. ) ;
#2468 = EDGE_LOOP ( 'NONE', ( #2814, #4342 ) ) ;
#2469 = CIRCLE ( 'NONE', #2868, 0.2549999999999592593 ) ;
#2470 = DIRECTION ( 'NONE',  ( 0.000000000000000000, -0.000000000000000000, 1.000000000000000000 ) ) ;
#2471 = ORIENTED_EDGE ( 'NONE', *, *, #2450, .T. ) ;
#2472 = DIRECTION ( 'NONE',  ( 0.000000000000000000, -0.000000000000000000, 1.000000000000000000 ) ) ;
#2473 = DIRECTION ( 'NONE',  ( -1.000000000000000000, -0.000000000000000000, 3.388131789017209368E-17 ) ) ;
#2474 = ORIENTED_EDGE ( 'NONE', *, *, #1617, .T. ) ;
#2475 = VECTOR ( 'NONE', #483, 1000.000000000000000 ) ;
#2476 = ORIENTED_EDGE ( 'NONE', *, *, #3094, .T. ) ;
#2477 = CARTESIAN_POINT ( 'NONE',  ( -5.304999999999880700, 0.9999999999999995559, 7.500000000000000000 ) ) ;
#2478 = ORIENTED_EDGE ( 'NONE', *, *, #3444, .T. ) ;
#2479 = SURFACE_SIDE_STYLE ('',( #498 ) ) ;
#2480 = VECTOR ( 'NONE', #4806, 1000.000000000000000 ) ;
#2481 = ORIENTED_EDGE ( 'NONE', *, *, #1049, .T. ) ;
#2482 = ORIENTED_EDGE ( 'NONE', *, *, #1693, .T. ) ;
#2483 = VERTEX_POINT ( 'NONE', #4219 ) ;
#2484 = CARTESIAN_POINT ( 'NONE',  ( 5.080000000000054250, 0.9999999999999995559, 7.619999999999964579 ) ) ;
#2485 = CARTESIAN_POINT ( 'NONE',  ( 3.522408857683526406, 8.000000000000000000, -7.100000000000000533 ) ) ;
#2486 = LINE ( 'NONE', #1275, #825 ) ;
#2487 = EDGE_CURVE ( 'NONE', #820, #2562, #3836, .T. ) ;
#2488 = CARTESIAN_POINT ( 'NONE',  ( 6.300000000000000711, 1.000000000000000000, -7.500000000000000000 ) ) ;
#2489 = ORIENTED_EDGE ( 'NONE', *, *, #4809, .T. ) ;
#2490 = VERTEX_POINT ( 'NONE', #4670 ) ;
#2491 = ORIENTED_EDGE ( 'NONE', *, *, #2925, .T. ) ;
#2492 = CARTESIAN_POINT ( 'NONE',  ( -5.079999999999946780, -5.250000000000000000, 7.365000000000078373 ) ) ;
#2493 = UNCERTAINTY_MEASURE_WITH_UNIT (LENGTH_MEASURE( 1.000000000000000082E-05 ), #2440, 'distance_accuracy_value', 'NONE');
#2494 = CARTESIAN_POINT ( 'NONE',  ( -5.080000000000002736, 1.721248916810457219, -7.875000000000005329 ) ) ;
#2495 = PLANE ( 'NONE',  #2929 ) ;
#2496 = AXIS2_PLACEMENT_3D ( 'NONE', #2261, #1608, #109 ) ;
#2497 = LINE ( 'NONE', #3542, #4157 ) ;
#2498 = AXIS2_PLACEMENT_3D ( 'NONE', #665, #3038, #336 ) ;
#2499 = ORIENTED_EDGE ( 'NONE', *, *, #4997, .F. ) ;
#2500 = FACE_OUTER_BOUND ( 'NONE', #4130, .T. ) ;
#2501 = ORIENTED_EDGE ( 'NONE', *, *, #989, .F. ) ;
#2502 = VERTEX_POINT ( 'NONE', #2798 ) ;
#2503 = VECTOR ( 'NONE', #33, 1000.000000000000114 ) ;
#2504 = CARTESIAN_POINT ( 'NONE',  ( -5.080000000000002736, 1.721248916810457219, -7.364999999999999325 ) ) ;
#2505 = ORIENTED_EDGE ( 'NONE', *, *, #4505, .F. ) ;
#2506 = FACE_OUTER_BOUND ( 'NONE', #2888, .T. ) ;
#2507 = AXIS2_PLACEMENT_3D ( 'NONE', #4932, #296, #333 ) ;
#2508 = CARTESIAN_POINT ( 'NONE',  ( 4.299999999999998934, 0.5499999999999944933, -9.500000000000001776 ) ) ;
#2509 = ORIENTED_EDGE ( 'NONE', *, *, #2326, .T. ) ;
#2510 = ADVANCED_FACE ( 'NONE', ( #3844 ), #2770, .F. ) ;
#2511 = ORIENTED_EDGE ( 'NONE', *, *, #2751, .T. ) ;
#2512 = PLANE ( 'NONE',  #431 ) ;
#2513 = ORIENTED_EDGE ( 'NONE', *, *, #275, .T. ) ;
#2514 = DIRECTION ( 'NONE',  ( -0.1391731009600654656, -0.000000000000000000, 0.9902680687415703620 ) ) ;
#2515 = LINE ( 'NONE', #474, #802 ) ;
#2516 = DIRECTION ( 'NONE',  ( 0.7660444431189765702, 0.000000000000000000, -0.6427876096865411393 ) ) ;
#2517 = ORIENTED_EDGE ( 'NONE', *, *, #3319, .F. ) ;
#2518 = COLOUR_RGB ( '',0.000000000000000000, 0.7529411764705882248, 0.000000000000000000 ) ;
#2519 = FILL_AREA_STYLE_COLOUR ( '', #679 ) ;
#2520 = EDGE_CURVE ( 'NONE', #4774, #2581, #2193, .T. ) ;
#2521 = CLOSED_SHELL ( 'NONE', ( #1895, #1413, #3831, #146 ) ) ;
#2522 = FACE_OUTER_BOUND ( 'NONE', #1728, .T. ) ;
#2523 = CARTESIAN_POINT ( 'NONE',  ( -6.300000000000000711, 8.000000000000000000, 9.500000000000000000 ) ) ;
#2524 = ORIENTED_EDGE ( 'NONE', *, *, #228, .T. ) ;
#2525 = EDGE_CURVE ( 'NONE', #3363, #4458, #3866, .T. ) ;
#2526 = CARTESIAN_POINT ( 'NONE',  ( 2.775461530176011937, 7.000000000000000000, -0.7073991214881119038 ) ) ;
#2527 = ORIENTED_EDGE ( 'NONE', *, *, #4152, .T. ) ;
#2528 = DIRECTION ( 'NONE',  ( -0.000000000000000000, 1.000000000000000000, -0.000000000000000000 ) ) ;
#2529 = VECTOR ( 'NONE', #3169, 1000.000000000000000 ) ;
#2530 = FACE_OUTER_BOUND ( 'NONE', #3799, .T. ) ;
#2531 = AXIS2_PLACEMENT_3D ( 'NONE', #2966, #3335, #3977 ) ;
#2532 = DIRECTION ( 'NONE',  ( 0.7882765718205376748, 0.000000000000000000, -0.6153210920477703016 ) ) ;
#2533 = EDGE_CURVE ( 'NONE', #2922, #4254, #2309, .T. ) ;
#2534 = CARTESIAN_POINT ( 'NONE',  ( -4.157860651664134544, 8.000000000000000000, 0.1250000000000004996 ) ) ;
#2535 = ORIENTED_EDGE ( 'NONE', *, *, #4585, .T. ) ;
#2536 = FACE_OUTER_BOUND ( 'NONE', #4738, .T. ) ;
#2537 = AXIS2_PLACEMENT_3D ( 'NONE', #2580, #273, #668 ) ;
#2538 = DIRECTION ( 'NONE',  ( -0.000000000000000000, -1.000000000000000000, -0.000000000000000000 ) ) ;
#2539 = ORIENTED_EDGE ( 'NONE', *, *, #469, .F. ) ;
#2540 = ADVANCED_FACE ( 'NONE', ( #2176 ), #43, .F. ) ;
#2541 = ORIENTED_EDGE ( 'NONE', *, *, #2295, .T. ) ;
#2542 = CIRCLE ( 'NONE', #1038, 1.272853088593803417 ) ;
#2543 = CARTESIAN_POINT ( 'NONE',  ( 4.599999999999999645, 7.000000000000000000, 5.799999999999999822 ) ) ;
#2544 = DIRECTION ( 'NONE',  ( -0.1391731009600655766, 0.000000000000000000, 0.9902680687415702510 ) ) ;
#2545 = DIRECTION ( 'NONE',  ( 0.000000000000000000, 1.000000000000000000, 0.000000000000000000 ) ) ;
#2546 = ADVANCED_FACE ( 'NONE', ( #593 ), #504, .F. ) ;
#2547 = ORIENTED_EDGE ( 'NONE', *, *, #930, .T. ) ;
#2548 = FACE_OUTER_BOUND ( 'NONE', #1014, .T. ) ;
#2549 = EDGE_CURVE ( 'NONE', #62, #1480, #565, .T. ) ;
#2550 = VERTEX_POINT ( 'NONE', #1982 ) ;
#2551 = DIRECTION ( 'NONE',  ( 1.000000000000000000, -0.000000000000000000, 0.000000000000000000 ) ) ;
#2552 =( GEOMETRIC_REPRESENTATION_CONTEXT ( 3 ) GLOBAL_UNCERTAINTY_ASSIGNED_CONTEXT ( ( #3260 ) ) GLOBAL_UNIT_ASSIGNED_CONTEXT ( ( #3569, #1669, #3661 ) ) REPRESENTATION_CONTEXT ( 'NONE', 'WORKASPACE' ) );
#2553 = EDGE_LOOP ( 'NONE', ( #1788, #1159, #3918, #1097, #148 ) ) ;
#2554 = ORIENTED_EDGE ( 'NONE', *, *, #3319, .T. ) ;
#2555 = FACE_OUTER_BOUND ( 'NONE', #1777, .T. ) ;
#2556 = CARTESIAN_POINT ( 'NONE',  ( -6.300000000000000711, 8.000000000000000000, -9.500000000000001776 ) ) ;
#2557 = FACE_OUTER_BOUND ( 'NONE', #610, .T. ) ;
#2558 = EDGE_LOOP ( 'NONE', ( #2653, #4208, #922, #4907 ) ) ;
#2559 = DIRECTION ( 'NONE',  ( -0.9902680687415703620, 0.000000000000000000, -0.1391731009600656044 ) ) ;
#2560 = ADVANCED_FACE ( 'NONE', ( #2250 ), #4603, .F. ) ;
#2561 = CARTESIAN_POINT ( 'NONE',  ( -1.678203140787359438, 7.000000000000000000, -5.415573082559153484 ) ) ;
#2562 = VERTEX_POINT ( 'NONE', #1046 ) ;
#2563 = DIRECTION ( 'NONE',  ( 0.000000000000000000, 1.000000000000000000, 0.000000000000000000 ) ) ;
#2564 = AXIS2_PLACEMENT_3D ( 'NONE', #725, #1527, #3098 ) ;
#2565 = VERTEX_POINT ( 'NONE', #618 ) ;
#2566 = VECTOR ( 'NONE', #3400, 1000.000000000000000 ) ;
#2567 = CARTESIAN_POINT ( 'NONE',  ( 4.299999999999998934, 0.5499999999999944933, 9.500000000000000000 ) ) ;
#2568 = EDGE_CURVE ( 'NONE', #3676, #4925, #2264, .T. ) ;
#2569 = ORIENTED_EDGE ( 'NONE', *, *, #1565, .F. ) ;
#2570 = ORIENTED_EDGE ( 'NONE', *, *, #1717, .T. ) ;
#2571 = PLANE ( 'NONE',  #1141 ) ;
#2572 = EDGE_LOOP ( 'NONE', ( #3090, #1375, #4792, #2044 ) ) ;
#2573 = DIRECTION ( 'NONE',  ( 0.000000000000000000, 1.000000000000000000, 0.000000000000000000 ) ) ;
#2574 = ORIENTED_EDGE ( 'NONE', *, *, #4624, .T. ) ;
#2575 = CARTESIAN_POINT ( 'NONE',  ( -4.934348763394847737, 7.000000000000000000, 5.650000000000000355 ) ) ;
#2576 = VECTOR ( 'NONE', #2094, 1000.000000000000000 ) ;
#2577 = AXIS2_PLACEMENT_3D ( 'NONE', #4309, #4741, #4642 ) ;
#2578 = CARTESIAN_POINT ( 'NONE',  ( -2.540000000000000480, 0.9999999999999995559, -7.620000000000051621 ) ) ;
#2579 = DIRECTION ( 'NONE',  ( -0.000000000000000000, 1.000000000000000000, 0.000000000000000000 ) ) ;
#2580 = CARTESIAN_POINT ( 'NONE',  ( 4.157860651664130103, -0.3909616617838694852, -0.1250000000000000000 ) ) ;
#2581 = VERTEX_POINT ( 'NONE', #894 ) ;
#2582 = ORIENTED_EDGE ( 'NONE', *, *, #2271, .F. ) ;
#2583 = ORIENTED_EDGE ( 'NONE', *, *, #2600, .T. ) ;
#2584 = VERTEX_POINT ( 'NONE', #681 ) ;
#2585 = DIRECTION ( 'NONE',  ( 0.7071067811865434649, 0.000000000000000000, -0.7071067811865515695 ) ) ;
#2586 = EDGE_CURVE ( 'NONE', #1648, #4051, #515, .T. ) ;
#2587 = ORIENTED_EDGE ( 'NONE', *, *, #3554, .T. ) ;
#2588 = CARTESIAN_POINT ( 'NONE',  ( -4.850000000000001421, 0.000000000000000000, -7.500000000000000000 ) ) ;
#2589 = ADVANCED_FACE ( 'NONE', ( #2185 ), #4419, .F. ) ;
#2590 = CARTESIAN_POINT ( 'NONE',  ( -4.299999999999998934, 0.9999999999999995559, 9.500000000000000000 ) ) ;
#2591 = ORIENTED_EDGE ( 'NONE', *, *, #1750, .F. ) ;
#2592 = VECTOR ( 'NONE', #3327, 1000.000000000000114 ) ;
#2593 = ADVANCED_FACE ( 'NONE', ( #2317 ), #1659, .T. ) ;
#2594 = EDGE_CURVE ( 'NONE', #2384, #1383, #2226, .T. ) ;
#2595 = ORIENTED_EDGE ( 'NONE', *, *, #79, .F. ) ;
#2596 = PLANE ( 'NONE',  #972 ) ;
#2597 = LINE ( 'NONE', #2110, #2723 ) ;
#2598 = AXIS2_PLACEMENT_3D ( 'NONE', #3082, #643, #1478 ) ;
#2599 = CARTESIAN_POINT ( 'NONE',  ( 0.000000000000000000, 0.000000000000000000, 0.000000000000000000 ) ) ;
#2600 = EDGE_CURVE ( 'NONE', #3187, #2732, #3897, .T. ) ;
#2601 = EDGE_LOOP ( 'NONE', ( #1605, #4413, #2645, #4892 ) ) ;
#2602 = ORIENTED_EDGE ( 'NONE', *, *, #1693, .F. ) ;
#2603 = LINE ( 'NONE', #3871, #980 ) ;
#2604 = FACE_OUTER_BOUND ( 'NONE', #2617, .T. ) ;
#2605 = FILL_AREA_STYLE_COLOUR ( '', #4334 ) ;
#2606 = DIRECTION ( 'NONE',  ( -0.1391731009600656044, 0.000000000000000000, 0.9902680687415703620 ) ) ;
#2607 = AXIS2_PLACEMENT_3D ( 'NONE', #1056, #598, #3367 ) ;
#2608 = ADVANCED_FACE ( 'NONE', ( #2290 ), #494, .T. ) ;
#2609 = ORIENTED_EDGE ( 'NONE', *, *, #79, .T. ) ;
#2610 = CARTESIAN_POINT ( 'NONE',  ( 0.000000000000000000, 0.000000000000000000, 0.000000000000000000 ) ) ;
#2611 = EDGE_LOOP ( 'NONE', ( #913, #4405, #4358, #1475, #4936 ) ) ;
#2612 = EDGE_CURVE ( 'NONE', #4272, #2765, #3915, .T. ) ;
#2613 = CARTESIAN_POINT ( 'NONE',  ( -6.300000000000000711, 0.000000000000000000, -9.500000000000001776 ) ) ;
#2614 = CARTESIAN_POINT ( 'NONE',  ( 2.775461530176011937, -0.3909616617838694852, -0.7073991214881119038 ) ) ;
#2615 = DIRECTION ( 'NONE',  ( 0.000000000000000000, 0.000000000000000000, -1.000000000000000000 ) ) ;
#2616 =( NAMED_UNIT ( * ) SI_UNIT ( $, .STERADIAN. ) SOLID_ANGLE_UNIT ( ) );
#2617 = EDGE_LOOP ( 'NONE', ( #4512, #1200, #2905, #2850 ) ) ;
#2618 = FACE_OUTER_BOUND ( 'NONE', #70, .T. ) ;
#2619 = ORIENTED_EDGE ( 'NONE', *, *, #1871, .T. ) ;
#2620 = VERTEX_POINT ( 'NONE', #2391 ) ;
#2621 = FACE_OUTER_BOUND ( 'NONE', #2932, .T. ) ;
#2622 = EDGE_CURVE ( 'NONE', #2837, #1875, #3925, .T. ) ;
#2623 = CARTESIAN_POINT ( 'NONE',  ( -4.855000000000011973, 0.3851141460153325591, 7.500000000000000000 ) ) ;
#2624 = PLANE ( 'NONE',  #1441 ) ;
#2625 = AXIS2_PLACEMENT_3D ( 'NONE', #1832, #132, #3362 ) ;
#2626 = ORIENTED_EDGE ( 'NONE', *, *, #2693, .F. ) ;
#2627 = CYLINDRICAL_SURFACE ( 'NONE', #2943, 1.272853088593803417 ) ;
#2628 = ORIENTED_EDGE ( 'NONE', *, *, #4729, .T. ) ;
#2629 = CARTESIAN_POINT ( 'NONE',  ( 1.526729004909567200, 7.000000000000000000, 7.099999999999999645 ) ) ;
#2630 = ORIENTED_EDGE ( 'NONE', *, *, #1565, .T. ) ;
#2631 = ORIENTED_EDGE ( 'NONE', *, *, #656, .F. ) ;
#2632 = CIRCLE ( 'NONE', #1013, 0.2549999999999384426 ) ;
#2633 = LINE ( 'NONE', #2862, #4385 ) ;
#2634 = ORIENTED_EDGE ( 'NONE', *, *, #4797, .T. ) ;
#2635 = AXIS2_PLACEMENT_3D ( 'NONE', #4100, #2124, #3607 ) ;
#2636 = LINE ( 'NONE', #3063, #1012 ) ;
#2637 = CARTESIAN_POINT ( 'NONE',  ( 3.336894955876370084, 7.000000000000000000, -5.780000000000001137 ) ) ;
#2638 = EDGE_CURVE ( 'NONE', #3221, #2674, #3969, .T. ) ;
#2639 = EDGE_LOOP ( 'NONE', ( #1961, #274, #3007, #3561 ) ) ;
#2640 = ADVANCED_FACE ( 'NONE', ( #3980 ), #3384, .F. ) ;
#2641 = EDGE_LOOP ( 'NONE', ( #1412, #4665, #4725, #4062, #2478 ) ) ;
#2642 = LINE ( 'NONE', #3230, #4282 ) ;
#2643 = CARTESIAN_POINT ( 'NONE',  ( 2.550017939189503480, -0.3909616617838694852, -0.6500000000000000222 ) ) ;
#2644 = ADVANCED_FACE ( 'NONE', ( #4043 ), #4381, .F. ) ;
#2645 = ORIENTED_EDGE ( 'NONE', *, *, #2460, .F. ) ;
#2646 = DIRECTION ( 'NONE',  ( 0.9902680687415703620, 0.000000000000000000, 0.1391731009600656044 ) ) ;
#2647 = EDGE_LOOP ( 'NONE', ( #2422, #2402, #1281, #235 ) ) ;
#2648 = EDGE_CURVE ( 'NONE', #2620, #2143, #760, .T. ) ;
#2649 = EDGE_LOOP ( 'NONE', ( #1345, #4576 ) ) ;
#2650 = VECTOR ( 'NONE', #1152, 1000.000000000000000 ) ;
#2651 = VECTOR ( 'NONE', #334, 1000.000000000000000 ) ;
#2652 = CARTESIAN_POINT ( 'NONE',  ( -8.361332446101460726E-16, 0.9999999999999995559, 7.875000000000034639 ) ) ;
#2653 = ORIENTED_EDGE ( 'NONE', *, *, #687, .T. ) ;
#2654 = FACE_OUTER_BOUND ( 'NONE', #3099, .T. ) ;
#2655 = ORIENTED_EDGE ( 'NONE', *, *, #571, .T. ) ;
#2656 = EDGE_CURVE ( 'NONE', #4129, #2074, #4004, .T. ) ;
#2657 = ADVANCED_FACE ( 'NONE', ( #4116 ), #3020, .F. ) ;
#2658 = ORIENTED_EDGE ( 'NONE', *, *, #2682, .T. ) ;
#2659 = ORIENTED_EDGE ( 'NONE', *, *, #3902, .F. ) ;
#2660 = FACE_OUTER_BOUND ( 'NONE', #3966, .T. ) ;
#2661 = LINE ( 'NONE', #12, #2718 ) ;
#2662 =( NAMED_UNIT ( * ) PLANE_ANGLE_UNIT ( ) SI_UNIT ( $, .RADIAN. ) );
#2663 = PLANE ( 'NONE',  #3484 ) ;
#2664 =( LENGTH_UNIT ( ) NAMED_UNIT ( * ) SI_UNIT ( .MILLI., .METRE. ) );
#2665 = ORIENTED_EDGE ( 'NONE', *, *, #3338, .F. ) ;
#2666 = SURFACE_STYLE_FILL_AREA ( #4289 ) ;
#2667 = CARTESIAN_POINT ( 'NONE',  ( -3.336894955876370528, 8.000000000000000000, 5.780000000000000249 ) ) ;
#2668 = ORIENTED_EDGE ( 'NONE', *, *, #2487, .T. ) ;
#2669 = CARTESIAN_POINT ( 'NONE',  ( 3.673882993561314869, 7.000000000000000000, -5.827146911406196672 ) ) ;
#2670 = EDGE_CURVE ( 'NONE', #3081, #4038, #719, .T. ) ;
#2671 = EDGE_LOOP ( 'NONE', ( #2942, #3497, #763, #1855 ) ) ;
#2672 = CIRCLE ( 'NONE', #2144, 0.2550000000000000044 ) ;
#2673 = AXIS2_PLACEMENT_3D ( 'NONE', #3304, #3645, #2098 ) ;
#2674 = VERTEX_POINT ( 'NONE', #2708 ) ;
#2675 = CARTESIAN_POINT ( 'NONE',  ( 3.200017939189510940, 7.000000000000000000, 0.000000000000000000 ) ) ;
#2676 = EDGE_LOOP ( 'NONE', ( #2958, #2349, #4160, #827 ) ) ;
#2677 = ORIENTED_EDGE ( 'NONE', *, *, #687, .F. ) ;
#2678 = CARTESIAN_POINT ( 'NONE',  ( -4.157860651664134544, 7.000000000000000000, 0.1250000000000004996 ) ) ;
#2679 = CARTESIAN_POINT ( 'NONE',  ( -3.673882993561319310, 8.000000000000000000, 7.100000000000000533 ) ) ;
#2680 = ORIENTED_EDGE ( 'NONE', *, *, #3802, .T. ) ;
#2681 = FACE_OUTER_BOUND ( 'NONE', #841, .T. ) ;
#2682 = EDGE_CURVE ( 'NONE', #3927, #3854, #4167, .T. ) ;
#2683 = ORIENTED_EDGE ( 'NONE', *, *, #173, .T. ) ;
#2684 = SURFACE_STYLE_USAGE ( .BOTH. , #2222 ) ;
#2685 = ADVANCED_FACE ( 'NONE', ( #694 ), #1247, .F. ) ;
#2686 = VERTEX_POINT ( 'NONE', #2306 ) ;
#2687 =( NAMED_UNIT ( * ) PLANE_ANGLE_UNIT ( ) SI_UNIT ( $, .RADIAN. ) );
#2688 = SURFACE_STYLE_FILL_AREA ( #4298 ) ;
#2689 = CARTESIAN_POINT ( 'NONE',  ( -6.300000000000000711, -1.734723475976807094E-15, -8.050000000000000711 ) ) ;
#2690 = DIRECTION ( 'NONE',  ( 0.000000000000000000, 1.000000000000000000, 0.000000000000000000 ) ) ;
#2691 = VECTOR ( 'NONE', #2877, 1000.000000000000000 ) ;
#2692 = VERTEX_POINT ( 'NONE', #3192 ) ;
#2693 = EDGE_CURVE ( 'NONE', #896, #1626, #772, .T. ) ;
#2694 = ORIENTED_EDGE ( 'NONE', *, *, #3570, .T. ) ;
#2695 = AXIS2_PLACEMENT_3D ( 'NONE', #3477, #4973, #4650 ) ;
#2696 = ORIENTED_EDGE ( 'NONE', *, *, #2230, .F. ) ;
#2697 = FACE_OUTER_BOUND ( 'NONE', #1845, .T. ) ;
#2698 = CARTESIAN_POINT ( 'NONE',  ( -4.864463665927699410, 0.1225363191866975510, 7.874999999999997335 ) ) ;
#2699 = EDGE_CURVE ( 'NONE', #753, #3078, #3992, .T. ) ;
#2700 = DIRECTION ( 'NONE',  ( -0.000000000000000000, -1.000000000000000000, -0.000000000000000000 ) ) ;
#2701 = CARTESIAN_POINT ( 'NONE',  ( -4.850000000000001421, 0.000000000000000000, 7.500000000000000000 ) ) ;
#2702 = VERTEX_POINT ( 'NONE', #3798 ) ;
#2703 = VECTOR ( 'NONE', #768, 1000.000000000000000 ) ;
#2704 = PLANE ( 'NONE',  #4677 ) ;
#2705 = DIRECTION ( 'NONE',  ( -1.000000000000000000, -0.000000000000000000, 1.717841266356215627E-16 ) ) ;
#2706 = ADVANCED_FACE ( 'NONE', ( #660 ), #1921, .F. ) ;
#2707 = ORIENTED_EDGE ( 'NONE', *, *, #899, .F. ) ;
#2708 = CARTESIAN_POINT ( 'NONE',  ( 2.539999999999999147, 0.9999999999999995559, -7.875000000000015987 ) ) ;
#2709 = VERTEX_POINT ( 'NONE', #61 ) ;
#2710 = VECTOR ( 'NONE', #4822, 1000.000000000000000 ) ;
#2711 = EDGE_CURVE ( 'NONE', #2860, #4158, #2341, .T. ) ;
#2712 = DIRECTION ( 'NONE',  ( 0.000000000000000000, 0.000000000000000000, -1.000000000000000000 ) ) ;
#2713 = FACE_OUTER_BOUND ( 'NONE', #1431, .T. ) ;
#2714 = ORIENTED_EDGE ( 'NONE', *, *, #3909, .T. ) ;
#2715 = CARTESIAN_POINT ( 'NONE',  ( 1.526729004909567200, 7.000000000000000000, 7.099999999999999645 ) ) ;
#2716 = EDGE_LOOP ( 'NONE', ( #2007, #3688, #3826, #4153, #4194 ) ) ;
#2717 = ORIENTED_EDGE ( 'NONE', *, *, #3276, .T. ) ;
#2719 = CARTESIAN_POINT ( 'NONE',  ( -2.516588533158897967, 8.000000000000000000, 0.6500000000000000222 ) ) ;
#2718 = VECTOR ( 'NONE', #3138, 1000.000000000000000 ) ;
#2720 = CARTESIAN_POINT ( 'NONE',  ( 4.122725442988532052, 7.000000000000000000, 0.1250000000000000000 ) ) ;
#2721 = AXIS2_PLACEMENT_3D ( 'NONE', #566, #4011, #4485 ) ;
#2722 = ORIENTED_EDGE ( 'NONE', *, *, #4903, .T. ) ;
#2723 = VECTOR ( 'NONE', #4460, 1000.000000000000000 ) ;
#2724 = CARTESIAN_POINT ( 'NONE',  ( -2.333885448045789346, 7.000000000000000000, -0.6500000000000000222 ) ) ;
#2725 = ORIENTED_EDGE ( 'NONE', *, *, #1606, .T. ) ;
#2726 = CARTESIAN_POINT ( 'NONE',  ( 4.299999999999998934, 0.5499999999999941602, 7.500000000000000000 ) ) ;
#2727 = EDGE_LOOP ( 'NONE', ( #1751, #1169, #2923, #1922 ) ) ;
#2728 = CARTESIAN_POINT ( 'NONE',  ( -6.300000000000000711, 1.000000000000000000, 7.500000000000000000 ) ) ;
#2729 = DIRECTION ( 'NONE',  ( -0.000000000000000000, 1.000000000000000000, 0.000000000000000000 ) ) ;
#2730 = FILL_AREA_STYLE_COLOUR ( '', #604 ) ;
#2731 = CARTESIAN_POINT ( 'NONE',  ( 5.080000000000054250, 1.721248916810457219, 7.619999999999964579 ) ) ;
#2732 = VERTEX_POINT ( 'NONE', #434 ) ;
#2733 = LINE ( 'NONE', #3967, #2810 ) ;
#2734 = ORIENTED_EDGE ( 'NONE', *, *, #2009, .F. ) ;
#2735 = ORIENTED_EDGE ( 'NONE', *, *, #3058, .F. ) ;
#2736 = ORIENTED_EDGE ( 'NONE', *, *, #2600, .F. ) ;
#2737 = CARTESIAN_POINT ( 'NONE',  ( -5.295536334072193263, 0.1225363191866975510, 7.874999999999997335 ) ) ;
#2738 =( NAMED_UNIT ( * ) PLANE_ANGLE_UNIT ( ) SI_UNIT ( $, .RADIAN. ) );
#2739 =( NAMED_UNIT ( * ) SI_UNIT ( $, .STERADIAN. ) SOLID_ANGLE_UNIT ( ) );
#2740 = ADVANCED_FACE ( 'NONE', ( #2506 ), #1889, .F. ) ;
#2741 = DIRECTION ( 'NONE',  ( 0.6733125477184714880, 0.000000000000000000, 0.7393579735722480839 ) ) ;
#2742 = ORIENTED_EDGE ( 'NONE', *, *, #4244, .F. ) ;
#2743 = EDGE_CURVE ( 'NONE', #1456, #4101, #748, .T. ) ;
#2744 = CYLINDRICAL_SURFACE ( 'NONE', #4245, 0.2550000000000000044 ) ;
#2745 = CARTESIAN_POINT ( 'NONE',  ( -3.346237331257823744, 8.000000000000000000, -5.650000000000000355 ) ) ;
#2746 = DIRECTION ( 'NONE',  ( 0.1391731009600654656, 0.000000000000000000, -0.9902680687415703620 ) ) ;
#2747 = STYLED_ITEM ( 'NONE', ( #4223 ), #4704 ) ;
#2748 = VERTEX_POINT ( 'NONE', #870 ) ;
#2749 = DIRECTION ( 'NONE',  ( 0.000000000000000000, 1.000000000000000000, -0.000000000000000000 ) ) ;
#2750 = VERTEX_POINT ( 'NONE', #2270 ) ;
#2751 = EDGE_CURVE ( 'NONE', #3281, #4774, #2486, .T. ) ;
#2752 = FACE_OUTER_BOUND ( 'NONE', #4406, .T. ) ;
#2753 = CARTESIAN_POINT ( 'NONE',  ( -2.539999999999945413, 0.9999999999999995559, 7.874999999999958256 ) ) ;
#2754 = CARTESIAN_POINT ( 'NONE',  ( 3.673882993561314869, 7.000000000000000000, -7.100000000000000533 ) ) ;
#2755 = ORIENTED_EDGE ( 'NONE', *, *, #1646, .T. ) ;
#2756 = PLANE ( 'NONE',  #739 ) ;
#2757 = FILL_AREA_STYLE ('',( #3388 ) ) ;
#2758 = ORIENTED_EDGE ( 'NONE', *, *, #100, .T. ) ;
#2759 = DIRECTION ( 'NONE',  ( -0.7071067811865522357, -0.7071067811865426878, -0.000000000000000000 ) ) ;
#2760 = EDGE_LOOP ( 'NONE', ( #3330, #1175, #1285, #1317 ) ) ;
#2762 = CARTESIAN_POINT ( 'NONE',  ( 2.539999999999999147, 1.721248916810457219, -7.620000000000015206 ) ) ;
#2761 = LINE ( 'NONE', #3970, #1090 ) ;
#2763 = DIRECTION ( 'NONE',  ( 0.000000000000000000, -1.000000000000000000, 0.000000000000000000 ) ) ;
#2764 = ORIENTED_EDGE ( 'NONE', *, *, #2111, .F. ) ;
#2765 = VERTEX_POINT ( 'NONE', #1613 ) ;
#2766 = CARTESIAN_POINT ( 'NONE',  ( -6.300000000000000711, 1.000000000000000000, 7.500000000000000000 ) ) ;
#2767 = ORIENTED_EDGE ( 'NONE', *, *, #2326, .F. ) ;
#2768 = DIRECTION ( 'NONE',  ( 0.000000000000000000, 0.000000000000000000, 1.000000000000000000 ) ) ;
#2769 = CARTESIAN_POINT ( 'NONE',  ( -1.712242906716721080, 7.000000000000000000, -5.780000000000000249 ) ) ;
#2770 = PLANE ( 'NONE',  #4868 ) ;
#2771 = PLANE ( 'NONE',  #2213 ) ;
#2772 = AXIS2_PLACEMENT_3D ( 'NONE', #4394, #4777, #506 ) ;
#2773 = EDGE_CURVE ( 'NONE', #482, #1639, #2497, .T. ) ;
#2774 = ORIENTED_EDGE ( 'NONE', *, *, #3848, .T. ) ;
#2775 = ORIENTED_EDGE ( 'NONE', *, *, #1165, .F. ) ;
#2776 = VECTOR ( 'NONE', #1793, 1000.000000000000000 ) ;
#2777 = DIRECTION ( 'NONE',  ( 0.000000000000000000, 0.000000000000000000, -1.000000000000000000 ) ) ;
#2778 =( NAMED_UNIT ( * ) SI_UNIT ( $, .STERADIAN. ) SOLID_ANGLE_UNIT ( ) );
#2779 = AXIS2_PLACEMENT_3D ( 'NONE', #4453, #2104, #533 ) ;
#2780 = DIRECTION ( 'NONE',  ( -0.000000000000000000, 1.000000000000000000, -0.000000000000000000 ) ) ;
#2781 = ORIENTED_EDGE ( 'NONE', *, *, #196, .F. ) ;
#2782 = DIRECTION ( 'NONE',  ( 0.000000000000000000, 0.000000000000000000, 1.000000000000000000 ) ) ;
#2783 = ORIENTED_EDGE ( 'NONE', *, *, #128, .F. ) ;
#2784 = CARTESIAN_POINT ( 'NONE',  ( 2.539999999999999147, -5.250000000000000000, 7.620000000000015206 ) ) ;
#2785 = ADVANCED_FACE ( 'NONE', ( #792 ), #314, .F. ) ;
#2786 = CARTESIAN_POINT ( 'NONE',  ( 5.079999999999945004, -5.250000000000000000, -7.875000000000098588 ) ) ;
#2787 = MECHANICAL_DESIGN_GEOMETRIC_PRESENTATION_REPRESENTATION (  '', ( #4823 ), #444 ) ;
#2788 = ORIENTED_EDGE ( 'NONE', *, *, #27, .T. ) ;
#2789 = DIRECTION ( 'NONE',  ( -0.6733125477184713770, 0.000000000000000000, -0.7393579735722481949 ) ) ;
#2790 = DIRECTION ( 'NONE',  ( 0.1391731009600656044, 0.000000000000000000, -0.9902680687415703620 ) ) ;
#2791 = VECTOR ( 'NONE', #2447, 1000.000000000000000 ) ;
#2792 = ORIENTED_EDGE ( 'NONE', *, *, #4186, .F. ) ;
#2793 = EDGE_CURVE ( 'NONE', #1662, #998, #671, .T. ) ;
#2794 = PLANE ( 'NONE',  #2961 ) ;
#2795 = ORIENTED_EDGE ( 'NONE', *, *, #1415, .T. ) ;
#2796 = DIRECTION ( 'NONE',  ( -0.000000000000000000, 1.000000000000000000, 0.000000000000000000 ) ) ;
#2797 = CARTESIAN_POINT ( 'NONE',  ( -4.157860651664134544, 8.000000000000000000, 0.1250000000000004996 ) ) ;
#2798 = CARTESIAN_POINT ( 'NONE',  ( 6.300000000000000711, 1.000000000000000000, 7.500000000000000000 ) ) ;
#2799 = EDGE_CURVE ( 'NONE', #1735, #1767, #2515, .T. ) ;
#2800 = PLANE ( 'NONE',  #3376 ) ;
#2801 = LINE ( 'NONE', #2125, #2865 ) ;
#2802 = EDGE_LOOP ( 'NONE', ( #1006, #2758, #931, #1433 ) ) ;
#2803 = ORIENTED_EDGE ( 'NONE', *, *, #2410, .F. ) ;
#2804 = COLOUR_RGB ( '',0.7921568627450980005, 0.8196078431372548767, 0.9333333333333333481 ) ;
#2805 = CARTESIAN_POINT ( 'NONE',  ( -3.270700849529827980, 8.000000000000000000, -0.1249999999999990008 ) ) ;
#2806 = EDGE_CURVE ( 'NONE', #4950, #1151, #4180, .T. ) ;
#2807 = DIRECTION ( 'NONE',  ( -0.000000000000000000, -1.000000000000000000, -0.000000000000000000 ) ) ;
#2808 = AXIS2_PLACEMENT_3D ( 'NONE', #2556, #1718, #2937 ) ;
#2809 = CARTESIAN_POINT ( 'NONE',  ( 4.850000000000001421, -1.734723475976807094E-15, -8.050000000000000711 ) ) ;
#2810 = VECTOR ( 'NONE', #2421, 1000.000000000000000 ) ;
#2811 = EDGE_CURVE ( 'NONE', #1318, #917, #4032, .T. ) ;
#2812 = CARTESIAN_POINT ( 'NONE',  ( -3.270700849529827980, 7.000000000000000000, -0.1249999999999990008 ) ) ;
#2813 = AXIS2_PLACEMENT_3D ( 'NONE', #1010, #2056, #217 ) ;
#2814 = ORIENTED_EDGE ( 'NONE', *, *, #2940, .F. ) ;
#2815 = ORIENTED_EDGE ( 'NONE', *, *, #1134, .F. ) ;
#2816 = FACE_OUTER_BOUND ( 'NONE', #2676, .T. ) ;
#2817 = DIRECTION ( 'NONE',  ( 0.000000000000000000, 1.000000000000000000, 0.000000000000000000 ) ) ;
#2818 = CARTESIAN_POINT ( 'NONE',  ( 4.599999999999999645, 7.000000000000000000, 7.100000000000000533 ) ) ;
#2819 = EDGE_CURVE ( 'NONE', #3584, #2483, #2324, .T. ) ;
#2820 = CARTESIAN_POINT ( 'NONE',  ( 2.550017939189503480, 7.000000000000000000, -0.6500000000000000222 ) ) ;
#2821 = ORIENTED_EDGE ( 'NONE', *, *, #4594, .T. ) ;
#2822 = AXIS2_PLACEMENT_3D ( 'NONE', #4397, #1363, #1059 ) ;
#2823 = ORIENTED_EDGE ( 'NONE', *, *, #3959, .F. ) ;
#2824 = ADVANCED_FACE ( 'NONE', ( #2356 ), #4357, .T. ) ;
#2825 = VECTOR ( 'NONE', #2348, 1000.000000000000000 ) ;
#2826 = ORIENTED_EDGE ( 'NONE', *, *, #1590, .F. ) ;
#2827 = CARTESIAN_POINT ( 'NONE',  ( 2.539999999999999147, 1.721248916810457219, 7.620000000000015206 ) ) ;
#2828 = ORIENTED_EDGE ( 'NONE', *, *, #3840, .F. ) ;
#2829 = CARTESIAN_POINT ( 'NONE',  ( -4.299999999999998934, 0.9999999999999995559, -9.500000000000001776 ) ) ;
#2830 = MECHANICAL_DESIGN_GEOMETRIC_PRESENTATION_REPRESENTATION (  '', ( #4260 ), #1644 ) ;
#2831 = EDGE_CURVE ( 'NONE', #3468, #4365, #816, .T. ) ;
#2832 = DIRECTION ( 'NONE',  ( -0.000000000000000000, 1.000000000000000000, 0.000000000000000000 ) ) ;
#2833 = DIRECTION ( 'NONE',  ( 0.000000000000000000, -0.000000000000000000, -1.000000000000000000 ) ) ;
#2834 = VECTOR ( 'NONE', #4221, 1000.000000000000000 ) ;
#2835 = ORIENTED_EDGE ( 'NONE', *, *, #4252, .F. ) ;
#2836 = EDGE_LOOP ( 'NONE', ( #1199, #1761, #1611, #1065 ) ) ;
#2837 = VERTEX_POINT ( 'NONE', #570 ) ;
#2838 = AXIS2_PLACEMENT_3D ( 'NONE', #1583, #4279, #2712 ) ;
#2839 = DIRECTION ( 'NONE',  ( 0.000000000000000000, 0.000000000000000000, 1.000000000000000000 ) ) ;
#2840 = EDGE_CURVE ( 'NONE', #1841, #4577, #4026, .T. ) ;
#2841 = DIRECTION ( 'NONE',  ( -0.000000000000000000, -0.000000000000000000, 1.000000000000000000 ) ) ;
#2842 = ORIENTED_EDGE ( 'NONE', *, *, #1790, .T. ) ;
#2843 = FILL_AREA_STYLE ('',( #1724 ) ) ;
#2844 = VERTEX_POINT ( 'NONE', #3225 ) ;
#2845 = DIRECTION ( 'NONE',  ( -0.000000000000000000, 1.000000000000000000, 0.000000000000000000 ) ) ;
#2846 = AXIS2_PLACEMENT_3D ( 'NONE', #720, #3904, #686 ) ;
#2847 = DIRECTION ( 'NONE',  ( -0.1391731009600656044, 0.000000000000000000, 0.9902680687415702510 ) ) ;
#2848 = CARTESIAN_POINT ( 'NONE',  ( 3.357860651664131169, 7.000000000000000000, -0.1249999999999990008 ) ) ;
#2849 = DIRECTION ( 'NONE',  ( 0.000000000000000000, 0.000000000000000000, -1.000000000000000000 ) ) ;
#2850 = ORIENTED_EDGE ( 'NONE', *, *, #4839, .T. ) ;
#2851 = ORIENTED_EDGE ( 'NONE', *, *, #1779, .F. ) ;
#2852 = ORIENTED_EDGE ( 'NONE', *, *, #4992, .T. ) ;
#2853 = SHAPE_DEFINITION_REPRESENTATION ( #3378, #3309 ) ;
#2854 = CARTESIAN_POINT ( 'NONE',  ( -6.300000000000000711, 0.000000000000000000, -9.500000000000001776 ) ) ;
#2855 = FACE_OUTER_BOUND ( 'NONE', #4493, .T. ) ;
#2856 = EDGE_CURVE ( 'NONE', #4438, #330, #4000, .T. ) ;
#2857 =( NAMED_UNIT ( * ) SI_UNIT ( $, .STERADIAN. ) SOLID_ANGLE_UNIT ( ) );
#2858 = AXIS2_PLACEMENT_3D ( 'NONE', #4341, #1131, #1813 ) ;
#2859 = EDGE_LOOP ( 'NONE', ( #1805, #1308, #3031, #2369 ) ) ;
#2860 = VERTEX_POINT ( 'NONE', #3958 ) ;
#2861 = EDGE_CURVE ( 'NONE', #3740, #3927, #2442, .T. ) ;
#2862 = CARTESIAN_POINT ( 'NONE',  ( 3.322725442988533562, 7.000000000000000000, 0.1250000000000000278 ) ) ;
#2863 = CARTESIAN_POINT ( 'NONE',  ( -5.305000000000005045, 1.721248916810457219, -7.500000000000000000 ) ) ;
#2864 = DIRECTION ( 'NONE',  ( 0.000000000000000000, -0.000000000000000000, -1.000000000000000000 ) ) ;
#2865 = VECTOR ( 'NONE', #4140, 1000.000000000000000 ) ;
#2866 = MANIFOLD_SOLID_BREP ( 'Boss-Extrude3[5]', #717 ) ;
#2867 = VERTEX_POINT ( 'NONE', #1304 ) ;
#2868 = AXIS2_PLACEMENT_3D ( 'NONE', #4284, #915, #1651 ) ;
#2869 = ORIENTED_EDGE ( 'NONE', *, *, #3288, .F. ) ;
#2870 = VERTEX_POINT ( 'NONE', #623 ) ;
#2871 = EDGE_CURVE ( 'NONE', #845, #4712, #4052, .T. ) ;
#2872 = CARTESIAN_POINT ( 'NONE',  ( -2.775461530176017710, 7.000000000000000000, 0.7073991214881127920 ) ) ;
#2873 = SURFACE_STYLE_USAGE ( .BOTH. , #3534 ) ;
#2874 =( NAMED_UNIT ( * ) PLANE_ANGLE_UNIT ( ) SI_UNIT ( $, .RADIAN. ) );
#2875 = DIRECTION ( 'NONE',  ( 0.000000000000000000, 0.000000000000000000, 1.000000000000000000 ) ) ;
#2876 = EDGE_LOOP ( 'NONE', ( #1411, #1883, #2972, #2764 ) ) ;
#2877 = DIRECTION ( 'NONE',  ( -0.000000000000000000, -1.000000000000000000, 0.000000000000000000 ) ) ;
#2878 = ORIENTED_EDGE ( 'NONE', *, *, #3953, .T. ) ;
#2879 = EDGE_LOOP ( 'NONE', ( #2482, #3868, #1803, #4560 ) ) ;
#2880 = PRESENTATION_STYLE_ASSIGNMENT (( #3719 ) ) ;
#2881 = DIRECTION ( 'NONE',  ( 0.000000000000000000, 1.000000000000000000, 0.000000000000000000 ) ) ;
#2882 = EDGE_CURVE ( 'NONE', #1735, #4025, #4125, .T. ) ;
#2883 = CARTESIAN_POINT ( 'NONE',  ( 4.599999999999999645, 8.000000000000000000, 6.450000000000000178 ) ) ;
#2884 =( GEOMETRIC_REPRESENTATION_CONTEXT ( 3 ) GLOBAL_UNCERTAINTY_ASSIGNED_CONTEXT ( ( #2172 ) ) GLOBAL_UNIT_ASSIGNED_CONTEXT ( ( #1692, #115, #509 ) ) REPRESENTATION_CONTEXT ( 'NONE', 'WORKASPACE' ) );
#2885 = CYLINDRICAL_SURFACE ( 'NONE', #2985, 0.2550000000000026135 ) ;
#2886 = DIRECTION ( 'NONE',  ( 0.7660444431189760151, 0.000000000000000000, -0.6427876096865418054 ) ) ;
#2887 =( NAMED_UNIT ( * ) SI_UNIT ( $, .STERADIAN. ) SOLID_ANGLE_UNIT ( ) );
#2888 = EDGE_LOOP ( 'NONE', ( #4173, #815, #2501, #2467 ) ) ;
#2889 = ORIENTED_EDGE ( 'NONE', *, *, #3922, .F. ) ;
#2890 = ORIENTED_EDGE ( 'NONE', *, *, #3076, .F. ) ;
#2891 = DIRECTION ( 'NONE',  ( 0.000000000000000000, 0.000000000000000000, 1.000000000000000000 ) ) ;
#2892 = CARTESIAN_POINT ( 'NONE',  ( -6.300000000000000711, 0.000000000000000000, 9.500000000000000000 ) ) ;
#2893 = CIRCLE ( 'NONE', #4734, 0.2550000000000035016 ) ;
#2894 = CARTESIAN_POINT ( 'NONE',  ( 5.079999999999945004, 1.721248916810457219, -7.620000000000035634 ) ) ;
#2895 = AXIS2_PLACEMENT_3D ( 'NONE', #2227, #3669, #177 ) ;
#2896 = EDGE_CURVE ( 'NONE', #1543, #2709, #2390, .T. ) ;
#2897 = VERTEX_POINT ( 'NONE', #2567 ) ;
#2898 = ORIENTED_EDGE ( 'NONE', *, *, #3873, .F. ) ;
#2899 = DIRECTION ( 'NONE',  ( 0.000000000000000000, -0.000000000000000000, 1.000000000000000000 ) ) ;
#2900 = LINE ( 'NONE', #1828, #4481 ) ;
#2901 = DIRECTION ( 'NONE',  ( -0.000000000000000000, 1.000000000000000000, 0.000000000000000000 ) ) ;
#2902 = CARTESIAN_POINT ( 'NONE',  ( 1.678203140787354553, 7.000000000000000000, 5.415573082559152596 ) ) ;
#2903 = CIRCLE ( 'NONE', #60, 0.6500000000000003553 ) ;
#2904 = AXIS2_PLACEMENT_3D ( 'NONE', #3422, #400, #3801 ) ;
#2905 = ORIENTED_EDGE ( 'NONE', *, *, #67, .F. ) ;
#2906 = UNCERTAINTY_MEASURE_WITH_UNIT (LENGTH_MEASURE( 1.000000000000000082E-05 ), #865, 'distance_accuracy_value', 'NONE');
#2907 = ORIENTED_EDGE ( 'NONE', *, *, #3499, .F. ) ;
#2908 = AXIS2_PLACEMENT_3D ( 'NONE', #3162, #1256, #3520 ) ;
#2909 = CARTESIAN_POINT ( 'NONE',  ( 5.305000000000003268, 1.721248916810457219, 7.500000000000000000 ) ) ;
#2910 = DIRECTION ( 'NONE',  ( 1.000000000000000000, -0.000000000000000000, -0.000000000000000000 ) ) ;
#2911 = MANIFOLD_SOLID_BREP ( 'Boss-Extrude3[2]', #4565 ) ;
#2912 = CARTESIAN_POINT ( 'NONE',  ( -3.522408857683527295, 8.000000000000000000, 7.100000000000000533 ) ) ;
#2913 = DIRECTION ( 'NONE',  ( 0.000000000000000000, -0.000000000000000000, -1.000000000000000000 ) ) ;
#2914 = EDGE_LOOP ( 'NONE', ( #3597, #2869, #4813, #4690 ) ) ;
#2915 = DIRECTION ( 'NONE',  ( -0.000000000000000000, 1.000000000000000000, -0.000000000000000000 ) ) ;
#2916 = ORIENTED_EDGE ( 'NONE', *, *, #832, .T. ) ;
#2917 = CARTESIAN_POINT ( 'NONE',  ( 4.299999999999998934, 0.9999999999999995559, 9.500000000000000000 ) ) ;
#2918 = DIRECTION ( 'NONE',  ( 0.000000000000000000, -1.000000000000000000, 0.000000000000000000 ) ) ;
#2919 = FACE_OUTER_BOUND ( 'NONE', #4084, .T. ) ;
#2920 = CARTESIAN_POINT ( 'NONE',  ( -2.775461530176017710, -0.3909616617838694852, 0.7073991214881127920 ) ) ;
#2921 = FILL_AREA_STYLE_COLOUR ( '', #4131 ) ;
#2922 = VERTEX_POINT ( 'NONE', #3981 ) ;
#2923 = ORIENTED_EDGE ( 'NONE', *, *, #3404, .F. ) ;
#2924 = DIRECTION ( 'NONE',  ( -0.000000000000000000, -1.000000000000000000, -0.000000000000000000 ) ) ;
#2925 = EDGE_CURVE ( 'NONE', #3363, #685, #954, .T. ) ;
#2926 = DIRECTION ( 'NONE',  ( 0.000000000000000000, 1.000000000000000000, -0.000000000000000000 ) ) ;
#2927 = AXIS2_PLACEMENT_3D ( 'NONE', #2320, #3036, #2768 ) ;
#2928 = EDGE_CURVE ( 'NONE', #1089, #4425, #2597, .T. ) ;
#2929 = AXIS2_PLACEMENT_3D ( 'NONE', #4727, #3294, #2789 ) ;
#2930 = ORIENTED_EDGE ( 'NONE', *, *, #630, .T. ) ;
#2931 = VERTEX_POINT ( 'NONE', #3250 ) ;
#2932 = EDGE_LOOP ( 'NONE', ( #3989, #4445, #4674, #790 ) ) ;
#2933 = CARTESIAN_POINT ( 'NONE',  ( -1.712242906716721080, 8.000000000000000000, -5.780000000000000249 ) ) ;
#2934 = ORIENTED_EDGE ( 'NONE', *, *, #1005, .F. ) ;
#2935 = AXIS2_PLACEMENT_3D ( 'NONE', #1652, #3233, #1706 ) ;
#2936 = ORIENTED_EDGE ( 'NONE', *, *, #1288, .F. ) ;
#2937 = DIRECTION ( 'NONE',  ( 1.000000000000000000, 0.000000000000000000, -0.000000000000000000 ) ) ;
#2938 = CARTESIAN_POINT ( 'NONE',  ( -5.080000000000002736, 0.9999999999999995559, -7.875000000000005329 ) ) ;
#2939 = CARTESIAN_POINT ( 'NONE',  ( -2.516588533158897967, -0.3909616617838694852, 0.6500000000000000222 ) ) ;
#2940 = EDGE_CURVE ( 'NONE', #1232, #1215, #963, .T. ) ;
#2941 = ORIENTED_EDGE ( 'NONE', *, *, #1926, .F. ) ;
#2942 = ORIENTED_EDGE ( 'NONE', *, *, #4081, .T. ) ;
#2943 = AXIS2_PLACEMENT_3D ( 'NONE', #1095, #4660, #1901 ) ;
#2944 = EDGE_CURVE ( 'NONE', #1747, #516, #994, .T. ) ;
#2945 = DIRECTION ( 'NONE',  ( 0.000000000000000000, 0.000000000000000000, 1.000000000000000000 ) ) ;
#2946 = ADVANCED_FACE ( 'NONE', ( #4287 ), #4871, .F. ) ;
#2947 = DIRECTION ( 'NONE',  ( -0.000000000000000000, 1.000000000000000000, -0.000000000000000000 ) ) ;
#2948 = VERTEX_POINT ( 'NONE', #1399 ) ;
#2949 = ORIENTED_EDGE ( 'NONE', *, *, #960, .F. ) ;
#2950 = ORIENTED_EDGE ( 'NONE', *, *, #2861, .F. ) ;
#2951 = DIRECTION ( 'NONE',  ( 0.000000000000000000, 0.000000000000000000, -1.000000000000000000 ) ) ;
#2952 = AXIS2_PLACEMENT_3D ( 'NONE', #4982, #265, #729 ) ;
#2953 = EDGE_CURVE ( 'NONE', #1796, #1735, #916, .T. ) ;
#2954 = DIRECTION ( 'NONE',  ( 0.000000000000000000, 0.000000000000000000, 1.000000000000000000 ) ) ;
#2955 = ORIENTED_EDGE ( 'NONE', *, *, #287, .F. ) ;
#2956 = ORIENTED_EDGE ( 'NONE', *, *, #421, .F. ) ;
#2957 = CARTESIAN_POINT ( 'NONE',  ( 4.157860651664130103, 8.000000000000000000, -0.1250000000000000000 ) ) ;
#2958 = ORIENTED_EDGE ( 'NONE', *, *, #4914, .F. ) ;
#2959 = CARTESIAN_POINT ( 'NONE',  ( 3.322725442988533562, 8.000000000000000000, 0.1250000000000000278 ) ) ;
#2960 = CARTESIAN_POINT ( 'NONE',  ( 4.122725442988532052, 7.000000000000000000, 0.1250000000000000000 ) ) ;
#2961 = AXIS2_PLACEMENT_3D ( 'NONE', #3137, #3493, #3916 ) ;
#2962 = DIRECTION ( 'NONE',  ( 0.000000000000000000, 1.000000000000000000, 0.000000000000000000 ) ) ;
#2963 = ORIENTED_EDGE ( 'NONE', *, *, #1264, .F. ) ;
#2964 = ORIENTED_EDGE ( 'NONE', *, *, #2357, .F. ) ;
#2965 = ORIENTED_EDGE ( 'NONE', *, *, #3444, .F. ) ;
#2966 = CARTESIAN_POINT ( 'NONE',  ( -4.122725442988535605, 7.000000000000000000, -0.1250000000000000000 ) ) ;
#2967 = DIRECTION ( 'NONE',  ( -0.1391731009600656044, 0.000000000000000000, 0.9902680687415703620 ) ) ;
#2968 = EDGE_CURVE ( 'NONE', #2922, #2998, #4249, .T. ) ;
#2969 = ADVANCED_FACE ( 'NONE', ( #2654 ), #2999, .T. ) ;
#2970 = MANIFOLD_SOLID_BREP ( 'Cut-Extrude4', #3155 ) ;
#2971 = ORIENTED_EDGE ( 'NONE', *, *, #2198, .F. ) ;
#2972 = ORIENTED_EDGE ( 'NONE', *, *, #2648, .T. ) ;
#2973 = ORIENTED_EDGE ( 'NONE', *, *, #1938, .T. ) ;
#2974 = ADVANCED_FACE ( 'NONE', ( #2548 ), #260, .T. ) ;
#2975 = CARTESIAN_POINT ( 'NONE',  ( -4.850000000000001421, -1.734723475976807094E-15, -8.050000000000000711 ) ) ;
#2976 = EDGE_CURVE ( 'NONE', #1114, #1633, #1003, .T. ) ;
#2977 = DIRECTION ( 'NONE',  ( 0.000000000000000000, -0.000000000000000000, 1.000000000000000000 ) ) ;
#2978 = VERTEX_POINT ( 'NONE', #2720 ) ;
#2979 = AXIS2_PLACEMENT_3D ( 'NONE', #3549, #485, #1591 ) ;
#2980 = CARTESIAN_POINT ( 'NONE',  ( -4.299999999999998934, 0.5499999999999944933, -9.500000000000001776 ) ) ;
#2981 = VERTEX_POINT ( 'NONE', #3100 ) ;
#2982 = DIRECTION ( 'NONE',  ( -0.000000000000000000, 1.000000000000000000, 0.000000000000000000 ) ) ;
#2983 = EDGE_CURVE ( 'NONE', #3447, #4110, #4370, .T. ) ;
#2984 = SURFACE_SIDE_STYLE ('',( #4476 ) ) ;
#2985 = AXIS2_PLACEMENT_3D ( 'NONE', #302, #1136, #3858 ) ;
#2986 = ADVANCED_FACE ( 'NONE', ( #2522 ), #2627, .T. ) ;
#2987 = ORIENTED_EDGE ( 'NONE', *, *, #1115, .T. ) ;
#2988 = EDGE_LOOP ( 'NONE', ( #2973, #2505, #996, #4766 ) ) ;
#2989 = DIRECTION ( 'NONE',  ( 0.1391731009600656044, 0.000000000000000000, -0.9902680687415703620 ) ) ;
#2990 = ORIENTED_EDGE ( 'NONE', *, *, #2568, .F. ) ;
#2991 = COLOUR_RGB ( '',0.7921568627450980005, 0.8196078431372548767, 0.9333333333333333481 ) ;
#2992 = ORIENTED_EDGE ( 'NONE', *, *, #3288, .T. ) ;
#2993 = ORIENTED_EDGE ( 'NONE', *, *, #2096, .T. ) ;
#2994 = DIRECTION ( 'NONE',  ( -0.1391731009600656044, -0.000000000000000000, 0.9902680687415703620 ) ) ;
#2995 = DIRECTION ( 'NONE',  ( 0.000000000000000000, 0.000000000000000000, -1.000000000000000000 ) ) ;
#2996 = MECHANICAL_DESIGN_GEOMETRIC_PRESENTATION_REPRESENTATION (  '', ( #1472 ), #1852 ) ;
#2997 = FACE_OUTER_BOUND ( 'NONE', #1069, .T. ) ;
#2998 = VERTEX_POINT ( 'NONE', #3393 ) ;
#2999 = PLANE ( 'NONE',  #4509 ) ;
#3000 = EDGE_CURVE ( 'NONE', #174, #678, #4189, .T. ) ;
#3001 = VERTEX_POINT ( 'NONE', #9 ) ;
#3002 = ORIENTED_EDGE ( 'NONE', *, *, #989, .T. ) ;
#3003 = CARTESIAN_POINT ( 'NONE',  ( -2.540000000000000480, -5.250000000000000000, -7.365000000000049951 ) ) ;
#3004 = ADVANCED_FACE ( 'NONE', ( #2618 ), #3427, .T. ) ;
#3005 = VECTOR ( 'NONE', #4264, 999.9999999999998863 ) ;
#3006 = EDGE_LOOP ( 'NONE', ( #1574, #1369, #3115, #4698, #3156 ) ) ;
#3007 = ORIENTED_EDGE ( 'NONE', *, *, #656, .T. ) ;
#3008 = CARTESIAN_POINT ( 'NONE',  ( 0.000000000000000000, 7.999999999999996447, 0.000000000000000000 ) ) ;
#3009 = ORIENTED_EDGE ( 'NONE', *, *, #4138, .T. ) ;
#3010 = DIRECTION ( 'NONE',  ( -0.7071067811865522357, 0.7071067811865426878, 0.000000000000000000 ) ) ;
#3011 = DIRECTION ( 'NONE',  ( -0.000000000000000000, 1.000000000000000000, 0.000000000000000000 ) ) ;
#3012 = FACE_OUTER_BOUND ( 'NONE', #1524, .T. ) ;
#3013 = EDGE_LOOP ( 'NONE', ( #4606, #4673 ) ) ;
#3014 = EDGE_LOOP ( 'NONE', ( #1498, #1799, #223, #2878 ) ) ;
#3015 = DIRECTION ( 'NONE',  ( 0.000000000000000000, 1.000000000000000000, 0.000000000000000000 ) ) ;
#3016 = AXIS2_PLACEMENT_3D ( 'NONE', #3337, #3692, #4089 ) ;
#3017 = ORIENTED_EDGE ( 'NONE', *, *, #3612, .F. ) ;
#3018 = CARTESIAN_POINT ( 'NONE',  ( -3.522408857683527295, 7.000000000000000000, 7.100000000000000533 ) ) ;
#3019 = ADVANCED_FACE ( 'NONE', ( #2681 ), #1804, .F. ) ;
#3020 = PLANE ( 'NONE',  #2346 ) ;
#3021 = VECTOR ( 'NONE', #1661, 999.9999999999998863 ) ;
#3022 = ORIENTED_EDGE ( 'NONE', *, *, #2198, .T. ) ;
#3023 = VERTEX_POINT ( 'NONE', #1125 ) ;
#3024 = VERTEX_POINT ( 'NONE', #2679 ) ;
#3025 = EDGE_CURVE ( 'NONE', #4425, #4151, #2636, .T. ) ;
#3026 = DIRECTION ( 'NONE',  ( 0.000000000000000000, 0.000000000000000000, 1.000000000000000000 ) ) ;
#3027 = DIRECTION ( 'NONE',  ( 0.000000000000000000, 0.5735764363510397201, 0.8191520442889962395 ) ) ;
#3028 = EDGE_CURVE ( 'NONE', #2457, #2490, #1021, .T. ) ;
#3029 = MECHANICAL_DESIGN_GEOMETRIC_PRESENTATION_REPRESENTATION (  '', ( #2075 ), #1042 ) ;
#3030 = ORIENTED_EDGE ( 'NONE', *, *, #2648, .F. ) ;
#3031 = ORIENTED_EDGE ( 'NONE', *, *, #2953, .T. ) ;
#3032 = EDGE_LOOP ( 'NONE', ( #796, #2437, #2373, #805, #1262, #715 ) ) ;
#3033 =( BOUNDED_CURVE ( )  B_SPLINE_CURVE ( 3, ( #161, #616, #1325, #1743 ),
 .UNSPECIFIED., .F., .F. ) 
 B_SPLINE_CURVE_WITH_KNOTS ( ( 4, 4 ),
 ( 0.000000000000000000, 2.060753653048631229 ),
 .UNSPECIFIED. ) 
 CURVE ( )  GEOMETRIC_REPRESENTATION_ITEM ( )  RATIONAL_B_SPLINE_CURVE ( ( 1.000000000000000000, 0.6763305036183491215, 0.6763305036183491215, 1.000000000000000000 ) ) 
 REPRESENTATION_ITEM ( '' )  );
#3034 = CARTESIAN_POINT ( 'NONE',  ( -1.678203140787359438, 8.000000000000000000, -7.100000000000000533 ) ) ;
#3035 = EDGE_CURVE ( 'NONE', #4290, #845, #4379, .T. ) ;
#3036 = DIRECTION ( 'NONE',  ( 0.000000000000000000, 1.000000000000000000, 0.000000000000000000 ) ) ;
#3037 = VECTOR ( 'NONE', #895, 1000.000000000000000 ) ;
#3038 = DIRECTION ( 'NONE',  ( 0.000000000000000000, 1.000000000000000000, 0.000000000000000000 ) ) ;
#3039 = ORIENTED_EDGE ( 'NONE', *, *, #4666, .F. ) ;
#3040 = SURFACE_SIDE_STYLE ('',( #3965 ) ) ;
#3041 =( LENGTH_UNIT ( ) NAMED_UNIT ( * ) SI_UNIT ( .MILLI., .METRE. ) );
#3042 = ADVANCED_FACE ( 'NONE', ( #2713 ), #1315, .F. ) ;
#3043 = VECTOR ( 'NONE', #4916, 1000.000000000000000 ) ;
#3044 = EDGE_CURVE ( 'NONE', #3281, #2765, #4389, .T. ) ;
#3045 = VERTEX_POINT ( 'NONE', #2382 ) ;
#3046 = ORIENTED_EDGE ( 'NONE', *, *, #2169, .T. ) ;
#3047 = CARTESIAN_POINT ( 'NONE',  ( -2.775461530176017710, 8.000000000000000000, 0.7073991214881127920 ) ) ;
#3048 = ORIENTED_EDGE ( 'NONE', *, *, #2078, .T. ) ;
#3049 = DIRECTION ( 'NONE',  ( 0.9902680687415702510, -0.000000000000000000, 0.1391731009600656599 ) ) ;
#3050 = ADVANCED_FACE ( 'NONE', ( #878 ), #919, .T. ) ;
#3051 = AXIS2_PLACEMENT_3D ( 'NONE', #1770, #530, #248 ) ;
#3052 = DIRECTION ( 'NONE',  ( 0.000000000000000000, 0.000000000000000000, -1.000000000000000000 ) ) ;
#3053 = DIRECTION ( 'NONE',  ( 0.000000000000000000, 0.000000000000000000, 1.000000000000000000 ) ) ;
#3054 = VERTEX_POINT ( 'NONE', #3550 ) ;
#3055 = ORIENTED_EDGE ( 'NONE', *, *, #3180, .T. ) ;
#3056 = VERTEX_POINT ( 'NONE', #520 ) ;
#3057 = AXIS2_PLACEMENT_3D ( 'NONE', #2578, #2729, #3855 ) ;
#3058 = EDGE_CURVE ( 'NONE', #3726, #1089, #851, .T. ) ;
#3059 = ADVANCED_FACE ( 'NONE', ( #2557 ), #4371, .T. ) ;
#3060 = LINE ( 'NONE', #1632, #3021 ) ;
#3061 = ORIENTED_EDGE ( 'NONE', *, *, #3759, .F. ) ;
#3062 = CARTESIAN_POINT ( 'NONE',  ( 4.299999999999998934, 0.5499999999999944933, -9.500000000000001776 ) ) ;
#3063 = CARTESIAN_POINT ( 'NONE',  ( -3.305836058205425587, 7.000000000000000000, 0.1250000000000000000 ) ) ;
#3064 = EDGE_LOOP ( 'NONE', ( #1784, #1142, #1458, #4391 ) ) ;
#3065 = ORIENTED_EDGE ( 'NONE', *, *, #18, .T. ) ;
#3066 = CARTESIAN_POINT ( 'NONE',  ( 2.775461530176011937, 8.000000000000000000, -0.7073991214881119038 ) ) ;
#3067 = AXIS2_PLACEMENT_3D ( 'NONE', #1306, #2372, #4999 ) ;
#3068 = PLANE ( 'NONE',  #3134 ) ;
#3069 =( LENGTH_UNIT ( ) NAMED_UNIT ( * ) SI_UNIT ( .MILLI., .METRE. ) );
#3070 = VECTOR ( 'NONE', #4154, 1000.000000000000114 ) ;
#3071 = ORIENTED_EDGE ( 'NONE', *, *, #1122, .F. ) ;
#3072 = ORIENTED_EDGE ( 'NONE', *, *, #4363, .T. ) ;
#3073 = CLOSED_SHELL ( 'NONE', ( #2824, #3314, #1427, #1860, #4607, #3946, #2560 ) ) ;
#3074 = DIRECTION ( 'NONE',  ( 0.000000000000000000, 1.000000000000000000, 0.000000000000000000 ) ) ;
#3075 = FILL_AREA_STYLE ('',( #3671 ) ) ;
#3076 = EDGE_CURVE ( 'NONE', #163, #4272, #4226, .T. ) ;
#3077 = LINE ( 'NONE', #2327, #1391 ) ;
#3078 = VERTEX_POINT ( 'NONE', #73 ) ;
#3079 = ORIENTED_EDGE ( 'NONE', *, *, #4461, .T. ) ;
#3080 = CARTESIAN_POINT ( 'NONE',  ( -3.305836058205425587, 8.000000000000000000, 0.1250000000000000000 ) ) ;
#3081 = VERTEX_POINT ( 'NONE', #1284 ) ;
#3082 = CARTESIAN_POINT ( 'NONE',  ( 0.000000000000000000, 7.000000000000000000, 0.000000000000000000 ) ) ;
#3083 = DIRECTION ( 'NONE',  ( 0.000000000000000000, 1.000000000000000000, 0.000000000000000000 ) ) ;
#3084 = DIRECTION ( 'NONE',  ( -1.000000000000000000, -0.000000000000000000, -0.000000000000000000 ) ) ;
#3085 = EDGE_CURVE ( 'NONE', #2143, #2620, #859, .T. ) ;
#3086 = PRESENTATION_STYLE_ASSIGNMENT (( #4770 ) ) ;
#3087 = VERTEX_POINT ( 'NONE', #4789 ) ;
#3088 = DIRECTION ( 'NONE',  ( 0.000000000000000000, 0.000000000000000000, 1.000000000000000000 ) ) ;
#3089 = AXIS2_PLACEMENT_3D ( 'NONE', #3200, #284, #3026 ) ;
#3090 = ORIENTED_EDGE ( 'NONE', *, *, #3180, .F. ) ;
#3091 = ORIENTED_EDGE ( 'NONE', *, *, #3000, .T. ) ;
#3092 = ADVANCED_FACE ( 'NONE', ( #2536 ), #2744, .T. ) ;
#3093 = DIRECTION ( 'NONE',  ( 0.1391731009600656044, 0.000000000000000000, -0.9902680687415703620 ) ) ;
#3094 = EDGE_CURVE ( 'NONE', #2565, #4464, #4454, .T. ) ;
#3095 = AXIS2_PLACEMENT_3D ( 'NONE', #1953, #2700, #2777 ) ;
#3096 = PLANE ( 'NONE',  #951 ) ;
#3097 = LINE ( 'NONE', #588, #3043 ) ;
#3098 = DIRECTION ( 'NONE',  ( 0.000000000000000000, -0.000000000000000000, -1.000000000000000000 ) ) ;
#3099 = EDGE_LOOP ( 'NONE', ( #4843, #4166 ) ) ;
#3100 = CARTESIAN_POINT ( 'NONE',  ( 3.357860651664131169, 8.000000000000000000, -0.1249999999999990008 ) ) ;
#3101 = EDGE_LOOP ( 'NONE', ( #103, #4265, #2328, #19 ) ) ;
#3102 = EDGE_LOOP ( 'NONE', ( #3589, #1253, #3428, #3328 ) ) ;
#3103 = EDGE_CURVE ( 'NONE', #669, #1278, #4517, .T. ) ;
#3104 = DIRECTION ( 'NONE',  ( 1.000000000000000000, -0.000000000000000000, -0.000000000000000000 ) ) ;
#3105 = CARTESIAN_POINT ( 'NONE',  ( 4.299999999999998934, 0.5499999999999944933, -9.500000000000001776 ) ) ;
#3106 = CYLINDRICAL_SURFACE ( 'NONE', #639, 0.2549999999999384426 ) ;
#3107 = ORIENTED_EDGE ( 'NONE', *, *, #2699, .T. ) ;
#3108 = ORIENTED_EDGE ( 'NONE', *, *, #1252, .T. ) ;
#3109 = SURFACE_STYLE_USAGE ( .BOTH. , #3040 ) ;
#3110 = EDGE_CURVE ( 'NONE', #3854, #4759, #4462, .T. ) ;
#3111 = VECTOR ( 'NONE', #4888, 1000.000000000000000 ) ;
#3112 = CARTESIAN_POINT ( 'NONE',  ( 2.576624604172656596, 7.000000000000000000, 0.7073991214881121259 ) ) ;
#3113 = ORIENTED_EDGE ( 'NONE', *, *, #2307, .T. ) ;
#3114 = DIRECTION ( 'NONE',  ( 1.000000000000000000, 0.000000000000000000, 1.177063452450326228E-15 ) ) ;
#3115 = ORIENTED_EDGE ( 'NONE', *, *, #3241, .T. ) ;
#3116 = FILL_AREA_STYLE ('',( #3791 ) ) ;
#3117 = DIRECTION ( 'NONE',  ( -0.000000000000000000, -1.000000000000000000, -0.000000000000000000 ) ) ;
#3118 = CARTESIAN_POINT ( 'NONE',  ( 3.346237331257818415, 8.000000000000000000, 5.649999999999999467 ) ) ;
#3119 = CARTESIAN_POINT ( 'NONE',  ( 5.080000000000054250, 1.721248916810457219, 7.619999999999964579 ) ) ;
#3120 = DIRECTION ( 'NONE',  ( -0.000000000000000000, 1.000000000000000000, -0.000000000000000000 ) ) ;
#3121 = LINE ( 'NONE', #3556, #4754 ) ;
#3122 = AXIS2_PLACEMENT_3D ( 'NONE', #4846, #2579, #550 ) ;
#3123 = PLANE ( 'NONE',  #1248 ) ;
#3124 = EDGE_LOOP ( 'NONE', ( #4427, #3229, #3141, #2694 ) ) ;
#3125 = ORIENTED_EDGE ( 'NONE', *, *, #1379, .F. ) ;
#3126 = EDGE_CURVE ( 'NONE', #3279, #3087, #2733, .T. ) ;
#3127 = DIRECTION ( 'NONE',  ( 0.000000000000000000, -0.000000000000000000, -1.000000000000000000 ) ) ;
#3128 = DIRECTION ( 'NONE',  ( 0.000000000000000000, -0.000000000000000000, -1.000000000000000000 ) ) ;
#3129 = CARTESIAN_POINT ( 'NONE',  ( -4.157860651664134544, 7.000000000000000000, 0.1250000000000004996 ) ) ;
#3130 = DIRECTION ( 'NONE',  ( -1.000000000000000000, 0.000000000000000000, -0.000000000000000000 ) ) ;
#3131 = CARTESIAN_POINT ( 'NONE',  ( -4.157860651664134544, 7.000000000000000000, 0.1250000000000004996 ) ) ;
#3132 = CARTESIAN_POINT ( 'NONE',  ( -4.299999999999998934, 0.5499999999999944933, 9.500000000000000000 ) ) ;
#3133 = ORIENTED_EDGE ( 'NONE', *, *, #2699, .F. ) ;
#3134 = AXIS2_PLACEMENT_3D ( 'NONE', #3851, #1067, #1534 ) ;
#3135 = ORIENTED_EDGE ( 'NONE', *, *, #3620, .T. ) ;
#3136 = UNCERTAINTY_MEASURE_WITH_UNIT (LENGTH_MEASURE( 1.000000000000000082E-05 ), #1109, 'distance_accuracy_value', 'NONE');
#3137 = CARTESIAN_POINT ( 'NONE',  ( 4.850000000000001421, 0.000000000000000000, -9.500000000000001776 ) ) ;
#3138 = DIRECTION ( 'NONE',  ( -0.000000000000000000, 1.000000000000000000, -0.000000000000000000 ) ) ;
#3139 = VECTOR ( 'NONE', #458, 1000.000000000000000 ) ;
#3140 = PLANE ( 'NONE',  #1672 ) ;
#3141 = ORIENTED_EDGE ( 'NONE', *, *, #2983, .F. ) ;
#3142 = CARTESIAN_POINT ( 'NONE',  ( -2.333885448045789346, 8.000000000000000000, -0.6500000000000000222 ) ) ;
#3143 = CARTESIAN_POINT ( 'NONE',  ( 2.550017939189503480, -0.3909616617838694852, -0.6500000000000000222 ) ) ;
#3144 = LINE ( 'NONE', #2812, #4876 ) ;
#3145 = PLANE ( 'NONE',  #4647 ) ;
#3146 = VERTEX_POINT ( 'NONE', #2854 ) ;
#3147 = PLANE ( 'NONE',  #3325 ) ;
#3148 = LINE ( 'NONE', #2909, #3220 ) ;
#3149 = ORIENTED_EDGE ( 'NONE', *, *, #4297, .T. ) ;
#3150 = CARTESIAN_POINT ( 'NONE',  ( 2.367314854076395747, 7.000000000000000000, 0.6500000000000001332 ) ) ;
#3151 = EDGE_CURVE ( 'NONE', #1480, #62, #4448, .T. ) ;
#3152 = AXIS2_PLACEMENT_3D ( 'NONE', #2355, #3853, #1566 ) ;
#3153 = CARTESIAN_POINT ( 'NONE',  ( 1.526729004909567200, 8.000000000000000000, 7.099999999999999645 ) ) ;
#3154 = LINE ( 'NONE', #4994, #1494 ) ;
#3155 = CLOSED_SHELL ( 'NONE', ( #3870, #3332, #1085, #4894, #4678, #4553, #1809, #703, #4352, #672, #2540, #3386, #112, #324, #4525, #3465, #4548, #4591, #1039, #2644, #1491, #4302, #4148, #617, #1108, #1452, #4861, #3042, #713, #4634, #282, #4480, #1654, #1147, #4855, #426, #218, #2283, #3222, #1778, #4875, #1064, #3545, #2706, #1194, #2740, #657, #696, #4099, #3317, #2199, #4504, #2969, #1720, #203, #2657, #2640, #2365, #2589, #4049, #849, #4203, #4568, #4070, #4595, #2203, #4719, #4631, #2026, #4947, #4253, #1310, #3019, #239, #4403, #2153, #2546, #1417, #992, #3366 ) ) ;
#3156 = ORIENTED_EDGE ( 'NONE', *, *, #2460, .T. ) ;
#3157 = CARTESIAN_POINT ( 'NONE',  ( -4.855000000000011973, 1.721248916810457219, 7.500000000000000000 ) ) ;
#3158 = DIRECTION ( 'NONE',  ( 0.1391731009600654934, -0.000000000000000000, -0.9902680687415702510 ) ) ;
#3159 = DIRECTION ( 'NONE',  ( 0.9902680687415703620, -0.000000000000000000, 0.1391731009600652158 ) ) ;
#3160 = DIRECTION ( 'NONE',  ( 1.000000000000000000, -0.000000000000000000, -0.000000000000000000 ) ) ;
#3161 = LINE ( 'NONE', #1582, #1530 ) ;
#3162 = CARTESIAN_POINT ( 'NONE',  ( 1.678203140787354108, -0.3909616617838694852, 7.100000000000000533 ) ) ;
#3163 = EDGE_CURVE ( 'NONE', #993, #4306, #1057, .T. ) ;
#3164 = DIRECTION ( 'NONE',  ( 0.000000000000000000, 0.000000000000000000, 1.000000000000000000 ) ) ;
#3165 = CARTESIAN_POINT ( 'NONE',  ( -6.300000000000000711, 1.000000000000000000, 7.500000000000000000 ) ) ;
#3166 = FACE_OUTER_BOUND ( 'NONE', #3064, .T. ) ;
#3167 = ORIENTED_EDGE ( 'NONE', *, *, #975, .T. ) ;
#3168 = CARTESIAN_POINT ( 'NONE',  ( -5.079999999999946780, 0.9999999999999995559, 7.874999999999996447 ) ) ;
#3169 = DIRECTION ( 'NONE',  ( -1.000000000000000000, 0.000000000000000000, 1.253608761936366671E-15 ) ) ;
#3170 = FACE_OUTER_BOUND ( 'NONE', #589, .T. ) ;
#3171 = EDGE_LOOP ( 'NONE', ( #4705, #1403, #3079, #1825 ) ) ;
#3172 = FACE_OUTER_BOUND ( 'NONE', #2802, .T. ) ;
#3173 = CLOSED_SHELL ( 'NONE', ( #3092, #2216, #4197, #1453 ) ) ;
#3174 = EDGE_CURVE ( 'NONE', #429, #4151, #4418, .T. ) ;
#3175 = ADVANCED_FACE ( 'NONE', ( #4563 ), #2495, .T. ) ;
#3176 = DIRECTION ( 'NONE',  ( 0.000000000000000000, 0.000000000000000000, -1.000000000000000000 ) ) ;
#3177 = CLOSED_SHELL ( 'NONE', ( #1493, #1234, #3825, #4508, #3442, #1615 ) ) ;
#3178 = CARTESIAN_POINT ( 'NONE',  ( -6.300000000000000711, 0.3851141460153325591, 7.500000000000000000 ) ) ;
#3179 = PRESENTATION_LAYER_ASSIGNMENT (  '', '', ( #783 ) ) ;
#3180 = EDGE_CURVE ( 'NONE', #4005, #1153, #1100, .T. ) ;
#3181 = LINE ( 'NONE', #2939, #1596 ) ;
#3182 = FACE_OUTER_BOUND ( 'NONE', #2284, .T. ) ;
#3183 = DIRECTION ( 'NONE',  ( 0.000000000000000000, 1.000000000000000000, 0.000000000000000000 ) ) ;
#3184 = ORIENTED_EDGE ( 'NONE', *, *, #3163, .F. ) ;
#3185 = CARTESIAN_POINT ( 'NONE',  ( 4.850000000000001421, 0.000000000000000000, -7.500000000000000000 ) ) ;
#3186 = ORIENTED_EDGE ( 'NONE', *, *, #1422, .F. ) ;
#3187 = VERTEX_POINT ( 'NONE', #179 ) ;
#3188 = CARTESIAN_POINT ( 'NONE',  ( -5.079999999999946780, 1.721248916810457219, 7.874999999999996447 ) ) ;
#3189 = CARTESIAN_POINT ( 'NONE',  ( 6.300000000000000711, 0.000000000000000000, 9.500000000000000000 ) ) ;
#3190 =( GEOMETRIC_REPRESENTATION_CONTEXT ( 3 ) GLOBAL_UNCERTAINTY_ASSIGNED_CONTEXT ( ( #2424 ) ) GLOBAL_UNIT_ASSIGNED_CONTEXT ( ( #4597, #659, #1496 ) ) REPRESENTATION_CONTEXT ( 'NONE', 'WORKASPACE' ) );
#3191 = DIRECTION ( 'NONE',  ( 0.7882765718205376748, 0.000000000000000000, -0.6153210920477703016 ) ) ;
#3192 = CARTESIAN_POINT ( 'NONE',  ( 5.079999999999945004, 0.9999999999999995559, -7.364999999999972680 ) ) ;
#3193 = EDGE_CURVE ( 'NONE', #3451, #3933, #4410, .T. ) ;
#3194 = VECTOR ( 'NONE', #1428, 999.9999999999998863 ) ;
#3195 = CARTESIAN_POINT ( 'NONE',  ( -2.333885448045789346, 7.000000000000000000, -0.6500000000000000222 ) ) ;
#3196 = ORIENTED_EDGE ( 'NONE', *, *, #4579, .T. ) ;
#3197 = ORIENTED_EDGE ( 'NONE', *, *, #3481, .T. ) ;
#3198 = ORIENTED_EDGE ( 'NONE', *, *, #3151, .T. ) ;
#3199 = DIRECTION ( 'NONE',  ( 0.9902680687415703620, -0.000000000000000000, 0.1391731009600654934 ) ) ;
#3200 = CARTESIAN_POINT ( 'NONE',  ( -4.299999999999998934, 0.5499999999999944933, -9.500000000000001776 ) ) ;
#3201 = AXIS2_PLACEMENT_3D ( 'NONE', #4710, #1886, #3893 ) ;
#3202 = DIRECTION ( 'NONE',  ( 0.000000000000000000, 0.000000000000000000, -1.000000000000000000 ) ) ;
#3203 = CARTESIAN_POINT ( 'NONE',  ( -3.336894955876370528, -0.3909616617838694852, 5.780000000000000249 ) ) ;
#3204 = VERTEX_POINT ( 'NONE', #3785 ) ;
#3205 = VECTOR ( 'NONE', #4675, 1000.000000000000000 ) ;
#3206 = VERTEX_POINT ( 'NONE', #212 ) ;
#3207 = EDGE_LOOP ( 'NONE', ( #3135, #947, #2595, #1111 ) ) ;
#3208 = EDGE_CURVE ( 'NONE', #4051, #49, #1163, .T. ) ;
#3209 = CARTESIAN_POINT ( 'NONE',  ( 2.539999999999999147, -5.250000000000000000, 7.620000000000015206 ) ) ;
#3210 = VECTOR ( 'NONE', #3275, 1000.000000000000000 ) ;
#3211 = ORIENTED_EDGE ( 'NONE', *, *, #4449, .F. ) ;
#3212 = VERTEX_POINT ( 'NONE', #2534 ) ;
#3213 = CARTESIAN_POINT ( 'NONE',  ( 2.539999999999999147, 0.9999999999999995559, -7.620000000000015206 ) ) ;
#3214 = DIRECTION ( 'NONE',  ( -0.000000000000000000, 1.000000000000000000, 0.000000000000000000 ) ) ;
#3215 = LINE ( 'NONE', #2588, #1563 ) ;
#3216 = PLANE ( 'NONE',  #2045 ) ;
#3217 = EDGE_CURVE ( 'NONE', #863, #4655, #1066, .T. ) ;
#3218 = EDGE_LOOP ( 'NONE', ( #4530, #4491, #3432, #1022 ) ) ;
#3219 = FILL_AREA_STYLE ('',( #380 ) ) ;
#3220 = VECTOR ( 'NONE', #3652, 1000.000000000000000 ) ;
#3221 = VERTEX_POINT ( 'NONE', #1786 ) ;
#3222 = ADVANCED_FACE ( 'NONE', ( #1149 ), #1074, .T. ) ;
#3223 = EDGE_CURVE ( 'NONE', #199, #3584, #1170, .T. ) ;
#3224 = DIRECTION ( 'NONE',  ( -0.4975428121645238955, -0.4975428121645172341, -0.7105647754616332135 ) ) ;
#3225 = CARTESIAN_POINT ( 'NONE',  ( -3.305836058205425587, 8.000000000000000000, 0.1250000000000000000 ) ) ;
#3226 = LINE ( 'NONE', #1179, #3261 ) ;
#3227 = DIRECTION ( 'NONE',  ( -0.6153210920477697465, 0.000000000000000000, -0.7882765718205382299 ) ) ;
#3228 = ORIENTED_EDGE ( 'NONE', *, *, #4963, .T. ) ;
#3229 = ORIENTED_EDGE ( 'NONE', *, *, #3554, .F. ) ;
#3230 = CARTESIAN_POINT ( 'NONE',  ( 4.122725442988532052, 8.000000000000000000, 0.1250000000000000000 ) ) ;
#3231 = DIRECTION ( 'NONE',  ( -0.000000000000000000, -0.000000000000000000, 1.000000000000000000 ) ) ;
#3232 = LINE ( 'NONE', #2629, #3210 ) ;
#3233 = DIRECTION ( 'NONE',  ( -0.000000000000000000, 1.000000000000000000, 0.000000000000000000 ) ) ;
#3234 = ORIENTED_EDGE ( 'NONE', *, *, #1839, .F. ) ;
#3235 = LINE ( 'NONE', #3237, #4906 ) ;
#3236 = EDGE_LOOP ( 'NONE', ( #3211, #4649 ) ) ;
#3237 = CARTESIAN_POINT ( 'NONE',  ( 3.336894955876370084, 8.000000000000000000, -5.780000000000001137 ) ) ;
#3238 = CARTESIAN_POINT ( 'NONE',  ( 4.157860651664130103, 7.000000000000000000, -0.1250000000000000000 ) ) ;
#3239 = AXIS2_PLACEMENT_3D ( 'NONE', #1335, #3252, #2034 ) ;
#3240 = VERTEX_POINT ( 'NONE', #736 ) ;
#3241 = EDGE_CURVE ( 'NONE', #1531, #731, #4423, .T. ) ;
#3242 = FACE_OUTER_BOUND ( 'NONE', #1062, .T. ) ;
#3243 = CARTESIAN_POINT ( 'NONE',  ( -5.080000000000002736, -5.250000000000000000, -7.364999999999999325 ) ) ;
#3244 = CARTESIAN_POINT ( 'NONE',  ( -3.522408857683527295, 7.000000000000000000, 7.100000000000000533 ) ) ;
#3245 = AXIS2_PLACEMENT_3D ( 'NONE', #1390, #1686, #1663 ) ;
#3246 = CARTESIAN_POINT ( 'NONE',  ( 3.673882993561314869, 7.000000000000000000, -5.827146911406196672 ) ) ;
#3247 = EDGE_CURVE ( 'NONE', #1226, #4093, #4537, .T. ) ;
#3248 =( NAMED_UNIT ( * ) SI_UNIT ( $, .STERADIAN. ) SOLID_ANGLE_UNIT ( ) );
#3249 = PLANE ( 'NONE',  #759 ) ;
#3250 = CARTESIAN_POINT ( 'NONE',  ( -2.333885448045789346, 8.000000000000000000, -0.6500000000000000222 ) ) ;
#3251 = CYLINDRICAL_SURFACE ( 'NONE', #1450, 0.2550000000000008926 ) ;
#3252 = DIRECTION ( 'NONE',  ( 0.000000000000000000, 1.000000000000000000, 0.000000000000000000 ) ) ;
#3253 = ORIENTED_EDGE ( 'NONE', *, *, #3462, .F. ) ;
#3254 = PRESENTATION_STYLE_ASSIGNMENT (( #1824 ) ) ;
#3255 = VERTEX_POINT ( 'NONE', #2228 ) ;
#3256 = AXIS2_PLACEMENT_3D ( 'NONE', #3488, #3457, #2217 ) ;
#3257 = DIRECTION ( 'NONE',  ( 0.000000000000000000, 1.000000000000000000, 0.000000000000000000 ) ) ;
#3258 = CARTESIAN_POINT ( 'NONE',  ( -4.299999999999998934, 0.5499999999999944933, -9.500000000000001776 ) ) ;
#3259 = DIRECTION ( 'NONE',  ( -0.6427876096865419164, 0.000000000000000000, -0.7660444431189759040 ) ) ;
#3260 = UNCERTAINTY_MEASURE_WITH_UNIT (LENGTH_MEASURE( 1.000000000000000082E-05 ), #3569, 'distance_accuracy_value', 'NONE');
#3261 = VECTOR ( 'NONE', #2705, 1000.000000000000000 ) ;
#3262 = CARTESIAN_POINT ( 'NONE',  ( -2.775461530176017710, -0.3909616617838694852, 0.7073991214881127920 ) ) ;
#3263 = CARTESIAN_POINT ( 'NONE',  ( -3.305836058205425587, 8.000000000000000000, 0.1250000000000000000 ) ) ;
#3264 = EDGE_LOOP ( 'NONE', ( #74, #4539, #2826, #4805 ) ) ;
#3265 = SURFACE_STYLE_FILL_AREA ( #2129 ) ;
#3266 = ORIENTED_EDGE ( 'NONE', *, *, #257, .F. ) ;
#3267 = EDGE_CURVE ( 'NONE', #1153, #4005, #2903, .T. ) ;
#3268 = DIRECTION ( 'NONE',  ( -0.000000000000000000, 1.000000000000000000, 0.000000000000000000 ) ) ;
#3269 = CARTESIAN_POINT ( 'NONE',  ( 4.934348763394843296, 7.000000000000000000, -5.650000000000000355 ) ) ;
#3270 = DIRECTION ( 'NONE',  ( -1.000000000000000000, 0.000000000000000000, 3.388131789017209368E-17 ) ) ;
#3271 = VECTOR ( 'NONE', #3331, 1000.000000000000000 ) ;
#3272 = EDGE_LOOP ( 'NONE', ( #4187, #92, #976, #2683 ) ) ;
#3273 = AXIS2_PLACEMENT_3D ( 'NONE', #4311, #4742, #2332 ) ;
#3274 = ORIENTED_EDGE ( 'NONE', *, *, #752, .F. ) ;
#3275 = DIRECTION ( 'NONE',  ( -0.000000000000000000, 1.000000000000000000, -0.000000000000000000 ) ) ;
#3276 = EDGE_CURVE ( 'NONE', #4680, #4655, #2801, .T. ) ;
#3277 = AXIS2_PLACEMENT_3D ( 'NONE', #2267, #4679, #1956 ) ;
#3278 = FACE_OUTER_BOUND ( 'NONE', #3032, .T. ) ;
#3279 = VERTEX_POINT ( 'NONE', #2652 ) ;
#3280 = DIRECTION ( 'NONE',  ( -0.000000000000000000, 1.000000000000000000, -0.000000000000000000 ) ) ;
#3281 = VERTEX_POINT ( 'NONE', #3406 ) ;
#3282 = AXIS2_PLACEMENT_3D ( 'NONE', #3143, #4345, #2435 ) ;
#3283 = CARTESIAN_POINT ( 'NONE',  ( -1.526729004909564091, 7.000000000000000000, -7.100000000000000533 ) ) ;
#3284 = SURFACE_STYLE_USAGE ( .BOTH. , #4899 ) ;
#3285 = EDGE_LOOP ( 'NONE', ( #2792, #4581, #4409, #1047 ) ) ;
#3286 = MANIFOLD_SOLID_BREP ( 'Boss-Extrude2[3]', #770 ) ;
#3287 = ORIENTED_EDGE ( 'NONE', *, *, #960, .T. ) ;
#3288 = EDGE_CURVE ( 'NONE', #4464, #2565, #2893, .T. ) ;
#3289 = DIRECTION ( 'NONE',  ( -0.000000000000000000, -1.000000000000000000, -0.000000000000000000 ) ) ;
#3290 = AXIS2_PLACEMENT_3D ( 'NONE', #4961, #3074, #2207 ) ;
#3291 = DIRECTION ( 'NONE',  ( 1.000000000000000000, 0.000000000000000000, 1.177063452450326228E-15 ) ) ;
#3292 = DIRECTION ( 'NONE',  ( -1.000000000000000000, 0.000000000000000000, 0.000000000000000000 ) ) ;
#3293 = DIRECTION ( 'NONE',  ( -0.000000000000000000, -1.000000000000000000, -0.000000000000000000 ) ) ;
#3294 = DIRECTION ( 'NONE',  ( 0.7393579735722481949, 0.000000000000000000, -0.6733125477184713770 ) ) ;
#3295 = ORIENTED_EDGE ( 'NONE', *, *, #3353, .T. ) ;
#3296 = LINE ( 'NONE', #499, #3302 ) ;
#3297 = ADVANCED_FACE ( 'NONE', ( #1078 ), #1087, .T. ) ;
#3298 = AXIS2_PLACEMENT_3D ( 'NONE', #3008, #3820, #1849 ) ;
#3299 = EDGE_CURVE ( 'NONE', #4156, #4623, #4444, .T. ) ;
#3300 = CARTESIAN_POINT ( 'NONE',  ( -4.122725442988535605, 7.000000000000000000, -0.1250000000000000000 ) ) ;
#3301 = ORIENTED_EDGE ( 'NONE', *, *, #2751, .F. ) ;
#3302 = VECTOR ( 'NONE', #1716, 1000.000000000000000 ) ;
#3303 = ORIENTED_EDGE ( 'NONE', *, *, #4611, .T. ) ;
#3304 = CARTESIAN_POINT ( 'NONE',  ( -2.539999999999945413, -5.250000000000000000, 7.620000000000018758 ) ) ;
#3305 = AXIS2_PLACEMENT_3D ( 'NONE', #292, #4627, #1462 ) ;
#3306 = DIRECTION ( 'NONE',  ( 1.000000000000000000, 0.000000000000000000, -1.717841266356216367E-16 ) ) ;
#3307 = VERTEX_POINT ( 'NONE', #2160 ) ;
#3308 = DIRECTION ( 'NONE',  ( -0.000000000000000000, 1.000000000000000000, -0.000000000000000000 ) ) ;
#3309 = ADVANCED_BREP_SHAPE_REPRESENTATION ( 'LDS-C512RI', ( #4484, #2429, #3286, #4380, #1542, #3793, #4704, #2000, #2970, #4248, #2911, #1467, #582, #2866, #1607, #808, #4596, #1093, #3408, #4720 ), #254 ) ;
#3310 = ORIENTED_EDGE ( 'NONE', *, *, #4069, .T. ) ;
#3311 = LINE ( 'NONE', #3827, #4951 ) ;
#3312 = VERTEX_POINT ( 'NONE', #4574 ) ;
#3313 = DIRECTION ( 'NONE',  ( -0.1391731009600656044, -0.000000000000000000, 0.9902680687415703620 ) ) ;
#3314 = ADVANCED_FACE ( 'NONE', ( #4527 ), #4940, .T. ) ;
#3315 = CARTESIAN_POINT ( 'NONE',  ( 5.080000000000054250, -5.250000000000000000, 7.619999999999964579 ) ) ;
#3316 = CARTESIAN_POINT ( 'NONE',  ( 0.000000000000000000, 0.000000000000000000, 0.000000000000000000 ) ) ;
#3317 = ADVANCED_FACE ( 'NONE', ( #1181 ), #1138, .F. ) ;
#3318 = CARTESIAN_POINT ( 'NONE',  ( 2.550017939189503480, 8.000000000000000000, -0.6500000000000000222 ) ) ;
#3319 = EDGE_CURVE ( 'NONE', #2581, #2393, #4543, .T. ) ;
#3320 = DIRECTION ( 'NONE',  ( 0.000000000000000000, 0.000000000000000000, 1.000000000000000000 ) ) ;
#3321 = EDGE_LOOP ( 'NONE', ( #1564, #2781, #3125, #2668 ) ) ;
#3322 = FACE_OUTER_BOUND ( 'NONE', #2716, .T. ) ;
#3323 = VERTEX_POINT ( 'NONE', #4636 ) ;
#3324 = CARTESIAN_POINT ( 'NONE',  ( 3.673882993561314869, 8.000000000000000000, -7.100000000000000533 ) ) ;
#3325 = AXIS2_PLACEMENT_3D ( 'NONE', #423, #831, #2263 ) ;
#3326 = DIRECTION ( 'NONE',  ( -1.000000000000000000, -0.000000000000000000, 3.388131789017209368E-17 ) ) ;
#3327 = DIRECTION ( 'NONE',  ( -0.1391731009600656599, 0.000000000000000000, 0.9902680687415702510 ) ) ;
#3328 = ORIENTED_EDGE ( 'NONE', *, *, #3028, .T. ) ;
#3329 = VECTOR ( 'NONE', #2308, 1000.000000000000000 ) ;
#3330 = ORIENTED_EDGE ( 'NONE', *, *, #119, .T. ) ;
#3331 = DIRECTION ( 'NONE',  ( -0.000000000000000000, -1.000000000000000000, -0.000000000000000000 ) ) ;
#3332 = ADVANCED_FACE ( 'NONE', ( #4498 ), #2885, .F. ) ;
#3333 = EDGE_CURVE ( 'NONE', #4842, #3312, #4554, .T. ) ;
#3334 = ORIENTED_EDGE ( 'NONE', *, *, #435, .T. ) ;
#3335 = DIRECTION ( 'NONE',  ( -1.177063452450326228E-15, 0.000000000000000000, 1.000000000000000000 ) ) ;
#3336 = FACE_OUTER_BOUND ( 'NONE', #229, .T. ) ;
#3337 = CARTESIAN_POINT ( 'NONE',  ( 2.539999999999999147, 1.721248916810457219, -7.620000000000015206 ) ) ;
#3338 = EDGE_CURVE ( 'NONE', #3459, #1489, #3121, .T. ) ;
#3339 = CARTESIAN_POINT ( 'NONE',  ( 5.079999999999945004, 0.1225363191866258306, -7.875000000000098588 ) ) ;
#3340 = AXIS2_PLACEMENT_3D ( 'NONE', #2484, #2148, #2070 ) ;
#3341 = EDGE_LOOP ( 'NONE', ( #28, #4375, #641, #2602, #3879 ) ) ;
#3342 = SURFACE_STYLE_FILL_AREA ( #4503 ) ;
#3343 = EDGE_CURVE ( 'NONE', #3240, #4057, #1328, .T. ) ;
#3344 = DIRECTION ( 'NONE',  ( 0.000000000000000000, 1.000000000000000000, 0.000000000000000000 ) ) ;
#3345 = DIRECTION ( 'NONE',  ( -0.000000000000000000, 1.000000000000000000, -0.000000000000000000 ) ) ;
#3346 = SURFACE_SIDE_STYLE ('',( #690 ) ) ;
#3347 = CARTESIAN_POINT ( 'NONE',  ( -4.157860651664134544, 8.000000000000000000, 0.1250000000000004996 ) ) ;
#3348 = DIRECTION ( 'NONE',  ( -0.000000000000000000, 1.000000000000000000, -0.000000000000000000 ) ) ;
#3349 = DIRECTION ( 'NONE',  ( 1.000000000000000000, 0.000000000000000000, 0.000000000000000000 ) ) ;
#3350 = VERTEX_POINT ( 'NONE', #1540 ) ;
#3351 = AXIS2_PLACEMENT_3D ( 'NONE', #1671, #1924, #4238 ) ;
#3352 = LINE ( 'NONE', #3195, #3329 ) ;
#3353 = EDGE_CURVE ( 'NONE', #3081, #1336, #1307, .T. ) ;
#3354 = ADVANCED_FACE ( 'NONE', ( #4737 ), #1423, .T. ) ;
#3355 = CARTESIAN_POINT ( 'NONE',  ( -2.775461530176017710, 7.000000000000000000, 0.7073991214881127920 ) ) ;
#3356 = DIRECTION ( 'NONE',  ( 0.1391731009600656599, 0.000000000000000000, -0.9902680687415702510 ) ) ;
#3357 = ADVANCED_FACE ( 'NONE', ( #4730 ), #823, .T. ) ;
#3358 = VERTEX_POINT ( 'NONE', #3528 ) ;
#3359 = VECTOR ( 'NONE', #754, 1000.000000000000000 ) ;
#3360 = AXIS2_PLACEMENT_3D ( 'NONE', #2883, #3257, #3602 ) ;
#3361 = DIRECTION ( 'NONE',  ( 0.000000000000000000, 0.000000000000000000, -1.000000000000000000 ) ) ;
#3362 = DIRECTION ( 'NONE',  ( -0.7660444431189760151, 0.000000000000000000, 0.6427876096865418054 ) ) ;
#3363 = VERTEX_POINT ( 'NONE', #1878 ) ;
#3364 = CARTESIAN_POINT ( 'NONE',  ( 3.522408857683526406, 8.000000000000000000, -7.100000000000000533 ) ) ;
#3365 = FACE_OUTER_BOUND ( 'NONE', #798, .T. ) ;
#3366 = ADVANCED_FACE ( 'NONE', ( #1400 ), #3106, .F. ) ;
#3367 = DIRECTION ( 'NONE',  ( 0.000000000000000000, 0.000000000000000000, 1.000000000000000000 ) ) ;
#3368 = DIRECTION ( 'NONE',  ( -0.7071067811865513475, 0.000000000000000000, -0.7071067811865435759 ) ) ;
#3369 = EDGE_LOOP ( 'NONE', ( #213, #4682, #3716, #1447 ) ) ;
#3370 = LINE ( 'NONE', #1694, #1650 ) ;
#3371 = CARTESIAN_POINT ( 'NONE',  ( 2.539999999999999147, 1.721248916810457219, 7.875000000000015987 ) ) ;
#3372 = EDGE_CURVE ( 'NONE', #3960, #4240, #4743, .T. ) ;
#3373 = DIRECTION ( 'NONE',  ( 0.000000000000000000, 0.000000000000000000, 1.000000000000000000 ) ) ;
#3374 = EDGE_CURVE ( 'NONE', #1153, #1707, #1364, .T. ) ;
#3375 = CARTESIAN_POINT ( 'NONE',  ( 3.673882993561314869, 7.000000000000000000, -5.827146911406196672 ) ) ;
#3376 = AXIS2_PLACEMENT_3D ( 'NONE', #4703, #1268, #2864 ) ;
#3377 = CARTESIAN_POINT ( 'NONE',  ( 5.304999999999997939, 1.000000000000000000, -7.500000000000000000 ) ) ;
#3378 = PRODUCT_DEFINITION_SHAPE ( 'NONE', 'NONE',  #197 ) ;
#3379 =( NAMED_UNIT ( * ) PLANE_ANGLE_UNIT ( ) SI_UNIT ( $, .RADIAN. ) );
#3380 = ORIENTED_EDGE ( 'NONE', *, *, #2319, .F. ) ;
#3381 = LINE ( 'NONE', #4808, #3389 ) ;
#3382 = DIRECTION ( 'NONE',  ( 0.000000000000000000, 0.000000000000000000, 1.000000000000000000 ) ) ;
#3383 = ADVANCED_FACE ( 'NONE', ( #2997 ), #2800, .F. ) ;
#3384 = PLANE ( 'NONE',  #1585 ) ;
#3385 = VECTOR ( 'NONE', #1914, 1000.000000000000000 ) ;
#3386 = ADVANCED_FACE ( 'NONE', ( #3012 ), #16, .T. ) ;
#3387 = EDGE_LOOP ( 'NONE', ( #2993, #776, #2965, #4072 ) ) ;
#3388 = FILL_AREA_STYLE_COLOUR ( '', #4040 ) ;
#3389 = VECTOR ( 'NONE', #542, 1000.000000000000227 ) ;
#3390 = EDGE_LOOP ( 'NONE', ( #726, #683, #440, #167 ) ) ;
#3391 = LINE ( 'NONE', #1896, #1711 ) ;
#3392 = CARTESIAN_POINT ( 'NONE',  ( 4.850000000000001421, 0.000000000000000000, 9.500000000000000000 ) ) ;
#3393 = CARTESIAN_POINT ( 'NONE',  ( -3.336894955876370528, 8.000000000000000000, 5.780000000000000249 ) ) ;
#3394 = EDGE_CURVE ( 'NONE', #3617, #1707, #4661, .T. ) ;
#3395 = VERTEX_POINT ( 'NONE', #3467 ) ;
#3396 = VECTOR ( 'NONE', #2090, 999.9999999999998863 ) ;
#3397 = ORIENTED_EDGE ( 'NONE', *, *, #3653, .T. ) ;
#3398 = ADVANCED_FACE ( 'NONE', ( #1382 ), #2771, .T. ) ;
#3399 = CARTESIAN_POINT ( 'NONE',  ( -2.516588533158897967, -0.3909616617838694852, 0.6500000000000000222 ) ) ;
#3400 = DIRECTION ( 'NONE',  ( -0.000000000000000000, 1.000000000000000000, -0.000000000000000000 ) ) ;
#3401 = MECHANICAL_DESIGN_GEOMETRIC_PRESENTATION_REPRESENTATION (  '', ( #134 ), #3190 ) ;
#3402 = FACE_OUTER_BOUND ( 'NONE', #1350, .T. ) ;
#3403 = PLANE ( 'NONE',  #814 ) ;
#3404 = EDGE_CURVE ( 'NONE', #2709, #1151, #1418, .T. ) ;
#3405 = CARTESIAN_POINT ( 'NONE',  ( -6.300000000000000711, 0.3851141460153323925, -7.500000000000000000 ) ) ;
#3406 = CARTESIAN_POINT ( 'NONE',  ( -6.300000000000000711, 0.3851141460153323925, -7.500000000000000000 ) ) ;
#3407 = ORIENTED_EDGE ( 'NONE', *, *, #2682, .F. ) ;
#3408 = MANIFOLD_SOLID_BREP ( 'Boss-Extrude3[10]', #4883 ) ;
#3409 = LINE ( 'NONE', #3984, #1685 ) ;
#3410 = ORIENTED_EDGE ( 'NONE', *, *, #4611, .F. ) ;
#3411 = DIRECTION ( 'NONE',  ( 0.1391731009600652158, 0.000000000000000000, -0.9902680687415703620 ) ) ;
#3412 = CARTESIAN_POINT ( 'NONE',  ( 4.157860651664130103, 7.000000000000000000, -0.1250000000000000000 ) ) ;
#3413 = AXIS2_PLACEMENT_3D ( 'NONE', #912, #573, #2945 ) ;
#3414 =( NAMED_UNIT ( * ) SI_UNIT ( $, .STERADIAN. ) SOLID_ANGLE_UNIT ( ) );
#3415 = CLOSED_SHELL ( 'NONE', ( #652, #1026, #3004, #2 ) ) ;
#3416 = CARTESIAN_POINT ( 'NONE',  ( 2.367314854076395303, 8.000000000000000000, 0.6500000000000001332 ) ) ;
#3417 = CARTESIAN_POINT ( 'NONE',  ( -2.539999999999945413, 1.721248916810457219, 7.874999999999958256 ) ) ;
#3418 = CYLINDRICAL_SURFACE ( 'NONE', #2496, 1.684426917440847493 ) ;
#3419 = EDGE_CURVE ( 'NONE', #4158, #869, #3060, .T. ) ;
#3420 = ORIENTED_EDGE ( 'NONE', *, *, #2132, .F. ) ;
#3421 = LINE ( 'NONE', #4718, #86 ) ;
#3422 = CARTESIAN_POINT ( 'NONE',  ( -4.850000000000001421, 0.000000000000000000, -9.500000000000001776 ) ) ;
#3423 = EDGE_CURVE ( 'NONE', #4446, #993, #3077, .T. ) ;
#3424 = ADVANCED_FACE ( 'NONE', ( #4771 ), #1229, .T. ) ;
#3425 = LINE ( 'NONE', #1575, #1695 ) ;
#3426 = DIRECTION ( 'NONE',  ( -1.000000000000000000, -0.000000000000000000, 1.717841266356215627E-16 ) ) ;
#3427 = PLANE ( 'NONE',  #4692 ) ;
#3428 = ORIENTED_EDGE ( 'NONE', *, *, #101, .T. ) ;
#3429 = EDGE_CURVE ( 'NONE', #998, #4327, #1349, .T. ) ;
#3430 = FILL_AREA_STYLE_COLOUR ( '', #443 ) ;
#3431 =( GEOMETRIC_REPRESENTATION_CONTEXT ( 3 ) GLOBAL_UNCERTAINTY_ASSIGNED_CONTEXT ( ( #3476 ) ) GLOBAL_UNIT_ASSIGNED_CONTEXT ( ( #166, #563, #4483 ) ) REPRESENTATION_CONTEXT ( 'NONE', 'WORKASPACE' ) );
#3432 = ORIENTED_EDGE ( 'NONE', *, *, #2181, .F. ) ;
#3433 = CARTESIAN_POINT ( 'NONE',  ( 6.300000000000000711, 1.000000000000000000, -7.500000000000000000 ) ) ;
#3434 = PLANE ( 'NONE',  #153 ) ;
#3435 = DIRECTION ( 'NONE',  ( -0.000000000000000000, 1.000000000000000000, -0.000000000000000000 ) ) ;
#3436 = AXIS2_PLACEMENT_3D ( 'NONE', #4234, #1146, #2746 ) ;
#3437 = DIRECTION ( 'NONE',  ( -1.000000000000000000, 0.000000000000000000, 3.388131789017209368E-17 ) ) ;
#3438 = CARTESIAN_POINT ( 'NONE',  ( -4.299999999999998934, 0.5499999999999944933, 9.500000000000000000 ) ) ;
#3439 = ORIENTED_EDGE ( 'NONE', *, *, #4751, .F. ) ;
#3440 = VECTOR ( 'NONE', #3479, 1000.000000000000000 ) ;
#3441 = ORIENTED_EDGE ( 'NONE', *, *, #1288, .T. ) ;
#3442 = ADVANCED_FACE ( 'NONE', ( #2919 ), #1354, .T. ) ;
#3443 = CARTESIAN_POINT ( 'NONE',  ( 4.299999999999998934, 0.5499999999999944933, -9.500000000000001776 ) ) ;
#3444 = EDGE_CURVE ( 'NONE', #516, #387, #4721, .T. ) ;
#3445 = PLANE ( 'NONE',  #3273 ) ;
#3446 = CARTESIAN_POINT ( 'NONE',  ( 1.678203140787354775, 8.000000000000000000, 7.100000000000000533 ) ) ;
#3447 = VERTEX_POINT ( 'NONE', #4854 ) ;
#3448 = FACE_OUTER_BOUND ( 'NONE', #1236, .T. ) ;
#3449 = CARTESIAN_POINT ( 'NONE',  ( 4.753571136907039474, 0.2519492937722386250, -7.690179118299083072 ) ) ;
#3450 = DIRECTION ( 'NONE',  ( 0.000000000000000000, 0.000000000000000000, 1.000000000000000000 ) ) ;
#3451 = VERTEX_POINT ( 'NONE', #3755 ) ;
#3452 = DIRECTION ( 'NONE',  ( -0.9902680687415703620, 0.000000000000000000, -0.1391731009600656044 ) ) ;
#3453 = AXIS2_PLACEMENT_3D ( 'NONE', #403, #766, #1191 ) ;
#3454 = LINE ( 'NONE', #2465, #3396 ) ;
#3455 = DIRECTION ( 'NONE',  ( 0.1391731009600654656, 0.000000000000000000, -0.9902680687415703620 ) ) ;
#3456 = EDGE_CURVE ( 'NONE', #2562, #4304, #4586, .T. ) ;
#3457 = DIRECTION ( 'NONE',  ( 0.000000000000000000, 1.000000000000000000, 0.000000000000000000 ) ) ;
#3458 = DIRECTION ( 'NONE',  ( 0.000000000000000000, 1.000000000000000000, 0.000000000000000000 ) ) ;
#3459 = VERTEX_POINT ( 'NONE', #1712 ) ;
#3460 = CIRCLE ( 'NONE', #3351, 1.272853088593803417 ) ;
#3461 = ORIENTED_EDGE ( 'NONE', *, *, #1197, .T. ) ;
#3462 = EDGE_CURVE ( 'NONE', #2502, #4057, #3097, .T. ) ;
#3463 = DIRECTION ( 'NONE',  ( 1.000000000000000000, -0.000000000000000000, -0.000000000000000000 ) ) ;
#3464 = CARTESIAN_POINT ( 'NONE',  ( -2.333885448045789346, 7.000000000000000000, -0.6500000000000000222 ) ) ;
#3465 = ADVANCED_FACE ( 'NONE', ( #4791 ), #278, .F. ) ;
#3466 =( NAMED_UNIT ( * ) PLANE_ANGLE_UNIT ( ) SI_UNIT ( $, .RADIAN. ) );
#3467 = CARTESIAN_POINT ( 'NONE',  ( -1.712242906716721080, 7.000000000000000000, -5.780000000000000249 ) ) ;
#3468 = VERTEX_POINT ( 'NONE', #247 ) ;
#3469 = ORIENTED_EDGE ( 'NONE', *, *, #4186, .T. ) ;
#3470 = AXIS2_PLACEMENT_3D ( 'NONE', #2920, #3199, #4060 ) ;
#3471 = CARTESIAN_POINT ( 'NONE',  ( 2.550017939189503480, 7.000000000000000000, -0.6500000000000000222 ) ) ;
#3472 = CARTESIAN_POINT ( 'NONE',  ( -4.934348763394847737, 8.000000000000000000, 5.650000000000000355 ) ) ;
#3473 = LINE ( 'NONE', #3347, #151 ) ;
#3474 = DIRECTION ( 'NONE',  ( 0.000000000000000000, 1.000000000000000000, 0.000000000000000000 ) ) ;
#3475 = EDGE_LOOP ( 'NONE', ( #2400, #4054, #1106, #4044, #2499, #2474 ) ) ;
#3476 = UNCERTAINTY_MEASURE_WITH_UNIT (LENGTH_MEASURE( 1.000000000000000082E-05 ), #166, 'distance_accuracy_value', 'NONE');
#3477 = CARTESIAN_POINT ( 'NONE',  ( 5.080000000000054250, -5.250000000000000000, 7.619999999999964579 ) ) ;
#3478 = EDGE_CURVE ( 'NONE', #2702, #1419, #1239, .T. ) ;
#3479 = DIRECTION ( 'NONE',  ( 0.000000000000000000, 1.000000000000000000, 0.000000000000000000 ) ) ;
#3480 = CARTESIAN_POINT ( 'NONE',  ( 2.550017939189503480, 8.000000000000000000, -0.6500000000000000222 ) ) ;
#3481 = EDGE_CURVE ( 'NONE', #1667, #1604, #4783, .T. ) ;
#3482 = EDGE_LOOP ( 'NONE', ( #4724, #2541, #4798, #3508 ) ) ;
#3483 = LINE ( 'NONE', #2959, #136 ) ;
#3484 = AXIS2_PLACEMENT_3D ( 'NONE', #710, #1739, #2201 ) ;
#3485 = CARTESIAN_POINT ( 'NONE',  ( 6.300000000000000711, 1.000000000000000000, -7.500000000000000000 ) ) ;
#3486 = CARTESIAN_POINT ( 'NONE',  ( -2.333885448045789346, -0.3909616617838694852, -0.6500000000000000222 ) ) ;
#3487 = CARTESIAN_POINT ( 'NONE',  ( -3.108525283232020708, 7.000000000000000000, 0.000000000000000000 ) ) ;
#3488 = CARTESIAN_POINT ( 'NONE',  ( -8.673617379884035472E-16, -5.250000000000000000, 7.620000000000033857 ) ) ;
#3489 = STYLED_ITEM ( 'NONE', ( #3762 ), #4148 ) ;
#3490 = EDGE_LOOP ( 'NONE', ( #2956, #1909, #3061, #4558 ) ) ;
#3491 = VECTOR ( 'NONE', #3435, 1000.000000000000000 ) ;
#3492 = ORIENTED_EDGE ( 'NONE', *, *, #1820, .F. ) ;
#3493 = DIRECTION ( 'NONE',  ( 0.7071067811865427988, 0.7071067811865523467, 0.000000000000000000 ) ) ;
#3494 = CARTESIAN_POINT ( 'NONE',  ( 6.300000000000000711, 8.000000000000000000, 9.500000000000000000 ) ) ;
#3495 =( LENGTH_UNIT ( ) NAMED_UNIT ( * ) SI_UNIT ( .MILLI., .METRE. ) );
#3496 = DIRECTION ( 'NONE',  ( -0.000000000000000000, -1.000000000000000000, -0.000000000000000000 ) ) ;
#3497 = ORIENTED_EDGE ( 'NONE', *, *, #2078, .F. ) ;
#3498 = LINE ( 'NONE', #4985, #3553 ) ;
#3499 = EDGE_CURVE ( 'NONE', #3045, #142, #3033, .T. ) ;
#3500 = ORIENTED_EDGE ( 'NONE', *, *, #3247, .T. ) ;
#3501 = FACE_OUTER_BOUND ( 'NONE', #3207, .T. ) ;
#3502 = AXIS2_PLACEMENT_3D ( 'NONE', #1934, #3608, #98 ) ;
#3503 =( LENGTH_UNIT ( ) NAMED_UNIT ( * ) SI_UNIT ( .MILLI., .METRE. ) );
#3504 = ADVANCED_FACE ( 'NONE', ( #1440 ), #1597, .T. ) ;
#3505 = CARTESIAN_POINT ( 'NONE',  ( 6.300000000000000711, 0.3851141460153323925, -7.500000000000000000 ) ) ;
#3506 = DIRECTION ( 'NONE',  ( 0.000000000000000000, 0.000000000000000000, 1.000000000000000000 ) ) ;
#3507 = PLANE ( 'NONE',  #259 ) ;
#3508 = ORIENTED_EDGE ( 'NONE', *, *, #2142, .F. ) ;
#3509 = LINE ( 'NONE', #3505, #1800 ) ;
#3510 = DIRECTION ( 'NONE',  ( 0.1391731009600654656, 0.000000000000000000, -0.9902680687415703620 ) ) ;
#3511 = AXIS2_PLACEMENT_3D ( 'NONE', #4735, #4986, #3437 ) ;
#3512 = DIRECTION ( 'NONE',  ( 1.000000000000000000, -0.000000000000000000, -0.000000000000000000 ) ) ;
#3513 = EDGE_CURVE ( 'NONE', #753, #3524, #4849, .T. ) ;
#3514 = DIRECTION ( 'NONE',  ( 0.000000000000000000, 1.000000000000000000, 0.000000000000000000 ) ) ;
#3515 = EDGE_LOOP ( 'NONE', ( #4804, #4068, #1988, #3022, #201 ) ) ;
#3516 = FACE_OUTER_BOUND ( 'NONE', #1269, .T. ) ;
#3517 = CARTESIAN_POINT ( 'NONE',  ( -6.300000000000000711, 0.3851141460153323925, -7.500000000000000000 ) ) ;
#3518 = EDGE_LOOP ( 'NONE', ( #2734, #1483, #1359, #3611 ) ) ;
#3519 = CIRCLE ( 'NONE', #189, 1.684426917440847049 ) ;
#3520 = DIRECTION ( 'NONE',  ( -0.1391731009600655766, 0.000000000000000000, 0.9902680687415702510 ) ) ;
#3521 = CARTESIAN_POINT ( 'NONE',  ( 2.539999999999999147, 1.721248916810457219, 7.620000000000015206 ) ) ;
#3522 = AXIS2_PLACEMENT_3D ( 'NONE', #840, #1250, #477 ) ;
#3523 = FACE_OUTER_BOUND ( 'NONE', #4869, .T. ) ;
#3524 = VERTEX_POINT ( 'NONE', #2170 ) ;
#3525 = DIRECTION ( 'NONE',  ( 0.000000000000000000, 0.000000000000000000, 1.000000000000000000 ) ) ;
#3526 = CARTESIAN_POINT ( 'NONE',  ( -5.080000000000002736, -5.250000000000000000, -7.620000000000002771 ) ) ;
#3527 = EDGE_CURVE ( 'NONE', #1833, #4942, #3215, .T. ) ;
#3528 = CARTESIAN_POINT ( 'NONE',  ( -3.346237331257823744, 8.000000000000000000, -5.650000000000000355 ) ) ;
#3529 = VECTOR ( 'NONE', #1468, 1000.000000000000000 ) ;
#3530 = ORIENTED_EDGE ( 'NONE', *, *, #1655, .F. ) ;
#3531 = CIRCLE ( 'NONE', #1367, 0.2550000000000008926 ) ;
#3532 = DIRECTION ( 'NONE',  ( -0.000000000000000000, -0.000000000000000000, 1.000000000000000000 ) ) ;
#3533 = FILL_AREA_STYLE ('',( #1546 ) ) ;
#3534 = SURFACE_SIDE_STYLE ('',( #2120 ) ) ;
#3535 = UNCERTAINTY_MEASURE_WITH_UNIT (LENGTH_MEASURE( 1.000000000000000082E-05 ), #505, 'distance_accuracy_value', 'NONE');
#3536 = ORIENTED_EDGE ( 'NONE', *, *, #4992, .F. ) ;
#3537 = EDGE_CURVE ( 'NONE', #49, #4306, #4941, .T. ) ;
#3538 = CARTESIAN_POINT ( 'NONE',  ( 1.678203140787354553, 7.000000000000000000, 5.415573082559152596 ) ) ;
#3539 = AXIS2_PLACEMENT_3D ( 'NONE', #2119, #4933, #1068 ) ;
#3540 = CLOSED_SHELL ( 'NONE', ( #3750, #1755, #3175, #479, #2986, #1020, #2785 ) ) ;
#3541 = CIRCLE ( 'NONE', #4528, 0.6500000000000003553 ) ;
#3542 = CARTESIAN_POINT ( 'NONE',  ( -4.299999999999998934, 0.5499999999999944933, 7.500000000000000000 ) ) ;
#3543 = PLANE ( 'NONE',  #127 ) ;
#3544 = AXIS2_PLACEMENT_3D ( 'NONE', #2195, #3824, #4987 ) ;
#3545 = ADVANCED_FACE ( 'NONE', ( #4866 ), #4890, .F. ) ;
#3546 = PLANE ( 'NONE',  #1259 ) ;
#3547 = LINE ( 'NONE', #2980, #3566 ) ;
#3548 = CARTESIAN_POINT ( 'NONE',  ( -6.300000000000000711, 8.000000000000000000, 9.500000000000000000 ) ) ;
#3549 = CARTESIAN_POINT ( 'NONE',  ( 4.850000000000001421, 0.000000000000000000, -9.500000000000001776 ) ) ;
#3550 = CARTESIAN_POINT ( 'NONE',  ( 4.299999999999998934, 1.000000000000000000, -7.500000000000000000 ) ) ;
#3551 = DIRECTION ( 'NONE',  ( -0.000000000000000000, 1.000000000000000000, -0.000000000000000000 ) ) ;
#3552 = ORIENTED_EDGE ( 'NONE', *, *, #3993, .T. ) ;
#3553 = VECTOR ( 'NONE', #4802, 1000.000000000000000 ) ;
#3554 = EDGE_CURVE ( 'NONE', #4110, #2867, #3232, .T. ) ;
#3555 = DIRECTION ( 'NONE',  ( 0.000000000000000000, -1.000000000000000000, 0.000000000000000000 ) ) ;
#3556 = CARTESIAN_POINT ( 'NONE',  ( 4.934348763394843296, -0.3909616617838694852, -5.650000000000000355 ) ) ;
#3557 = ORIENTED_EDGE ( 'NONE', *, *, #3223, .T. ) ;
#3558 = AXIS2_PLACEMENT_3D ( 'NONE', #4996, #4236, #3867 ) ;
#3559 = PRESENTATION_STYLE_ASSIGNMENT (( #2445 ) ) ;
#3560 = EDGE_CURVE ( 'NONE', #4025, #2177, #4918, .T. ) ;
#3561 = ORIENTED_EDGE ( 'NONE', *, *, #2067, .F. ) ;
#3562 = DIRECTION ( 'NONE',  ( -0.1391731009600651325, -0.000000000000000000, 0.9902680687415703620 ) ) ;
#3563 = SURFACE_STYLE_USAGE ( .BOTH. , #4709 ) ;
#3564 = DIRECTION ( 'NONE',  ( 0.000000000000000000, 1.000000000000000000, 0.000000000000000000 ) ) ;
#3565 = EDGE_LOOP ( 'NONE', ( #1544, #1533, #1442, #2587 ) ) ;
#3566 = VECTOR ( 'NONE', #1814, 1000.000000000000000 ) ;
#3567 = CARTESIAN_POINT ( 'NONE',  ( 5.079999999999945004, 0.9999999999999995559, -7.875000000000098588 ) ) ;
#3568 = AXIS2_PLACEMENT_3D ( 'NONE', #2894, #2538, #1679 ) ;
#3569 =( LENGTH_UNIT ( ) NAMED_UNIT ( * ) SI_UNIT ( .MILLI., .METRE. ) );
#3570 = EDGE_CURVE ( 'NONE', #3447, #2584, #1460, .T. ) ;
#3571 = CIRCLE ( 'NONE', #2952, 0.2550000000000035016 ) ;
#3572 = DIRECTION ( 'NONE',  ( 0.000000000000000000, 0.000000000000000000, 1.000000000000000000 ) ) ;
#3573 = CARTESIAN_POINT ( 'NONE',  ( -5.305000000000005045, 0.3851141460153323925, -7.500000000000000000 ) ) ;
#3574 = ORIENTED_EDGE ( 'NONE', *, *, #3767, .F. ) ;
#3575 = FACE_OUTER_BOUND ( 'NONE', #190, .T. ) ;
#3576 = CARTESIAN_POINT ( 'NONE',  ( 1.526729004909567200, 7.000000000000000000, 7.099999999999999645 ) ) ;
#3577 =( NAMED_UNIT ( * ) SI_UNIT ( $, .STERADIAN. ) SOLID_ANGLE_UNIT ( ) );
#3578 = ORIENTED_EDGE ( 'NONE', *, *, #2793, .T. ) ;
#3579 = EDGE_CURVE ( 'NONE', #3395, #3451, #1454, .T. ) ;
#3580 = CARTESIAN_POINT ( 'NONE',  ( -5.080000000000002736, -5.250000000000000000, -7.620000000000002771 ) ) ;
#3581 = ADVANCED_FACE ( 'NONE', ( #3170 ), #4196, .T. ) ;
#3582 = ORIENTED_EDGE ( 'NONE', *, *, #1415, .F. ) ;
#3583 = CIRCLE ( 'NONE', #2294, 0.2550000000000633427 ) ;
#3584 = VERTEX_POINT ( 'NONE', #1829 ) ;
#3585 = DIRECTION ( 'NONE',  ( 0.000000000000000000, 1.000000000000000000, 0.000000000000000000 ) ) ;
#3586 = LINE ( 'NONE', #4326, #2650 ) ;
#3587 = CARTESIAN_POINT ( 'NONE',  ( 4.599999999999999645, 8.000000000000000000, 6.450000000000000178 ) ) ;
#3588 = DIRECTION ( 'NONE',  ( 0.000000000000000000, 0.000000000000000000, -1.000000000000000000 ) ) ;
#3589 = ORIENTED_EDGE ( 'NONE', *, *, #1529, .T. ) ;
#3590 = EDGE_LOOP ( 'NONE', ( #953, #99, #4629, #2513 ) ) ;
#3591 = CIRCLE ( 'NONE', #501, 0.2550000000000008926 ) ;
#3592 = PLANE ( 'NONE',  #2779 ) ;
#3593 = EDGE_CURVE ( 'NONE', #1633, #1193, #3161, .T. ) ;
#3594 = VECTOR ( 'NONE', #4592, 1000.000000000000000 ) ;
#3595 = EDGE_CURVE ( 'NONE', #767, #1713, #1557, .T. ) ;
#3596 = CARTESIAN_POINT ( 'NONE',  ( 1.678203140787354775, 8.000000000000000000, 7.100000000000000533 ) ) ;
#3597 = ORIENTED_EDGE ( 'NONE', *, *, #4144, .F. ) ;
#3598 = AXIS2_PLACEMENT_3D ( 'NONE', #637, #4538, #2951 ) ;
#3599 = CARTESIAN_POINT ( 'NONE',  ( 5.080000000000054250, -5.250000000000000000, 7.619999999999964579 ) ) ;
#3600 = VECTOR ( 'NONE', #3104, 1000.000000000000000 ) ;
#3601 = CARTESIAN_POINT ( 'NONE',  ( -5.079999999999946780, 0.9999999999999995559, 7.620000000000037410 ) ) ;
#3602 = DIRECTION ( 'NONE',  ( 0.000000000000000000, 0.000000000000000000, 1.000000000000000000 ) ) ;
#3603 = VECTOR ( 'NONE', #3160, 1000.000000000000000 ) ;
#3604 = DIRECTION ( 'NONE',  ( 1.000000000000000000, 0.000000000000000000, 1.177063452450326228E-15 ) ) ;
#3605 = ORIENTED_EDGE ( 'NONE', *, *, #3247, .F. ) ;
#3606 = VECTOR ( 'NONE', #1532, 1000.000000000000000 ) ;
#3607 = DIRECTION ( 'NONE',  ( 0.000000000000000000, 0.000000000000000000, 1.000000000000000000 ) ) ;
#3608 = DIRECTION ( 'NONE',  ( 1.000000000000000000, -0.000000000000000000, 0.000000000000000000 ) ) ;
#3609 = ORIENTED_EDGE ( 'NONE', *, *, #2819, .F. ) ;
#3610 = LINE ( 'NONE', #4035, #262 ) ;
#3611 = ORIENTED_EDGE ( 'NONE', *, *, #1704, .F. ) ;
#3612 = EDGE_CURVE ( 'NONE', #2087, #1286, #1571, .T. ) ;
#3613 = CARTESIAN_POINT ( 'NONE',  ( 5.079999999999945004, 0.9999999999999995559, -7.620000000000035634 ) ) ;
#3614 = ORIENTED_EDGE ( 'NONE', *, *, #2831, .F. ) ;
#3615 = VECTOR ( 'NONE', #967, 1000.000000000000000 ) ;
#3616 = ADVANCED_FACE ( 'NONE', ( #4811 ), #4838, .T. ) ;
#3617 = VERTEX_POINT ( 'NONE', #3834 ) ;
#3618 =( NAMED_UNIT ( * ) PLANE_ANGLE_UNIT ( ) SI_UNIT ( $, .RADIAN. ) );
#3619 = DIRECTION ( 'NONE',  ( -0.9902680687415703620, 0.000000000000000000, -0.1391731009600651325 ) ) ;
#3620 = EDGE_CURVE ( 'NONE', #3350, #3707, #3226, .T. ) ;
#3621 = ORIENTED_EDGE ( 'NONE', *, *, #2799, .F. ) ;
#3622 = LINE ( 'NONE', #1931, #3603 ) ;
#3623 = PLANE ( 'NONE',  #532 ) ;
#3624 = ORIENTED_EDGE ( 'NONE', *, *, #2432, .F. ) ;
#3625 = FACE_BOUND ( 'NONE', #2095, .T. ) ;
#3626 = CARTESIAN_POINT ( 'NONE',  ( 2.775461530176011937, 7.000000000000000000, -0.7073991214881119038 ) ) ;
#3627 = AXIS2_PLACEMENT_3D ( 'NONE', #23, #428, #2839 ) ;
#3628 = PLANE ( 'NONE',  #363 ) ;
#3629 = LINE ( 'NONE', #4659, #3693 ) ;
#3630 = LINE ( 'NONE', #3318, #283 ) ;
#3631 = DIRECTION ( 'NONE',  ( 0.000000000000000000, 1.000000000000000000, 0.000000000000000000 ) ) ;
#3632 = PLANE ( 'NONE',  #4995 ) ;
#3633 = ORIENTED_EDGE ( 'NONE', *, *, #4853, .F. ) ;
#3634 = CARTESIAN_POINT ( 'NONE',  ( -5.079999999999946780, 0.9999999999999995559, 7.620000000000037410 ) ) ;
#3635 = FACE_BOUND ( 'NONE', #4316, .T. ) ;
#3636 = DIRECTION ( 'NONE',  ( 0.000000000000000000, 0.000000000000000000, 1.000000000000000000 ) ) ;
#3637 = VECTOR ( 'NONE', #3455, 1000.000000000000000 ) ;
#3638 = VECTOR ( 'NONE', #1817, 1000.000000000000000 ) ;
#3639 = DIRECTION ( 'NONE',  ( -0.000000000000000000, 1.000000000000000000, 0.000000000000000000 ) ) ;
#3640 =( GEOMETRIC_REPRESENTATION_CONTEXT ( 3 ) GLOBAL_UNCERTAINTY_ASSIGNED_CONTEXT ( ( #2028 ) ) GLOBAL_UNIT_ASSIGNED_CONTEXT ( ( #2664, #4192, #3414 ) ) REPRESENTATION_CONTEXT ( 'NONE', 'WORKASPACE' ) );
#3641 = DIRECTION ( 'NONE',  ( -0.000000000000000000, -0.000000000000000000, 1.000000000000000000 ) ) ;
#3642 = EDGE_CURVE ( 'NONE', #1144, #3087, #4856, .T. ) ;
#3643 = DIRECTION ( 'NONE',  ( 0.000000000000000000, 0.000000000000000000, 1.000000000000000000 ) ) ;
#3644 = LINE ( 'NONE', #4580, #1964 ) ;
#3645 = DIRECTION ( 'NONE',  ( 0.000000000000000000, 1.000000000000000000, 0.000000000000000000 ) ) ;
#3646 = LINE ( 'NONE', #2379, #2121 ) ;
#3647 = LINE ( 'NONE', #4359, #417 ) ;
#3648 = EDGE_CURVE ( 'NONE', #4005, #3617, #4895, .T. ) ;
#3649 = ORIENTED_EDGE ( 'NONE', *, *, #2385, .F. ) ;
#3650 = MECHANICAL_DESIGN_GEOMETRIC_PRESENTATION_REPRESENTATION (  '', ( #1823 ), #3431 ) ;
#3651 = FACE_OUTER_BOUND ( 'NONE', #568, .T. ) ;
#3652 = DIRECTION ( 'NONE',  ( 0.000000000000000000, -1.000000000000000000, 0.000000000000000000 ) ) ;
#3653 = EDGE_CURVE ( 'NONE', #4898, #507, #3144, .T. ) ;
#3654 = CARTESIAN_POINT ( 'NONE',  ( -2.539999999999945413, -5.250000000000000000, 7.365000000000081037 ) ) ;
#3655 = DIRECTION ( 'NONE',  ( 0.000000000000000000, -0.000000000000000000, -1.000000000000000000 ) ) ;
#3656 = FACE_OUTER_BOUND ( 'NONE', #312, .T. ) ;
#3657 = CIRCLE ( 'NONE', #2033, 1.684426917440847493 ) ;
#3658 = ADVANCED_FACE ( 'NONE', ( #3278 ), #3507, .F. ) ;
#3659 = VECTOR ( 'NONE', #2606, 999.9999999999998863 ) ;
#3660 = EDGE_LOOP ( 'NONE', ( #3782, #4891, #3228, #787 ) ) ;
#3661 =( NAMED_UNIT ( * ) SI_UNIT ( $, .STERADIAN. ) SOLID_ANGLE_UNIT ( ) );
#3662 = VECTOR ( 'NONE', #2235, 1000.000000000000000 ) ;
#3663 = CARTESIAN_POINT ( 'NONE',  ( 5.079999999999945004, 1.721248916810457219, -7.620000000000035634 ) ) ;
#3664 = FACE_OUTER_BOUND ( 'NONE', #1051, .T. ) ;
#3665 = FACE_OUTER_BOUND ( 'NONE', #4878, .T. ) ;
#3666 = FACE_OUTER_BOUND ( 'NONE', #1821, .T. ) ;
#3667 = PLANE ( 'NONE',  #1103 ) ;
#3668 = ORIENTED_EDGE ( 'NONE', *, *, #1034, .T. ) ;
#3669 = DIRECTION ( 'NONE',  ( -0.000000000000000000, -1.000000000000000000, -0.000000000000000000 ) ) ;
#3670 = FACE_OUTER_BOUND ( 'NONE', #1864, .T. ) ;
#3671 = FILL_AREA_STYLE_COLOUR ( '', #1204 ) ;
#3672 = VECTOR ( 'NONE', #2065, 1000.000000000000000 ) ;
#3673 = LINE ( 'NONE', #3262, #375 ) ;
#3674 = VECTOR ( 'NONE', #3344, 1000.000000000000000 ) ;
#3675 = AXIS2_PLACEMENT_3D ( 'NONE', #1645, #2407, #118 ) ;
#3676 = VERTEX_POINT ( 'NONE', #3416 ) ;
#3677 = EDGE_CURVE ( 'NONE', #1279, #1543, #1485, .T. ) ;
#3678 = CARTESIAN_POINT ( 'NONE',  ( 1.526729004909567200, -0.3909616617838694852, 7.099999999999999645 ) ) ;
#3679 = CARTESIAN_POINT ( 'NONE',  ( 2.539999999999999147, 1.721248916810457219, -7.875000000000015987 ) ) ;
#3680 = DIRECTION ( 'NONE',  ( 0.000000000000000000, -0.000000000000000000, 1.000000000000000000 ) ) ;
#3681 = FACE_OUTER_BOUND ( 'NONE', #3590, .T. ) ;
#3682 = DIRECTION ( 'NONE',  ( -0.000000000000000000, -1.000000000000000000, -0.000000000000000000 ) ) ;
#3683 = LINE ( 'NONE', #3062, #337 ) ;
#3684 = LINE ( 'NONE', #1551, #2041 ) ;
#3685 = VECTOR ( 'NONE', #3695, 1000.000000000000000 ) ;
#3686 = CYLINDRICAL_SURFACE ( 'NONE', #4348, 0.2550000000000633427 ) ;
#3687 = ADVANCED_FACE ( 'NONE', ( #3182 ), #2268, .T. ) ;
#3688 = ORIENTED_EDGE ( 'NONE', *, *, #1818, .F. ) ;
#3689 = ADVANCED_FACE ( 'NONE', ( #3242 ), #3251, .T. ) ;
#3690 = SURFACE_STYLE_USAGE ( .BOTH. , #2479 ) ;
#3691 = VECTOR ( 'NONE', #1943, 1000.000000000000000 ) ;
#3692 = DIRECTION ( 'NONE',  ( -0.000000000000000000, -1.000000000000000000, -0.000000000000000000 ) ) ;
#3693 = VECTOR ( 'NONE', #8, 1000.000000000000000 ) ;
#3694 = VECTOR ( 'NONE', #1733, 1000.000000000000000 ) ;
#3695 = DIRECTION ( 'NONE',  ( 0.1391731009600652158, 0.000000000000000000, -0.9902680687415703620 ) ) ;
#3696 = CARTESIAN_POINT ( 'NONE',  ( -1.678203140787359438, -0.3909616617838694852, -5.415573082559153484 ) ) ;
#3697 = VERTEX_POINT ( 'NONE', #3795 ) ;
#3698 = CARTESIAN_POINT ( 'NONE',  ( 5.295536334072245666, 0.1225363191866256779, -7.875000000000098588 ) ) ;
#3699 = STYLED_ITEM ( 'NONE', ( #774 ), #582 ) ;
#3700 = VECTOR ( 'NONE', #3641, 1000.000000000000000 ) ;
#3701 = DIRECTION ( 'NONE',  ( 0.000000000000000000, 1.000000000000000000, 0.000000000000000000 ) ) ;
#3702 = LINE ( 'NONE', #1092, #383 ) ;
#3703 = VECTOR ( 'NONE', #3894, 1000.000000000000000 ) ;
#3704 = FACE_OUTER_BOUND ( 'NONE', #826, .T. ) ;
#3705 = CARTESIAN_POINT ( 'NONE',  ( -6.300000000000000711, -1.734723475976807094E-15, 8.050000000000000711 ) ) ;
#3706 = CARTESIAN_POINT ( 'NONE',  ( -4.122725442988535605, 7.000000000000000000, -0.1250000000000000000 ) ) ;
#3707 = VERTEX_POINT ( 'NONE', #2667 ) ;
#3708 = DIRECTION ( 'NONE',  ( 0.000000000000000000, 1.000000000000000000, 0.000000000000000000 ) ) ;
#3709 = FACE_OUTER_BOUND ( 'NONE', #4828, .T. ) ;
#3710 = EDGE_CURVE ( 'NONE', #180, #1144, #4924, .T. ) ;
#3711 = DIRECTION ( 'NONE',  ( 0.000000000000000000, 0.000000000000000000, 1.000000000000000000 ) ) ;
#3712 = AXIS2_PLACEMENT_3D ( 'NONE', #2014, #891, #2470 ) ;
#3713 = FACE_OUTER_BOUND ( 'NONE', #2380, .T. ) ;
#3714 = FACE_OUTER_BOUND ( 'NONE', #809, .T. ) ;
#3715 = LINE ( 'NONE', #4490, #2097 ) ;
#3716 = ORIENTED_EDGE ( 'NONE', *, *, #3374, .T. ) ;
#3717 = MECHANICAL_DESIGN_GEOMETRIC_PRESENTATION_REPRESENTATION (  '', ( #4147 ), #1277 ) ;
#3718 = DIRECTION ( 'NONE',  ( -0.000000000000000000, 1.000000000000000000, -0.000000000000000000 ) ) ;
#3719 = SURFACE_STYLE_USAGE ( .BOTH. , #22 ) ;
#3720 = FACE_BOUND ( 'NONE', #1506, .T. ) ;
#3721 = FACE_OUTER_BOUND ( 'NONE', #1516, .T. ) ;
#3722 = AXIS2_PLACEMENT_3D ( 'NONE', #432, #1553, #1517 ) ;
#3723 = LINE ( 'NONE', #2107, #2130 ) ;
#3724 = VECTOR ( 'NONE', #576, 1000.000000000000000 ) ;
#3725 = DIRECTION ( 'NONE',  ( 0.1391731009600652158, 0.000000000000000000, -0.9902680687415703620 ) ) ;
#3726 = VERTEX_POINT ( 'NONE', #4746 ) ;
#3727 = CIRCLE ( 'NONE', #4614, 1.272853088593803417 ) ;
#3728 = CARTESIAN_POINT ( 'NONE',  ( -5.079999999999946780, -5.250000000000000000, 7.874999999999996447 ) ) ;
#3729 = PLANE ( 'NONE',  #4885 ) ;
#3730 = LINE ( 'NONE', #4557, #2059 ) ;
#3731 = FACE_OUTER_BOUND ( 'NONE', #1862, .T. ) ;
#3732 = ADVANCED_FACE ( 'NONE', ( #4931 ), #59, .F. ) ;
#3733 = ORIENTED_EDGE ( 'NONE', *, *, #3852, .F. ) ;
#3734 = VECTOR ( 'NONE', #1206, 1000.000000000000000 ) ;
#3735 = CARTESIAN_POINT ( 'NONE',  ( -2.539999999999945413, -5.250000000000000000, 7.874999999999958256 ) ) ;
#3736 = VECTOR ( 'NONE', #231, 1000.000000000000000 ) ;
#3737 = VECTOR ( 'NONE', #3426, 1000.000000000000000 ) ;
#3738 = VECTOR ( 'NONE', #2194, 1000.000000000000000 ) ;
#3739 = DIRECTION ( 'NONE',  ( -2.219950081975834626E-17, 0.000000000000000000, 1.000000000000000000 ) ) ;
#3740 = VERTEX_POINT ( 'NONE', #1116 ) ;
#3741 = SURFACE_STYLE_USAGE ( .BOTH. , #233 ) ;
#3742 = DIRECTION ( 'NONE',  ( 0.000000000000000000, 1.000000000000000000, 0.000000000000000000 ) ) ;
#3743 = LINE ( 'NONE', #184, #368 ) ;
#3744 = DIRECTION ( 'NONE',  ( 0.000000000000000000, 0.000000000000000000, 1.000000000000000000 ) ) ;
#3745 = AXIS2_PLACEMENT_3D ( 'NONE', #2827, #1762, #2615 ) ;
#3746 = LINE ( 'NONE', #40, #2081 ) ;
#3747 = EDGE_CURVE ( 'NONE', #142, #4942, #3154, .T. ) ;
#3748 = CIRCLE ( 'NONE', #2147, 1.272853088593803417 ) ;
#3749 = LINE ( 'NONE', #4939, #408 ) ;
#3750 = ADVANCED_FACE ( 'NONE', ( #1584 ), #313, .T. ) ;
#3751 = ORIENTED_EDGE ( 'NONE', *, *, #1670, .F. ) ;
#3752 = DIRECTION ( 'NONE',  ( 0.000000000000000000, 0.000000000000000000, -1.000000000000000000 ) ) ;
#3753 = LINE ( 'NONE', #307, #2099 ) ;
#3754 = CYLINDRICAL_SURFACE ( 'NONE', #2507, 0.2550000000000008926 ) ;
#3755 = CARTESIAN_POINT ( 'NONE',  ( -1.526729004909564091, 7.000000000000000000, -7.100000000000000533 ) ) ;
#3756 = LINE ( 'NONE', #983, #1985 ) ;
#3757 = VECTOR ( 'NONE', #2924, 1000.000000000000000 ) ;
#3758 = CARTESIAN_POINT ( 'NONE',  ( -1.526729004909564091, 7.000000000000000000, -7.100000000000000533 ) ) ;
#3759 = EDGE_CURVE ( 'NONE', #4756, #1489, #4825, .T. ) ;
#3760 = ORIENTED_EDGE ( 'NONE', *, *, #2520, .T. ) ;
#3761 = FACE_OUTER_BOUND ( 'NONE', #3390, .T. ) ;
#3762 = PRESENTATION_STYLE_ASSIGNMENT (( #3563 ) ) ;
#3763 = CARTESIAN_POINT ( 'NONE',  ( -1.678203140787359438, 7.000000000000000000, -7.100000000000000533 ) ) ;
#3764 = DIRECTION ( 'NONE',  ( 0.000000000000000000, -1.000000000000000000, 0.000000000000000000 ) ) ;
#3765 = LINE ( 'NONE', #3188, #454 ) ;
#3766 = FACE_OUTER_BOUND ( 'NONE', #2053, .T. ) ;
#3767 = EDGE_CURVE ( 'NONE', #782, #1279, #1505, .T. ) ;
#3768 = FACE_OUTER_BOUND ( 'NONE', #560, .T. ) ;
#3769 = ORIENTED_EDGE ( 'NONE', *, *, #4624, .F. ) ;
#3770 = DIRECTION ( 'NONE',  ( 0.9902680687415703620, 0.000000000000000000, 0.1391731009600656044 ) ) ;
#3771 = VECTOR ( 'NONE', #3313, 999.9999999999998863 ) ;
#3772 = LINE ( 'NONE', #2504, #332 ) ;
#3773 = VECTOR ( 'NONE', #1545, 1000.000000000000000 ) ;
#3774 = FACE_OUTER_BOUND ( 'NONE', #1738, .T. ) ;
#3775 = LINE ( 'NONE', #2678, #1993 ) ;
#3776 = VECTOR ( 'NONE', #2323, 1000.000000000000000 ) ;
#3777 = CYLINDRICAL_SURFACE ( 'NONE', #3934, 1.272853088593803417 ) ;
#3778 = ADVANCED_FACE ( 'NONE', ( #2855 ), #3249, .T. ) ;
#3779 = EDGE_CURVE ( 'NONE', #2395, #1157, #3181, .T. ) ;
#3780 = CARTESIAN_POINT ( 'NONE',  ( 3.322725442988533562, -0.3909616617838694852, 0.1250000000000000278 ) ) ;
#3781 = CARTESIAN_POINT ( 'NONE',  ( -5.079999999999946780, 1.721248916810457219, 7.365000000000078373 ) ) ;
#3782 = ORIENTED_EDGE ( 'NONE', *, *, #435, .F. ) ;
#3783 = CARTESIAN_POINT ( 'NONE',  ( -1.678203140787359438, 7.000000000000000000, -7.100000000000000533 ) ) ;
#3784 = DIRECTION ( 'NONE',  ( -1.000000000000000000, 0.000000000000000000, 0.000000000000000000 ) ) ;
#3785 = CARTESIAN_POINT ( 'NONE',  ( 3.336894955876370084, 8.000000000000000000, -5.780000000000001137 ) ) ;
#3786 =( GEOMETRIC_REPRESENTATION_CONTEXT ( 3 ) GLOBAL_UNCERTAINTY_ASSIGNED_CONTEXT ( ( #1732 ) ) GLOBAL_UNIT_ASSIGNED_CONTEXT ( ( #3041, #1763, #2616 ) ) REPRESENTATION_CONTEXT ( 'NONE', 'WORKASPACE' ) );
#3787 = LINE ( 'NONE', #4313, #447 ) ;
#3788 = ORIENTED_EDGE ( 'NONE', *, *, #4997, .T. ) ;
#3789 = DIRECTION ( 'NONE',  ( 0.000000000000000000, -0.000000000000000000, 1.000000000000000000 ) ) ;
#3790 = LINE ( 'NONE', #1780, #3771 ) ;
#3791 = FILL_AREA_STYLE_COLOUR ( '', #2804 ) ;
#3792 = LINE ( 'NONE', #3954, #295 ) ;
#3793 = MANIFOLD_SOLID_BREP ( 'Boss-Extrude2[6]', #2265 ) ;
#3794 = COLOUR_RGB ( '',0.7921568627450980005, 0.8196078431372548767, 0.9333333333333333481 ) ;
#3795 = CARTESIAN_POINT ( 'NONE',  ( 4.157860651664130103, 8.000000000000000000, -0.1250000000000000000 ) ) ;
#3796 = LINE ( 'NONE', #2350, #457 ) ;
#3797 = ADVANCED_FACE ( 'NONE', ( #1974 ), #3140, .T. ) ;
#3798 = CARTESIAN_POINT ( 'NONE',  ( 3.200017939189510940, 7.000000000000000000, 0.000000000000000000 ) ) ;
#3799 = EDGE_LOOP ( 'NONE', ( #2335, #979, #3334, #4337, #1680 ) ) ;
#3800 = CIRCLE ( 'NONE', #3360, 0.6500000000000003553 ) ;
#3801 = DIRECTION ( 'NONE',  ( -0.7071067811865522357, -0.7071067811865426878, 0.000000000000000000 ) ) ;
#3802 = EDGE_CURVE ( 'NONE', #3001, #4171, #318, .T. ) ;
#3803 = LINE ( 'NONE', #266, #2069 ) ;
#3804 = VECTOR ( 'NONE', #404, 1000.000000000000114 ) ;
#3805 = FACE_OUTER_BOUND ( 'NONE', #3006, .T. ) ;
#3806 = VECTOR ( 'NONE', #1123, 1000.000000000000000 ) ;
#3807 = AXIS2_PLACEMENT_3D ( 'NONE', #4762, #487, #885 ) ;
#3808 = ORIENTED_EDGE ( 'NONE', *, *, #4039, .F. ) ;
#3809 = CARTESIAN_POINT ( 'NONE',  ( 4.599999999999999645, 7.000000000000000000, 6.450000000000000178 ) ) ;
#3810 = EDGE_CURVE ( 'NONE', #3212, #1604, #503, .T. ) ;
#3811 = CYLINDRICAL_SURFACE ( 'NONE', #1314, 0.6500000000000003553 ) ;
#3812 = LINE ( 'NONE', #3678, #2029 ) ;
#3813 = DIRECTION ( 'NONE',  ( 0.000000000000000000, 0.000000000000000000, -1.000000000000000000 ) ) ;
#3814 = FACE_OUTER_BOUND ( 'NONE', #4821, .T. ) ;
#3815 = LINE ( 'NONE', #1487, #478 ) ;
#3816 = LINE ( 'NONE', #3165, #2141 ) ;
#3817 = DIRECTION ( 'NONE',  ( -0.7393579735722480839, 0.000000000000000000, 0.6733125477184714880 ) ) ;
#3818 = VERTEX_POINT ( 'NONE', #2769 ) ;
#3819 = AXIS2_PLACEMENT_3D ( 'NONE', #1843, #693, #4662 ) ;
#3820 = DIRECTION ( 'NONE',  ( 0.000000000000000000, 1.000000000000000000, 0.000000000000000000 ) ) ;
#3821 = EDGE_CURVE ( 'NONE', #4254, #2483, #2165, .T. ) ;
#3822 = DIRECTION ( 'NONE',  ( 1.000000000000000000, -0.000000000000000000, -1.253608761936366671E-15 ) ) ;
#3823 = LINE ( 'NONE', #1053, #2171 ) ;
#3824 = DIRECTION ( 'NONE',  ( 0.000000000000000000, 1.000000000000000000, 0.000000000000000000 ) ) ;
#3825 = ADVANCED_FACE ( 'NONE', ( #2122 ), #351, .T. ) ;
#3826 = ORIENTED_EDGE ( 'NONE', *, *, #4085, .F. ) ;
#3827 = CARTESIAN_POINT ( 'NONE',  ( -4.122725442988535605, 7.000000000000000000, -0.1250000000000000000 ) ) ;
#3828 = DIRECTION ( 'NONE',  ( 0.1391731009600654378, 0.000000000000000000, -0.9902680687415703620 ) ) ;
#3829 = AXIS2_PLACEMENT_3D ( 'NONE', #2610, #732, #631 ) ;
#3830 = DIRECTION ( 'NONE',  ( 0.000000000000000000, -0.5735764363510399422, 0.8191520442889961284 ) ) ;
#3831 = ADVANCED_FACE ( 'NONE', ( #513 ), #2704, .T. ) ;
#3832 = FACE_OUTER_BOUND ( 'NONE', #987, .T. ) ;
#3833 = DIRECTION ( 'NONE',  ( 0.000000000000000000, 1.000000000000000000, 0.000000000000000000 ) ) ;
#3834 = CARTESIAN_POINT ( 'NONE',  ( 4.599999999999999645, 8.000000000000000000, 5.799999999999999822 ) ) ;
#3835 = VECTOR ( 'NONE', #3158, 1000.000000000000227 ) ;
#3836 = LINE ( 'NONE', #2258, #627 ) ;
#3837 = EDGE_LOOP ( 'NONE', ( #3017, #4851, #2707, #1397 ) ) ;
#3838 = DIRECTION ( 'NONE',  ( 0.000000000000000000, -0.5735764363510399422, 0.8191520442889961284 ) ) ;
#3839 = LINE ( 'NONE', #2872, #2215 ) ;
#3840 = EDGE_CURVE ( 'NONE', #2343, #1796, #1703, .T. ) ;
#3841 = CARTESIAN_POINT ( 'NONE',  ( 1.678203140787354553, 7.000000000000000000, 5.415573082559152596 ) ) ;
#3842 = STYLED_ITEM ( 'NONE', ( #2880 ), #3309 ) ;
#3843 = PLANE ( 'NONE',  #676 ) ;
#3844 = FACE_OUTER_BOUND ( 'NONE', #4944, .T. ) ;
#3845 = EDGE_LOOP ( 'NONE', ( #409, #4087, #4826, #1580, #2063 ) ) ;
#3846 = CARTESIAN_POINT ( 'NONE',  ( 5.080000000000054250, 1.721248916810457219, 7.619999999999964579 ) ) ;
#3847 = DIRECTION ( 'NONE',  ( -0.000000000000000000, 1.000000000000000000, -0.000000000000000000 ) ) ;
#3848 = EDGE_CURVE ( 'NONE', #1025, #3204, #2175, .T. ) ;
#3849 = AXIS2_PLACEMENT_3D ( 'NONE', #4378, #4036, #1381 ) ;
#3850 = UNCERTAINTY_MEASURE_WITH_UNIT (LENGTH_MEASURE( 1.000000000000000082E-05 ), #243, 'distance_accuracy_value', 'NONE');
#3851 = CARTESIAN_POINT ( 'NONE',  ( -6.300000000000000711, 1.000000000000000000, -7.500000000000000000 ) ) ;
#3852 = EDGE_CURVE ( 'NONE', #4515, #1336, #1976, .T. ) ;
#3853 = DIRECTION ( 'NONE',  ( 0.000000000000000000, 0.000000000000000000, 1.000000000000000000 ) ) ;
#3854 = VERTEX_POINT ( 'NONE', #3118 ) ;
#3855 = DIRECTION ( 'NONE',  ( 0.000000000000000000, 0.000000000000000000, 1.000000000000000000 ) ) ;
#3856 = DIRECTION ( 'NONE',  ( 0.000000000000000000, 0.000000000000000000, 1.000000000000000000 ) ) ;
#3857 = LINE ( 'NONE', #1357, #519 ) ;
#3858 = DIRECTION ( 'NONE',  ( 0.000000000000000000, 0.000000000000000000, -1.000000000000000000 ) ) ;
#3859 = VECTOR ( 'NONE', #1117, 1000.000000000000000 ) ;
#3860 = ORIENTED_EDGE ( 'NONE', *, *, #2314, .F. ) ;
#3861 = DIRECTION ( 'NONE',  ( 0.1391731009600652158, 0.000000000000000000, -0.9902680687415703620 ) ) ;
#3862 = PLANE ( 'NONE',  #4844 ) ;
#3863 = AXIS2_PLACEMENT_3D ( 'NONE', #3580, #446, #848 ) ;
#3864 = CARTESIAN_POINT ( 'NONE',  ( 5.079999999999945004, 0.1225363191866258306, -7.875000000000098588 ) ) ;
#3865 = CARTESIAN_POINT ( 'NONE',  ( -3.270700849529827980, -0.3909616617838694852, -0.1249999999999990008 ) ) ;
#3866 = LINE ( 'NONE', #373, #3906 ) ;
#3867 = DIRECTION ( 'NONE',  ( -0.1391731009600656044, 0.000000000000000000, 0.9902680687415703620 ) ) ;
#3868 = ORIENTED_EDGE ( 'NONE', *, *, #356, .F. ) ;
#3869 = CARTESIAN_POINT ( 'NONE',  ( 4.599999999999999645, 8.000000000000000000, 7.100000000000000533 ) ) ;
#3870 = ADVANCED_FACE ( 'NONE', ( #374 ), #339, .F. ) ;
#3871 = CARTESIAN_POINT ( 'NONE',  ( 1.712242906716723967, 7.000000000000000000, 5.779999999999999361 ) ) ;
#3872 = CARTESIAN_POINT ( 'NONE',  ( 2.775461530176011937, 7.000000000000000000, -0.7073991214881119038 ) ) ;
#3873 = EDGE_CURVE ( 'NONE', #3240, #4215, #730, .T. ) ;
#3875 = LINE ( 'NONE', #803, #3835 ) ;
#3874 = CARTESIAN_POINT ( 'NONE',  ( -8.673617379884035472E-16, 1.721248916810457219, -7.875000000000034639 ) ) ;
#3876 = LINE ( 'NONE', #3405, #558 ) ;
#3877 = DIRECTION ( 'NONE',  ( -0.6733125477184714880, 0.000000000000000000, -0.7393579735722480839 ) ) ;
#3878 = CARTESIAN_POINT ( 'NONE',  ( -4.157860651664134544, -0.3909616617838694852, 0.1250000000000004996 ) ) ;
#3879 = ORIENTED_EDGE ( 'NONE', *, *, #4376, .F. ) ;
#3880 = DIRECTION ( 'NONE',  ( -0.000000000000000000, -1.000000000000000000, -0.000000000000000000 ) ) ;
#3881 = PRESENTATION_LAYER_ASSIGNMENT (  '', '', ( #25 ) ) ;
#3882 = FACE_OUTER_BOUND ( 'NONE', #925, .T. ) ;
#3883 = DIRECTION ( 'NONE',  ( -0.6733125477184713770, 0.000000000000000000, -0.7393579735722481949 ) ) ;
#3884 = CARTESIAN_POINT ( 'NONE',  ( 1.712242906716723967, -0.3909616617838694852, 5.779999999999999361 ) ) ;
#3885 = CARTESIAN_POINT ( 'NONE',  ( 3.673882993561314869, 7.000000000000000000, -5.827146911406196672 ) ) ;
#3886 = LINE ( 'NONE', #1748, #2313 ) ;
#3887 = SURFACE_SIDE_STYLE ('',( #4687 ) ) ;
#3888 = PRESENTATION_LAYER_ASSIGNMENT (  '', '', ( #3699 ) ) ;
#3889 = VECTOR ( 'NONE', #1631, 1000.000000000000000 ) ;
#3890 = ORIENTED_EDGE ( 'NONE', *, *, #1351, .F. ) ;
#3891 = CARTESIAN_POINT ( 'NONE',  ( -5.079999999999946780, -5.250000000000000000, 7.620000000000037410 ) ) ;
#3892 = VECTOR ( 'NONE', #4643, 1000.000000000000000 ) ;
#3893 = DIRECTION ( 'NONE',  ( -1.000000000000000000, 0.000000000000000000, 1.717841266356215627E-16 ) ) ;
#3894 = DIRECTION ( 'NONE',  ( 1.000000000000000000, 0.000000000000000000, -1.717841266356216367E-16 ) ) ;
#3895 = DIRECTION ( 'NONE',  ( 0.000000000000000000, -0.000000000000000000, 1.000000000000000000 ) ) ;
#3896 = VECTOR ( 'NONE', #2038, 1000.000000000000000 ) ;
#3897 = LINE ( 'NONE', #4917, #2236 ) ;
#3898 = DIRECTION ( 'NONE',  ( 0.000000000000000000, 0.000000000000000000, -1.000000000000000000 ) ) ;
#3899 = VERTEX_POINT ( 'NONE', #471 ) ;
#3900 = PLANE ( 'NONE',  #491 ) ;
#3901 = LINE ( 'NONE', #3244, #2245 ) ;
#3902 = EDGE_CURVE ( 'NONE', #4038, #4446, #358, .T. ) ;
#3903 = AXIS2_PLACEMENT_3D ( 'NONE', #612, #1378, #2131 ) ;
#3904 = DIRECTION ( 'NONE',  ( 0.000000000000000000, 1.000000000000000000, -0.000000000000000000 ) ) ;
#3905 = LINE ( 'NONE', #4812, #502 ) ;
#3906 = VECTOR ( 'NONE', #735, 1000.000000000000000 ) ;
#3907 = DIRECTION ( 'NONE',  ( 1.000000000000000000, 0.000000000000000000, -5.726254633542118453E-16 ) ) ;
#3908 = VERTEX_POINT ( 'NONE', #1178 ) ;
#3909 = EDGE_CURVE ( 'NONE', #1286, #1374, #3684, .T. ) ;
#3910 = PRESENTATION_LAYER_ASSIGNMENT (  '', '', ( #2075 ) ) ;
#3911 = ADVANCED_FACE ( 'NONE', ( #438 ), #2050, .T. ) ;
#3912 = LINE ( 'NONE', #2398, #2238 ) ;
#3913 = FACE_OUTER_BOUND ( 'NONE', #376, .T. ) ;
#3914 = AXIS2_PLACEMENT_3D ( 'NONE', #645, #2962, #1683 ) ;
#3915 = LINE ( 'NONE', #2863, #2241 ) ;
#3916 = DIRECTION ( 'NONE',  ( -0.7071067811865522357, 0.7071067811865426878, 0.000000000000000000 ) ) ;
#3917 = CARTESIAN_POINT ( 'NONE',  ( 4.122725442988532052, 8.000000000000000000, 0.1250000000000000000 ) ) ;
#3918 = ORIENTED_EDGE ( 'NONE', *, *, #2896, .T. ) ;
#3919 = DIRECTION ( 'NONE',  ( 0.000000000000000000, 1.000000000000000000, -0.000000000000000000 ) ) ;
#3920 = LINE ( 'NONE', #193, #541 ) ;
#3921 = CARTESIAN_POINT ( 'NONE',  ( 4.599999999999999645, 8.000000000000000000, 6.450000000000000178 ) ) ;
#3922 = EDGE_CURVE ( 'NONE', #1662, #2948, #2060, .T. ) ;
#3923 = LINE ( 'NONE', #4588, #2149 ) ;
#3924 = LINE ( 'NONE', #2303, #670 ) ;
#3925 = LINE ( 'NONE', #4889, #2300 ) ;
#3926 = MECHANICAL_DESIGN_GEOMETRIC_PRESENTATION_REPRESENTATION (  '', ( #1636 ), #2884 ) ;
#3927 = VERTEX_POINT ( 'NONE', #3596 ) ;
#3928 =( NAMED_UNIT ( * ) PLANE_ANGLE_UNIT ( ) SI_UNIT ( $, .RADIAN. ) );
#3929 = CARTESIAN_POINT ( 'NONE',  ( 3.522408857683526406, 7.000000000000000000, -7.100000000000000533 ) ) ;
#3930 = DIRECTION ( 'NONE',  ( -0.000000000000000000, -1.000000000000000000, -0.000000000000000000 ) ) ;
#3931 = LINE ( 'NONE', #606, #2156 ) ;
#3932 = VECTOR ( 'NONE', #1503, 1000.000000000000000 ) ;
#3933 = VERTEX_POINT ( 'NONE', #2068 ) ;
#3934 = AXIS2_PLACEMENT_3D ( 'NONE', #4909, #3348, #2891 ) ;
#3935 = CARTESIAN_POINT ( 'NONE',  ( 5.079999999999945004, 0.9999999999999995559, -7.875000000000098588 ) ) ;
#3936 = CARTESIAN_POINT ( 'NONE',  ( 2.576624604172656596, -0.3909616617838694852, 0.7073991214881125700 ) ) ;
#3937 = EDGE_CURVE ( 'NONE', #1193, #3459, #3748, .T. ) ;
#3938 = VECTOR ( 'NONE', #2064, 1000.000000000000000 ) ;
#3939 = PLANE ( 'NONE',  #512 ) ;
#3940 = PLANE ( 'NONE',  #389 ) ;
#3941 = FACE_OUTER_BOUND ( 'NONE', #322, .T. ) ;
#3942 = EDGE_LOOP ( 'NONE', ( #4414, #4544, #4382, #4344 ) ) ;
#3943 = DIRECTION ( 'NONE',  ( 0.1391731009600654934, -0.000000000000000000, -0.9902680687415702510 ) ) ;
#3944 = DIRECTION ( 'NONE',  ( 0.000000000000000000, 0.000000000000000000, 1.000000000000000000 ) ) ;
#3945 = VERTEX_POINT ( 'NONE', #944 ) ;
#3946 = ADVANCED_FACE ( 'NONE', ( #3805 ), #3623, .T. ) ;
#3947 = DIRECTION ( 'NONE',  ( 0.000000000000000000, -0.000000000000000000, 1.000000000000000000 ) ) ;
#3948 = VECTOR ( 'NONE', #667, 1000.000000000000000 ) ;
#3949 = ORIENTED_EDGE ( 'NONE', *, *, #4923, .F. ) ;
#3950 = CARTESIAN_POINT ( 'NONE',  ( -1.712242906716721080, 7.000000000000000000, -5.780000000000000249 ) ) ;
#3951 = LINE ( 'NONE', #4518, #590 ) ;
#3952 = CARTESIAN_POINT ( 'NONE',  ( -8.361332446101460726E-16, 0.9999999999999995559, -7.365000000000033076 ) ) ;
#3953 = EDGE_CURVE ( 'NONE', #4327, #998, #2133, .T. ) ;
#3954 = CARTESIAN_POINT ( 'NONE',  ( -6.300000000000000711, -1.734723475976807094E-15, -8.050000000000000711 ) ) ;
#3955 = AXIS2_PLACEMENT_3D ( 'NONE', #267, #4877, #175 ) ;
#3956 = LINE ( 'NONE', #2456, #614 ) ;
#3957 = VECTOR ( 'NONE', #3822, 1000.000000000000000 ) ;
#3958 = CARTESIAN_POINT ( 'NONE',  ( 3.322725442988533562, 8.000000000000000000, 0.1250000000000000278 ) ) ;
#3959 = EDGE_CURVE ( 'NONE', #4942, #945, #3924, .T. ) ;
#3960 = VERTEX_POINT ( 'NONE', #2745 ) ;
#3961 = CARTESIAN_POINT ( 'NONE',  ( 6.300000000000000711, 0.3851141460153323925, -7.500000000000000000 ) ) ;
#3962 = COLOUR_RGB ( '',0.7921568627450980005, 0.8196078431372548767, 0.9333333333333333481 ) ;
#3963 = CARTESIAN_POINT ( 'NONE',  ( -2.516588533158897967, 8.000000000000000000, 0.6500000000000000222 ) ) ;
#3964 = CARTESIAN_POINT ( 'NONE',  ( -4.122725442988535605, 7.000000000000000000, -0.1250000000000000000 ) ) ;
#3965 = SURFACE_STYLE_FILL_AREA ( #1876 ) ;
#3966 = EDGE_LOOP ( 'NONE', ( #964, #1233, #1497, #1207 ) ) ;
#3967 = CARTESIAN_POINT ( 'NONE',  ( -8.361332446101459740E-16, 1.721248916810457219, 7.875000000000034639 ) ) ;
#3968 = LINE ( 'NONE', #3987, #625 ) ;
#3969 = CIRCLE ( 'NONE', #1741, 0.2550000000000000044 ) ;
#3970 = CARTESIAN_POINT ( 'NONE',  ( 4.122725442988532052, 7.000000000000000000, 0.1250000000000000000 ) ) ;
#3971 = VERTEX_POINT ( 'NONE', #868 ) ;
#3972 = DIRECTION ( 'NONE',  ( 0.000000000000000000, 1.000000000000000000, -0.000000000000000000 ) ) ;
#3973 = CARTESIAN_POINT ( 'NONE',  ( -4.122725442988535605, 8.000000000000000000, -0.1250000000000000000 ) ) ;
#3974 = AXIS2_PLACEMENT_3D ( 'NONE', #3526, #3919, #4343 ) ;
#3975 = VECTOR ( 'NONE', #300, 1000.000000000000000 ) ;
#3976 = ORIENTED_EDGE ( 'NONE', *, *, #2968, .F. ) ;
#3977 = DIRECTION ( 'NONE',  ( 1.000000000000000000, 0.000000000000000000, 1.177063452450326228E-15 ) ) ;
#3978 = CARTESIAN_POINT ( 'NONE',  ( -5.080000000000002736, 1.721248916810457219, -7.875000000000005329 ) ) ;
#3979 = PLANE ( 'NONE',  #2772 ) ;
#3980 = FACE_OUTER_BOUND ( 'NONE', #1352, .T. ) ;
#3981 = CARTESIAN_POINT ( 'NONE',  ( -3.336894955876370528, 7.000000000000000000, 5.780000000000000249 ) ) ;
#3982 = EDGE_CURVE ( 'NONE', #747, #2844, #402, .T. ) ;
#3983 = VERTEX_POINT ( 'NONE', #3567 ) ;
#3984 = CARTESIAN_POINT ( 'NONE',  ( 1.678203140787354775, -0.3909616617838694852, 7.100000000000000533 ) ) ;
#3985 = LINE ( 'NONE', #3874, #2431 ) ;
#3986 = DIRECTION ( 'NONE',  ( -0.000000000000000000, 1.000000000000000000, -0.000000000000000000 ) ) ;
#3987 = CARTESIAN_POINT ( 'NONE',  ( 4.850000000000001421, 0.000000000000000000, 7.500000000000000000 ) ) ;
#3989 = ORIENTED_EDGE ( 'NONE', *, *, #3579, .F. ) ;
#3988 = DIRECTION ( 'NONE',  ( -0.7660444431189759040, 0.000000000000000000, 0.6427876096865419164 ) ) ;
#3990 = AXIS2_PLACEMENT_3D ( 'NONE', #1164, #2254, #1872 ) ;
#3991 = LINE ( 'NONE', #3950, #728 ) ;
#3992 = CIRCLE ( 'NONE', #1899, 0.2550000000000008926 ) ;
#3993 = EDGE_CURVE ( 'NONE', #3323, #945, #3792, .T. ) ;
#3994 = PLANE ( 'NONE',  #4339 ) ;
#3995 = ORIENTED_EDGE ( 'NONE', *, *, #386, .T. ) ;
#3996 = DIRECTION ( 'NONE',  ( 1.000000000000000000, -0.000000000000000000, -0.000000000000000000 ) ) ;
#3997 = SURFACE_STYLE_FILL_AREA ( #2757 ) ;
#3998 = SURFACE_SIDE_STYLE ('',( #3265 ) ) ;
#3999 = ORIENTED_EDGE ( 'NONE', *, *, #3419, .T. ) ;
#4000 = CIRCLE ( 'NONE', #2822, 1.684426917440847493 ) ;
#4001 = CARTESIAN_POINT ( 'NONE',  ( -3.673882993561319310, 8.000000000000000000, 5.827146911406196672 ) ) ;
#4002 = VERTEX_POINT ( 'NONE', #2623 ) ;
#4003 = DIRECTION ( 'NONE',  ( -0.000000000000000000, 1.000000000000000000, 0.000000000000000000 ) ) ;
#4004 = LINE ( 'NONE', #4769, #4063 ) ;
#4005 = VERTEX_POINT ( 'NONE', #2543 ) ;
#4006 = CARTESIAN_POINT ( 'NONE',  ( 4.934348763394843296, 8.000000000000000000, -5.650000000000000355 ) ) ;
#4007 = EDGE_CURVE ( 'NONE', #1157, #3676, #3644, .T. ) ;
#4008 = DIRECTION ( 'NONE',  ( 0.000000000000000000, 0.000000000000000000, -1.000000000000000000 ) ) ;
#4009 = PRESENTATION_LAYER_ASSIGNMENT (  '', '', ( #578 ) ) ;
#4010 = PRESENTATION_STYLE_ASSIGNMENT (( #4758 ) ) ;
#4011 = DIRECTION ( 'NONE',  ( -1.177063452450326228E-15, 0.000000000000000000, 1.000000000000000000 ) ) ;
#4012 = CARTESIAN_POINT ( 'NONE',  ( 3.673882993561314869, 8.000000000000000000, -5.827146911406196672 ) ) ;
#4013 = ORIENTED_EDGE ( 'NONE', *, *, #871, .F. ) ;
#4014 = AXIS2_PLACEMENT_3D ( 'NONE', #4182, #1036, #4604 ) ;
#4015 = VECTOR ( 'NONE', #714, 1000.000000000000000 ) ;
#4016 = DIRECTION ( 'NONE',  ( 0.1391731009600655766, 0.000000000000000000, -0.9902680687415702510 ) ) ;
#4017 = ORIENTED_EDGE ( 'NONE', *, *, #3677, .F. ) ;
#4018 = PLANE ( 'NONE',  #4637 ) ;
#4019 = FACE_OUTER_BOUND ( 'NONE', #1035, .T. ) ;
#4020 = ORIENTED_EDGE ( 'NONE', *, *, #3747, .T. ) ;
#4021 = VECTOR ( 'NONE', #4024, 1000.000000000000000 ) ;
#4022 = DIRECTION ( 'NONE',  ( -0.000000000000000000, -1.000000000000000000, -0.000000000000000000 ) ) ;
#4023 = SURFACE_SIDE_STYLE ('',( #2455 ) ) ;
#4025 = VERTEX_POINT ( 'NONE', #3377 ) ;
#4024 = DIRECTION ( 'NONE',  ( 0.1391731009600651325, 0.000000000000000000, -0.9902680687415703620 ) ) ;
#4026 = CIRCLE ( 'NONE', #3340, 0.2549999999999384426 ) ;
#4027 = ORIENTED_EDGE ( 'NONE', *, *, #2968, .T. ) ;
#4028 = DIRECTION ( 'NONE',  ( 0.000000000000000000, 0.000000000000000000, -1.000000000000000000 ) ) ;
#4029 = ORIENTED_EDGE ( 'NONE', *, *, #3527, .F. ) ;
#4030 = CIRCLE ( 'NONE', #1719, 0.2550000000000008926 ) ;
#4031 = DIRECTION ( 'NONE',  ( 0.000000000000000000, 0.000000000000000000, 1.000000000000000000 ) ) ;
#4032 = CIRCLE ( 'NONE', #2231, 1.272853088593803417 ) ;
#4033 = EDGE_CURVE ( 'NONE', #2870, #1833, #445, .T. ) ;
#4034 = CARTESIAN_POINT ( 'NONE',  ( -4.855000000000000426, 1.721248916810457219, -7.500000000000000000 ) ) ;
#4035 = CARTESIAN_POINT ( 'NONE',  ( -2.576624604172662369, 7.000000000000000000, -0.7073991214881107936 ) ) ;
#4036 = DIRECTION ( 'NONE',  ( 0.000000000000000000, 0.000000000000000000, 1.000000000000000000 ) ) ;
#4037 = ORIENTED_EDGE ( 'NONE', *, *, #356, .T. ) ;
#4038 = VERTEX_POINT ( 'NONE', #241 ) ;
#4039 = EDGE_CURVE ( 'NONE', #142, #867, #2017, .T. ) ;
#4040 = COLOUR_RGB ( '',0.000000000000000000, 0.7529411764705882248, 0.000000000000000000 ) ;
#4041 = DIRECTION ( 'NONE',  ( 0.000000000000000000, 0.000000000000000000, -1.000000000000000000 ) ) ;
#4042 = ORIENTED_EDGE ( 'NONE', *, *, #4138, .F. ) ;
#4043 = FACE_OUTER_BOUND ( 'NONE', #4322, .T. ) ;
#4044 = ORIENTED_EDGE ( 'NONE', *, *, #3595, .F. ) ;
#4045 = DIRECTION ( 'NONE',  ( -0.1391731009600656044, -0.000000000000000000, 0.9902680687415703620 ) ) ;
#4046 = ORIENTED_EDGE ( 'NONE', *, *, #3151, .F. ) ;
#4047 = LINE ( 'NONE', #2820, #2353 ) ;
#4048 = PLANE ( 'NONE',  #4269 ) ;
#4049 = ADVANCED_FACE ( 'NONE', ( #3709 ), #2663, .F. ) ;
#4050 = FILL_AREA_STYLE_COLOUR ( '', #453 ) ;
#4051 = VERTEX_POINT ( 'NONE', #4107 ) ;
#4052 = LINE ( 'NONE', #4091, #711 ) ;
#4053 = DIRECTION ( 'NONE',  ( -0.4975428121645238955, 0.4975428121645172341, 0.7105647754616332135 ) ) ;
#4054 = ORIENTED_EDGE ( 'NONE', *, *, #1305, .T. ) ;
#4055 = ORIENTED_EDGE ( 'NONE', *, *, #2622, .F. ) ;
#4056 = LINE ( 'NONE', #2805, #698 ) ;
#4057 = VERTEX_POINT ( 'NONE', #1477 ) ;
#4058 = LINE ( 'NONE', #2381, #2503 ) ;
#4059 = AXIS2_PLACEMENT_3D ( 'NONE', #2223, #4902, #3373 ) ;
#4060 = DIRECTION ( 'NONE',  ( 0.1391731009600654656, 0.000000000000000000, -0.9902680687415702510 ) ) ;
#4062 = ORIENTED_EDGE ( 'NONE', *, *, #2944, .T. ) ;
#4061 =( NAMED_UNIT ( * ) PLANE_ANGLE_UNIT ( ) SI_UNIT ( $, .RADIAN. ) );
#4063 = VECTOR ( 'NONE', #1795, 1000.000000000000114 ) ;
#4064 = CARTESIAN_POINT ( 'NONE',  ( 2.367314854076395303, 7.000000000000000000, 0.6500000000000001332 ) ) ;
#4065 = ORIENTED_EDGE ( 'NONE', *, *, #2067, .T. ) ;
#4066 = LINE ( 'NONE', #3780, #4159 ) ;
#4067 = SURFACE_STYLE_USAGE ( .BOTH. , #2984 ) ;
#4068 = ORIENTED_EDGE ( 'NONE', *, *, #4853, .T. ) ;
#4069 = EDGE_CURVE ( 'NONE', #4842, #3584, #3812, .T. ) ;
#4070 = ADVANCED_FACE ( 'NONE', ( #3681 ), #4472, .F. ) ;
#4071 = CARTESIAN_POINT ( 'NONE',  ( -1.526729004909564091, 7.000000000000000000, -7.100000000000000533 ) ) ;
#4072 = ORIENTED_EDGE ( 'NONE', *, *, #4930, .T. ) ;
#4073 = CARTESIAN_POINT ( 'NONE',  ( 4.299999999999998934, 0.5499999999999944933, -7.500000000000000000 ) ) ;
#4074 = DIRECTION ( 'NONE',  ( -0.000000000000000000, -1.000000000000000000, -0.000000000000000000 ) ) ;
#4075 = CARTESIAN_POINT ( 'NONE',  ( 2.367314854076395303, 8.000000000000000000, 0.6500000000000001332 ) ) ;
#4076 = EDGE_LOOP ( 'NONE', ( #1289, #1261 ) ) ;
#4077 = CIRCLE ( 'NONE', #4420, 0.2549999999999384426 ) ;
#4078 = CLOSED_SHELL ( 'NONE', ( #3424, #4165, #1538, #2158 ) ) ;
#4079 = LINE ( 'NONE', #1342, #4021 ) ;
#4080 = DIRECTION ( 'NONE',  ( -0.7882765718205382299, -0.000000000000000000, 0.6153210920477697465 ) ) ;
#4081 = EDGE_CURVE ( 'NONE', #3697, #1318, #410, .T. ) ;
#4082 = COLOUR_RGB ( '',0.7921568627450980005, 0.8196078431372548767, 0.9333333333333333481 ) ;
#4083 = AXIS2_PLACEMENT_3D ( 'NONE', #185, #968, #3270 ) ;
#4084 = EDGE_LOOP ( 'NONE', ( #2774, #2630, #2535, #4393 ) ) ;
#4085 = EDGE_CURVE ( 'NONE', #892, #3054, #391, .T. ) ;
#4086 = CARTESIAN_POINT ( 'NONE',  ( -3.305836058205425587, 7.000000000000000000, 0.1250000000000000000 ) ) ;
#4087 = ORIENTED_EDGE ( 'NONE', *, *, #4212, .T. ) ;
#4088 = LINE ( 'NONE', #4587, #4175 ) ;
#4089 = DIRECTION ( 'NONE',  ( 0.000000000000000000, 0.000000000000000000, -1.000000000000000000 ) ) ;
#4090 = PRESENTATION_STYLE_ASSIGNMENT (( #4836 ) ) ;
#4091 = CARTESIAN_POINT ( 'NONE',  ( 5.362627775081942438, -0.5126277750819345780, -8.782108335183918868 ) ) ;
#4092 = EDGE_LOOP ( 'NONE', ( #4500, #4648 ) ) ;
#4093 = VERTEX_POINT ( 'NONE', #1080 ) ;
#4094 = FACE_OUTER_BOUND ( 'NONE', #3942, .T. ) ;
#4095 =( NAMED_UNIT ( * ) PLANE_ANGLE_UNIT ( ) SI_UNIT ( $, .RADIAN. ) );
#4097 = ORIENTED_EDGE ( 'NONE', *, *, #609, .T. ) ;
#4096 = CARTESIAN_POINT ( 'NONE',  ( 3.673882993561314869, 7.000000000000000000, -7.100000000000000533 ) ) ;
#4098 = CARTESIAN_POINT ( 'NONE',  ( 4.599999999999999645, -0.3909616617838694852, 6.450000000000000178 ) ) ;
#4099 = ADVANCED_FACE ( 'NONE', ( #3670 ), #4915, .F. ) ;
#4100 = CARTESIAN_POINT ( 'NONE',  ( 4.599999999999999645, 8.000000000000000000, 6.450000000000000178 ) ) ;
#4101 = VERTEX_POINT ( 'NONE', #3047 ) ;
#4102 = LINE ( 'NONE', #3576, #844 ) ;
#4103 = ORIENTED_EDGE ( 'NONE', *, *, #2622, .T. ) ;
#4104 = EDGE_LOOP ( 'NONE', ( #2803, #2696, #42, #84, #653, #3380 ) ) ;
#4105 = STYLED_ITEM ( 'NONE', ( #29 ), #1607 ) ;
#4106 = EDGE_CURVE ( 'NONE', #4365, #4156, #2046, .T. ) ;
#4107 = CARTESIAN_POINT ( 'NONE',  ( -4.299999999999998934, 0.9999999999999995559, 9.500000000000000000 ) ) ;
#4108 = ORIENTED_EDGE ( 'NONE', *, *, #4085, .T. ) ;
#4109 = ORIENTED_EDGE ( 'NONE', *, *, #2249, .F. ) ;
#4110 = VERTEX_POINT ( 'NONE', #1768 ) ;
#4111 = DIRECTION ( 'NONE',  ( -0.7071067811865515695, -0.000000000000000000, -0.7071067811865435759 ) ) ;
#4112 = ADVANCED_FACE ( 'NONE', ( #2139 ), #1792, .T. ) ;
#4113 = DIRECTION ( 'NONE',  ( 0.000000000000000000, 1.000000000000000000, 0.000000000000000000 ) ) ;
#4114 = ORIENTED_EDGE ( 'NONE', *, *, #2928, .F. ) ;
#4115 = AXIS2_PLACEMENT_3D ( 'NONE', #591, #1326, #562 ) ;
#4116 = FACE_OUTER_BOUND ( 'NONE', #4688, .T. ) ;
#4117 = EDGE_CURVE ( 'NONE', #1998, #1383, #3753, .T. ) ;
#4118 = ORIENTED_EDGE ( 'NONE', *, *, #1750, .T. ) ;
#4119 = LINE ( 'NONE', #4955, #784 ) ;
#4120 = ORIENTED_EDGE ( 'NONE', *, *, #4930, .F. ) ;
#4121 = ORIENTED_EDGE ( 'NONE', *, *, #343, .T. ) ;
#4122 = LINE ( 'NONE', #2613, #788 ) ;
#4123 = DIRECTION ( 'NONE',  ( 0.000000000000000000, -1.000000000000000000, 0.000000000000000000 ) ) ;
#4124 = ORIENTED_EDGE ( 'NONE', *, *, #3937, .F. ) ;
#4125 = LINE ( 'NONE', #4434, #2480 ) ;
#4126 =( NAMED_UNIT ( * ) SI_UNIT ( $, .STERADIAN. ) SOLID_ANGLE_UNIT ( ) );
#4127 = AXIS2_PLACEMENT_3D ( 'NONE', #536, #1802, #2516 ) ;
#4128 = ORIENTED_EDGE ( 'NONE', *, *, #3747, .F. ) ;
#4129 = VERTEX_POINT ( 'NONE', #2164 ) ;
#4130 = EDGE_LOOP ( 'NONE', ( #2582, #1715, #1043, #1642 ) ) ;
#4131 = COLOUR_RGB ( '',0.7921568627450980005, 0.8196078431372548767, 0.9333333333333333481 ) ;
#4133 = ORIENTED_EDGE ( 'NONE', *, *, #3299, .T. ) ;
#4132 = PLANE ( 'NONE',  #3955 ) ;
#4134 = PLANE ( 'NONE',  #2498 ) ;
#4135 = CARTESIAN_POINT ( 'NONE',  ( -1.354563760474515322, 6.204563760474431255, -0.8110353672260601776 ) ) ;
#4136 = EDGE_LOOP ( 'NONE', ( #758, #1347, #1912, #4193, #1128, #795 ) ) ;
#4137 = LINE ( 'NONE', #3964, #2475 ) ;
#4138 = EDGE_CURVE ( 'NONE', #3056, #2732, #3743, .T. ) ;
#4139 = VERTEX_POINT ( 'NONE', #3300 ) ;
#4140 = DIRECTION ( 'NONE',  ( -0.000000000000000000, -1.000000000000000000, -0.000000000000000000 ) ) ;
#4141 = EDGE_LOOP ( 'NONE', ( #4246, #2722, #1081, #4457 ) ) ;
#4142 = FACE_OUTER_BOUND ( 'NONE', #1055, .T. ) ;
#4143 = CYLINDRICAL_SURFACE ( 'NONE', #3819, 0.2550000000000008926 ) ;
#4144 = EDGE_CURVE ( 'NONE', #2565, #1480, #3772, .T. ) ;
#4145 = ADVANCED_FACE ( 'NONE', ( #280 ), #215, .T. ) ;
#4146 = VERTEX_POINT ( 'NONE', #1044 ) ;
#4147 = STYLED_ITEM ( 'NONE', ( #379 ), #3793 ) ;
#4148 = ADVANCED_FACE ( 'NONE', ( #3625, #1937, #2117, #315, #3635, #3720, #2077, #1955, #3651 ), #3445, .F. ) ;
#4149 = EDGE_LOOP ( 'NONE', ( #124, #221, #3614, #4037 ) ) ;
#4150 = CIRCLE ( 'NONE', #1660, 0.2550000000000633427 ) ;
#4151 = VERTEX_POINT ( 'NONE', #3080 ) ;
#4152 = EDGE_CURVE ( 'NONE', #4655, #4765, #361, .T. ) ;
#4153 = ORIENTED_EDGE ( 'NONE', *, *, #4212, .F. ) ;
#4154 = DIRECTION ( 'NONE',  ( -0.1391731009600656044, -0.000000000000000000, 0.9902680687415702510 ) ) ;
#4155 = DIRECTION ( 'NONE',  ( -1.000000000000000000, 0.000000000000000000, -0.000000000000000000 ) ) ;
#4156 = VERTEX_POINT ( 'NONE', #4776 ) ;
#4157 = VECTOR ( 'NONE', #2749, 1000.000000000000000 ) ;
#4158 = VERTEX_POINT ( 'NONE', #1297 ) ;
#4159 = VECTOR ( 'NONE', #2573, 1000.000000000000000 ) ;
#4160 = ORIENTED_EDGE ( 'NONE', *, *, #1252, .F. ) ;
#4161 = PLANE ( 'NONE',  #2979 ) ;
#4162 = EDGE_LOOP ( 'NONE', ( #818, #4097, #1362, #3039 ) ) ;
#4163 = CYLINDRICAL_SURFACE ( 'NONE', #3539, 1.272853088593803417 ) ;
#4164 = DIRECTION ( 'NONE',  ( 0.000000000000000000, 1.000000000000000000, 0.000000000000000000 ) ) ;
#4165 = ADVANCED_FACE ( 'NONE', ( #377 ), #2037, .T. ) ;
#4166 = ORIENTED_EDGE ( 'NONE', *, *, #906, .T. ) ;
#4167 = CIRCLE ( 'NONE', #601, 1.684426917440847049 ) ;
#4168 = EDGE_CURVE ( 'NONE', #1489, #1531, #3727, .T. ) ;
#4169 = DIRECTION ( 'NONE',  ( 0.1391731009600655766, 0.000000000000000000, -0.9902680687415702510 ) ) ;
#4170 = DIRECTION ( 'NONE',  ( 0.1391731009600656044, 0.000000000000000000, -0.9902680687415703620 ) ) ;
#4171 = VERTEX_POINT ( 'NONE', #1664 ) ;
#4172 = FACE_OUTER_BOUND ( 'NONE', #918, .T. ) ;
#4173 = ORIENTED_EDGE ( 'NONE', *, *, #3810, .T. ) ;
#4174 = ORIENTED_EDGE ( 'NONE', *, *, #4949, .F. ) ;
#4175 = VECTOR ( 'NONE', #206, 1000.000000000000000 ) ;
#4176 = PRODUCT ( 'LDS-C512RI', 'LDS-C512RI', '', ( #4644 ) ) ;
#4177 = PLANE ( 'NONE',  #3305 ) ;
#4178 = DIRECTION ( 'NONE',  ( 0.6733125477184714880, 0.000000000000000000, 0.7393579735722480839 ) ) ;
#4179 = DIRECTION ( 'NONE',  ( 0.000000000000000000, 0.8191520442889961284, 0.5735764363510399422 ) ) ;
#4180 = LINE ( 'NONE', #390, #650 ) ;
#4181 = VECTOR ( 'NONE', #3463, 1000.000000000000000 ) ;
#4182 = CARTESIAN_POINT ( 'NONE',  ( -3.673882993561319310, 7.000000000000000000, 5.827146911406196672 ) ) ;
#4183 = PRESENTATION_LAYER_ASSIGNMENT (  '', '', ( #4260 ) ) ;
#4184 = ORIENTED_EDGE ( 'NONE', *, *, #3595, .T. ) ;
#4185 = LINE ( 'NONE', #733, #2710 ) ;
#4186 = EDGE_CURVE ( 'NONE', #4577, #1215, #2089, .T. ) ;
#4187 = ORIENTED_EDGE ( 'NONE', *, *, #2410, .T. ) ;
#4188 = CARTESIAN_POINT ( 'NONE',  ( -2.539999999999945413, 0.9999999999999995559, 7.620000000000018758 ) ) ;
#4189 = LINE ( 'NONE', #2643, #4216 ) ;
#4190 = DIRECTION ( 'NONE',  ( 1.000000000000000000, -0.000000000000000000, -0.000000000000000000 ) ) ;
#4191 = PRODUCT_DEFINITION_CONTEXT ( 'detailed design', #1174, 'design' ) ;
#4192 =( NAMED_UNIT ( * ) PLANE_ANGLE_UNIT ( ) SI_UNIT ( $, .RADIAN. ) );
#4193 = ORIENTED_EDGE ( 'NONE', *, *, #855, .T. ) ;
#4194 = ORIENTED_EDGE ( 'NONE', *, *, #602, .T. ) ;
#4195 = LINE ( 'NONE', #1321, #4211 ) ;
#4196 = PLANE ( 'NONE',  #3436 ) ;
#4197 = ADVANCED_FACE ( 'NONE', ( #460 ), #3147, .T. ) ;
#4198 = CARTESIAN_POINT ( 'NONE',  ( -4.157860651664134544, 7.000000000000000000, 0.1250000000000004996 ) ) ;
#4199 = EDGE_CURVE ( 'NONE', #2948, #4327, #2128, .T. ) ;
#4200 = ORIENTED_EDGE ( 'NONE', *, *, #3840, .T. ) ;
#4201 = VECTOR ( 'NONE', #3943, 1000.000000000000227 ) ;
#4202 = EDGE_LOOP ( 'NONE', ( #1725, #1266, #4731, #4640, #4566 ) ) ;
#4203 = ADVANCED_FACE ( 'NONE', ( #526 ), #1637, .F. ) ;
#4204 = EDGE_LOOP ( 'NONE', ( #3133, #2105, #4664, #399 ) ) ;
#4205 = VECTOR ( 'NONE', #297, 1000.000000000000000 ) ;
#4206 = CARTESIAN_POINT ( 'NONE',  ( -3.346237331257823744, 7.000000000000000000, -5.650000000000000355 ) ) ;
#4207 = FACE_OUTER_BOUND ( 'NONE', #4957, .T. ) ;
#4208 = ORIENTED_EDGE ( 'NONE', *, *, #150, .F. ) ;
#4209 = DIRECTION ( 'NONE',  ( 0.000000000000000000, -0.000000000000000000, -1.000000000000000000 ) ) ;
#4210 = VERTEX_POINT ( 'NONE', #1609 ) ;
#4211 = VECTOR ( 'NONE', #102, 1000.000000000000000 ) ;
#4212 = EDGE_CURVE ( 'NONE', #4712, #892, #2162, .T. ) ;
#4213 = DIRECTION ( 'NONE',  ( 0.6733125477184714880, 0.000000000000000000, 0.7393579735722480839 ) ) ;
#4215 = VERTEX_POINT ( 'NONE', #2364 ) ;
#4214 = CARTESIAN_POINT ( 'NONE',  ( 4.157860651664130103, 8.000000000000000000, -0.1250000000000000000 ) ) ;
#4216 = VECTOR ( 'NONE', #3458, 1000.000000000000000 ) ;
#4217 =( GEOMETRIC_REPRESENTATION_CONTEXT ( 3 ) GLOBAL_UNCERTAINTY_ASSIGNED_CONTEXT ( ( #4314 ) ) GLOBAL_UNIT_ASSIGNED_CONTEXT ( ( #3069, #2687, #369 ) ) REPRESENTATION_CONTEXT ( 'NONE', 'WORKASPACE' ) );
#4218 = DIRECTION ( 'NONE',  ( 1.000000000000000000, -0.000000000000000000, -0.000000000000000000 ) ) ;
#4219 = CARTESIAN_POINT ( 'NONE',  ( 1.712242906716723967, 8.000000000000000000, 5.779999999999999361 ) ) ;
#4220 = ORIENTED_EDGE ( 'NONE', *, *, #691, .F. ) ;
#4221 = DIRECTION ( 'NONE',  ( 0.000000000000000000, -1.000000000000000000, 0.000000000000000000 ) ) ;
#4222 = ORIENTED_EDGE ( 'NONE', *, *, #1737, .T. ) ;
#4223 = PRESENTATION_STYLE_ASSIGNMENT (( #4700 ) ) ;
#4224 = ORIENTED_EDGE ( 'NONE', *, *, #4585, .F. ) ;
#4225 = DIRECTION ( 'NONE',  ( 0.000000000000000000, -0.000000000000000000, 1.000000000000000000 ) ) ;
#4226 = CIRCLE ( 'NONE', #344, 0.2550000000000035016 ) ;
#4227 = CARTESIAN_POINT ( 'NONE',  ( -4.122725442988535605, 8.000000000000000000, -0.1250000000000000000 ) ) ;
#4228 = ORIENTED_EDGE ( 'NONE', *, *, #757, .T. ) ;
#4229 = CARTESIAN_POINT ( 'NONE',  ( -4.464885853984663200, 0.3851141460153323370, -7.500000000000000000 ) ) ;
#4230 = CARTESIAN_POINT ( 'NONE',  ( 4.299999999999998934, 0.5499999999999941602, -7.500000000000000000 ) ) ;
#4231 = ORIENTED_EDGE ( 'NONE', *, *, #462, .T. ) ;
#4232 = FACE_OUTER_BOUND ( 'NONE', #3387, .T. ) ;
#4233 = DIRECTION ( 'NONE',  ( 0.000000000000000000, 0.000000000000000000, -1.000000000000000000 ) ) ;
#4234 = CARTESIAN_POINT ( 'NONE',  ( 1.526729004909567200, -0.3909616617838694852, 7.099999999999999645 ) ) ;
#4235 = UNCERTAINTY_MEASURE_WITH_UNIT (LENGTH_MEASURE( 1.000000000000000082E-05 ), #3503, 'distance_accuracy_value', 'NONE');
#4236 = DIRECTION ( 'NONE',  ( -0.9902680687415703620, 0.000000000000000000, -0.1391731009600656044 ) ) ;
#4237 = VECTOR ( 'NONE', #227, 1000.000000000000114 ) ;
#4238 = DIRECTION ( 'NONE',  ( 0.000000000000000000, 0.000000000000000000, 1.000000000000000000 ) ) ;
#4239 = EDGE_LOOP ( 'NONE', ( #2898, #4540, #4118, #741, #261, #1870 ) ) ;
#4240 = VERTEX_POINT ( 'NONE', #4227 ) ;
#4241 = EDGE_LOOP ( 'NONE', ( #4501, #1510 ) ) ;
#4242 = FACE_OUTER_BOUND ( 'NONE', #928, .T. ) ;
#4243 = CARTESIAN_POINT ( 'NONE',  ( -1.678203140787359438, 8.000000000000000000, -7.100000000000000533 ) ) ;
#4244 = EDGE_CURVE ( 'NONE', #330, #3960, #2206, .T. ) ;
#4245 = AXIS2_PLACEMENT_3D ( 'NONE', #3521, #1344, #1677 ) ;
#4246 = ORIENTED_EDGE ( 'NONE', *, *, #1529, .F. ) ;
#4247 = DIRECTION ( 'NONE',  ( -0.6153210920477697465, 0.000000000000000000, -0.7882765718205382299 ) ) ;
#4248 = MANIFOLD_SOLID_BREP ( 'Boss-Extrude3[1]', #2126 ) ;
#4249 = LINE ( 'NONE', #4562, #908 ) ;
#4250 = DIRECTION ( 'NONE',  ( 0.000000000000000000, 0.000000000000000000, -1.000000000000000000 ) ) ;
#4251 = DIRECTION ( 'NONE',  ( 0.000000000000000000, 1.000000000000000000, 0.000000000000000000 ) ) ;
#4252 = EDGE_CURVE ( 'NONE', #4278, #4898, #3912, .T. ) ;
#4253 = ADVANCED_FACE ( 'NONE', ( #2197 ), #3862, .F. ) ;
#4254 = VERTEX_POINT ( 'NONE', #4424 ) ;
#4255 = EDGE_LOOP ( 'NONE', ( #1628, #4228, #4546, #1420 ) ) ;
#4256 = VECTOR ( 'NONE', #2545, 1000.000000000000000 ) ;
#4257 = CARTESIAN_POINT ( 'NONE',  ( 2.550017939189503480, 8.000000000000000000, -0.6500000000000000222 ) ) ;
#4259 = EDGE_LOOP ( 'NONE', ( #2889, #3578, #4772, #1079 ) ) ;
#4258 = DIRECTION ( 'NONE',  ( -0.1391731009600656044, -0.000000000000000000, 0.9902680687415703620 ) ) ;
#4260 = STYLED_ITEM ( 'NONE', ( #3559 ), #2000 ) ;
#4261 = DIRECTION ( 'NONE',  ( 0.000000000000000000, 1.000000000000000000, 0.000000000000000000 ) ) ;
#4262 = EDGE_CURVE ( 'NONE', #3945, #3707, #3920, .T. ) ;
#4263 = CARTESIAN_POINT ( 'NONE',  ( 3.522408857683526406, 7.000000000000000000, -7.100000000000000533 ) ) ;
#4264 = DIRECTION ( 'NONE',  ( 0.1391731009600656044, 0.000000000000000000, -0.9902680687415703620 ) ) ;
#4265 = ORIENTED_EDGE ( 'NONE', *, *, #56, .F. ) ;
#4266 = LINE ( 'NONE', #852, #4347 ) ;
#4267 = PLANE ( 'NONE',  #664 ) ;
#4268 = DIRECTION ( 'NONE',  ( -0.7071067811865522357, 0.7071067811865426878, 0.000000000000000000 ) ) ;
#4269 = AXIS2_PLACEMENT_3D ( 'NONE', #3246, #4520, #1749 ) ;
#4270 = CARTESIAN_POINT ( 'NONE',  ( 3.673882993561314869, 8.000000000000000000, -7.100000000000000533 ) ) ;
#4271 = ORIENTED_EDGE ( 'NONE', *, *, #263, .T. ) ;
#4272 = VERTEX_POINT ( 'NONE', #2106 ) ;
#4273 = VECTOR ( 'NONE', #2310, 1000.000000000000000 ) ;
#4274 = DIRECTION ( 'NONE',  ( 0.000000000000000000, 0.000000000000000000, -1.000000000000000000 ) ) ;
#4275 = DIRECTION ( 'NONE',  ( 0.6153210920477704127, -0.000000000000000000, 0.7882765718205377858 ) ) ;
#4276 = CARTESIAN_POINT ( 'NONE',  ( -2.775461530176017710, 8.000000000000000000, 0.7073991214881127920 ) ) ;
#4277 = ORIENTED_EDGE ( 'NONE', *, *, #2146, .T. ) ;
#4278 = VERTEX_POINT ( 'NONE', #253 ) ;
#4279 = DIRECTION ( 'NONE',  ( -0.000000000000000000, -1.000000000000000000, -0.000000000000000000 ) ) ;
#4280 = ORIENTED_EDGE ( 'NONE', *, *, #4402, .T. ) ;
#4281 = ORIENTED_EDGE ( 'NONE', *, *, #51, .T. ) ;
#4282 = VECTOR ( 'NONE', #2342, 1000.000000000000114 ) ;
#4283 = DIRECTION ( 'NONE',  ( -1.000000000000000000, -0.000000000000000000, -0.000000000000000000 ) ) ;
#4284 = CARTESIAN_POINT ( 'NONE',  ( -5.079999999999946780, -5.250000000000000000, 7.620000000000037410 ) ) ;
#4285 = ORIENTED_EDGE ( 'NONE', *, *, #101, .F. ) ;
#4286 = CARTESIAN_POINT ( 'NONE',  ( 5.079999999999945004, 0.1225363191866258306, -7.875000000000098588 ) ) ;
#4287 = FACE_OUTER_BOUND ( 'NONE', #553, .T. ) ;
#4288 = CARTESIAN_POINT ( 'NONE',  ( -5.080000000000002736, -5.250000000000000000, -7.875000000000005329 ) ) ;
#4289 = FILL_AREA_STYLE ('',( #2605 ) ) ;
#4290 = VERTEX_POINT ( 'NONE', #1455 ) ;
#4291 = ORIENTED_EDGE ( 'NONE', *, *, #4310, .F. ) ;
#4292 = EDGE_CURVE ( 'NONE', #1292, #2978, #3951, .T. ) ;
#4293 = ORIENTED_EDGE ( 'NONE', *, *, #3163, .T. ) ;
#4294 = LINE ( 'NONE', #1556, #4273 ) ;
#4295 = VECTOR ( 'NONE', #1601, 1000.000000000000000 ) ;
#4296 = AXIS2_PLACEMENT_3D ( 'NONE', #4571, #3259, #3988 ) ;
#4297 = EDGE_CURVE ( 'NONE', #3945, #3447, #3901, .T. ) ;
#4298 = FILL_AREA_STYLE ('',( #4667 ) ) ;
#4299 = PRESENTATION_STYLE_ASSIGNMENT (( #2183 ) ) ;
#4300 = CARTESIAN_POINT ( 'NONE',  ( -2.516588533158897967, 7.000000000000000000, 0.6500000000000000222 ) ) ;
#4301 = ORIENTED_EDGE ( 'NONE', *, *, #1040, .T. ) ;
#4302 = ADVANCED_FACE ( 'NONE', ( #634 ), #982, .F. ) ;
#4303 = CARTESIAN_POINT ( 'NONE',  ( -3.336894955876370528, 7.000000000000000000, 5.780000000000000249 ) ) ;
#4304 = VERTEX_POINT ( 'NONE', #4920 ) ;
#4305 = DIRECTION ( 'NONE',  ( 0.000000000000000000, 0.000000000000000000, -1.000000000000000000 ) ) ;
#4306 = VERTEX_POINT ( 'NONE', #222 ) ;
#4307 = VECTOR ( 'NONE', #1166, 1000.000000000000000 ) ;
#4308 = ORIENTED_EDGE ( 'NONE', *, *, #1606, .F. ) ;
#4309 = CARTESIAN_POINT ( 'NONE',  ( -5.080000000000002736, 1.721248916810457219, -7.620000000000002771 ) ) ;
#4310 = EDGE_CURVE ( 'NONE', #1089, #429, #3839, .T. ) ;
#4311 = CARTESIAN_POINT ( 'NONE',  ( 0.000000000000000000, 8.000000000000000000, 0.000000000000000000 ) ) ;
#4312 = ORIENTED_EDGE ( 'NONE', *, *, #2163, .F. ) ;
#4313 = CARTESIAN_POINT ( 'NONE',  ( 3.357860651664131169, 8.000000000000000000, -0.1249999999999990008 ) ) ;
#4314 = UNCERTAINTY_MEASURE_WITH_UNIT (LENGTH_MEASURE( 1.000000000000000082E-05 ), #3069, 'distance_accuracy_value', 'NONE');
#4315 = ORIENTED_EDGE ( 'NONE', *, *, #4671, .T. ) ;
#4316 = EDGE_LOOP ( 'NONE', ( #4430, #4974 ) ) ;
#4317 = CYLINDRICAL_SURFACE ( 'NONE', #2838, 0.2549999999999592593 ) ;
#4318 = LINE ( 'NONE', #4633, #2651 ) ;
#4319 = CARTESIAN_POINT ( 'NONE',  ( 4.854999999999891180, 0.3851141460153323925, -7.500000000000000000 ) ) ;
#4320 = CARTESIAN_POINT ( 'NONE',  ( 2.367314854076395303, -0.3909616617838694852, 0.6500000000000001332 ) ) ;
#4321 = CARTESIAN_POINT ( 'NONE',  ( -8.673617379884035472E-16, 0.9999999999999995559, -7.620000000000033857 ) ) ;
#4322 = EDGE_LOOP ( 'NONE', ( #4293, #1586, #360, #4850, #489, #1572, #13, #4328, #1697, #4857 ) ) ;
#4323 = CARTESIAN_POINT ( 'NONE',  ( 5.304999999999992610, 0.3851141460153323925, -7.500000000000000000 ) ) ;
#4324 = EDGE_LOOP ( 'NONE', ( #4589, #3287 ) ) ;
#4325 = EDGE_CURVE ( 'NONE', #3056, #3740, #583, .T. ) ;
#4326 = CARTESIAN_POINT ( 'NONE',  ( -6.300000000000000711, 0.000000000000000000, -9.500000000000001776 ) ) ;
#4327 = VERTEX_POINT ( 'NONE', #3654 ) ;
#4328 = ORIENTED_EDGE ( 'NONE', *, *, #3276, .F. ) ;
#4329 = LINE ( 'NONE', #2375, #970 ) ;
#4330 = FACE_OUTER_BOUND ( 'NONE', #4239, .T. ) ;
#4331 = EDGE_CURVE ( 'NONE', #867, #2750, #2253, .T. ) ;
#4332 =( NAMED_UNIT ( * ) PLANE_ANGLE_UNIT ( ) SI_UNIT ( $, .RADIAN. ) );
#4333 = CARTESIAN_POINT ( 'NONE',  ( -4.299999999999998934, 0.5499999999999944933, -7.500000000000000000 ) ) ;
#4334 = COLOUR_RGB ( '',1.000000000000000000, 1.000000000000000000, 1.000000000000000000 ) ;
#4335 = DIRECTION ( 'NONE',  ( -0.6733125477184713770, -0.000000000000000000, -0.7393579735722481949 ) ) ;
#4336 = ORIENTED_EDGE ( 'NONE', *, *, #3710, .T. ) ;
#4337 = ORIENTED_EDGE ( 'NONE', *, *, #3537, .T. ) ;
#4338 = AXIS2_PLACEMENT_3D ( 'NONE', #580, #3639, #4031 ) ;
#4339 = AXIS2_PLACEMENT_3D ( 'NONE', #4881, #3742, #4497 ) ;
#4340 = CARTESIAN_POINT ( 'NONE',  ( -3.305836058205425587, 7.000000000000000000, 0.1250000000000000000 ) ) ;
#4341 = CARTESIAN_POINT ( 'NONE',  ( 5.079999999999945004, 1.721248916810457219, -7.620000000000035634 ) ) ;
#4342 = ORIENTED_EDGE ( 'NONE', *, *, #571, .F. ) ;
#4343 = DIRECTION ( 'NONE',  ( 0.000000000000000000, 0.000000000000000000, -1.000000000000000000 ) ) ;
#4344 = ORIENTED_EDGE ( 'NONE', *, *, #1077, .T. ) ;
#4345 = DIRECTION ( 'NONE',  ( 0.7071067811865435759, 0.000000000000000000, -0.7071067811865515695 ) ) ;
#4346 = VERTEX_POINT ( 'NONE', #3364 ) ;
#4347 = VECTOR ( 'NONE', #4258, 999.9999999999998863 ) ;
#4348 = AXIS2_PLACEMENT_3D ( 'NONE', #3663, #2918, #2116 ) ;
#4349 = DIRECTION ( 'NONE',  ( 0.000000000000000000, 1.000000000000000000, 0.000000000000000000 ) ) ;
#4350 = CARTESIAN_POINT ( 'NONE',  ( 6.300000000000000711, 0.000000000000000000, 9.500000000000000000 ) ) ;
#4351 = EDGE_LOOP ( 'NONE', ( #1150, #1635, #4336, #133 ) ) ;
#4352 = ADVANCED_FACE ( 'NONE', ( #510 ), #2596, .F. ) ;
#4353 = DIRECTION ( 'NONE',  ( 0.000000000000000000, 1.000000000000000000, 0.000000000000000000 ) ) ;
#4354 = ORIENTED_EDGE ( 'NONE', *, *, #4402, .F. ) ;
#4355 = ORIENTED_EDGE ( 'NONE', *, *, #555, .F. ) ;
#4356 = CARTESIAN_POINT ( 'NONE',  ( -2.540000000000000480, 1.721248916810457219, -7.620000000000051621 ) ) ;
#4357 = PLANE ( 'NONE',  #1061 ) ;
#4358 = ORIENTED_EDGE ( 'NONE', *, *, #2976, .T. ) ;
#4359 = CARTESIAN_POINT ( 'NONE',  ( 2.367314854076395303, 7.000000000000000000, 0.6500000000000001332 ) ) ;
#4360 = DIRECTION ( 'NONE',  ( -0.7882765718205382299, 0.000000000000000000, 0.6153210920477697465 ) ) ;
#4361 = ORIENTED_EDGE ( 'NONE', *, *, #3653, .F. ) ;
#4362 = CARTESIAN_POINT ( 'NONE',  ( 5.080000000000054250, 0.9999999999999995559, 7.619999999999964579 ) ) ;
#4363 = EDGE_CURVE ( 'NONE', #1004, #1278, #600, .T. ) ;
#4364 = ORIENTED_EDGE ( 'NONE', *, *, #899, .T. ) ;
#4365 = VERTEX_POINT ( 'NONE', #1392 ) ;
#4366 = DIRECTION ( 'NONE',  ( 0.000000000000000000, -0.000000000000000000, 1.000000000000000000 ) ) ;
#4367 = CARTESIAN_POINT ( 'NONE',  ( -2.576624604172662369, 8.000000000000000000, -0.7073991214881107936 ) ) ;
#4368 = ORIENTED_EDGE ( 'NONE', *, *, #1379, .T. ) ;
#4369 = EDGE_CURVE ( 'NONE', #4845, #2384, #2305, .T. ) ;
#4370 = LINE ( 'NONE', #1225, #923 ) ;
#4371 = PLANE ( 'NONE',  #3807 ) ;
#4372 = PLANE ( 'NONE',  #1187 ) ;
#4373 = AXIS2_PLACEMENT_3D ( 'NONE', #3696, #2563, #2875 ) ;
#4374 = ORIENTED_EDGE ( 'NONE', *, *, #3028, .F. ) ;
#4375 = ORIENTED_EDGE ( 'NONE', *, *, #4081, .F. ) ;
#4376 = EDGE_CURVE ( 'NONE', #917, #1096, #3886, .T. ) ;
#4377 = AXIS2_PLACEMENT_3D ( 'NONE', #3119, #1612, #3052 ) ;
#4378 = CARTESIAN_POINT ( 'NONE',  ( -6.300000000000000711, 1.000000000000000000, 7.500000000000000000 ) ) ;
#4379 = LINE ( 'NONE', #4980, #1031 ) ;
#4380 = MANIFOLD_SOLID_BREP ( 'Boss-Extrude2[4]', #524 ) ;
#4381 = PLANE ( 'NONE',  #3051 ) ;
#4382 = ORIENTED_EDGE ( 'NONE', *, *, #4117, .T. ) ;
#4383 = CARTESIAN_POINT ( 'NONE',  ( -4.299999999999998934, 0.9999999999999995559, -9.500000000000001776 ) ) ;
#4384 = ORIENTED_EDGE ( 'NONE', *, *, #1295, .F. ) ;
#4385 = VECTOR ( 'NONE', #2052, 1000.000000000000000 ) ;
#4386 = EDGE_CURVE ( 'NONE', #1713, #1243, #3823, .T. ) ;
#4387 = ORIENTED_EDGE ( 'NONE', *, *, #2155, .T. ) ;
#4388 = CARTESIAN_POINT ( 'NONE',  ( -4.299999999999998934, 0.5499999999999944933, -9.500000000000001776 ) ) ;
#4389 = LINE ( 'NONE', #4816, #1041 ) ;
#4390 = CARTESIAN_POINT ( 'NONE',  ( -2.539999999999945413, 1.721248916810457219, 7.365000000000081037 ) ) ;
#4391 = ORIENTED_EDGE ( 'NONE', *, *, #1165, .T. ) ;
#4392 = DIRECTION ( 'NONE',  ( 0.000000000000000000, 0.000000000000000000, 1.000000000000000000 ) ) ;
#4393 = ORIENTED_EDGE ( 'NONE', *, *, #4511, .T. ) ;
#4394 = CARTESIAN_POINT ( 'NONE',  ( -8.673617379884035472E-16, -5.250000000000000000, -7.620000000000033857 ) ) ;
#4395 = VERTEX_POINT ( 'NONE', #3728 ) ;
#4396 = CARTESIAN_POINT ( 'NONE',  ( 5.079999999999945004, 1.721248916810457219, -7.620000000000035634 ) ) ;
#4397 = CARTESIAN_POINT ( 'NONE',  ( -1.678203140787359438, 7.000000000000000000, -5.415573082559153484 ) ) ;
#4398 = ORIENTED_EDGE ( 'NONE', *, *, #4757, .F. ) ;
#4399 = AXIS2_PLACEMENT_3D ( 'NONE', #2614, #2192, #1070 ) ;
#4400 = DIRECTION ( 'NONE',  ( 0.000000000000000000, 1.000000000000000000, -0.000000000000000000 ) ) ;
#4401 = ORIENTED_EDGE ( 'NONE', *, *, #4914, .T. ) ;
#4402 = EDGE_CURVE ( 'NONE', #2457, #4346, #3857, .T. ) ;
#4403 = ADVANCED_FACE ( 'NONE', ( #2182 ), #4556, .F. ) ;
#4404 = DIRECTION ( 'NONE',  ( 0.000000000000000000, -1.000000000000000000, 0.000000000000000000 ) ) ;
#4405 = ORIENTED_EDGE ( 'NONE', *, *, #4711, .T. ) ;
#4406 = EDGE_LOOP ( 'NONE', ( #1581, #2570, #4880, #2930, #2680, #4417 ) ) ;
#4407 = DIRECTION ( 'NONE',  ( 0.000000000000000000, 1.000000000000000000, 0.000000000000000000 ) ) ;
#4408 = PLANE ( 'NONE',  #3089 ) ;
#4409 = ORIENTED_EDGE ( 'NONE', *, *, #1126, .T. ) ;
#4410 = LINE ( 'NONE', #999, #1118 ) ;
#4411 = CARTESIAN_POINT ( 'NONE',  ( -5.080000000000002736, 0.9999999999999995559, -7.620000000000002771 ) ) ;
#4412 = PRESENTATION_LAYER_ASSIGNMENT (  '', '', ( #134 ) ) ;
#4413 = ORIENTED_EDGE ( 'NONE', *, *, #721, .T. ) ;
#4414 = ORIENTED_EDGE ( 'NONE', *, *, #4369, .F. ) ;
#4415 = ORIENTED_EDGE ( 'NONE', *, *, #2259, .T. ) ;
#4416 = FILL_AREA_STYLE_COLOUR ( '', #1474 ) ;
#4417 = ORIENTED_EDGE ( 'NONE', *, *, #2181, .T. ) ;
#4418 = LINE ( 'NONE', #3263, #1190 ) ;
#4419 = PLANE ( 'NONE',  #2167 ) ;
#4420 = AXIS2_PLACEMENT_3D ( 'NONE', #3315, #3631, #548 ) ;
#4421 = ORIENTED_EDGE ( 'NONE', *, *, #4262, .T. ) ;
#4422 = CARTESIAN_POINT ( 'NONE',  ( 0.000000000000000000, 0.000000000000000000, 0.000000000000000000 ) ) ;
#4423 = LINE ( 'NONE', #1470, #1048 ) ;
#4424 = CARTESIAN_POINT ( 'NONE',  ( 1.712242906716723967, 7.000000000000000000, 5.779999999999999361 ) ) ;
#4425 = VERTEX_POINT ( 'NONE', #4086 ) ;
#4426 = DIRECTION ( 'NONE',  ( -0.000000000000000000, 1.000000000000000000, -0.000000000000000000 ) ) ;
#4427 = ORIENTED_EDGE ( 'NONE', *, *, #56, .T. ) ;
#4428 = EDGE_CURVE ( 'NONE', #1374, #1292, #486, .T. ) ;
#4429 = FILL_AREA_STYLE ('',( #537 ) ) ;
#4430 = ORIENTED_EDGE ( 'NONE', *, *, #1077, .F. ) ;
#4431 = FACE_OUTER_BOUND ( 'NONE', #3014, .T. ) ;
#4432 = CARTESIAN_POINT ( 'NONE',  ( 3.673882993561314869, 7.000000000000000000, -5.827146911406196672 ) ) ;
#4433 = STYLED_ITEM ( 'NONE', ( #2370 ), #4596 ) ;
#4434 = CARTESIAN_POINT ( 'NONE',  ( 5.304999999999997939, 1.721248916810457219, -7.500000000000000000 ) ) ;
#4435 = CARTESIAN_POINT ( 'NONE',  ( -4.299999999999998934, 1.000000000000000000, 7.500000000000000000 ) ) ;
#4436 = PRESENTATION_LAYER_ASSIGNMENT (  '', '', ( #3489 ) ) ;
#4437 = CARTESIAN_POINT ( 'NONE',  ( -6.300000000000000711, 0.000000000000000000, 9.500000000000000000 ) ) ;
#4438 = VERTEX_POINT ( 'NONE', #3763 ) ;
#4439 = VECTOR ( 'NONE', #216, 1000.000000000000000 ) ;
#4440 = DIRECTION ( 'NONE',  ( -0.000000000000000000, 1.000000000000000000, -0.000000000000000000 ) ) ;
#4441 = FILL_AREA_STYLE ('',( #2921 ) ) ;
#4442 = AXIS2_PLACEMENT_3D ( 'NONE', #4320, #4275, #3191 ) ;
#4443 = CARTESIAN_POINT ( 'NONE',  ( -2.540000000000000480, 1.721248916810457219, -7.365000000000049951 ) ) ;
#4444 = CIRCLE ( 'NONE', #1, 1.272853088593803417 ) ;
#4445 = ORIENTED_EDGE ( 'NONE', *, *, #234, .T. ) ;
#4446 = VERTEX_POINT ( 'NONE', #4952 ) ;
#4447 = ADVANCED_FACE ( 'NONE', ( #3832 ), #880, .T. ) ;
#4448 = CIRCLE ( 'NONE', #3863, 0.2550000000000026135 ) ;
#4449 = EDGE_CURVE ( 'NONE', #2748, #3524, #490, .T. ) ;
#4450 = ORIENTED_EDGE ( 'NONE', *, *, #1665, .F. ) ;
#4451 = DIRECTION ( 'NONE',  ( -0.000000000000000000, 1.000000000000000000, -0.000000000000000000 ) ) ;
#4452 = ORIENTED_EDGE ( 'NONE', *, *, #2330, .T. ) ;
#4453 = CARTESIAN_POINT ( 'NONE',  ( 6.300000000000000711, 8.000000000000000000, 9.500000000000000000 ) ) ;
#4454 = CIRCLE ( 'NONE', #2935, 0.2550000000000035016 ) ;
#4455 = DIRECTION ( 'NONE',  ( 0.000000000000000000, 0.000000000000000000, 1.000000000000000000 ) ) ;
#4456 = PLANE ( 'NONE',  #615 ) ;
#4457 = ORIENTED_EDGE ( 'NONE', *, *, #234, .F. ) ;
#4458 = VERTEX_POINT ( 'NONE', #4785 ) ;
#4459 = DIRECTION ( 'NONE',  ( 0.000000000000000000, 1.000000000000000000, 0.000000000000000000 ) ) ;
#4460 = DIRECTION ( 'NONE',  ( -0.6733125477184713770, -0.000000000000000000, -0.7393579735722481949 ) ) ;
#4461 = EDGE_CURVE ( 'NONE', #3078, #2748, #3985, .T. ) ;
#4462 = LINE ( 'NONE', #2461, #4573 ) ;
#4463 = CARTESIAN_POINT ( 'NONE',  ( 2.775461530176011937, -0.3909616617838694852, -0.7073991214881119038 ) ) ;
#4464 = VERTEX_POINT ( 'NONE', #1929 ) ;
#4465 = ORIENTED_EDGE ( 'NONE', *, *, #1951, .T. ) ;
#4466 = DIRECTION ( 'NONE',  ( -0.000000000000000000, -0.000000000000000000, 1.000000000000000000 ) ) ;
#4467 =( LENGTH_UNIT ( ) NAMED_UNIT ( * ) SI_UNIT ( .MILLI., .METRE. ) );
#4468 = PLANE ( 'NONE',  #3122 ) ;
#4469 = VECTOR ( 'NONE', #3349, 1000.000000000000000 ) ;
#4470 = DIRECTION ( 'NONE',  ( -0.000000000000000000, -1.000000000000000000, -0.000000000000000000 ) ) ;
#4471 = ORIENTED_EDGE ( 'NONE', *, *, #3044, .F. ) ;
#4472 = PLANE ( 'NONE',  #1443 ) ;
#4473 = EDGE_CURVE ( 'NONE', #4567, #4395, #2469, .T. ) ;
#4474 = CARTESIAN_POINT ( 'NONE',  ( -3.673882993561319310, 7.000000000000000000, 7.100000000000000533 ) ) ;
#4475 = PLANE ( 'NONE',  #3849 ) ;
#4476 = SURFACE_STYLE_FILL_AREA ( #3075 ) ;
#4477 = ORIENTED_EDGE ( 'NONE', *, *, #3372, .T. ) ;
#4478 = CARTESIAN_POINT ( 'NONE',  ( 2.550017939189503480, 7.000000000000000000, -0.6500000000000000222 ) ) ;
#4479 = ORIENTED_EDGE ( 'NONE', *, *, #1438, .F. ) ;
#4480 = ADVANCED_FACE ( 'NONE', ( #734 ), #2419, .F. ) ;
#4481 = VECTOR ( 'NONE', #382, 1000.000000000000000 ) ;
#4482 = CARTESIAN_POINT ( 'NONE',  ( -8.673617379884035472E-16, -5.250000000000000000, -7.620000000000033857 ) ) ;
#4483 =( NAMED_UNIT ( * ) SI_UNIT ( $, .STERADIAN. ) SOLID_ANGLE_UNIT ( ) );
#4484 = MANIFOLD_SOLID_BREP ( 'Boss-Extrude2[1]', #3073 ) ;
#4485 = DIRECTION ( 'NONE',  ( 1.000000000000000000, 0.000000000000000000, 1.177063452450326228E-15 ) ) ;
#4486 = ORIENTED_EDGE ( 'NONE', *, *, #4244, .T. ) ;
#4487 = EDGE_LOOP ( 'NONE', ( #2251, #4984, #958, #3420 ) ) ;
#4488 = SURFACE_SIDE_STYLE ('',( #2423 ) ) ;
#4489 = VECTOR ( 'NONE', #2086, 1000.000000000000000 ) ;
#4490 = CARTESIAN_POINT ( 'NONE',  ( 4.299999999999998934, 0.5499999999999944933, 9.500000000000000000 ) ) ;
#4491 = ORIENTED_EDGE ( 'NONE', *, *, #275, .F. ) ;
#4492 = ORIENTED_EDGE ( 'NONE', *, *, #251, .F. ) ;
#4493 = EDGE_LOOP ( 'NONE', ( #3605, #154 ) ) ;
#4494 = FACE_OUTER_BOUND ( 'NONE', #4860, .T. ) ;
#4495 = CARTESIAN_POINT ( 'NONE',  ( 3.673882993561314869, 7.000000000000000000, -5.827146911406196672 ) ) ;
#4496 = DIRECTION ( 'NONE',  ( 1.000000000000000000, -0.000000000000000000, -0.000000000000000000 ) ) ;
#4497 = DIRECTION ( 'NONE',  ( 0.000000000000000000, -0.000000000000000000, 1.000000000000000000 ) ) ;
#4498 = FACE_OUTER_BOUND ( 'NONE', #1393, .T. ) ;
#4499 = CARTESIAN_POINT ( 'NONE',  ( -5.080000000000002736, 0.9999999999999995559, -7.620000000000002771 ) ) ;
#4500 = ORIENTED_EDGE ( 'NONE', *, *, #2840, .T. ) ;
#4501 = ORIENTED_EDGE ( 'NONE', *, *, #3953, .F. ) ;
#4502 = ORIENTED_EDGE ( 'NONE', *, *, #543, .T. ) ;
#4503 = FILL_AREA_STYLE ('',( #552 ) ) ;
#4504 = ADVANCED_FACE ( 'NONE', ( #4094 ), #811, .F. ) ;
#4505 = EDGE_CURVE ( 'NONE', #2550, #3212, #2337, .T. ) ;
#4506 = DIRECTION ( 'NONE',  ( 0.000000000000000000, 1.000000000000000000, 0.000000000000000000 ) ) ;
#4507 = CARTESIAN_POINT ( 'NONE',  ( -1.526729004909564091, 8.000000000000000000, -7.100000000000000533 ) ) ;
#4508 = ADVANCED_FACE ( 'NONE', ( #2405 ), #3940, .T. ) ;
#4509 = AXIS2_PLACEMENT_3D ( 'NONE', #3809, #4251, #1840 ) ;
#4510 = VECTOR ( 'NONE', #1410, 1000.000000000000000 ) ;
#4511 = EDGE_CURVE ( 'NONE', #3933, #1025, #4058, .T. ) ;
#4512 = ORIENTED_EDGE ( 'NONE', *, *, #2319, .T. ) ;
#4513 = CARTESIAN_POINT ( 'NONE',  ( -4.934348763394847737, 7.000000000000000000, 5.650000000000000355 ) ) ;
#4514 = VERTEX_POINT ( 'NONE', #804 ) ;
#4515 = VERTEX_POINT ( 'NONE', #1801 ) ;
#4516 = LINE ( 'NONE', #4507, #4439 ) ;
#4517 = LINE ( 'NONE', #2043, #2825 ) ;
#4518 = CARTESIAN_POINT ( 'NONE',  ( 3.322725442988533562, 7.000000000000000000, 0.1250000000000000278 ) ) ;
#4519 =( GEOMETRIC_REPRESENTATION_CONTEXT ( 3 ) GLOBAL_UNCERTAINTY_ASSIGNED_CONTEXT ( ( #1958 ) ) GLOBAL_UNIT_ASSIGNED_CONTEXT ( ( #921, #1320, #2857 ) ) REPRESENTATION_CONTEXT ( 'NONE', 'WORKASPACE' ) );
#4520 = DIRECTION ( 'NONE',  ( 0.000000000000000000, 1.000000000000000000, 0.000000000000000000 ) ) ;
#4521 = ORIENTED_EDGE ( 'NONE', *, *, #4872, .T. ) ;
#4522 = EDGE_CURVE ( 'NONE', #174, #2686, #4047, .T. ) ;
#4523 = ORIENTED_EDGE ( 'NONE', *, *, #287, .T. ) ;
#4524 = ORIENTED_EDGE ( 'NONE', *, *, #1115, .F. ) ;
#4525 = ADVANCED_FACE ( 'NONE', ( #779 ), #4408, .F. ) ;
#4526 = CARTESIAN_POINT ( 'NONE',  ( -3.270700849529827980, 7.000000000000000000, -0.1249999999999990008 ) ) ;
#4527 = FACE_OUTER_BOUND ( 'NONE', #2601, .T. ) ;
#4528 = AXIS2_PLACEMENT_3D ( 'NONE', #1548, #4353, #866 ) ;
#4529 = CARTESIAN_POINT ( 'NONE',  ( -1.712242906716721080, 8.000000000000000000, -5.780000000000000249 ) ) ;
#4530 = ORIENTED_EDGE ( 'NONE', *, *, #2279, .T. ) ;
#4531 = ORIENTED_EDGE ( 'NONE', *, *, #1537, .F. ) ;
#4532 = ORIENTED_EDGE ( 'NONE', *, *, #4701, .F. ) ;
#4533 = PLANE ( 'NONE',  #2055 ) ;
#4534 = CARTESIAN_POINT ( 'NONE',  ( 5.080000000000054250, 0.9999999999999995559, 7.874999999999903189 ) ) ;
#4535 = DIRECTION ( 'NONE',  ( -1.000000000000000000, -0.000000000000000000, 5.726254633542118453E-16 ) ) ;
#4536 = DIRECTION ( 'NONE',  ( -0.000000000000000000, 1.000000000000000000, 0.000000000000000000 ) ) ;
#4537 = CIRCLE ( 'NONE', #3598, 0.2550000000000633427 ) ;
#4538 = DIRECTION ( 'NONE',  ( 0.000000000000000000, 1.000000000000000000, -0.000000000000000000 ) ) ;
#4539 = ORIENTED_EDGE ( 'NONE', *, *, #1188, .T. ) ;
#4540 = ORIENTED_EDGE ( 'NONE', *, *, #3343, .T. ) ;
#4541 = VECTOR ( 'NONE', #677, 1000.000000000000000 ) ;
#4542 = DIRECTION ( 'NONE',  ( -0.000000000000000000, -1.000000000000000000, -0.000000000000000000 ) ) ;
#4543 = LINE ( 'NONE', #4962, #2834 ) ;
#4544 = ORIENTED_EDGE ( 'NONE', *, *, #636, .F. ) ;
#4545 = DIRECTION ( 'NONE',  ( -0.7071067811865522357, -0.7071067811865426878, 0.000000000000000000 ) ) ;
#4546 = ORIENTED_EDGE ( 'NONE', *, *, #752, .T. ) ;
#4547 = ORIENTED_EDGE ( 'NONE', *, *, #2896, .F. ) ;
#4548 = ADVANCED_FACE ( 'NONE', ( #709 ), #4161, .F. ) ;
#4549 = DIRECTION ( 'NONE',  ( 1.717841266356215627E-16, 0.000000000000000000, 1.000000000000000000 ) ) ;
#4550 = LINE ( 'NONE', #1547, #4541 ) ;
#4551 = EDGE_CURVE ( 'NONE', #4425, #2550, #4088, .T. ) ;
#4552 = AXIS2_PLACEMENT_3D ( 'NONE', #1620, #1313, #1189 ) ;
#4553 = ADVANCED_FACE ( 'NONE', ( #2459 ), #3667, .F. ) ;
#4554 = LINE ( 'NONE', #1570, #1373 ) ;
#4555 = EDGE_CURVE ( 'NONE', #4139, #1202, #4079, .T. ) ;
#4556 = PLANE ( 'NONE',  #2531 ) ;
#4557 = CARTESIAN_POINT ( 'NONE',  ( -3.108525283232020708, 8.000000000000000000, 0.000000000000000000 ) ) ;
#4558 = ORIENTED_EDGE ( 'NONE', *, *, #721, .F. ) ;
#4559 = VERTEX_POINT ( 'NONE', #4841 ) ;
#4560 = ORIENTED_EDGE ( 'NONE', *, *, #484, .T. ) ;
#4561 = CYLINDRICAL_SURFACE ( 'NONE', #2321, 0.2549999999999384426 ) ;
#4562 = CARTESIAN_POINT ( 'NONE',  ( -3.336894955876370528, -0.3909616617838694852, 5.780000000000000249 ) ) ;
#4563 = FACE_OUTER_BOUND ( 'NONE', #4657, .T. ) ;
#4564 = DIRECTION ( 'NONE',  ( 1.000000000000000000, -0.000000000000000000, 0.000000000000000000 ) ) ;
#4565 = CLOSED_SHELL ( 'NONE', ( #3616, #38, #372, #2685 ) ) ;
#4566 = ORIENTED_EDGE ( 'NONE', *, *, #2856, .T. ) ;
#4567 = VERTEX_POINT ( 'NONE', #2492 ) ;
#4568 = ADVANCED_FACE ( 'NONE', ( #684 ), #2190, .T. ) ;
#4569 = LINE ( 'NONE', #2701, #1145 ) ;
#4570 = SURFACE_STYLE_USAGE ( .BOTH. , #4023 ) ;
#4571 = CARTESIAN_POINT ( 'NONE',  ( -3.108525283232020708, 7.000000000000000000, 0.000000000000000000 ) ) ;
#4572 = CARTESIAN_POINT ( 'NONE',  ( -3.336894955876370528, 8.000000000000000000, 5.780000000000000249 ) ) ;
#4573 = VECTOR ( 'NONE', #2006, 1000.000000000000114 ) ;
#4574 = CARTESIAN_POINT ( 'NONE',  ( -3.522408857683527295, 7.000000000000000000, 7.100000000000000533 ) ) ;
#4575 = VERTEX_POINT ( 'NONE', #2575 ) ;
#4576 = ORIENTED_EDGE ( 'NONE', *, *, #1122, .T. ) ;
#4577 = VERTEX_POINT ( 'NONE', #4534 ) ;
#4578 = AXIS2_PLACEMENT_3D ( 'NONE', #3599, #540, #985 ) ;
#4579 = EDGE_CURVE ( 'NONE', #1336, #4290, #4122, .T. ) ;
#4580 = CARTESIAN_POINT ( 'NONE',  ( -2.516588533158897967, 8.000000000000000000, 0.6500000000000000222 ) ) ;
#4581 = ORIENTED_EDGE ( 'NONE', *, *, #2840, .F. ) ;
#4582 = CARTESIAN_POINT ( 'NONE',  ( 3.322725442988533562, 7.000000000000000000, 0.1250000000000000278 ) ) ;
#4583 = ORIENTED_EDGE ( 'NONE', *, *, #2330, .F. ) ;
#4584 = DIRECTION ( 'NONE',  ( 0.9902680687415703620, 0.000000000000000000, 0.1391731009600652158 ) ) ;
#4585 = EDGE_CURVE ( 'NONE', #4346, #3933, #2420, .T. ) ;
#4586 = LINE ( 'NONE', #2933, #3070 ) ;
#4587 = CARTESIAN_POINT ( 'NONE',  ( -4.157860651664134544, 7.000000000000000000, 0.1250000000000004996 ) ) ;
#4588 = CARTESIAN_POINT ( 'NONE',  ( 3.200017939189510940, -0.3909616617838694852, 0.000000000000000000 ) ) ;
#4589 = ORIENTED_EDGE ( 'NONE', *, *, #4757, .T. ) ;
#4590 = ORIENTED_EDGE ( 'NONE', *, *, #128, .T. ) ;
#4591 = ADVANCED_FACE ( 'NONE', ( #744 ), #3632, .T. ) ;
#4592 = DIRECTION ( 'NONE',  ( 0.7071067811865514585, -0.000000000000000000, 0.7071067811865435759 ) ) ;
#4593 = CARTESIAN_POINT ( 'NONE',  ( 3.357860651664131169, 7.000000000000000000, -0.1249999999999990008 ) ) ;
#4594 = EDGE_CURVE ( 'NONE', #180, #3279, #4030, .T. ) ;
#4595 = ADVANCED_FACE ( 'NONE', ( #756 ), #4132, .F. ) ;
#4596 = MANIFOLD_SOLID_BREP ( 'Boss-Extrude3[8]', #619 ) ;
#4597 =( LENGTH_UNIT ( ) NAMED_UNIT ( * ) SI_UNIT ( .MILLI., .METRE. ) );
#4598 = EDGE_LOOP ( 'NONE', ( #4833, #1394, #420, #4174, #2438 ) ) ;
#4599 = ORIENTED_EDGE ( 'NONE', *, *, #51, .F. ) ;
#4600 =( LENGTH_UNIT ( ) NAMED_UNIT ( * ) SI_UNIT ( .MILLI., .METRE. ) );
#4601 = CARTESIAN_POINT ( 'NONE',  ( 4.122725442988532052, -0.3909616617838694852, 0.1250000000000000000 ) ) ;
#4602 = CARTESIAN_POINT ( 'NONE',  ( -4.850000000000001421, 0.000000000000000000, -9.500000000000001776 ) ) ;
#4603 = PLANE ( 'NONE',  #3290 ) ;
#4604 = DIRECTION ( 'NONE',  ( 0.000000000000000000, 0.000000000000000000, 1.000000000000000000 ) ) ;
#4605 = ORIENTED_EDGE ( 'NONE', *, *, #3982, .F. ) ;
#4606 = ORIENTED_EDGE ( 'NONE', *, *, #3642, .F. ) ;
#4607 = ADVANCED_FACE ( 'NONE', ( #4142 ), #4163, .T. ) ;
#4608 =( NAMED_UNIT ( * ) SI_UNIT ( $, .STERADIAN. ) SOLID_ANGLE_UNIT ( ) );
#4609 = DIRECTION ( 'NONE',  ( 0.9902680687415703620, -0.000000000000000000, 0.1391731009600656044 ) ) ;
#4610 = DIRECTION ( 'NONE',  ( 0.000000000000000000, 0.000000000000000000, 1.000000000000000000 ) ) ;
#4611 = EDGE_CURVE ( 'NONE', #4278, #4240, #830, .T. ) ;
#4612 = ORIENTED_EDGE ( 'NONE', *, *, #1388, .T. ) ;
#4613 = CARTESIAN_POINT ( 'NONE',  ( -8.673617379884035472E-16, 1.721248916810457219, 7.365000000000033076 ) ) ;
#4614 = AXIS2_PLACEMENT_3D ( 'NONE', #21, #1989, #1241 ) ;
#4615 = EDGE_LOOP ( 'NONE', ( #778, #4966, #1425, #3733 ) ) ;
#4616 = ORIENTED_EDGE ( 'NONE', *, *, #3025, .F. ) ;
#4617 = DIRECTION ( 'NONE',  ( -0.1391731009600656044, 0.000000000000000000, 0.9902680687415703620 ) ) ;
#4618 = EDGE_CURVE ( 'NONE', #4852, #824, #875, .T. ) ;
#4619 = MECHANICAL_DESIGN_GEOMETRIC_PRESENTATION_REPRESENTATION (  '', ( #2010 ), #3786 ) ;
#4620 = DIRECTION ( 'NONE',  ( -0.000000000000000000, -0.000000000000000000, 1.000000000000000000 ) ) ;
#4621 = ORIENTED_EDGE ( 'NONE', *, *, #4968, .F. ) ;
#4622 = ORIENTED_EDGE ( 'NONE', *, *, #4363, .F. ) ;
#4623 = VERTEX_POINT ( 'NONE', #4096 ) ;
#4624 = EDGE_CURVE ( 'NONE', #4774, #4272, #864, .T. ) ;
#4625 = DIRECTION ( 'NONE',  ( -0.7071067811865522357, 0.7071067811865426878, 0.000000000000000000 ) ) ;
#4626 = MECHANICAL_DESIGN_GEOMETRIC_PRESENTATION_REPRESENTATION (  '', ( #783 ), #2552 ) ;
#4627 = DIRECTION ( 'NONE',  ( -0.7071067811865427988, 0.7071067811865523467, 0.000000000000000000 ) ) ;
#4628 = EDGE_LOOP ( 'NONE', ( #4374, #4280, #2569, #4683 ) ) ;
#4629 = ORIENTED_EDGE ( 'NONE', *, *, #3478, .F. ) ;
#4630 = EDGE_LOOP ( 'NONE', ( #3582, #2852, #2783, #3976 ) ) ;
#4631 = ADVANCED_FACE ( 'NONE', ( #2604 ), #663, .F. ) ;
#4632 = CARTESIAN_POINT ( 'NONE',  ( -6.300000000000000711, 0.3851141460153323925, -7.500000000000000000 ) ) ;
#4633 = CARTESIAN_POINT ( 'NONE',  ( 2.367314854076395303, -0.3909616617838694852, 0.6500000000000001332 ) ) ;
#4634 = ADVANCED_FACE ( 'NONE', ( #4330 ), #3434, .F. ) ;
#4635 = DIRECTION ( 'NONE',  ( 0.000000000000000000, 1.000000000000000000, 0.000000000000000000 ) ) ;
#4636 = CARTESIAN_POINT ( 'NONE',  ( -6.300000000000000711, -1.734723475976807094E-15, -8.050000000000000711 ) ) ;
#4637 = AXIS2_PLACEMENT_3D ( 'NONE', #4750, #1996, #3838 ) ;
#4638 = EDGE_LOOP ( 'NONE', ( #4285, #977, #4224, #4354 ) ) ;
#4639 = EDGE_CURVE ( 'NONE', #4365, #3697, #2661, .T. ) ;
#4640 = ORIENTED_EDGE ( 'NONE', *, *, #2163, .T. ) ;
#4641 = ORIENTED_EDGE ( 'NONE', *, *, #204, .F. ) ;
#4642 = DIRECTION ( 'NONE',  ( 0.000000000000000000, 0.000000000000000000, -1.000000000000000000 ) ) ;
#4643 = DIRECTION ( 'NONE',  ( -0.000000000000000000, 1.000000000000000000, -0.000000000000000000 ) ) ;
#4644 = PRODUCT_CONTEXT ( 'NONE', #4970, 'mechanical' ) ;
#4645 = DIRECTION ( 'NONE',  ( 0.000000000000000000, 1.000000000000000000, -0.000000000000000000 ) ) ;
#4646 = CARTESIAN_POINT ( 'NONE',  ( 5.305000000000003268, 0.3851141460153326146, 7.500000000000000000 ) ) ;
#4647 = AXIS2_PLACEMENT_3D ( 'NONE', #3891, #3183, #4225 ) ;
#4648 = ORIENTED_EDGE ( 'NONE', *, *, #1264, .T. ) ;
#4649 = ORIENTED_EDGE ( 'NONE', *, *, #1525, .F. ) ;
#4650 = DIRECTION ( 'NONE',  ( 0.000000000000000000, -0.000000000000000000, 1.000000000000000000 ) ) ;
#4651 = DIRECTION ( 'NONE',  ( 0.7071067811865514585, -0.000000000000000000, 0.7071067811865435759 ) ) ;
#4652 = CARTESIAN_POINT ( 'NONE',  ( -5.406428863092828330, 0.2519492937722708215, -7.690179118299039551 ) ) ;
#4653 = DIRECTION ( 'NONE',  ( 0.000000000000000000, 0.8191520442889962395, -0.5735764363510397201 ) ) ;
#4654 = ORIENTED_EDGE ( 'NONE', *, *, #2271, .T. ) ;
#4655 = VERTEX_POINT ( 'NONE', #452 ) ;
#4656 = AXIS2_PLACEMENT_3D ( 'NONE', #1054, #2180, #2995 ) ;
#4657 = EDGE_LOOP ( 'NONE', ( #4621, #4976, #2971, #1323 ) ) ;
#4658 = DIRECTION ( 'NONE',  ( -0.7882765718205382299, 0.000000000000000000, 0.6153210920477697465 ) ) ;
#4659 = CARTESIAN_POINT ( 'NONE',  ( -3.522408857683527295, 8.000000000000000000, 7.100000000000000533 ) ) ;
#4660 = DIRECTION ( 'NONE',  ( 0.000000000000000000, 1.000000000000000000, 0.000000000000000000 ) ) ;
#4661 = CIRCLE ( 'NONE', #1568, 0.6500000000000003553 ) ;
#4662 = DIRECTION ( 'NONE',  ( 0.000000000000000000, 0.000000000000000000, -1.000000000000000000 ) ) ;
#4663 = ORIENTED_EDGE ( 'NONE', *, *, #4968, .T. ) ;
#4664 = ORIENTED_EDGE ( 'NONE', *, *, #1525, .T. ) ;
#4665 = ORIENTED_EDGE ( 'NONE', *, *, #4325, .T. ) ;
#4666 = EDGE_CURVE ( 'NONE', #2978, #1008, #1028, .T. ) ;
#4667 = FILL_AREA_STYLE_COLOUR ( '', #2518 ) ;
#4668 = AXIS2_PLACEMENT_3D ( 'NONE', #528, #926, #2899 ) ;
#4669 = DIRECTION ( 'NONE',  ( 0.000000000000000000, 0.000000000000000000, 1.000000000000000000 ) ) ;
#4670 = CARTESIAN_POINT ( 'NONE',  ( 3.336894955876370084, 7.000000000000000000, -5.780000000000001137 ) ) ;
#4671 = EDGE_CURVE ( 'NONE', #2732, #3927, #4266, .T. ) ;
#4672 = AXIS2_PLACEMENT_3D ( 'NONE', #4396, #388, #4274 ) ;
#4673 = ORIENTED_EDGE ( 'NONE', *, *, #965, .F. ) ;
#4674 = ORIENTED_EDGE ( 'NONE', *, *, #4511, .F. ) ;
#4675 = DIRECTION ( 'NONE',  ( 0.1391731009600654656, 0.000000000000000000, -0.9902680687415703620 ) ) ;
#4676 =( NAMED_UNIT ( * ) SI_UNIT ( $, .STERADIAN. ) SOLID_ANGLE_UNIT ( ) );
#4677 = AXIS2_PLACEMENT_3D ( 'NONE', #4744, #2403, #833 ) ;
#4678 = ADVANCED_FACE ( 'NONE', ( #2697 ), #1906, .F. ) ;
#4679 = DIRECTION ( 'NONE',  ( 0.000000000000000000, 0.000000000000000000, -1.000000000000000000 ) ) ;
#4680 = VERTEX_POINT ( 'NONE', #3494 ) ;
#4681 = CARTESIAN_POINT ( 'NONE',  ( 4.599999999999999645, -0.3909616617838694852, 5.799999999999999822 ) ) ;
#4682 = ORIENTED_EDGE ( 'NONE', *, *, #3267, .F. ) ;
#4683 = ORIENTED_EDGE ( 'NONE', *, *, #4903, .F. ) ;
#4684 = CARTESIAN_POINT ( 'NONE',  ( 2.576624604172656596, 8.000000000000000000, 0.7073991214881125700 ) ) ;
#4685 = PLANE ( 'NONE',  #3675 ) ;
#4686 = DIRECTION ( 'NONE',  ( 0.000000000000000000, 0.000000000000000000, 1.000000000000000000 ) ) ;
#4687 = SURFACE_STYLE_FILL_AREA ( #1947 ) ;
#4688 = EDGE_LOOP ( 'NONE', ( #4835, #877, #4308, #4799 ) ) ;
#4689 = CARTESIAN_POINT ( 'NONE',  ( 3.336894955876370084, -0.3909616617838694852, -5.780000000000001137 ) ) ;
#4690 = ORIENTED_EDGE ( 'NONE', *, *, #2549, .T. ) ;
#4691 = ORIENTED_EDGE ( 'NONE', *, *, #1625, .T. ) ;
#4692 = AXIS2_PLACEMENT_3D ( 'NONE', #362, #326, #4695 ) ;
#4693 = CARTESIAN_POINT ( 'NONE',  ( 2.576624604172656596, 7.000000000000000000, 0.7073991214881125700 ) ) ;
#4694 = CARTESIAN_POINT ( 'NONE',  ( -3.108525283232020708, 7.000000000000000000, 0.000000000000000000 ) ) ;
#4695 = DIRECTION ( 'NONE',  ( 0.000000000000000000, -0.000000000000000000, 1.000000000000000000 ) ) ;
#4696 = ORIENTED_EDGE ( 'NONE', *, *, #2525, .T. ) ;
#4697 = EDGE_LOOP ( 'NONE', ( #2963, #3469, #2655, #1251 ) ) ;
#4698 = ORIENTED_EDGE ( 'NONE', *, *, #800, .T. ) ;
#4699 = DIRECTION ( 'NONE',  ( 0.000000000000000000, 0.000000000000000000, 1.000000000000000000 ) ) ;
#4700 = SURFACE_STYLE_USAGE ( .BOTH. , #1535 ) ;
#4701 = EDGE_CURVE ( 'NONE', #1604, #3024, #971, .T. ) ;
#4702 = DIRECTION ( 'NONE',  ( 1.000000000000000000, 0.000000000000000000, -1.717841266356215627E-16 ) ) ;
#4703 = CARTESIAN_POINT ( 'NONE',  ( 1.678203140787354553, 8.000000000000000000, 5.415573082559152596 ) ) ;
#4704 = MANIFOLD_SOLID_BREP ( 'Boss-Extrude2[7]', #3540 ) ;
#4705 = ORIENTED_EDGE ( 'NONE', *, *, #3513, .F. ) ;
#4706 = ORIENTED_EDGE ( 'NONE', *, *, #3267, .T. ) ;
#4707 = ORIENTED_EDGE ( 'NONE', *, *, #4522, .F. ) ;
#4708 = CARTESIAN_POINT ( 'NONE',  ( 4.599999999999999645, 8.000000000000000000, 7.100000000000000533 ) ) ;
#4709 = SURFACE_SIDE_STYLE ('',( #2066 ) ) ;
#4710 = CARTESIAN_POINT ( 'NONE',  ( -3.336894955876370528, 7.000000000000000000, 5.780000000000000249 ) ) ;
#4711 = EDGE_CURVE ( 'NONE', #1071, #1114, #988, .T. ) ;
#4712 = VERTEX_POINT ( 'NONE', #1873 ) ;
#4713 = DIRECTION ( 'NONE',  ( 0.000000000000000000, 0.000000000000000000, -1.000000000000000000 ) ) ;
#4714 = EDGE_LOOP ( 'NONE', ( #966, #4271, #2609, #3149 ) ) ;
#4715 = ORIENTED_EDGE ( 'NONE', *, *, #609, .F. ) ;
#4716 = DIRECTION ( 'NONE',  ( 0.000000000000000000, 1.000000000000000000, -0.000000000000000000 ) ) ;
#4717 = CARTESIAN_POINT ( 'NONE',  ( -4.299999999999998934, 0.9999999999999995559, -9.500000000000001776 ) ) ;
#4718 = CARTESIAN_POINT ( 'NONE',  ( 1.526729004909567200, 8.000000000000000000, 7.099999999999999645 ) ) ;
#4719 = ADVANCED_FACE ( 'NONE', ( #920 ), #41, .F. ) ;
#4720 = AXIS2_PLACEMENT_3D ( 'NONE', #308, #4610, #1143 ) ;
#4721 = LINE ( 'NONE', #4582, #1356 ) ;
#4722 = ORIENTED_EDGE ( 'NONE', *, *, #1877, .F. ) ;
#4723 = DIRECTION ( 'NONE',  ( 0.000000000000000000, 1.000000000000000000, -0.000000000000000000 ) ) ;
#4724 = ORIENTED_EDGE ( 'NONE', *, *, #2656, .F. ) ;
#4725 = ORIENTED_EDGE ( 'NONE', *, *, #1099, .T. ) ;
#4726 = CARTESIAN_POINT ( 'NONE',  ( 4.299999999999998934, 0.9999999999999995559, -9.500000000000001776 ) ) ;
#4727 = CARTESIAN_POINT ( 'NONE',  ( -3.305836058205425587, -0.3909616617838694852, 0.1250000000000000000 ) ) ;
#4728 = CARTESIAN_POINT ( 'NONE',  ( -5.080000000000002736, -5.250000000000000000, -7.620000000000002771 ) ) ;
#4729 = EDGE_CURVE ( 'NONE', #4215, #4458, #1000, .T. ) ;
#4730 = FACE_OUTER_BOUND ( 'NONE', #2035, .T. ) ;
#4731 = ORIENTED_EDGE ( 'NONE', *, *, #1779, .T. ) ;
#4732 = CARTESIAN_POINT ( 'NONE',  ( -5.079999999999946780, -5.250000000000000000, 7.620000000000037410 ) ) ;
#4733 = CARTESIAN_POINT ( 'NONE',  ( 6.300000000000000711, -1.734723475976807094E-15, 8.050000000000000711 ) ) ;
#4734 = AXIS2_PLACEMENT_3D ( 'NONE', #4499, #3011, #3711 ) ;
#4735 = CARTESIAN_POINT ( 'NONE',  ( 3.322725442988533562, -0.3909616617838694852, 0.1250000000000000278 ) ) ;
#4736 =( LENGTH_UNIT ( ) NAMED_UNIT ( * ) SI_UNIT ( .MILLI., .METRE. ) );
#4737 = FACE_OUTER_BOUND ( 'NONE', #4259, .T. ) ;
#4738 = EDGE_LOOP ( 'NONE', ( #2949, #1619, #1708, #1242 ) ) ;
#4739 = VERTEX_POINT ( 'NONE', #2287 ) ;
#4740 = CLOSED_SHELL ( 'NONE', ( #1113, #3689, #3398, #2974 ) ) ;
#4741 = DIRECTION ( 'NONE',  ( 0.000000000000000000, -1.000000000000000000, 0.000000000000000000 ) ) ;
#4742 = DIRECTION ( 'NONE',  ( 0.000000000000000000, -1.000000000000000000, 0.000000000000000000 ) ) ;
#4743 = LINE ( 'NONE', #3973, #3139 ) ;
#4744 = CARTESIAN_POINT ( 'NONE',  ( 4.599999999999999645, 8.000000000000000000, 6.450000000000000178 ) ) ;
#4745 = ORIENTED_EDGE ( 'NONE', *, *, #2638, .T. ) ;
#4746 = CARTESIAN_POINT ( 'NONE',  ( -3.673882993561319310, 7.000000000000000000, 7.100000000000000533 ) ) ;
#4747 = ORIENTED_EDGE ( 'NONE', *, *, #2811, .T. ) ;
#4748 = DIRECTION ( 'NONE',  ( 0.000000000000000000, 1.000000000000000000, 0.000000000000000000 ) ) ;
#4749 = DIRECTION ( 'NONE',  ( 0.7882765718205376748, 0.000000000000000000, -0.6153210920477703016 ) ) ;
#4750 = CARTESIAN_POINT ( 'NONE',  ( -6.300000000000000711, 0.3851141460153325591, 7.500000000000000000 ) ) ;
#4751 = EDGE_CURVE ( 'NONE', #2581, #1495, #936, .T. ) ;
#4752 = CARTESIAN_POINT ( 'NONE',  ( -2.540000000000000480, -5.250000000000000000, -7.875000000000052403 ) ) ;
#4753 = AXIS2_PLACEMENT_3D ( 'NONE', #646, #3972, #1086 ) ;
#4754 = VECTOR ( 'NONE', #1911, 1000.000000000000000 ) ;
#4755 = DIRECTION ( 'NONE',  ( -0.000000000000000000, 1.000000000000000000, 0.000000000000000000 ) ) ;
#4756 = VERTEX_POINT ( 'NONE', #4214 ) ;
#4757 = EDGE_CURVE ( 'NONE', #1376, #2376, #2672, .T. ) ;
#4758 = SURFACE_STYLE_USAGE ( .BOTH. , #762 ) ;
#4759 = VERTEX_POINT ( 'NONE', #3917 ) ;
#4760 = ORIENTED_EDGE ( 'NONE', *, *, #3779, .T. ) ;
#4761 = PLANE ( 'NONE',  #1076 ) ;
#4762 = CARTESIAN_POINT ( 'NONE',  ( -4.122725442988535605, -0.3909616617838694852, -0.1250000000000000000 ) ) ;
#4763 = DIRECTION ( 'NONE',  ( 0.000000000000000000, -0.000000000000000000, -1.000000000000000000 ) ) ;
#4764 = ADVANCED_FACE ( 'NONE', ( #950 ), #981, .T. ) ;
#4765 = VERTEX_POINT ( 'NONE', #4733 ) ;
#4766 = ORIENTED_EDGE ( 'NONE', *, *, #3025, .T. ) ;
#4767 = EDGE_CURVE ( 'NONE', #1168, #4567, #854, .T. ) ;
#4768 = DIRECTION ( 'NONE',  ( -0.000000000000000000, 1.000000000000000000, -0.000000000000000000 ) ) ;
#4769 = CARTESIAN_POINT ( 'NONE',  ( -2.775461530176017710, 7.000000000000000000, 0.7073991214881127920 ) ) ;
#4770 = SURFACE_STYLE_USAGE ( .BOTH. , #3887 ) ;
#4771 = FACE_OUTER_BOUND ( 'NONE', #1183, .T. ) ;
#4772 = ORIENTED_EDGE ( 'NONE', *, *, #3429, .T. ) ;
#4773 = AXIS2_PLACEMENT_3D ( 'NONE', #2188, #1029, #1404 ) ;
#4774 = VERTEX_POINT ( 'NONE', #699 ) ;
#4775 = DIRECTION ( 'NONE',  ( 1.000000000000000000, -0.000000000000000000, -0.000000000000000000 ) ) ;
#4776 = CARTESIAN_POINT ( 'NONE',  ( 4.934348763394843296, 7.000000000000000000, -5.650000000000000355 ) ) ;
#4777 = DIRECTION ( 'NONE',  ( 0.000000000000000000, -1.000000000000000000, 0.000000000000000000 ) ) ;
#4778 = VECTOR ( 'NONE', #4111, 1000.000000000000000 ) ;
#4779 = VERTEX_POINT ( 'NONE', #3464 ) ;
#4780 = ORIENTED_EDGE ( 'NONE', *, *, #2266, .F. ) ;
#4781 = CARTESIAN_POINT ( 'NONE',  ( 1.678203140787354775, 7.000000000000000000, 7.100000000000000533 ) ) ;
#4782 = CARTESIAN_POINT ( 'NONE',  ( -4.934348763394847737, -0.3909616617838694852, 5.650000000000000355 ) ) ;
#4783 = LINE ( 'NONE', #4513, #3111 ) ;
#4784 = DIRECTION ( 'NONE',  ( 0.7071067811865522357, -0.7071067811865426878, 0.000000000000000000 ) ) ;
#4785 = CARTESIAN_POINT ( 'NONE',  ( 4.855000000000105231, 1.000000000000000000, 7.500000000000000000 ) ) ;
#4786 = ORIENTED_EDGE ( 'NONE', *, *, #1910, .T. ) ;
#4787 = EDGE_LOOP ( 'NONE', ( #4747, #872, #1312, #3048 ) ) ;
#4788 = EDGE_CURVE ( 'NONE', #1667, #3726, #2542, .T. ) ;
#4789 = CARTESIAN_POINT ( 'NONE',  ( -8.361332446101460726E-16, -5.250000000000000000, 7.875000000000034639 ) ) ;
#4790 = EDGE_CURVE ( 'NONE', #847, #3676, #4318, .T. ) ;
#4791 = FACE_OUTER_BOUND ( 'NONE', #853, .T. ) ;
#4792 = ORIENTED_EDGE ( 'NONE', *, *, #2307, .F. ) ;
#4793 = ORIENTED_EDGE ( 'NONE', *, *, #1024, .T. ) ;
#4794 = PLANE ( 'NONE',  #4668 ) ;
#4795 = CARTESIAN_POINT ( 'NONE',  ( -3.522408857683527295, 7.000000000000000000, 7.100000000000000533 ) ) ;
#4796 = DIRECTION ( 'NONE',  ( 0.000000000000000000, 0.000000000000000000, 1.000000000000000000 ) ) ;
#4797 = EDGE_CURVE ( 'NONE', #3818, #1448, #4185, .T. ) ;
#4798 = ORIENTED_EDGE ( 'NONE', *, *, #2743, .F. ) ;
#4799 = ORIENTED_EDGE ( 'NONE', *, *, #2693, .T. ) ;
#4800 = DIRECTION ( 'NONE',  ( 0.000000000000000000, 0.000000000000000000, 1.000000000000000000 ) ) ;
#4801 = DIRECTION ( 'NONE',  ( 1.000000000000000000, -0.000000000000000000, 0.000000000000000000 ) ) ;
#4802 = DIRECTION ( 'NONE',  ( 0.000000000000000000, 1.000000000000000000, 0.000000000000000000 ) ) ;
#4803 = DIRECTION ( 'NONE',  ( -0.000000000000000000, -1.000000000000000000, -0.000000000000000000 ) ) ;
#4804 = ORIENTED_EDGE ( 'NONE', *, *, #1590, .T. ) ;
#4805 = ORIENTED_EDGE ( 'NONE', *, *, #1790, .F. ) ;
#4806 = DIRECTION ( 'NONE',  ( -0.000000000000000000, 1.000000000000000000, -0.000000000000000000 ) ) ;
#4807 = AXIS2_PLACEMENT_3D ( 'NONE', #416, #1235, #3784 ) ;
#4808 = CARTESIAN_POINT ( 'NONE',  ( 2.576624604172656596, 7.000000000000000000, 0.7073991214881125700 ) ) ;
#4809 = EDGE_CURVE ( 'NONE', #387, #3187, #2633, .T. ) ;
#4810 = CARTESIAN_POINT ( 'NONE',  ( -4.157860651664134544, 7.000000000000000000, 0.1250000000000004996 ) ) ;
#4811 = FACE_OUTER_BOUND ( 'NONE', #4697, .T. ) ;
#4812 = CARTESIAN_POINT ( 'NONE',  ( -4.299999999999998934, 0.9999999999999995559, -9.500000000000001776 ) ) ;
#4813 = ORIENTED_EDGE ( 'NONE', *, *, #2357, .T. ) ;
#4814 = ORIENTED_EDGE ( 'NONE', *, *, #3802, .F. ) ;
#4815 = CARTESIAN_POINT ( 'NONE',  ( -6.300000000000000711, 0.3851141460153325591, 7.500000000000000000 ) ) ;
#4816 = CARTESIAN_POINT ( 'NONE',  ( -6.300000000000000711, 0.3851141460153323925, -7.500000000000000000 ) ) ;
#4817 =( GEOMETRIC_REPRESENTATION_CONTEXT ( 3 ) GLOBAL_UNCERTAINTY_ASSIGNED_CONTEXT ( ( #2493 ) ) GLOBAL_UNIT_ASSIGNED_CONTEXT ( ( #2440, #3618, #978 ) ) REPRESENTATION_CONTEXT ( 'NONE', 'WORKASPACE' ) );
#4818 = DIRECTION ( 'NONE',  ( -0.000000000000000000, 1.000000000000000000, 0.000000000000000000 ) ) ;
#4819 = ORIENTED_EDGE ( 'NONE', *, *, #4331, .F. ) ;
#4820 = CYLINDRICAL_SURFACE ( 'NONE', #4115, 0.2549999999999592593 ) ;
#4821 = EDGE_LOOP ( 'NONE', ( #1301, #4616, #4114, #887 ) ) ;
#4822 = DIRECTION ( 'NONE',  ( 1.000000000000000000, 0.000000000000000000, -1.717841266356216367E-16 ) ) ;
#4823 = STYLED_ITEM ( 'NONE', ( #371 ), #808 ) ;
#4824 = CARTESIAN_POINT ( 'NONE',  ( -1.712242906716721080, 7.000000000000000000, -5.780000000000000249 ) ) ;
#4825 = LINE ( 'NONE', #1722, #3194 ) ;
#4826 = ORIENTED_EDGE ( 'NONE', *, *, #1476, .F. ) ;
#4827 = FACE_OUTER_BOUND ( 'NONE', #1765, .T. ) ;
#4828 = EDGE_LOOP ( 'NONE', ( #2619, #658, #1482, #4421 ) ) ;
#4829 = FILL_AREA_STYLE ('',( #1091 ) ) ;
#4830 = CARTESIAN_POINT ( 'NONE',  ( -4.855000000000000426, 0.3851141460153323925, -7.500000000000000000 ) ) ;
#4831 = ADVANCED_FACE ( 'NONE', ( #1009 ), #1287, .T. ) ;
#4832 = DIRECTION ( 'NONE',  ( 0.000000000000000000, -0.000000000000000000, 1.000000000000000000 ) ) ;
#4833 = ORIENTED_EDGE ( 'NONE', *, *, #1160, .F. ) ;
#4834 = PRESENTATION_STYLE_ASSIGNMENT (( #1015 ) ) ;
#4835 = ORIENTED_EDGE ( 'NONE', *, *, #4923, .T. ) ;
#4836 = SURFACE_STYLE_USAGE ( .BOTH. , #4488 ) ;
#4837 = AXIS2_PLACEMENT_3D ( 'NONE', #1560, #4723, #2849 ) ;
#4838 = CYLINDRICAL_SURFACE ( 'NONE', #4377, 0.2549999999999384426 ) ;
#4839 = EDGE_CURVE ( 'NONE', #4779, #4210, #4195, .T. ) ;
#4840 = CARTESIAN_POINT ( 'NONE',  ( 3.322725442988533562, 7.000000000000000000, 0.1250000000000000278 ) ) ;
#4841 = CARTESIAN_POINT ( 'NONE',  ( 3.200017939189510940, 8.000000000000000000, 0.000000000000000000 ) ) ;
#4842 = VERTEX_POINT ( 'NONE', #1658 ) ;
#4843 = ORIENTED_EDGE ( 'NONE', *, *, #636, .T. ) ;
#4844 = AXIS2_PLACEMENT_3D ( 'NONE', #1576, #3619, #1687 ) ;
#4845 = VERTEX_POINT ( 'NONE', #2388 ) ;
#4846 = CARTESIAN_POINT ( 'NONE',  ( -4.299999999999998934, 0.9999999999999995559, -9.500000000000001776 ) ) ;
#4847 = CARTESIAN_POINT ( 'NONE',  ( 4.599999999999999645, 7.000000000000000000, 6.450000000000000178 ) ) ;
#4848 =( GEOMETRIC_REPRESENTATION_CONTEXT ( 3 ) GLOBAL_UNCERTAINTY_ASSIGNED_CONTEXT ( ( #1451 ) ) GLOBAL_UNIT_ASSIGNED_CONTEXT ( ( #4736, #82, #1293 ) ) REPRESENTATION_CONTEXT ( 'NONE', 'WORKASPACE' ) );
#4849 = LINE ( 'NONE', #1769, #3271 ) ;
#4850 = ORIENTED_EDGE ( 'NONE', *, *, #2586, .F. ) ;
#4851 = ORIENTED_EDGE ( 'NONE', *, *, #2085, .T. ) ;
#4852 = VERTEX_POINT ( 'NONE', #2433 ) ;
#4853 = EDGE_CURVE ( 'NONE', #907, #1456, #959, .T. ) ;
#4854 = CARTESIAN_POINT ( 'NONE',  ( -3.522408857683527295, 7.000000000000000000, 7.100000000000000533 ) ) ;
#4855 = ADVANCED_FACE ( 'NONE', ( #1037 ), #585, .F. ) ;
#4856 = CIRCLE ( 'NONE', #1830, 0.2550000000000008926 ) ;
#4857 = ORIENTED_EDGE ( 'NONE', *, *, #3423, .T. ) ;
#4858 = LINE ( 'NONE', #1882, #3205 ) ;
#4859 = EDGE_LOOP ( 'NONE', ( #3574, #176, #4547, #4017 ) ) ;
#4860 = EDGE_LOOP ( 'NONE', ( #3461, #2755 ) ) ;
#4861 = ADVANCED_FACE ( 'NONE', ( #2555 ), #1007, .F. ) ;
#4862 = DIRECTION ( 'NONE',  ( 0.000000000000000000, 1.000000000000000000, -0.000000000000000000 ) ) ;
#4863 = DIRECTION ( 'NONE',  ( 0.4975428121645240065, 0.4975428121645173452, -0.7105647754616331024 ) ) ;
#4864 = CARTESIAN_POINT ( 'NONE',  ( 2.550017939189503480, 7.000000000000000000, -0.6500000000000000222 ) ) ;
#4865 = DIRECTION ( 'NONE',  ( 0.000000000000000000, -0.000000000000000000, -1.000000000000000000 ) ) ;
#4866 = FACE_OUTER_BOUND ( 'NONE', #765, .T. ) ;
#4867 = FILL_AREA_STYLE ('',( #4050 ) ) ;
#4868 = AXIS2_PLACEMENT_3D ( 'NONE', #3885, #4635, #822 ) ;
#4869 = EDGE_LOOP ( 'NONE', ( #1559, #4691, #943, #4013 ) ) ;
#4870 = ORIENTED_EDGE ( 'NONE', *, *, #4788, .T. ) ;
#4871 = PLANE ( 'NONE',  #1526 ) ;
#4872 = EDGE_CURVE ( 'NONE', #2352, #2430, #886, .T. ) ;
#4873 = ORIENTED_EDGE ( 'NONE', *, *, #39, .T. ) ;
#4874 = CARTESIAN_POINT ( 'NONE',  ( 3.322725442988533562, 8.000000000000000000, 0.1250000000000000278 ) ) ;
#4875 = ADVANCED_FACE ( 'NONE', ( #4232 ), #4887, .F. ) ;
#4876 = VECTOR ( 'NONE', #2780, 1000.000000000000000 ) ;
#4877 = DIRECTION ( 'NONE',  ( 0.6153210920477704127, 0.000000000000000000, 0.7882765718205377858 ) ) ;
#4878 = EDGE_LOOP ( 'NONE', ( #138, #4745 ) ) ;
#4879 = COLOUR_RGB ( '',0.7921568627450980005, 0.8196078431372548767, 0.9333333333333333481 ) ;
#4880 = ORIENTED_EDGE ( 'NONE', *, *, #67, .T. ) ;
#4881 = CARTESIAN_POINT ( 'NONE',  ( 0.000000000000000000, 7.000000000000000000, 0.000000000000000000 ) ) ;
#4882 = CARTESIAN_POINT ( 'NONE',  ( -8.673617379884035472E-16, 1.721248916810457219, -7.620000000000033857 ) ) ;
#4883 = CLOSED_SHELL ( 'NONE', ( #2242, #3297, #4831, #1981 ) ) ;
#4884 = DIRECTION ( 'NONE',  ( 0.9902680687415703620, 0.000000000000000000, 0.1391731009600655211 ) ) ;
#4885 = AXIS2_PLACEMENT_3D ( 'NONE', #2599, #1774, #3655 ) ;
#4886 = CARTESIAN_POINT ( 'NONE',  ( 4.850000000000001421, 0.000000000000000000, -9.500000000000001776 ) ) ;
#4887 = PLANE ( 'NONE',  #4083 ) ;
#4888 = DIRECTION ( 'NONE',  ( -0.000000000000000000, 1.000000000000000000, -0.000000000000000000 ) ) ;
#4889 = CARTESIAN_POINT ( 'NONE',  ( -3.108525283232020708, -0.3909616617838694852, 0.000000000000000000 ) ) ;
#4890 = CYLINDRICAL_SURFACE ( 'NONE', #702, 1.684426917440847493 ) ;
#4891 = ORIENTED_EDGE ( 'NONE', *, *, #2773, .T. ) ;
#4892 = ORIENTED_EDGE ( 'NONE', *, *, #100, .F. ) ;
#4893 = EDGE_CURVE ( 'NONE', #847, #2395, #893, .T. ) ;
#4894 = ADVANCED_FACE ( 'NONE', ( #4242 ), #4475, .F. ) ;
#4895 = LINE ( 'NONE', #4681, #1549 ) ;
#4896 = VERTEX_POINT ( 'NONE', #613 ) ;
#4897 = AXIS2_PLACEMENT_3D ( 'NONE', #1861, #258, #2030 ) ;
#4898 = VERTEX_POINT ( 'NONE', #1740 ) ;
#4899 = SURFACE_SIDE_STYLE ('',( #2399 ) ) ;
#4900 = CARTESIAN_POINT ( 'NONE',  ( 4.122725442988532052, 7.000000000000000000, 0.1250000000000000000 ) ) ;
#4901 = VECTOR ( 'NONE', #712, 1000.000000000000000 ) ;
#4902 = DIRECTION ( 'NONE',  ( 0.000000000000000000, 1.000000000000000000, 0.000000000000000000 ) ) ;
#4903 = EDGE_CURVE ( 'NONE', #2490, #3204, #901, .T. ) ;
#4904 = DIRECTION ( 'NONE',  ( 0.000000000000000000, -1.000000000000000000, 0.000000000000000000 ) ) ;
#4905 = EDGE_LOOP ( 'NONE', ( #4786, #350, #2511, #3760, #2554, #3788, #366, #1473, #2659, #605 ) ) ;
#4906 = VECTOR ( 'NONE', #3411, 1000.000000000000000 ) ;
#4907 = ORIENTED_EDGE ( 'NONE', *, *, #196, .T. ) ;
#4908 = DIRECTION ( 'NONE',  ( -0.6733125477184713770, -0.000000000000000000, -0.7393579735722481949 ) ) ;
#4909 = CARTESIAN_POINT ( 'NONE',  ( 3.673882993561314869, 7.000000000000000000, -5.827146911406196672 ) ) ;
#4910 = DIRECTION ( 'NONE',  ( -0.000000000000000000, -1.000000000000000000, -0.000000000000000000 ) ) ;
#4911 = ORIENTED_EDGE ( 'NONE', *, *, #3527, .T. ) ;
#4912 = FACE_OUTER_BOUND ( 'NONE', #116, .T. ) ;
#4913 = ORIENTED_EDGE ( 'NONE', *, *, #2928, .T. ) ;
#4914 = EDGE_CURVE ( 'NONE', #2978, #2087, #911, .T. ) ;
#4915 = PLANE ( 'NONE',  #47 ) ;
#4916 = DIRECTION ( 'NONE',  ( 0.000000000000000000, -1.000000000000000000, 0.000000000000000000 ) ) ;
#4917 = CARTESIAN_POINT ( 'NONE',  ( 2.576624604172656596, 8.000000000000000000, 0.7073991214881125700 ) ) ;
#4918 = CIRCLE ( 'NONE', #472, 0.2550000000000633427 ) ;
#4919 = VERTEX_POINT ( 'NONE', #4075 ) ;
#4920 = CARTESIAN_POINT ( 'NONE',  ( -1.712242906716721080, 8.000000000000000000, -5.780000000000000249 ) ) ;
#4921 = AXIS2_PLACEMENT_3D ( 'NONE', #4188, #3268, #2954 ) ;
#4922 = DIRECTION ( 'NONE',  ( -0.7660444431189760151, -0.000000000000000000, 0.6427876096865418054 ) ) ;
#4923 = EDGE_CURVE ( 'NONE', #1626, #2562, #4516, .T. ) ;
#4924 = LINE ( 'NONE', #4613, #1579 ) ;
#4925 = VERTEX_POINT ( 'NONE', #1265 ) ;
#4926 = ORIENTED_EDGE ( 'NONE', *, *, #4428, .T. ) ;
#4927 = DIRECTION ( 'NONE',  ( 0.000000000000000000, 1.000000000000000000, 0.000000000000000000 ) ) ;
#4928 = AXIS2_PLACEMENT_3D ( 'NONE', #3846, #3880, #4250 ) ;
#4929 = DIRECTION ( 'NONE',  ( -0.000000000000000000, 1.000000000000000000, 0.000000000000000000 ) ) ;
#4930 = EDGE_CURVE ( 'NONE', #516, #4759, #2761, .T. ) ;
#4931 = FACE_OUTER_BOUND ( 'NONE', #4241, .T. ) ;
#4932 = CARTESIAN_POINT ( 'NONE',  ( -8.673617379884035472E-16, 1.721248916810457219, 7.620000000000033857 ) ) ;
#4933 = DIRECTION ( 'NONE',  ( 0.000000000000000000, 1.000000000000000000, 0.000000000000000000 ) ) ;
#4934 = ORIENTED_EDGE ( 'NONE', *, *, #304, .F. ) ;
#4935 = VECTOR ( 'NONE', #3861, 1000.000000000000000 ) ;
#4936 = ORIENTED_EDGE ( 'NONE', *, *, #3937, .T. ) ;
#4937 = PLANE ( 'NONE',  #4399 ) ;
#4938 = ADVANCED_FACE ( 'NONE', ( #4494 ), #4794, .T. ) ;
#4939 = CARTESIAN_POINT ( 'NONE',  ( 4.850000000000001421, 0.000000000000000000, -9.500000000000001776 ) ) ;
#4940 = PLANE ( 'NONE',  #2537 ) ;
#4941 = LINE ( 'NONE', #1084, #1541 ) ;
#4942 = VERTEX_POINT ( 'NONE', #4229 ) ;
#4943 = LINE ( 'NONE', #2427, #1573 ) ;
#4944 = EDGE_LOOP ( 'NONE', ( #2443, #2795, #1216, #4502 ) ) ;
#4945 = CARTESIAN_POINT ( 'NONE',  ( 2.550017939189503480, 7.000000000000000000, -0.6500000000000000222 ) ) ;
#4946 = DIRECTION ( 'NONE',  ( 0.7071067811865522357, 0.7071067811865426878, -0.000000000000000000 ) ) ;
#4947 = ADVANCED_FACE ( 'NONE', ( #2752 ), #1885, .T. ) ;
#4948 = DIRECTION ( 'NONE',  ( 0.000000000000000000, 1.000000000000000000, 0.000000000000000000 ) ) ;
#4949 = EDGE_CURVE ( 'NONE', #1243, #482, #4569, .T. ) ;
#4950 = VERTEX_POINT ( 'NONE', #1112 ) ;
#4951 = VECTOR ( 'NONE', #1987, 1000.000000000000000 ) ;
#4952 = CARTESIAN_POINT ( 'NONE',  ( -6.300000000000000711, 8.000000000000000000, 9.500000000000000000 ) ) ;
#4953 = DIRECTION ( 'NONE',  ( -0.9902680687415703620, 0.000000000000000000, -0.1391731009600656044 ) ) ;
#4954 = CARTESIAN_POINT ( 'NONE',  ( 1.678203140787354553, 7.000000000000000000, 5.415573082559152596 ) ) ;
#4955 = CARTESIAN_POINT ( 'NONE',  ( -3.108525283232020708, 7.000000000000000000, 0.000000000000000000 ) ) ;
#4956 = CARTESIAN_POINT ( 'NONE',  ( 4.157860651664130103, 7.000000000000000000, -0.1250000000000000000 ) ) ;
#4957 = EDGE_LOOP ( 'NONE', ( #3071, #1893, #3072, #1298 ) ) ;
#4958 = FACE_OUTER_BOUND ( 'NONE', #3369, .T. ) ;
#4959 = ORIENTED_EDGE ( 'NONE', *, *, #1742, .F. ) ;
#4960 = DIRECTION ( 'NONE',  ( -0.000000000000000000, -0.000000000000000000, 1.000000000000000000 ) ) ;
#4961 = CARTESIAN_POINT ( 'NONE',  ( 3.673882993561314869, 7.000000000000000000, -5.827146911406196672 ) ) ;
#4962 = CARTESIAN_POINT ( 'NONE',  ( -6.300000000000000711, 1.000000000000000000, 7.500000000000000000 ) ) ;
#4963 = EDGE_CURVE ( 'NONE', #1639, #4051, #4550, .T. ) ;
#4964 = ADVANCED_FACE ( 'NONE', ( #2816 ), #2624, .T. ) ;
#4965 = MECHANICAL_DESIGN_GEOMETRIC_PRESENTATION_REPRESENTATION (  '', ( #1459 ), #2414 ) ;
#4966 = ORIENTED_EDGE ( 'NONE', *, *, #3035, .F. ) ;
#4967 = CARTESIAN_POINT ( 'NONE',  ( -4.934348763394847737, 8.000000000000000000, 5.650000000000000355 ) ) ;
#4968 = EDGE_CURVE ( 'NONE', #747, #4129, #1137, .T. ) ;
#4969 = DIRECTION ( 'NONE',  ( 0.1391731009600655766, 0.000000000000000000, -0.9902680687415702510 ) ) ;
#4970 = APPLICATION_CONTEXT ( 'automotive_design' ) ;
#4971 = ADVANCED_FACE ( 'NONE', ( #4431 ), #4561, .T. ) ;
#4972 = DIRECTION ( 'NONE',  ( -0.000000000000000000, -1.000000000000000000, -0.000000000000000000 ) ) ;
#4973 = DIRECTION ( 'NONE',  ( 0.000000000000000000, 1.000000000000000000, 0.000000000000000000 ) ) ;
#4974 = ORIENTED_EDGE ( 'NONE', *, *, #2594, .F. ) ;
#4975 = LINE ( 'NONE', #511, #3440 ) ;
#4976 = ORIENTED_EDGE ( 'NONE', *, *, #3982, .T. ) ;
#4977 = CARTESIAN_POINT ( 'NONE',  ( 5.079999999999945004, 1.721248916810457219, -7.875000000000098588 ) ) ;
#4978 = ORIENTED_EDGE ( 'NONE', *, *, #1388, .F. ) ;
#4979 = ORIENTED_EDGE ( 'NONE', *, *, #4473, .F. ) ;
#4980 = CARTESIAN_POINT ( 'NONE',  ( 4.850000000000001421, 0.000000000000000000, -9.500000000000001776 ) ) ;
#4981 = AXIS2_PLACEMENT_3D ( 'NONE', #2766, #4699, #2354 ) ;
#4982 = CARTESIAN_POINT ( 'NONE',  ( -5.080000000000002736, 0.9999999999999995559, -7.620000000000002771 ) ) ;
#4983 = CARTESIAN_POINT ( 'NONE',  ( 4.855000000000105231, 1.721248916810457219, 7.500000000000000000 ) ) ;
#4984 = ORIENTED_EDGE ( 'NONE', *, *, #4152, .F. ) ;
#4985 = CARTESIAN_POINT ( 'NONE',  ( -2.576624604172662369, -0.3909616617838694852, -0.7073991214881107936 ) ) ;
#4986 = DIRECTION ( 'NONE',  ( -3.388131789017209368E-17, 0.000000000000000000, -1.000000000000000000 ) ) ;
#4987 = DIRECTION ( 'NONE',  ( 0.000000000000000000, -0.000000000000000000, 1.000000000000000000 ) ) ;
#4988 = ORIENTED_EDGE ( 'NONE', *, *, #4963, .F. ) ;
#4989 = CARTESIAN_POINT ( 'NONE',  ( 3.336894955876370084, 7.000000000000000000, -5.780000000000001137 ) ) ;
#4990 = FACE_OUTER_BOUND ( 'NONE', #76, .T. ) ;
#4991 = DIRECTION ( 'NONE',  ( 0.000000000000000000, 0.000000000000000000, -1.000000000000000000 ) ) ;
#4992 = EDGE_CURVE ( 'NONE', #3312, #199, #2900, .T. ) ;
#4993 = CARTESIAN_POINT ( 'NONE',  ( 4.753571136907316586, 0.2519492937723058490, 7.690179118298990701 ) ) ;
#4994 = CARTESIAN_POINT ( 'NONE',  ( -6.300000000000000711, 0.3851141460153323925, -7.500000000000000000 ) ) ;
#4995 = AXIS2_PLACEMENT_3D ( 'NONE', #3316, #4904, #1407 ) ;
#4996 = CARTESIAN_POINT ( 'NONE',  ( 1.678203140787354108, 7.000000000000000000, 7.100000000000000533 ) ) ;
#4997 = EDGE_CURVE ( 'NONE', #2393, #767, #1052, .T. ) ;
#4998 = VECTOR ( 'NONE', #1213, 1000.000000000000000 ) ;
#4999 = DIRECTION ( 'NONE',  ( 0.000000000000000000, 0.000000000000000000, 1.000000000000000000 ) ) ;
ENDSEC;
END-ISO-10303-21;
