Removed Member From Class: ClassName=clock Member=C
Removed Member From Class: ClassName=leds Member=lm4
Change Component Designator: OldDesignator=-12V NewDesignator=H_-12V
Change Component Designator: OldDesignator=+5V NewDesignator=H_5V
Change Component Designator: OldDesignator=+12V NewDesignator=H_12V
Change Component Designator: OldDesignator=A NewDesignator=chavA1
Change Component Designator: OldDesignator=Arduino NewDesignator=nano1
Change Component Designator: OldDesignator=B NewDesignator=chavB1
Change Component Designator: OldDesignator=buffer NewDesignator=buffer1
Change Component Designator: OldDesignator=C NewDesignator=chavC1
Change Component Designator: OldDesignator=D NewDesignator=chavD1
Change Component Designator: OldDesignator=E NewDesignator=chavE1
Change Component Designator: OldDesignator=F NewDesignator=chavF1
Change Component Designator: OldDesignator=G NewDesignator=chavG1
Change Component Designator: OldDesignator=GND NewDesignator=H_gnd
Change Component Designator: OldDesignator=H NewDesignator=chavH1
Change Component Designator: OldDesignator=I NewDesignator=chavI1
Change Component Designator: OldDesignator=J NewDesignator=chavJ1
Change Component Designator: OldDesignator=L1 NewDesignator=LED1
Change Component Designator: OldDesignator=L2 NewDesignator=LED2
Change Component Designator: OldDesignator=L3 NewDesignator=LED3
Change Component Designator: OldDesignator=L4 NewDesignator=LED4
Change Component Designator: OldDesignator=L5 NewDesignator=LED5
Change Component Designator: OldDesignator=L6 NewDesignator=LED6
Change Component Designator: OldDesignator=L7 NewDesignator=LED7
Change Component Designator: OldDesignator=L8 NewDesignator=LED8
Change Component Designator: OldDesignator=L9 NewDesignator=LED9
Change Component Designator: OldDesignator=L10 NewDesignator=LED10
Change Component Designator: OldDesignator=p 5V NewDesignator=pin_5V
Change Component Designator: OldDesignator=p 12V NewDesignator=pin_12V
Change Component Designator: OldDesignator=p -12V NewDesignator=pin_-12V
Change Component Designator: OldDesignator=p gnd NewDesignator=pin_gnd1
Change Component Designator: OldDesignator=PONTA DE PROVA NewDesignator=U1
Change Component Designator: OldDesignator=PROTOBOARD NewDesignator=P1
Change Component Description : Designator=U1 Old Description=.56IN. 7 SEGMENT SINGLE DISPLAY, 565NM GREEN, GRAY FACE, WHITE SEGMENTS, COMMON New Description=.56IN. 7 SEGMENT SINGLE DISPLAY, 565NM GREEN, GRAY FACE, WHITE SEGMENTS, COMMON | Lumex LDS-C512RI
Added Component: Designator=3(PCBComponent_1)
Add component (AddParameter): Name = "Parameter 1"; Value = "H2x1"; VariantName = "[No Variations]"
Add component (AddParameter): Name = "Parameter 2"; Value = ""; VariantName = "[No Variations]"
Added Component: Designator=4(PCBComponent_1)
Add component (AddParameter): Name = "Parameter 1"; Value = "H2x1"; VariantName = "[No Variations]"
Add component (AddParameter): Name = "Parameter 2"; Value = ""; VariantName = "[No Variations]"
Added Component: Designator=buffer1(N0020A)
Add component (AddParameter): Name = "Bits(#)"; Value = "8"; VariantName = "[No Variations]"
Add component (AddParameter): Name = "Code_JEDEC"; Value = "MS-001"; VariantName = "[No Variations]"
Add component (AddParameter): Name = "DatasheetVersion"; Value = "SDLS144C"; VariantName = "[No Variations]"
Add component (AddParameter): Name = "F @ Nom Voltage(Max)(Mhz)"; Value = "35"; VariantName = "[No Variations]"
Add component (AddParameter): Name = "Generic Part Number"; Value = "SN74LS241"; VariantName = "[No Variations]"
Add component (AddParameter): Name = "ICC @ Nom Voltage(Max)(mA)"; Value = "0.046"; VariantName = "[No Variations]"
Add component (AddParameter): Name = "Input Type"; Value = "TTL"; VariantName = "[No Variations]"
Add component (AddParameter): Name = "Manufacturer"; Value = "Texas Instruments"; VariantName = "[No Variations]"
Add component (AddParameter): Name = "Operating Temperature Range(C)"; Value = "0 to 70"; VariantName = "[No Variations]"
Add component (AddParameter): Name = "Output Type"; Value = "TTL"; VariantName = "[No Variations]"
Add component (AddParameter): Name = "PackageReference"; Value = "N0020A"; VariantName = "[No Variations]"
Add component (AddParameter): Name = "PackageVersion"; Value = "http://www.ti.com/lit/ml/mpdi002c/mpdi002c.pdf"; VariantName = "[No Variations]"
Add component (AddParameter): Name = "Rating"; Value = "Catalog"; VariantName = "[No Variations]"
Add component (AddParameter): Name = "tpd @ Nom Voltage(Max)(ns)"; Value = "18"; VariantName = "[No Variations]"
Add component (AddParameter): Name = "VCC(Max)(V)"; Value = "5.25"; VariantName = "[No Variations]"
Add component (AddParameter): Name = "VCC(Min)(V)"; Value = "4.75"; VariantName = "[No Variations]"
Add component (AddParameter): Name = "Voltage(Nom)(V)"; Value = "5"; VariantName = "[No Variations]"
Added Component: Designator=C2(FP-RCE3M1-MFG)
Add component (AddParameter): Name = "Capacitance"; Value = "3.3uF"; VariantName = "[No Variations]"
Add component (AddParameter): Name = "Case/Package"; Value = "Radial"; VariantName = "[No Variations]"
Add component (AddParameter): Name = "Dielectric"; Value = "X7R"; VariantName = "[No Variations]"
Add component (AddParameter): Name = "Height"; Value = "5mm"; VariantName = "[No Variations]"
Add component (AddParameter): Name = "Height - Seated (Max)"; Value = "0.197inch"; VariantName = "[No Variations]"
Add component (AddParameter): Name = "Lead Diameter"; Value = "0.5mm"; VariantName = "[No Variations]"
Add component (AddParameter): Name = "Lead Pitch"; Value = "0.197inch"; VariantName = "[No Variations]"
Add component (AddParameter): Name = "Lead/Base Style"; Value = "Formed Leads"; VariantName = "[No Variations]"
Add component (AddParameter): Name = "Length"; Value = "0.217inch"; VariantName = "[No Variations]"
Add component (AddParameter): Name = "Max Operating Temperature"; Value = "125°C"; VariantName = "[No Variations]"
Add component (AddParameter): Name = "Min Operating Temperature"; Value = "-55°C"; VariantName = "[No Variations]"
Add component (AddParameter): Name = "Mount"; Value = "Through Hole"; VariantName = "[No Variations]"
Add component (AddParameter): Name = "Package Quantity"; Value = "500"; VariantName = "[No Variations]"
Add component (AddParameter): Name = "Packaging"; Value = "Bulk"; VariantName = "[No Variations]"
Add component (AddParameter): Name = "Ratings"; Value = "AEC-Q200"; VariantName = "[No Variations]"
Add component (AddParameter): Name = "Resistor Type"; Value = "Ceramic"; VariantName = "[No Variations]"
Add component (AddParameter): Name = "Termination"; Value = "Radial"; VariantName = "[No Variations]"
Add component (AddParameter): Name = "Tolerance"; Value = "10%"; VariantName = "[No Variations]"
Add component (AddParameter): Name = "Voltage Rating"; Value = "50V"; VariantName = "[No Variations]"
Add component (AddParameter): Name = "Voltage Rating (DC)"; Value = "50V"; VariantName = "[No Variations]"
Add component (AddParameter): Name = "Width"; Value = "0.157inch"; VariantName = "[No Variations]"
Added Component: Designator=C3(FP-RCE3M1-MFG)
Add component (AddParameter): Name = "Capacitance"; Value = "3.3uF"; VariantName = "[No Variations]"
Add component (AddParameter): Name = "Case/Package"; Value = "Radial"; VariantName = "[No Variations]"
Add component (AddParameter): Name = "Dielectric"; Value = "X7R"; VariantName = "[No Variations]"
Add component (AddParameter): Name = "Height"; Value = "5mm"; VariantName = "[No Variations]"
Add component (AddParameter): Name = "Height - Seated (Max)"; Value = "0.197inch"; VariantName = "[No Variations]"
Add component (AddParameter): Name = "Lead Diameter"; Value = "0.5mm"; VariantName = "[No Variations]"
Add component (AddParameter): Name = "Lead Pitch"; Value = "0.197inch"; VariantName = "[No Variations]"
Add component (AddParameter): Name = "Lead/Base Style"; Value = "Formed Leads"; VariantName = "[No Variations]"
Add component (AddParameter): Name = "Length"; Value = "0.217inch"; VariantName = "[No Variations]"
Add component (AddParameter): Name = "Max Operating Temperature"; Value = "125°C"; VariantName = "[No Variations]"
Add component (AddParameter): Name = "Min Operating Temperature"; Value = "-55°C"; VariantName = "[No Variations]"
Add component (AddParameter): Name = "Mount"; Value = "Through Hole"; VariantName = "[No Variations]"
Add component (AddParameter): Name = "Package Quantity"; Value = "500"; VariantName = "[No Variations]"
Add component (AddParameter): Name = "Packaging"; Value = "Bulk"; VariantName = "[No Variations]"
Add component (AddParameter): Name = "Ratings"; Value = "AEC-Q200"; VariantName = "[No Variations]"
Add component (AddParameter): Name = "Resistor Type"; Value = "Ceramic"; VariantName = "[No Variations]"
Add component (AddParameter): Name = "Termination"; Value = "Radial"; VariantName = "[No Variations]"
Add component (AddParameter): Name = "Tolerance"; Value = "10%"; VariantName = "[No Variations]"
Add component (AddParameter): Name = "Voltage Rating"; Value = "50V"; VariantName = "[No Variations]"
Add component (AddParameter): Name = "Voltage Rating (DC)"; Value = "50V"; VariantName = "[No Variations]"
Add component (AddParameter): Name = "Width"; Value = "0.157inch"; VariantName = "[No Variations]"
Added Component: Designator=C4(FP-RCE3M1-MFG)
Add component (AddParameter): Name = "Capacitance"; Value = "3.3uF"; VariantName = "[No Variations]"
Add component (AddParameter): Name = "Case/Package"; Value = "Radial"; VariantName = "[No Variations]"
Add component (AddParameter): Name = "Dielectric"; Value = "X7R"; VariantName = "[No Variations]"
Add component (AddParameter): Name = "Height"; Value = "5mm"; VariantName = "[No Variations]"
Add component (AddParameter): Name = "Height - Seated (Max)"; Value = "0.197inch"; VariantName = "[No Variations]"
Add component (AddParameter): Name = "Lead Diameter"; Value = "0.5mm"; VariantName = "[No Variations]"
Add component (AddParameter): Name = "Lead Pitch"; Value = "0.197inch"; VariantName = "[No Variations]"
Add component (AddParameter): Name = "Lead/Base Style"; Value = "Formed Leads"; VariantName = "[No Variations]"
Add component (AddParameter): Name = "Length"; Value = "0.217inch"; VariantName = "[No Variations]"
Add component (AddParameter): Name = "Max Operating Temperature"; Value = "125°C"; VariantName = "[No Variations]"
Add component (AddParameter): Name = "Min Operating Temperature"; Value = "-55°C"; VariantName = "[No Variations]"
Add component (AddParameter): Name = "Mount"; Value = "Through Hole"; VariantName = "[No Variations]"
Add component (AddParameter): Name = "Package Quantity"; Value = "500"; VariantName = "[No Variations]"
Add component (AddParameter): Name = "Packaging"; Value = "Bulk"; VariantName = "[No Variations]"
Add component (AddParameter): Name = "Ratings"; Value = "AEC-Q200"; VariantName = "[No Variations]"
Add component (AddParameter): Name = "Resistor Type"; Value = "Ceramic"; VariantName = "[No Variations]"
Add component (AddParameter): Name = "Termination"; Value = "Radial"; VariantName = "[No Variations]"
Add component (AddParameter): Name = "Tolerance"; Value = "10%"; VariantName = "[No Variations]"
Add component (AddParameter): Name = "Voltage Rating"; Value = "50V"; VariantName = "[No Variations]"
Add component (AddParameter): Name = "Voltage Rating (DC)"; Value = "50V"; VariantName = "[No Variations]"
Add component (AddParameter): Name = "Width"; Value = "0.157inch"; VariantName = "[No Variations]"
Added Component: Designator=C5(FP-RCE3M1-MFG)
Add component (AddParameter): Name = "Capacitance"; Value = "3.3uF"; VariantName = "[No Variations]"
Add component (AddParameter): Name = "Case/Package"; Value = "Radial"; VariantName = "[No Variations]"
Add component (AddParameter): Name = "Dielectric"; Value = "X7R"; VariantName = "[No Variations]"
Add component (AddParameter): Name = "Height"; Value = "5mm"; VariantName = "[No Variations]"
Add component (AddParameter): Name = "Height - Seated (Max)"; Value = "0.197inch"; VariantName = "[No Variations]"
Add component (AddParameter): Name = "Lead Diameter"; Value = "0.5mm"; VariantName = "[No Variations]"
Add component (AddParameter): Name = "Lead Pitch"; Value = "0.197inch"; VariantName = "[No Variations]"
Add component (AddParameter): Name = "Lead/Base Style"; Value = "Formed Leads"; VariantName = "[No Variations]"
Add component (AddParameter): Name = "Length"; Value = "0.217inch"; VariantName = "[No Variations]"
Add component (AddParameter): Name = "Max Operating Temperature"; Value = "125°C"; VariantName = "[No Variations]"
Add component (AddParameter): Name = "Min Operating Temperature"; Value = "-55°C"; VariantName = "[No Variations]"
Add component (AddParameter): Name = "Mount"; Value = "Through Hole"; VariantName = "[No Variations]"
Add component (AddParameter): Name = "Package Quantity"; Value = "500"; VariantName = "[No Variations]"
Add component (AddParameter): Name = "Packaging"; Value = "Bulk"; VariantName = "[No Variations]"
Add component (AddParameter): Name = "Ratings"; Value = "AEC-Q200"; VariantName = "[No Variations]"
Add component (AddParameter): Name = "Resistor Type"; Value = "Ceramic"; VariantName = "[No Variations]"
Add component (AddParameter): Name = "Termination"; Value = "Radial"; VariantName = "[No Variations]"
Add component (AddParameter): Name = "Tolerance"; Value = "10%"; VariantName = "[No Variations]"
Add component (AddParameter): Name = "Voltage Rating"; Value = "50V"; VariantName = "[No Variations]"
Add component (AddParameter): Name = "Voltage Rating (DC)"; Value = "50V"; VariantName = "[No Variations]"
Add component (AddParameter): Name = "Width"; Value = "0.157inch"; VariantName = "[No Variations]"
Added Component: Designator=C6(FP-RCE3M1-MFG)
Add component (AddParameter): Name = "Capacitance"; Value = "3.3uF"; VariantName = "[No Variations]"
Add component (AddParameter): Name = "Case/Package"; Value = "Radial"; VariantName = "[No Variations]"
Add component (AddParameter): Name = "Dielectric"; Value = "X7R"; VariantName = "[No Variations]"
Add component (AddParameter): Name = "Height"; Value = "5mm"; VariantName = "[No Variations]"
Add component (AddParameter): Name = "Height - Seated (Max)"; Value = "0.197inch"; VariantName = "[No Variations]"
Add component (AddParameter): Name = "Lead Diameter"; Value = "0.5mm"; VariantName = "[No Variations]"
Add component (AddParameter): Name = "Lead Pitch"; Value = "0.197inch"; VariantName = "[No Variations]"
Add component (AddParameter): Name = "Lead/Base Style"; Value = "Formed Leads"; VariantName = "[No Variations]"
Add component (AddParameter): Name = "Length"; Value = "0.217inch"; VariantName = "[No Variations]"
Add component (AddParameter): Name = "Max Operating Temperature"; Value = "125°C"; VariantName = "[No Variations]"
Add component (AddParameter): Name = "Min Operating Temperature"; Value = "-55°C"; VariantName = "[No Variations]"
Add component (AddParameter): Name = "Mount"; Value = "Through Hole"; VariantName = "[No Variations]"
Add component (AddParameter): Name = "Package Quantity"; Value = "500"; VariantName = "[No Variations]"
Add component (AddParameter): Name = "Packaging"; Value = "Bulk"; VariantName = "[No Variations]"
Add component (AddParameter): Name = "Ratings"; Value = "AEC-Q200"; VariantName = "[No Variations]"
Add component (AddParameter): Name = "Resistor Type"; Value = "Ceramic"; VariantName = "[No Variations]"
Add component (AddParameter): Name = "Termination"; Value = "Radial"; VariantName = "[No Variations]"
Add component (AddParameter): Name = "Tolerance"; Value = "10%"; VariantName = "[No Variations]"
Add component (AddParameter): Name = "Voltage Rating"; Value = "50V"; VariantName = "[No Variations]"
Add component (AddParameter): Name = "Voltage Rating (DC)"; Value = "50V"; VariantName = "[No Variations]"
Add component (AddParameter): Name = "Width"; Value = "0.157inch"; VariantName = "[No Variations]"
Added Component: Designator=C7(FP-RCE3M1-MFG)
Add component (AddParameter): Name = "Capacitance"; Value = "3.3uF"; VariantName = "[No Variations]"
Add component (AddParameter): Name = "Case/Package"; Value = "Radial"; VariantName = "[No Variations]"
Add component (AddParameter): Name = "Dielectric"; Value = "X7R"; VariantName = "[No Variations]"
Add component (AddParameter): Name = "Height"; Value = "5mm"; VariantName = "[No Variations]"
Add component (AddParameter): Name = "Height - Seated (Max)"; Value = "0.197inch"; VariantName = "[No Variations]"
Add component (AddParameter): Name = "Lead Diameter"; Value = "0.5mm"; VariantName = "[No Variations]"
Add component (AddParameter): Name = "Lead Pitch"; Value = "0.197inch"; VariantName = "[No Variations]"
Add component (AddParameter): Name = "Lead/Base Style"; Value = "Formed Leads"; VariantName = "[No Variations]"
Add component (AddParameter): Name = "Length"; Value = "0.217inch"; VariantName = "[No Variations]"
Add component (AddParameter): Name = "Max Operating Temperature"; Value = "125°C"; VariantName = "[No Variations]"
Add component (AddParameter): Name = "Min Operating Temperature"; Value = "-55°C"; VariantName = "[No Variations]"
Add component (AddParameter): Name = "Mount"; Value = "Through Hole"; VariantName = "[No Variations]"
Add component (AddParameter): Name = "Package Quantity"; Value = "500"; VariantName = "[No Variations]"
Add component (AddParameter): Name = "Packaging"; Value = "Bulk"; VariantName = "[No Variations]"
Add component (AddParameter): Name = "Ratings"; Value = "AEC-Q200"; VariantName = "[No Variations]"
Add component (AddParameter): Name = "Resistor Type"; Value = "Ceramic"; VariantName = "[No Variations]"
Add component (AddParameter): Name = "Termination"; Value = "Radial"; VariantName = "[No Variations]"
Add component (AddParameter): Name = "Tolerance"; Value = "10%"; VariantName = "[No Variations]"
Add component (AddParameter): Name = "Voltage Rating"; Value = "50V"; VariantName = "[No Variations]"
Add component (AddParameter): Name = "Voltage Rating (DC)"; Value = "50V"; VariantName = "[No Variations]"
Add component (AddParameter): Name = "Width"; Value = "0.157inch"; VariantName = "[No Variations]"
Added Component: Designator=C8(FP-RCE3M1-MFG)
Add component (AddParameter): Name = "Capacitance"; Value = "3.3uF"; VariantName = "[No Variations]"
Add component (AddParameter): Name = "Case/Package"; Value = "Radial"; VariantName = "[No Variations]"
Add component (AddParameter): Name = "Dielectric"; Value = "X7R"; VariantName = "[No Variations]"
Add component (AddParameter): Name = "Height"; Value = "5mm"; VariantName = "[No Variations]"
Add component (AddParameter): Name = "Height - Seated (Max)"; Value = "0.197inch"; VariantName = "[No Variations]"
Add component (AddParameter): Name = "Lead Diameter"; Value = "0.5mm"; VariantName = "[No Variations]"
Add component (AddParameter): Name = "Lead Pitch"; Value = "0.197inch"; VariantName = "[No Variations]"
Add component (AddParameter): Name = "Lead/Base Style"; Value = "Formed Leads"; VariantName = "[No Variations]"
Add component (AddParameter): Name = "Length"; Value = "0.217inch"; VariantName = "[No Variations]"
Add component (AddParameter): Name = "Max Operating Temperature"; Value = "125°C"; VariantName = "[No Variations]"
Add component (AddParameter): Name = "Min Operating Temperature"; Value = "-55°C"; VariantName = "[No Variations]"
Add component (AddParameter): Name = "Mount"; Value = "Through Hole"; VariantName = "[No Variations]"
Add component (AddParameter): Name = "Package Quantity"; Value = "500"; VariantName = "[No Variations]"
Add component (AddParameter): Name = "Packaging"; Value = "Bulk"; VariantName = "[No Variations]"
Add component (AddParameter): Name = "Ratings"; Value = "AEC-Q200"; VariantName = "[No Variations]"
Add component (AddParameter): Name = "Resistor Type"; Value = "Ceramic"; VariantName = "[No Variations]"
Add component (AddParameter): Name = "Termination"; Value = "Radial"; VariantName = "[No Variations]"
Add component (AddParameter): Name = "Tolerance"; Value = "10%"; VariantName = "[No Variations]"
Add component (AddParameter): Name = "Voltage Rating"; Value = "50V"; VariantName = "[No Variations]"
Add component (AddParameter): Name = "Voltage Rating (DC)"; Value = "50V"; VariantName = "[No Variations]"
Add component (AddParameter): Name = "Width"; Value = "0.157inch"; VariantName = "[No Variations]"
Added Component: Designator=C9(FP-RCE3M1-MFG)
Add component (AddParameter): Name = "Capacitance"; Value = "3.3uF"; VariantName = "[No Variations]"
Add component (AddParameter): Name = "Case/Package"; Value = "Radial"; VariantName = "[No Variations]"
Add component (AddParameter): Name = "Dielectric"; Value = "X7R"; VariantName = "[No Variations]"
Add component (AddParameter): Name = "Height"; Value = "5mm"; VariantName = "[No Variations]"
Add component (AddParameter): Name = "Height - Seated (Max)"; Value = "0.197inch"; VariantName = "[No Variations]"
Add component (AddParameter): Name = "Lead Diameter"; Value = "0.5mm"; VariantName = "[No Variations]"
Add component (AddParameter): Name = "Lead Pitch"; Value = "0.197inch"; VariantName = "[No Variations]"
Add component (AddParameter): Name = "Lead/Base Style"; Value = "Formed Leads"; VariantName = "[No Variations]"
Add component (AddParameter): Name = "Length"; Value = "0.217inch"; VariantName = "[No Variations]"
Add component (AddParameter): Name = "Max Operating Temperature"; Value = "125°C"; VariantName = "[No Variations]"
Add component (AddParameter): Name = "Min Operating Temperature"; Value = "-55°C"; VariantName = "[No Variations]"
Add component (AddParameter): Name = "Mount"; Value = "Through Hole"; VariantName = "[No Variations]"
Add component (AddParameter): Name = "Package Quantity"; Value = "500"; VariantName = "[No Variations]"
Add component (AddParameter): Name = "Packaging"; Value = "Bulk"; VariantName = "[No Variations]"
Add component (AddParameter): Name = "Ratings"; Value = "AEC-Q200"; VariantName = "[No Variations]"
Add component (AddParameter): Name = "Resistor Type"; Value = "Ceramic"; VariantName = "[No Variations]"
Add component (AddParameter): Name = "Termination"; Value = "Radial"; VariantName = "[No Variations]"
Add component (AddParameter): Name = "Tolerance"; Value = "10%"; VariantName = "[No Variations]"
Add component (AddParameter): Name = "Voltage Rating"; Value = "50V"; VariantName = "[No Variations]"
Add component (AddParameter): Name = "Voltage Rating (DC)"; Value = "50V"; VariantName = "[No Variations]"
Add component (AddParameter): Name = "Width"; Value = "0.157inch"; VariantName = "[No Variations]"
Added Component: Designator=C10(FP-RCE3M1-MFG)
Add component (AddParameter): Name = "Capacitance"; Value = "3.3uF"; VariantName = "[No Variations]"
Add component (AddParameter): Name = "Case/Package"; Value = "Radial"; VariantName = "[No Variations]"
Add component (AddParameter): Name = "Dielectric"; Value = "X7R"; VariantName = "[No Variations]"
Add component (AddParameter): Name = "Height"; Value = "5mm"; VariantName = "[No Variations]"
Add component (AddParameter): Name = "Height - Seated (Max)"; Value = "0.197inch"; VariantName = "[No Variations]"
Add component (AddParameter): Name = "Lead Diameter"; Value = "0.5mm"; VariantName = "[No Variations]"
Add component (AddParameter): Name = "Lead Pitch"; Value = "0.197inch"; VariantName = "[No Variations]"
Add component (AddParameter): Name = "Lead/Base Style"; Value = "Formed Leads"; VariantName = "[No Variations]"
Add component (AddParameter): Name = "Length"; Value = "0.217inch"; VariantName = "[No Variations]"
Add component (AddParameter): Name = "Max Operating Temperature"; Value = "125°C"; VariantName = "[No Variations]"
Add component (AddParameter): Name = "Min Operating Temperature"; Value = "-55°C"; VariantName = "[No Variations]"
Add component (AddParameter): Name = "Mount"; Value = "Through Hole"; VariantName = "[No Variations]"
Add component (AddParameter): Name = "Package Quantity"; Value = "500"; VariantName = "[No Variations]"
Add component (AddParameter): Name = "Packaging"; Value = "Bulk"; VariantName = "[No Variations]"
Add component (AddParameter): Name = "Ratings"; Value = "AEC-Q200"; VariantName = "[No Variations]"
Add component (AddParameter): Name = "Resistor Type"; Value = "Ceramic"; VariantName = "[No Variations]"
Add component (AddParameter): Name = "Termination"; Value = "Radial"; VariantName = "[No Variations]"
Add component (AddParameter): Name = "Tolerance"; Value = "10%"; VariantName = "[No Variations]"
Add component (AddParameter): Name = "Voltage Rating"; Value = "50V"; VariantName = "[No Variations]"
Add component (AddParameter): Name = "Voltage Rating (DC)"; Value = "50V"; VariantName = "[No Variations]"
Add component (AddParameter): Name = "Width"; Value = "0.157inch"; VariantName = "[No Variations]"
Added Component: Designator=C11(FP-RCE3M1-MFG)
Add component (AddParameter): Name = "Capacitance"; Value = "3.3uF"; VariantName = "[No Variations]"
Add component (AddParameter): Name = "Case/Package"; Value = "Radial"; VariantName = "[No Variations]"
Add component (AddParameter): Name = "Dielectric"; Value = "X7R"; VariantName = "[No Variations]"
Add component (AddParameter): Name = "Height"; Value = "5mm"; VariantName = "[No Variations]"
Add component (AddParameter): Name = "Height - Seated (Max)"; Value = "0.197inch"; VariantName = "[No Variations]"
Add component (AddParameter): Name = "Lead Diameter"; Value = "0.5mm"; VariantName = "[No Variations]"
Add component (AddParameter): Name = "Lead Pitch"; Value = "0.197inch"; VariantName = "[No Variations]"
Add component (AddParameter): Name = "Lead/Base Style"; Value = "Formed Leads"; VariantName = "[No Variations]"
Add component (AddParameter): Name = "Length"; Value = "0.217inch"; VariantName = "[No Variations]"
Add component (AddParameter): Name = "Max Operating Temperature"; Value = "125°C"; VariantName = "[No Variations]"
Add component (AddParameter): Name = "Min Operating Temperature"; Value = "-55°C"; VariantName = "[No Variations]"
Add component (AddParameter): Name = "Mount"; Value = "Through Hole"; VariantName = "[No Variations]"
Add component (AddParameter): Name = "Package Quantity"; Value = "500"; VariantName = "[No Variations]"
Add component (AddParameter): Name = "Packaging"; Value = "Bulk"; VariantName = "[No Variations]"
Add component (AddParameter): Name = "Ratings"; Value = "AEC-Q200"; VariantName = "[No Variations]"
Add component (AddParameter): Name = "Resistor Type"; Value = "Ceramic"; VariantName = "[No Variations]"
Add component (AddParameter): Name = "Termination"; Value = "Radial"; VariantName = "[No Variations]"
Add component (AddParameter): Name = "Tolerance"; Value = "10%"; VariantName = "[No Variations]"
Add component (AddParameter): Name = "Voltage Rating"; Value = "50V"; VariantName = "[No Variations]"
Add component (AddParameter): Name = "Voltage Rating (DC)"; Value = "50V"; VariantName = "[No Variations]"
Add component (AddParameter): Name = "Width"; Value = "0.157inch"; VariantName = "[No Variations]"
Added Component: Designator=chave?(FP-7101SD9CQE-MFG)
Add component (AddParameter): Name = "Actuator Length"; Value = "12.45mm"; VariantName = "[No Variations]"
Add component (AddParameter): Name = "Actuator Material"; Value = "Brass, Chrome"; VariantName = "[No Variations]"
Add component (AddParameter): Name = "Contact Current Rating"; Value = "5A"; VariantName = "[No Variations]"
Add component (AddParameter): Name = "Contact Material"; Value = "Silver"; VariantName = "[No Variations]"
Add component (AddParameter): Name = "Contact Plating"; Value = "Silver"; VariantName = "[No Variations]"
Add component (AddParameter): Name = "Contact Resistance"; Value = "10mO"; VariantName = "[No Variations]"
Add component (AddParameter): Name = "Current Rating"; Value = "5A"; VariantName = "[No Variations]"
Add component (AddParameter): Name = "Depth"; Value = "6.86mm"; VariantName = "[No Variations]"
Add component (AddParameter): Name = "Electrical Life"; Value = "100kcycles"; VariantName = "[No Variations]"
Add component (AddParameter): Name = "Housing Material"; Value = "Stainless Steel"; VariantName = "[No Variations]"
Add component (AddParameter): Name = "Illumination Type"; Value = "Illuminated, Non-Illuminated"; VariantName = "[No Variations]"
Add component (AddParameter): Name = "Lead Free"; Value = "Lead Free"; VariantName = "[No Variations]"
Add component (AddParameter): Name = "Length"; Value = "12.7mm"; VariantName = "[No Variations]"
Add component (AddParameter): Name = "Life (Cycles)"; Value = "100kcycles"; VariantName = "[No Variations]"
Add component (AddParameter): Name = "Max Current Rating"; Value = "5A"; VariantName = "[No Variations]"
Add component (AddParameter): Name = "Max Operating Temperature"; Value = "85°C"; VariantName = "[No Variations]"
Add component (AddParameter): Name = "Max Voltage Rating (AC)"; Value = "250V"; VariantName = "[No Variations]"
Add component (AddParameter): Name = "Max Voltage Rating (DC)"; Value = "28V"; VariantName = "[No Variations]"
Add component (AddParameter): Name = "Min Operating Temperature"; Value = "-30°C"; VariantName = "[No Variations]"
Add component (AddParameter): Name = "Mount"; Value = "Through Hole"; VariantName = "[No Variations]"
Add component (AddParameter): Name = "NexarPartId"; Value = "55410166"; VariantName = "[No Variations]"
Add component (AddParameter): Name = "Orientation"; Value = "Straight"; VariantName = "[No Variations]"
Add component (AddParameter): Name = "Radiation Hardening"; Value = "No"; VariantName = "[No Variations]"
Add component (AddParameter): Name = "RoHS"; Value = "Compliant"; VariantName = "[No Variations]"
Add component (AddParameter): Name = "Switch Function"; Value = "On-On"; VariantName = "[No Variations]"
Add component (AddParameter): Name = "Termination"; Value = "PC Pins"; VariantName = "[No Variations]"
Add component (AddParameter): Name = "Throw Configuration"; Value = "SPDT"; VariantName = "[No Variations]"
Add component (AddParameter): Name = "Voltage Rating (AC)"; Value = "120V"; VariantName = "[No Variations]"
Add component (AddParameter): Name = "Voltage Rating (DC)"; Value = "28V"; VariantName = "[No Variations]"
Added Component: Designator=divi1(N0016A)
Add component (AddParameter): Name = "Bits(#)"; Value = "4"; VariantName = "[No Variations]"
Add component (AddParameter): Name = "Code_JEDEC"; Value = "MS-001"; VariantName = "[No Variations]"
Add component (AddParameter): Name = "DatasheetVersion"; Value = "SCHS185C"; VariantName = "[No Variations]"
Add component (AddParameter): Name = "F @ Nom Voltage(Max)(Mhz)"; Value = "28"; VariantName = "[No Variations]"
Add component (AddParameter): Name = "Function"; Value = "Counter"; VariantName = "[No Variations]"
Add component (AddParameter): Name = "Generic Part Number"; Value = "CD74HC390"; VariantName = "[No Variations]"
Add component (AddParameter): Name = "ICC @ Nom Voltage(Max)(mA)"; Value = "0.08"; VariantName = "[No Variations]"
Add component (AddParameter): Name = "Input Type"; Value = "LVTTL/CMOS"; VariantName = "[No Variations]"
Add component (AddParameter): Name = "Inputs"; Value = "1"; VariantName = "[No Variations]"
Add component (AddParameter): Name = "Manufacturer"; Value = "Texas Instruments"; VariantName = "[No Variations]"
Add component (AddParameter): Name = "Operating Temperature Range(C)"; Value = "-55 to 125"; VariantName = "[No Variations]"
Add component (AddParameter): Name = "Output Drive (IOL/IOH)(Max)(mA)"; Value = "5.2/-5.2"; VariantName = "[No Variations]"
Add component (AddParameter): Name = "Output Type"; Value = "CMOS"; VariantName = "[No Variations]"
Add component (AddParameter): Name = "PackageReference"; Value = "N0016A"; VariantName = "[No Variations]"
Add component (AddParameter): Name = "Rating"; Value = "Catalog"; VariantName = "[No Variations]"
Add component (AddParameter): Name = "Schmitt Trigger"; Value = "No"; VariantName = "[No Variations]"
Add component (AddParameter): Name = "Technology Family"; Value = "HC"; VariantName = "[No Variations]"
Add component (AddParameter): Name = "tpd @ Nom Voltage(Max)(ns)"; Value = "52"; VariantName = "[No Variations]"
Add component (AddParameter): Name = "Type"; Value = "Decade"; VariantName = "[No Variations]"
Add component (AddParameter): Name = "VCC(Max)(V)"; Value = "6"; VariantName = "[No Variations]"
Add component (AddParameter): Name = "VCC(Min)(V)"; Value = "2"; VariantName = "[No Variations]"
Add component (AddParameter): Name = "Voltage(Nom)(V)"; Value = "3.3,5"; VariantName = "[No Variations]"
Added Component: Designator=H1(PCBComponent_1)
Add component (AddParameter): Name = "Parameter 1"; Value = "H2x1"; VariantName = "[No Variations]"
Add component (AddParameter): Name = "Parameter 2"; Value = ""; VariantName = "[No Variations]"
Added Component: Designator=H2(PCBComponent_1)
Add component (AddParameter): Name = "Parameter 1"; Value = "H2x1"; VariantName = "[No Variations]"
Add component (AddParameter): Name = "Parameter 2"; Value = ""; VariantName = "[No Variations]"
Added Component: Designator=H5(PCBComponent_1)
Add component (AddParameter): Name = "Parameter 1"; Value = "H2x1"; VariantName = "[No Variations]"
Add component (AddParameter): Name = "Parameter 2"; Value = ""; VariantName = "[No Variations]"
Added Component: Designator=H6(PCBComponent_1)
Add component (AddParameter): Name = "Parameter 1"; Value = "H2x1"; VariantName = "[No Variations]"
Add component (AddParameter): Name = "Parameter 2"; Value = ""; VariantName = "[No Variations]"
Added Component: Designator=H7(PCBComponent_1)
Add component (AddParameter): Name = "Parameter 1"; Value = "H2x1"; VariantName = "[No Variations]"
Add component (AddParameter): Name = "Parameter 2"; Value = ""; VariantName = "[No Variations]"
Added Component: Designator=H8(PCBComponent_1)
Add component (AddParameter): Name = "Parameter 1"; Value = "H2x1"; VariantName = "[No Variations]"
Add component (AddParameter): Name = "Parameter 2"; Value = ""; VariantName = "[No Variations]"
Added Component: Designator=H9(PCBComponent_1)
Add component (AddParameter): Name = "Parameter 1"; Value = "H2x1"; VariantName = "[No Variations]"
Add component (AddParameter): Name = "Parameter 2"; Value = ""; VariantName = "[No Variations]"
Added Component: Designator=H10(PCBComponent_1)
Add component (AddParameter): Name = "Parameter 1"; Value = "H2x1"; VariantName = "[No Variations]"
Add component (AddParameter): Name = "Parameter 2"; Value = ""; VariantName = "[No Variations]"
Added Component: Designator=HAB(header 2x4)
Add component (AddParameter): Name = "Parameter 1"; Value = "header 2x4"; VariantName = "[No Variations]"
Added Component: Designator=HAB?(header 2x4)
Add component (AddParameter): Name = "Parameter 1"; Value = "header 2x4"; VariantName = "[No Variations]"
Added Component: Designator=HAB?(header 2x4)
Add component (AddParameter): Name = "Parameter 1"; Value = "header 2x4"; VariantName = "[No Variations]"
Added Component: Designator=HAB?(header 2x4)
Add component (AddParameter): Name = "Parameter 1"; Value = "header 2x4"; VariantName = "[No Variations]"
Added Component: Designator=HCD(header 2x4)
Add component (AddParameter): Name = "Parameter 1"; Value = "header 2x4"; VariantName = "[No Variations]"
Added Component: Designator=Hclk1(header 2x4)
Add component (AddParameter): Name = "Parameter 1"; Value = "header 2x4"; VariantName = "[No Variations]"
Added Component: Designator=Hclk2(header 2x4)
Add component (AddParameter): Name = "Parameter 1"; Value = "header 2x4"; VariantName = "[No Variations]"
Added Component: Designator=inv2(N0014A)
Add component (AddParameter): Name = "Bits(#)"; Value = "6"; VariantName = "[No Variations]"
Add component (AddParameter): Name = "Code_JEDEC"; Value = "MS-001"; VariantName = "[No Variations]"
Add component (AddParameter): Name = "DatasheetVersion"; Value = "SCLS085G"; VariantName = "[No Variations]"
Add component (AddParameter): Name = "F @ Nom Voltage(Max)(Mhz)"; Value = "20"; VariantName = "[No Variations]"
Add component (AddParameter): Name = "Generic Part Number"; Value = "SN74HC14"; VariantName = "[No Variations]"
Add component (AddParameter): Name = "ICC @ Nom Voltage(Max)(mA)"; Value = "0.02"; VariantName = "[No Variations]"
Add component (AddParameter): Name = "Input Type"; Value = "CMOS"; VariantName = "[No Variations]"
Add component (AddParameter): Name = "Manufacturer"; Value = "Texas Instruments"; VariantName = "[No Variations]"
Add component (AddParameter): Name = "Operating Temperature Range(C)"; Value = "-40 to 85"; VariantName = "[No Variations]"
Add component (AddParameter): Name = "Output Drive (IOL/IOH)(Max)(mA)"; Value = "-4/4"; VariantName = "[No Variations]"
Add component (AddParameter): Name = "Output Type"; Value = "CMOS"; VariantName = "[No Variations]"
Add component (AddParameter): Name = "PackageReference"; Value = "N0014A"; VariantName = "[No Variations]"
Add component (AddParameter): Name = "Rating"; Value = "Catalog"; VariantName = "[No Variations]"
Add component (AddParameter): Name = "Schmitt Trigger"; Value = "Yes"; VariantName = "[No Variations]"
Add component (AddParameter): Name = "Technology Family"; Value = "HC"; VariantName = "[No Variations]"
Add component (AddParameter): Name = "tpd @ Nom Voltage(Max)(ns)"; Value = "31"; VariantName = "[No Variations]"
Add component (AddParameter): Name = "VCC(Max)(V)"; Value = "6"; VariantName = "[No Variations]"
Add component (AddParameter): Name = "VCC(Min)(V)"; Value = "2"; VariantName = "[No Variations]"
Add component (AddParameter): Name = "Voltage(Nom)(V)"; Value = "5"; VariantName = "[No Variations]"
Added Component: Designator=inv3(N0014A)
Add component (AddParameter): Name = "Bits(#)"; Value = "6"; VariantName = "[No Variations]"
Add component (AddParameter): Name = "Code_JEDEC"; Value = "MS-001"; VariantName = "[No Variations]"
Add component (AddParameter): Name = "DatasheetVersion"; Value = "SCLS085G"; VariantName = "[No Variations]"
Add component (AddParameter): Name = "F @ Nom Voltage(Max)(Mhz)"; Value = "20"; VariantName = "[No Variations]"
Add component (AddParameter): Name = "Generic Part Number"; Value = "SN74HC14"; VariantName = "[No Variations]"
Add component (AddParameter): Name = "ICC @ Nom Voltage(Max)(mA)"; Value = "0.02"; VariantName = "[No Variations]"
Add component (AddParameter): Name = "Input Type"; Value = "CMOS"; VariantName = "[No Variations]"
Add component (AddParameter): Name = "Manufacturer"; Value = "Texas Instruments"; VariantName = "[No Variations]"
Add component (AddParameter): Name = "Operating Temperature Range(C)"; Value = "-40 to 85"; VariantName = "[No Variations]"
Add component (AddParameter): Name = "Output Drive (IOL/IOH)(Max)(mA)"; Value = "-4/4"; VariantName = "[No Variations]"
Add component (AddParameter): Name = "Output Type"; Value = "CMOS"; VariantName = "[No Variations]"
Add component (AddParameter): Name = "PackageReference"; Value = "N0014A"; VariantName = "[No Variations]"
Add component (AddParameter): Name = "Rating"; Value = "Catalog"; VariantName = "[No Variations]"
Add component (AddParameter): Name = "Schmitt Trigger"; Value = "Yes"; VariantName = "[No Variations]"
Add component (AddParameter): Name = "Technology Family"; Value = "HC"; VariantName = "[No Variations]"
Add component (AddParameter): Name = "tpd @ Nom Voltage(Max)(ns)"; Value = "31"; VariantName = "[No Variations]"
Add component (AddParameter): Name = "VCC(Max)(V)"; Value = "6"; VariantName = "[No Variations]"
Add component (AddParameter): Name = "VCC(Min)(V)"; Value = "2"; VariantName = "[No Variations]"
Add component (AddParameter): Name = "Voltage(Nom)(V)"; Value = "5"; VariantName = "[No Variations]"
Added Component: Designator=inv4(N0014A)
Add component (AddParameter): Name = "Bits(#)"; Value = "6"; VariantName = "[No Variations]"
Add component (AddParameter): Name = "Code_JEDEC"; Value = "MS-001"; VariantName = "[No Variations]"
Add component (AddParameter): Name = "DatasheetVersion"; Value = "SCLS085G"; VariantName = "[No Variations]"
Add component (AddParameter): Name = "F @ Nom Voltage(Max)(Mhz)"; Value = "20"; VariantName = "[No Variations]"
Add component (AddParameter): Name = "Generic Part Number"; Value = "SN74HC14"; VariantName = "[No Variations]"
Add component (AddParameter): Name = "ICC @ Nom Voltage(Max)(mA)"; Value = "0.02"; VariantName = "[No Variations]"
Add component (AddParameter): Name = "Input Type"; Value = "CMOS"; VariantName = "[No Variations]"
Add component (AddParameter): Name = "Manufacturer"; Value = "Texas Instruments"; VariantName = "[No Variations]"
Add component (AddParameter): Name = "Operating Temperature Range(C)"; Value = "-40 to 85"; VariantName = "[No Variations]"
Add component (AddParameter): Name = "Output Drive (IOL/IOH)(Max)(mA)"; Value = "-4/4"; VariantName = "[No Variations]"
Add component (AddParameter): Name = "Output Type"; Value = "CMOS"; VariantName = "[No Variations]"
Add component (AddParameter): Name = "PackageReference"; Value = "N0014A"; VariantName = "[No Variations]"
Add component (AddParameter): Name = "Rating"; Value = "Catalog"; VariantName = "[No Variations]"
Add component (AddParameter): Name = "Schmitt Trigger"; Value = "Yes"; VariantName = "[No Variations]"
Add component (AddParameter): Name = "Technology Family"; Value = "HC"; VariantName = "[No Variations]"
Add component (AddParameter): Name = "tpd @ Nom Voltage(Max)(ns)"; Value = "31"; VariantName = "[No Variations]"
Add component (AddParameter): Name = "VCC(Max)(V)"; Value = "6"; VariantName = "[No Variations]"
Add component (AddParameter): Name = "VCC(Min)(V)"; Value = "2"; VariantName = "[No Variations]"
Add component (AddParameter): Name = "Voltage(Nom)(V)"; Value = "5"; VariantName = "[No Variations]"
Added Component: Designator=inv5(N0014A)
Add component (AddParameter): Name = "Bits(#)"; Value = "6"; VariantName = "[No Variations]"
Add component (AddParameter): Name = "Code_JEDEC"; Value = "MS-001"; VariantName = "[No Variations]"
Add component (AddParameter): Name = "DatasheetVersion"; Value = "SCLS085G"; VariantName = "[No Variations]"
Add component (AddParameter): Name = "F @ Nom Voltage(Max)(Mhz)"; Value = "20"; VariantName = "[No Variations]"
Add component (AddParameter): Name = "Generic Part Number"; Value = "SN74HC14"; VariantName = "[No Variations]"
Add component (AddParameter): Name = "ICC @ Nom Voltage(Max)(mA)"; Value = "0.02"; VariantName = "[No Variations]"
Add component (AddParameter): Name = "Input Type"; Value = "CMOS"; VariantName = "[No Variations]"
Add component (AddParameter): Name = "Manufacturer"; Value = "Texas Instruments"; VariantName = "[No Variations]"
Add component (AddParameter): Name = "Operating Temperature Range(C)"; Value = "-40 to 85"; VariantName = "[No Variations]"
Add component (AddParameter): Name = "Output Drive (IOL/IOH)(Max)(mA)"; Value = "-4/4"; VariantName = "[No Variations]"
Add component (AddParameter): Name = "Output Type"; Value = "CMOS"; VariantName = "[No Variations]"
Add component (AddParameter): Name = "PackageReference"; Value = "N0014A"; VariantName = "[No Variations]"
Add component (AddParameter): Name = "Rating"; Value = "Catalog"; VariantName = "[No Variations]"
Add component (AddParameter): Name = "Schmitt Trigger"; Value = "Yes"; VariantName = "[No Variations]"
Add component (AddParameter): Name = "Technology Family"; Value = "HC"; VariantName = "[No Variations]"
Add component (AddParameter): Name = "tpd @ Nom Voltage(Max)(ns)"; Value = "31"; VariantName = "[No Variations]"
Add component (AddParameter): Name = "VCC(Max)(V)"; Value = "6"; VariantName = "[No Variations]"
Add component (AddParameter): Name = "VCC(Min)(V)"; Value = "2"; VariantName = "[No Variations]"
Add component (AddParameter): Name = "Voltage(Nom)(V)"; Value = "5"; VariantName = "[No Variations]"
Added Component: Designator=inv?(N0014A)
Add component (AddParameter): Name = "Bits(#)"; Value = "6"; VariantName = "[No Variations]"
Add component (AddParameter): Name = "Code_JEDEC"; Value = "MS-001"; VariantName = "[No Variations]"
Add component (AddParameter): Name = "DatasheetVersion"; Value = "SCLS085G"; VariantName = "[No Variations]"
Add component (AddParameter): Name = "F @ Nom Voltage(Max)(Mhz)"; Value = "20"; VariantName = "[No Variations]"
Add component (AddParameter): Name = "Generic Part Number"; Value = "SN74HC14"; VariantName = "[No Variations]"
Add component (AddParameter): Name = "ICC @ Nom Voltage(Max)(mA)"; Value = "0.02"; VariantName = "[No Variations]"
Add component (AddParameter): Name = "Input Type"; Value = "CMOS"; VariantName = "[No Variations]"
Add component (AddParameter): Name = "Manufacturer"; Value = "Texas Instruments"; VariantName = "[No Variations]"
Add component (AddParameter): Name = "Operating Temperature Range(C)"; Value = "-40 to 85"; VariantName = "[No Variations]"
Add component (AddParameter): Name = "Output Drive (IOL/IOH)(Max)(mA)"; Value = "-4/4"; VariantName = "[No Variations]"
Add component (AddParameter): Name = "Output Type"; Value = "CMOS"; VariantName = "[No Variations]"
Add component (AddParameter): Name = "PackageReference"; Value = "N0014A"; VariantName = "[No Variations]"
Add component (AddParameter): Name = "Rating"; Value = "Catalog"; VariantName = "[No Variations]"
Add component (AddParameter): Name = "Schmitt Trigger"; Value = "Yes"; VariantName = "[No Variations]"
Add component (AddParameter): Name = "Technology Family"; Value = "HC"; VariantName = "[No Variations]"
Add component (AddParameter): Name = "tpd @ Nom Voltage(Max)(ns)"; Value = "31"; VariantName = "[No Variations]"
Add component (AddParameter): Name = "VCC(Max)(V)"; Value = "6"; VariantName = "[No Variations]"
Add component (AddParameter): Name = "VCC(Min)(V)"; Value = "2"; VariantName = "[No Variations]"
Add component (AddParameter): Name = "Voltage(Nom)(V)"; Value = "5"; VariantName = "[No Variations]"
Added Component: Designator=LED1(KING-WP7113SGD_V)
Add component (AddParameter): Name = "Case/Package"; Value = "Radial"; VariantName = "[No Variations]"
Add component (AddParameter): Name = "Colour"; Value = "Green"; VariantName = "[No Variations]"
Add component (AddParameter): Name = "Datasheet URL"; Value = "http://www.kingbrightusa.com/images/catalog/SPEC/WP7113SGD.pdf"; VariantName = "[No Variations]"
Add component (AddParameter): Name = "Datasheet Version"; Value = "Rev. 6B, 01/2015"; VariantName = "[No Variations]"
Add component (AddParameter): Name = "Dominant Wavelength"; Value = "568nm"; VariantName = "[No Variations]"
Add component (AddParameter): Name = "Forward Voltage"; Value = "2.2V"; VariantName = "[No Variations]"
Add component (AddParameter): Name = "Height"; Value = "8.6mm"; VariantName = "[No Variations]"
Add component (AddParameter): Name = "Illumination Colour"; Value = "Green"; VariantName = "[No Variations]"
Add component (AddParameter): Name = "Lead Free"; Value = "LeadFree"; VariantName = "[No Variations]"
Add component (AddParameter): Name = "Lens Style"; Value = "Tinted"; VariantName = "[No Variations]"
Add component (AddParameter): Name = "Luminous Intensity"; Value = "40mcd"; VariantName = "[No Variations]"
Add component (AddParameter): Name = "Manufacturer"; Value = "Kingbright"; VariantName = "[No Variations]"
Add component (AddParameter): Name = "Package Description"; Value = "2-Pin Through Hole Device, Dia 5.9 mm, Body Length 8.6 mm"; VariantName = "[No Variations]"
Add component (AddParameter): Name = "Package Quantity"; Value = "1000"; VariantName = "[No Variations]"
Add component (AddParameter): Name = "Package Reference"; Value = "WP7113SGD"; VariantName = "[No Variations]"
Add component (AddParameter): Name = "Packaging"; Value = "Bulk"; VariantName = "[No Variations]"
Add component (AddParameter): Name = "RoHSCompliant"; Value = "true"; VariantName = "[No Variations]"
Add component (AddParameter): Name = "Test Current"; Value = "20mA"; VariantName = "[No Variations]"
Add component (AddParameter): Name = "Viewing Angle"; Value = "30degrees"; VariantName = "[No Variations]"
Add component (AddParameter): Name = "Wavelength"; Value = "568nm"; VariantName = "[No Variations]"
Added Component: Designator=LED2(KING-WP7113SGD_V)
Add component (AddParameter): Name = "Case/Package"; Value = "Radial"; VariantName = "[No Variations]"
Add component (AddParameter): Name = "Colour"; Value = "Green"; VariantName = "[No Variations]"
Add component (AddParameter): Name = "Datasheet URL"; Value = "http://www.kingbrightusa.com/images/catalog/SPEC/WP7113SGD.pdf"; VariantName = "[No Variations]"
Add component (AddParameter): Name = "Datasheet Version"; Value = "Rev. 6B, 01/2015"; VariantName = "[No Variations]"
Add component (AddParameter): Name = "Dominant Wavelength"; Value = "568nm"; VariantName = "[No Variations]"
Add component (AddParameter): Name = "Forward Voltage"; Value = "2.2V"; VariantName = "[No Variations]"
Add component (AddParameter): Name = "Height"; Value = "8.6mm"; VariantName = "[No Variations]"
Add component (AddParameter): Name = "Illumination Colour"; Value = "Green"; VariantName = "[No Variations]"
Add component (AddParameter): Name = "Lead Free"; Value = "LeadFree"; VariantName = "[No Variations]"
Add component (AddParameter): Name = "Lens Style"; Value = "Tinted"; VariantName = "[No Variations]"
Add component (AddParameter): Name = "Luminous Intensity"; Value = "40mcd"; VariantName = "[No Variations]"
Add component (AddParameter): Name = "Manufacturer"; Value = "Kingbright"; VariantName = "[No Variations]"
Add component (AddParameter): Name = "Package Description"; Value = "2-Pin Through Hole Device, Dia 5.9 mm, Body Length 8.6 mm"; VariantName = "[No Variations]"
Add component (AddParameter): Name = "Package Quantity"; Value = "1000"; VariantName = "[No Variations]"
Add component (AddParameter): Name = "Package Reference"; Value = "WP7113SGD"; VariantName = "[No Variations]"
Add component (AddParameter): Name = "Packaging"; Value = "Bulk"; VariantName = "[No Variations]"
Add component (AddParameter): Name = "RoHSCompliant"; Value = "true"; VariantName = "[No Variations]"
Add component (AddParameter): Name = "Test Current"; Value = "20mA"; VariantName = "[No Variations]"
Add component (AddParameter): Name = "Viewing Angle"; Value = "30degrees"; VariantName = "[No Variations]"
Add component (AddParameter): Name = "Wavelength"; Value = "568nm"; VariantName = "[No Variations]"
Added Component: Designator=LED3(KING-WP7113SGD_V)
Add component (AddParameter): Name = "Case/Package"; Value = "Radial"; VariantName = "[No Variations]"
Add component (AddParameter): Name = "Colour"; Value = "Green"; VariantName = "[No Variations]"
Add component (AddParameter): Name = "Datasheet URL"; Value = "http://www.kingbrightusa.com/images/catalog/SPEC/WP7113SGD.pdf"; VariantName = "[No Variations]"
Add component (AddParameter): Name = "Datasheet Version"; Value = "Rev. 6B, 01/2015"; VariantName = "[No Variations]"
Add component (AddParameter): Name = "Dominant Wavelength"; Value = "568nm"; VariantName = "[No Variations]"
Add component (AddParameter): Name = "Forward Voltage"; Value = "2.2V"; VariantName = "[No Variations]"
Add component (AddParameter): Name = "Height"; Value = "8.6mm"; VariantName = "[No Variations]"
Add component (AddParameter): Name = "Illumination Colour"; Value = "Green"; VariantName = "[No Variations]"
Add component (AddParameter): Name = "Lead Free"; Value = "LeadFree"; VariantName = "[No Variations]"
Add component (AddParameter): Name = "Lens Style"; Value = "Tinted"; VariantName = "[No Variations]"
Add component (AddParameter): Name = "Luminous Intensity"; Value = "40mcd"; VariantName = "[No Variations]"
Add component (AddParameter): Name = "Manufacturer"; Value = "Kingbright"; VariantName = "[No Variations]"
Add component (AddParameter): Name = "Package Description"; Value = "2-Pin Through Hole Device, Dia 5.9 mm, Body Length 8.6 mm"; VariantName = "[No Variations]"
Add component (AddParameter): Name = "Package Quantity"; Value = "1000"; VariantName = "[No Variations]"
Add component (AddParameter): Name = "Package Reference"; Value = "WP7113SGD"; VariantName = "[No Variations]"
Add component (AddParameter): Name = "Packaging"; Value = "Bulk"; VariantName = "[No Variations]"
Add component (AddParameter): Name = "RoHSCompliant"; Value = "true"; VariantName = "[No Variations]"
Add component (AddParameter): Name = "Test Current"; Value = "20mA"; VariantName = "[No Variations]"
Add component (AddParameter): Name = "Viewing Angle"; Value = "30degrees"; VariantName = "[No Variations]"
Add component (AddParameter): Name = "Wavelength"; Value = "568nm"; VariantName = "[No Variations]"
Added Component: Designator=LED4(KING-WP7113SGD_V)
Add component (AddParameter): Name = "Case/Package"; Value = "Radial"; VariantName = "[No Variations]"
Add component (AddParameter): Name = "Colour"; Value = "Green"; VariantName = "[No Variations]"
Add component (AddParameter): Name = "Datasheet URL"; Value = "http://www.kingbrightusa.com/images/catalog/SPEC/WP7113SGD.pdf"; VariantName = "[No Variations]"
Add component (AddParameter): Name = "Datasheet Version"; Value = "Rev. 6B, 01/2015"; VariantName = "[No Variations]"
Add component (AddParameter): Name = "Dominant Wavelength"; Value = "568nm"; VariantName = "[No Variations]"
Add component (AddParameter): Name = "Forward Voltage"; Value = "2.2V"; VariantName = "[No Variations]"
Add component (AddParameter): Name = "Height"; Value = "8.6mm"; VariantName = "[No Variations]"
Add component (AddParameter): Name = "Illumination Colour"; Value = "Green"; VariantName = "[No Variations]"
Add component (AddParameter): Name = "Lead Free"; Value = "LeadFree"; VariantName = "[No Variations]"
Add component (AddParameter): Name = "Lens Style"; Value = "Tinted"; VariantName = "[No Variations]"
Add component (AddParameter): Name = "Luminous Intensity"; Value = "40mcd"; VariantName = "[No Variations]"
Add component (AddParameter): Name = "Manufacturer"; Value = "Kingbright"; VariantName = "[No Variations]"
Add component (AddParameter): Name = "Package Description"; Value = "2-Pin Through Hole Device, Dia 5.9 mm, Body Length 8.6 mm"; VariantName = "[No Variations]"
Add component (AddParameter): Name = "Package Quantity"; Value = "1000"; VariantName = "[No Variations]"
Add component (AddParameter): Name = "Package Reference"; Value = "WP7113SGD"; VariantName = "[No Variations]"
Add component (AddParameter): Name = "Packaging"; Value = "Bulk"; VariantName = "[No Variations]"
Add component (AddParameter): Name = "RoHSCompliant"; Value = "true"; VariantName = "[No Variations]"
Add component (AddParameter): Name = "Test Current"; Value = "20mA"; VariantName = "[No Variations]"
Add component (AddParameter): Name = "Viewing Angle"; Value = "30degrees"; VariantName = "[No Variations]"
Add component (AddParameter): Name = "Wavelength"; Value = "568nm"; VariantName = "[No Variations]"
Added Component: Designator=LED5(KING-WP7113SGD_V)
Add component (AddParameter): Name = "Case/Package"; Value = "Radial"; VariantName = "[No Variations]"
Add component (AddParameter): Name = "Colour"; Value = "Green"; VariantName = "[No Variations]"
Add component (AddParameter): Name = "Datasheet URL"; Value = "http://www.kingbrightusa.com/images/catalog/SPEC/WP7113SGD.pdf"; VariantName = "[No Variations]"
Add component (AddParameter): Name = "Datasheet Version"; Value = "Rev. 6B, 01/2015"; VariantName = "[No Variations]"
Add component (AddParameter): Name = "Dominant Wavelength"; Value = "568nm"; VariantName = "[No Variations]"
Add component (AddParameter): Name = "Forward Voltage"; Value = "2.2V"; VariantName = "[No Variations]"
Add component (AddParameter): Name = "Height"; Value = "8.6mm"; VariantName = "[No Variations]"
Add component (AddParameter): Name = "Illumination Colour"; Value = "Green"; VariantName = "[No Variations]"
Add component (AddParameter): Name = "Lead Free"; Value = "LeadFree"; VariantName = "[No Variations]"
Add component (AddParameter): Name = "Lens Style"; Value = "Tinted"; VariantName = "[No Variations]"
Add component (AddParameter): Name = "Luminous Intensity"; Value = "40mcd"; VariantName = "[No Variations]"
Add component (AddParameter): Name = "Manufacturer"; Value = "Kingbright"; VariantName = "[No Variations]"
Add component (AddParameter): Name = "Package Description"; Value = "2-Pin Through Hole Device, Dia 5.9 mm, Body Length 8.6 mm"; VariantName = "[No Variations]"
Add component (AddParameter): Name = "Package Quantity"; Value = "1000"; VariantName = "[No Variations]"
Add component (AddParameter): Name = "Package Reference"; Value = "WP7113SGD"; VariantName = "[No Variations]"
Add component (AddParameter): Name = "Packaging"; Value = "Bulk"; VariantName = "[No Variations]"
Add component (AddParameter): Name = "RoHSCompliant"; Value = "true"; VariantName = "[No Variations]"
Add component (AddParameter): Name = "Test Current"; Value = "20mA"; VariantName = "[No Variations]"
Add component (AddParameter): Name = "Viewing Angle"; Value = "30degrees"; VariantName = "[No Variations]"
Add component (AddParameter): Name = "Wavelength"; Value = "568nm"; VariantName = "[No Variations]"
Added Component: Designator=LED6(KING-WP7113SGD_V)
Add component (AddParameter): Name = "Case/Package"; Value = "Radial"; VariantName = "[No Variations]"
Add component (AddParameter): Name = "Colour"; Value = "Green"; VariantName = "[No Variations]"
Add component (AddParameter): Name = "Datasheet URL"; Value = "http://www.kingbrightusa.com/images/catalog/SPEC/WP7113SGD.pdf"; VariantName = "[No Variations]"
Add component (AddParameter): Name = "Datasheet Version"; Value = "Rev. 6B, 01/2015"; VariantName = "[No Variations]"
Add component (AddParameter): Name = "Dominant Wavelength"; Value = "568nm"; VariantName = "[No Variations]"
Add component (AddParameter): Name = "Forward Voltage"; Value = "2.2V"; VariantName = "[No Variations]"
Add component (AddParameter): Name = "Height"; Value = "8.6mm"; VariantName = "[No Variations]"
Add component (AddParameter): Name = "Illumination Colour"; Value = "Green"; VariantName = "[No Variations]"
Add component (AddParameter): Name = "Lead Free"; Value = "LeadFree"; VariantName = "[No Variations]"
Add component (AddParameter): Name = "Lens Style"; Value = "Tinted"; VariantName = "[No Variations]"
Add component (AddParameter): Name = "Luminous Intensity"; Value = "40mcd"; VariantName = "[No Variations]"
Add component (AddParameter): Name = "Manufacturer"; Value = "Kingbright"; VariantName = "[No Variations]"
Add component (AddParameter): Name = "Package Description"; Value = "2-Pin Through Hole Device, Dia 5.9 mm, Body Length 8.6 mm"; VariantName = "[No Variations]"
Add component (AddParameter): Name = "Package Quantity"; Value = "1000"; VariantName = "[No Variations]"
Add component (AddParameter): Name = "Package Reference"; Value = "WP7113SGD"; VariantName = "[No Variations]"
Add component (AddParameter): Name = "Packaging"; Value = "Bulk"; VariantName = "[No Variations]"
Add component (AddParameter): Name = "RoHSCompliant"; Value = "true"; VariantName = "[No Variations]"
Add component (AddParameter): Name = "Test Current"; Value = "20mA"; VariantName = "[No Variations]"
Add component (AddParameter): Name = "Viewing Angle"; Value = "30degrees"; VariantName = "[No Variations]"
Add component (AddParameter): Name = "Wavelength"; Value = "568nm"; VariantName = "[No Variations]"
Added Component: Designator=LED7(KING-WP7113SGD_V)
Add component (AddParameter): Name = "Case/Package"; Value = "Radial"; VariantName = "[No Variations]"
Add component (AddParameter): Name = "Colour"; Value = "Green"; VariantName = "[No Variations]"
Add component (AddParameter): Name = "Datasheet URL"; Value = "http://www.kingbrightusa.com/images/catalog/SPEC/WP7113SGD.pdf"; VariantName = "[No Variations]"
Add component (AddParameter): Name = "Datasheet Version"; Value = "Rev. 6B, 01/2015"; VariantName = "[No Variations]"
Add component (AddParameter): Name = "Dominant Wavelength"; Value = "568nm"; VariantName = "[No Variations]"
Add component (AddParameter): Name = "Forward Voltage"; Value = "2.2V"; VariantName = "[No Variations]"
Add component (AddParameter): Name = "Height"; Value = "8.6mm"; VariantName = "[No Variations]"
Add component (AddParameter): Name = "Illumination Colour"; Value = "Green"; VariantName = "[No Variations]"
Add component (AddParameter): Name = "Lead Free"; Value = "LeadFree"; VariantName = "[No Variations]"
Add component (AddParameter): Name = "Lens Style"; Value = "Tinted"; VariantName = "[No Variations]"
Add component (AddParameter): Name = "Luminous Intensity"; Value = "40mcd"; VariantName = "[No Variations]"
Add component (AddParameter): Name = "Manufacturer"; Value = "Kingbright"; VariantName = "[No Variations]"
Add component (AddParameter): Name = "Package Description"; Value = "2-Pin Through Hole Device, Dia 5.9 mm, Body Length 8.6 mm"; VariantName = "[No Variations]"
Add component (AddParameter): Name = "Package Quantity"; Value = "1000"; VariantName = "[No Variations]"
Add component (AddParameter): Name = "Package Reference"; Value = "WP7113SGD"; VariantName = "[No Variations]"
Add component (AddParameter): Name = "Packaging"; Value = "Bulk"; VariantName = "[No Variations]"
Add component (AddParameter): Name = "RoHSCompliant"; Value = "true"; VariantName = "[No Variations]"
Add component (AddParameter): Name = "Test Current"; Value = "20mA"; VariantName = "[No Variations]"
Add component (AddParameter): Name = "Viewing Angle"; Value = "30degrees"; VariantName = "[No Variations]"
Add component (AddParameter): Name = "Wavelength"; Value = "568nm"; VariantName = "[No Variations]"
Added Component: Designator=LED8(KING-WP7113SGD_V)
Add component (AddParameter): Name = "Case/Package"; Value = "Radial"; VariantName = "[No Variations]"
Add component (AddParameter): Name = "Colour"; Value = "Green"; VariantName = "[No Variations]"
Add component (AddParameter): Name = "Datasheet URL"; Value = "http://www.kingbrightusa.com/images/catalog/SPEC/WP7113SGD.pdf"; VariantName = "[No Variations]"
Add component (AddParameter): Name = "Datasheet Version"; Value = "Rev. 6B, 01/2015"; VariantName = "[No Variations]"
Add component (AddParameter): Name = "Dominant Wavelength"; Value = "568nm"; VariantName = "[No Variations]"
Add component (AddParameter): Name = "Forward Voltage"; Value = "2.2V"; VariantName = "[No Variations]"
Add component (AddParameter): Name = "Height"; Value = "8.6mm"; VariantName = "[No Variations]"
Add component (AddParameter): Name = "Illumination Colour"; Value = "Green"; VariantName = "[No Variations]"
Add component (AddParameter): Name = "Lead Free"; Value = "LeadFree"; VariantName = "[No Variations]"
Add component (AddParameter): Name = "Lens Style"; Value = "Tinted"; VariantName = "[No Variations]"
Add component (AddParameter): Name = "Luminous Intensity"; Value = "40mcd"; VariantName = "[No Variations]"
Add component (AddParameter): Name = "Manufacturer"; Value = "Kingbright"; VariantName = "[No Variations]"
Add component (AddParameter): Name = "Package Description"; Value = "2-Pin Through Hole Device, Dia 5.9 mm, Body Length 8.6 mm"; VariantName = "[No Variations]"
Add component (AddParameter): Name = "Package Quantity"; Value = "1000"; VariantName = "[No Variations]"
Add component (AddParameter): Name = "Package Reference"; Value = "WP7113SGD"; VariantName = "[No Variations]"
Add component (AddParameter): Name = "Packaging"; Value = "Bulk"; VariantName = "[No Variations]"
Add component (AddParameter): Name = "RoHSCompliant"; Value = "true"; VariantName = "[No Variations]"
Add component (AddParameter): Name = "Test Current"; Value = "20mA"; VariantName = "[No Variations]"
Add component (AddParameter): Name = "Viewing Angle"; Value = "30degrees"; VariantName = "[No Variations]"
Add component (AddParameter): Name = "Wavelength"; Value = "568nm"; VariantName = "[No Variations]"
Added Component: Designator=LED9(KING-WP7113SGD_V)
Add component (AddParameter): Name = "Case/Package"; Value = "Radial"; VariantName = "[No Variations]"
Add component (AddParameter): Name = "Colour"; Value = "Green"; VariantName = "[No Variations]"
Add component (AddParameter): Name = "Datasheet URL"; Value = "http://www.kingbrightusa.com/images/catalog/SPEC/WP7113SGD.pdf"; VariantName = "[No Variations]"
Add component (AddParameter): Name = "Datasheet Version"; Value = "Rev. 6B, 01/2015"; VariantName = "[No Variations]"
Add component (AddParameter): Name = "Dominant Wavelength"; Value = "568nm"; VariantName = "[No Variations]"
Add component (AddParameter): Name = "Forward Voltage"; Value = "2.2V"; VariantName = "[No Variations]"
Add component (AddParameter): Name = "Height"; Value = "8.6mm"; VariantName = "[No Variations]"
Add component (AddParameter): Name = "Illumination Colour"; Value = "Green"; VariantName = "[No Variations]"
Add component (AddParameter): Name = "Lead Free"; Value = "LeadFree"; VariantName = "[No Variations]"
Add component (AddParameter): Name = "Lens Style"; Value = "Tinted"; VariantName = "[No Variations]"
Add component (AddParameter): Name = "Luminous Intensity"; Value = "40mcd"; VariantName = "[No Variations]"
Add component (AddParameter): Name = "Manufacturer"; Value = "Kingbright"; VariantName = "[No Variations]"
Add component (AddParameter): Name = "Package Description"; Value = "2-Pin Through Hole Device, Dia 5.9 mm, Body Length 8.6 mm"; VariantName = "[No Variations]"
Add component (AddParameter): Name = "Package Quantity"; Value = "1000"; VariantName = "[No Variations]"
Add component (AddParameter): Name = "Package Reference"; Value = "WP7113SGD"; VariantName = "[No Variations]"
Add component (AddParameter): Name = "Packaging"; Value = "Bulk"; VariantName = "[No Variations]"
Add component (AddParameter): Name = "RoHSCompliant"; Value = "true"; VariantName = "[No Variations]"
Add component (AddParameter): Name = "Test Current"; Value = "20mA"; VariantName = "[No Variations]"
Add component (AddParameter): Name = "Viewing Angle"; Value = "30degrees"; VariantName = "[No Variations]"
Add component (AddParameter): Name = "Wavelength"; Value = "568nm"; VariantName = "[No Variations]"
Added Component: Designator=LED10(KING-WP7113SGD_V)
Add component (AddParameter): Name = "Case/Package"; Value = "Radial"; VariantName = "[No Variations]"
Add component (AddParameter): Name = "Colour"; Value = "Green"; VariantName = "[No Variations]"
Add component (AddParameter): Name = "Datasheet URL"; Value = "http://www.kingbrightusa.com/images/catalog/SPEC/WP7113SGD.pdf"; VariantName = "[No Variations]"
Add component (AddParameter): Name = "Datasheet Version"; Value = "Rev. 6B, 01/2015"; VariantName = "[No Variations]"
Add component (AddParameter): Name = "Dominant Wavelength"; Value = "568nm"; VariantName = "[No Variations]"
Add component (AddParameter): Name = "Forward Voltage"; Value = "2.2V"; VariantName = "[No Variations]"
Add component (AddParameter): Name = "Height"; Value = "8.6mm"; VariantName = "[No Variations]"
Add component (AddParameter): Name = "Illumination Colour"; Value = "Green"; VariantName = "[No Variations]"
Add component (AddParameter): Name = "Lead Free"; Value = "LeadFree"; VariantName = "[No Variations]"
Add component (AddParameter): Name = "Lens Style"; Value = "Tinted"; VariantName = "[No Variations]"
Add component (AddParameter): Name = "Luminous Intensity"; Value = "40mcd"; VariantName = "[No Variations]"
Add component (AddParameter): Name = "Manufacturer"; Value = "Kingbright"; VariantName = "[No Variations]"
Add component (AddParameter): Name = "Package Description"; Value = "2-Pin Through Hole Device, Dia 5.9 mm, Body Length 8.6 mm"; VariantName = "[No Variations]"
Add component (AddParameter): Name = "Package Quantity"; Value = "1000"; VariantName = "[No Variations]"
Add component (AddParameter): Name = "Package Reference"; Value = "WP7113SGD"; VariantName = "[No Variations]"
Add component (AddParameter): Name = "Packaging"; Value = "Bulk"; VariantName = "[No Variations]"
Add component (AddParameter): Name = "RoHSCompliant"; Value = "true"; VariantName = "[No Variations]"
Add component (AddParameter): Name = "Test Current"; Value = "20mA"; VariantName = "[No Variations]"
Add component (AddParameter): Name = "Viewing Angle"; Value = "30degrees"; VariantName = "[No Variations]"
Add component (AddParameter): Name = "Wavelength"; Value = "568nm"; VariantName = "[No Variations]"
Added Component: Designator=lm1(J0014A)
Add component (AddParameter): Name = "Code_IPC"; Value = ""; VariantName = "[No Variations]"
Add component (AddParameter): Name = "Code_JEDEC"; Value = ""; VariantName = "[No Variations]"
Add component (AddParameter): Name = "Code_JEITA"; Value = ""; VariantName = "[No Variations]"
Add component (AddParameter): Name = "ComponentLink1Description"; Value = "Datasheet URL"; VariantName = "[No Variations]"
Add component (AddParameter): Name = "ComponentLink1URL"; Value = "http://www.ti.com/general/docs/lit/getliterature.tsp?genericPartNumber=LM339-N&fileType=pdf"; VariantName = "[No Variations]"
Add component (AddParameter): Name = "CompType"; Value = "Comparator"; VariantName = "[No Variations]"
Add component (AddParameter): Name = "High-Reliability"; Value = ""; VariantName = "[No Variations]"
Add component (AddParameter): Name = "Manufacturer"; Value = "Texas Instruments"; VariantName = "[No Variations]"
Add component (AddParameter): Name = "PackageDescription"; Value = "Cerdip, .400 x .310in Body, 14 Lead, .300in Centers, .100in Pitch"; VariantName = "[No Variations]"
Add component (AddParameter): Name = "PackageReference"; Value = "J0014A"; VariantName = "[No Variations]"
Add component (AddParameter): Name = "PackageTopMarking"; Value = "NSUZXYYTT*LM339J"; VariantName = "[No Variations]"
Add component (AddParameter): Name = "PartNumber"; Value = ""; VariantName = "[No Variations]"
Add component (AddParameter): Name = "PinCount"; Value = "14"; VariantName = "[No Variations]"
Add component (AddParameter): Name = "PowerWise"; Value = "N"; VariantName = "[No Variations]"
Add component (AddParameter): Name = "RoHS"; Value = "N"; VariantName = "[No Variations]"
Added Component: Designator=lm2(J0014A)
Add component (AddParameter): Name = "Code_IPC"; Value = ""; VariantName = "[No Variations]"
Add component (AddParameter): Name = "Code_JEDEC"; Value = ""; VariantName = "[No Variations]"
Add component (AddParameter): Name = "Code_JEITA"; Value = ""; VariantName = "[No Variations]"
Add component (AddParameter): Name = "ComponentLink1Description"; Value = "Datasheet URL"; VariantName = "[No Variations]"
Add component (AddParameter): Name = "ComponentLink1URL"; Value = "http://www.ti.com/general/docs/lit/getliterature.tsp?genericPartNumber=LM339-N&fileType=pdf"; VariantName = "[No Variations]"
Add component (AddParameter): Name = "CompType"; Value = "Comparator"; VariantName = "[No Variations]"
Add component (AddParameter): Name = "High-Reliability"; Value = ""; VariantName = "[No Variations]"
Add component (AddParameter): Name = "Manufacturer"; Value = "Texas Instruments"; VariantName = "[No Variations]"
Add component (AddParameter): Name = "PackageDescription"; Value = "Cerdip, .400 x .310in Body, 14 Lead, .300in Centers, .100in Pitch"; VariantName = "[No Variations]"
Add component (AddParameter): Name = "PackageReference"; Value = "J0014A"; VariantName = "[No Variations]"
Add component (AddParameter): Name = "PackageTopMarking"; Value = "NSUZXYYTT*LM339J"; VariantName = "[No Variations]"
Add component (AddParameter): Name = "PartNumber"; Value = ""; VariantName = "[No Variations]"
Add component (AddParameter): Name = "PinCount"; Value = "14"; VariantName = "[No Variations]"
Add component (AddParameter): Name = "PowerWise"; Value = "N"; VariantName = "[No Variations]"
Add component (AddParameter): Name = "RoHS"; Value = "N"; VariantName = "[No Variations]"
Added Component: Designator=lm3(J0014A)
Add component (AddParameter): Name = "Code_IPC"; Value = ""; VariantName = "[No Variations]"
Add component (AddParameter): Name = "Code_JEDEC"; Value = ""; VariantName = "[No Variations]"
Add component (AddParameter): Name = "Code_JEITA"; Value = ""; VariantName = "[No Variations]"
Add component (AddParameter): Name = "ComponentLink1Description"; Value = "Datasheet URL"; VariantName = "[No Variations]"
Add component (AddParameter): Name = "ComponentLink1URL"; Value = "http://www.ti.com/general/docs/lit/getliterature.tsp?genericPartNumber=LM339-N&fileType=pdf"; VariantName = "[No Variations]"
Add component (AddParameter): Name = "CompType"; Value = "Comparator"; VariantName = "[No Variations]"
Add component (AddParameter): Name = "High-Reliability"; Value = ""; VariantName = "[No Variations]"
Add component (AddParameter): Name = "Manufacturer"; Value = "Texas Instruments"; VariantName = "[No Variations]"
Add component (AddParameter): Name = "PackageDescription"; Value = "Cerdip, .400 x .310in Body, 14 Lead, .300in Centers, .100in Pitch"; VariantName = "[No Variations]"
Add component (AddParameter): Name = "PackageReference"; Value = "J0014A"; VariantName = "[No Variations]"
Add component (AddParameter): Name = "PackageTopMarking"; Value = "NSUZXYYTT*LM339J"; VariantName = "[No Variations]"
Add component (AddParameter): Name = "PartNumber"; Value = ""; VariantName = "[No Variations]"
Add component (AddParameter): Name = "PinCount"; Value = "14"; VariantName = "[No Variations]"
Add component (AddParameter): Name = "PowerWise"; Value = "N"; VariantName = "[No Variations]"
Add component (AddParameter): Name = "RoHS"; Value = "N"; VariantName = "[No Variations]"
Added Component: Designator=nano(FP-A000005-MFG)
Add component (AddParameter): Name = "Core Architecture"; Value = "AVR"; VariantName = "[No Variations]"
Add component (AddParameter): Name = "Data Bus Width"; Value = "8b"; VariantName = "[No Variations]"
Add component (AddParameter): Name = "Evaluation Kit"; Value = "Yes"; VariantName = "[No Variations]"
Add component (AddParameter): Name = "Height"; Value = "0.25inch"; VariantName = "[No Variations]"
Add component (AddParameter): Name = "Interface"; Value = "I2C"; VariantName = "[No Variations]"
Add component (AddParameter): Name = "Length"; Value = "7inch"; VariantName = "[No Variations]"
Add component (AddParameter): Name = "Number of Bits"; Value = "8"; VariantName = "[No Variations]"
Add component (AddParameter): Name = "Operating Supply Voltage"; Value = "12V"; VariantName = "[No Variations]"
Add component (AddParameter): Name = "Package Quantity"; Value = "50"; VariantName = "[No Variations]"
Add component (AddParameter): Name = "Packaging"; Value = "Bulk"; VariantName = "[No Variations]"
Add component (AddParameter): Name = "REACH SVHC"; Value = "No SVHC"; VariantName = "[No Variations]"
Add component (AddParameter): Name = "Series"; Value = "AVR® ATmega"; VariantName = "[No Variations]"
Add component (AddParameter): Name = "Weight"; Value = "0.358383oz"; VariantName = "[No Variations]"
Add component (AddParameter): Name = "Width"; Value = "5inch"; VariantName = "[No Variations]"
Added Component: Designator=pot1(FP-3296W-MFG)
Add component (AddParameter): Name = "Color"; Value = "Blue"; VariantName = "[No Variations]"
Add component (AddParameter): Name = "Contact Plating"; Value = "Tin"; VariantName = "[No Variations]"
Add component (AddParameter): Name = "Depth"; Value = "4.83mm"; VariantName = "[No Variations]"
Add component (AddParameter): Name = "Height"; Value = "0.395inch"; VariantName = "[No Variations]"
Add component (AddParameter): Name = "Lead Free"; Value = "Lead Free"; VariantName = "[No Variations]"
Add component (AddParameter): Name = "Length"; Value = "9.53mm"; VariantName = "[No Variations]"
Add component (AddParameter): Name = "Max Operating Temperature"; Value = "125°C"; VariantName = "[No Variations]"
Add component (AddParameter): Name = "Max Power Dissipation"; Value = "500mW"; VariantName = "[No Variations]"
Add component (AddParameter): Name = "Military Standard"; Value = "Not"; VariantName = "[No Variations]"
Add component (AddParameter): Name = "Min Operating Temperature"; Value = "-55°C"; VariantName = "[No Variations]"
Add component (AddParameter): Name = "Mount"; Value = "Through Hole"; VariantName = "[No Variations]"
Add component (AddParameter): Name = "Number of Turns"; Value = "25"; VariantName = "[No Variations]"
Add component (AddParameter): Name = "Package Quantity"; Value = "50"; VariantName = "[No Variations]"
Add component (AddParameter): Name = "Packaging"; Value = "Rail/Tube"; VariantName = "[No Variations]"
Add component (AddParameter): Name = "Power Rating"; Value = "500mW"; VariantName = "[No Variations]"
Add component (AddParameter): Name = "Radiation Hardening"; Value = "No"; VariantName = "[No Variations]"
Add component (AddParameter): Name = "REACH SVHC"; Value = "No SVHC"; VariantName = "[No Variations]"
Add component (AddParameter): Name = "Resistance"; Value = "500R"; VariantName = "[No Variations]"
Add component (AddParameter): Name = "Resistance Tolerance"; Value = "10%"; VariantName = "[No Variations]"
Add component (AddParameter): Name = "Resistor Type"; Value = "Cermet"; VariantName = "[No Variations]"
Add component (AddParameter): Name = "RoHS Compliant"; Value = "Yes"; VariantName = "[No Variations]"
Add component (AddParameter): Name = "Series"; Value = "3296"; VariantName = "[No Variations]"
Add component (AddParameter): Name = "Taper"; Value = "Linear"; VariantName = "[No Variations]"
Add component (AddParameter): Name = "Technology"; Value = "CERMET"; VariantName = "[No Variations]"
Add component (AddParameter): Name = "Temperature Coefficient"; Value = "100ppm/°C"; VariantName = "[No Variations]"
Add component (AddParameter): Name = "Termination"; Value = "Pin"; VariantName = "[No Variations]"
Add component (AddParameter): Name = "Tolerance"; Value = "10%"; VariantName = "[No Variations]"
Add component (AddParameter): Name = "Weight"; Value = "0.03oz"; VariantName = "[No Variations]"
Add component (AddParameter): Name = "Width"; Value = "9.53mm"; VariantName = "[No Variations]"
Added Component: Designator=pot2(FP-3296W-MFG)
Add component (AddParameter): Name = "Color"; Value = "Blue"; VariantName = "[No Variations]"
Add component (AddParameter): Name = "Contact Plating"; Value = "Tin"; VariantName = "[No Variations]"
Add component (AddParameter): Name = "Depth"; Value = "4.83mm"; VariantName = "[No Variations]"
Add component (AddParameter): Name = "Height"; Value = "0.395inch"; VariantName = "[No Variations]"
Add component (AddParameter): Name = "Lead Free"; Value = "Lead Free"; VariantName = "[No Variations]"
Add component (AddParameter): Name = "Length"; Value = "9.53mm"; VariantName = "[No Variations]"
Add component (AddParameter): Name = "Max Operating Temperature"; Value = "125°C"; VariantName = "[No Variations]"
Add component (AddParameter): Name = "Max Power Dissipation"; Value = "500mW"; VariantName = "[No Variations]"
Add component (AddParameter): Name = "Military Standard"; Value = "Not"; VariantName = "[No Variations]"
Add component (AddParameter): Name = "Min Operating Temperature"; Value = "-55°C"; VariantName = "[No Variations]"
Add component (AddParameter): Name = "Mount"; Value = "Through Hole"; VariantName = "[No Variations]"
Add component (AddParameter): Name = "Number of Turns"; Value = "25"; VariantName = "[No Variations]"
Add component (AddParameter): Name = "Package Quantity"; Value = "50"; VariantName = "[No Variations]"
Add component (AddParameter): Name = "Packaging"; Value = "Rail/Tube"; VariantName = "[No Variations]"
Add component (AddParameter): Name = "Power Rating"; Value = "500mW"; VariantName = "[No Variations]"
Add component (AddParameter): Name = "Radiation Hardening"; Value = "No"; VariantName = "[No Variations]"
Add component (AddParameter): Name = "REACH SVHC"; Value = "No SVHC"; VariantName = "[No Variations]"
Add component (AddParameter): Name = "Resistance"; Value = "500R"; VariantName = "[No Variations]"
Add component (AddParameter): Name = "Resistance Tolerance"; Value = "10%"; VariantName = "[No Variations]"
Add component (AddParameter): Name = "Resistor Type"; Value = "Cermet"; VariantName = "[No Variations]"
Add component (AddParameter): Name = "RoHS Compliant"; Value = "Yes"; VariantName = "[No Variations]"
Add component (AddParameter): Name = "Series"; Value = "3296"; VariantName = "[No Variations]"
Add component (AddParameter): Name = "Taper"; Value = "Linear"; VariantName = "[No Variations]"
Add component (AddParameter): Name = "Technology"; Value = "CERMET"; VariantName = "[No Variations]"
Add component (AddParameter): Name = "Temperature Coefficient"; Value = "100ppm/°C"; VariantName = "[No Variations]"
Add component (AddParameter): Name = "Termination"; Value = "Pin"; VariantName = "[No Variations]"
Add component (AddParameter): Name = "Tolerance"; Value = "10%"; VariantName = "[No Variations]"
Add component (AddParameter): Name = "Weight"; Value = "0.03oz"; VariantName = "[No Variations]"
Add component (AddParameter): Name = "Width"; Value = "9.53mm"; VariantName = "[No Variations]"
Added Component: Designator=pot3(FP-3296W-MFG)
Add component (AddParameter): Name = "Color"; Value = "Blue"; VariantName = "[No Variations]"
Add component (AddParameter): Name = "Contact Plating"; Value = "Tin"; VariantName = "[No Variations]"
Add component (AddParameter): Name = "Depth"; Value = "4.83mm"; VariantName = "[No Variations]"
Add component (AddParameter): Name = "Height"; Value = "0.395inch"; VariantName = "[No Variations]"
Add component (AddParameter): Name = "Lead Free"; Value = "Lead Free"; VariantName = "[No Variations]"
Add component (AddParameter): Name = "Length"; Value = "9.53mm"; VariantName = "[No Variations]"
Add component (AddParameter): Name = "Max Operating Temperature"; Value = "125°C"; VariantName = "[No Variations]"
Add component (AddParameter): Name = "Max Power Dissipation"; Value = "500mW"; VariantName = "[No Variations]"
Add component (AddParameter): Name = "Military Standard"; Value = "Not"; VariantName = "[No Variations]"
Add component (AddParameter): Name = "Min Operating Temperature"; Value = "-55°C"; VariantName = "[No Variations]"
Add component (AddParameter): Name = "Mount"; Value = "Through Hole"; VariantName = "[No Variations]"
Add component (AddParameter): Name = "Number of Turns"; Value = "25"; VariantName = "[No Variations]"
Add component (AddParameter): Name = "Package Quantity"; Value = "50"; VariantName = "[No Variations]"
Add component (AddParameter): Name = "Packaging"; Value = "Rail/Tube"; VariantName = "[No Variations]"
Add component (AddParameter): Name = "Power Rating"; Value = "500mW"; VariantName = "[No Variations]"
Add component (AddParameter): Name = "Radiation Hardening"; Value = "No"; VariantName = "[No Variations]"
Add component (AddParameter): Name = "REACH SVHC"; Value = "No SVHC"; VariantName = "[No Variations]"
Add component (AddParameter): Name = "Resistance"; Value = "500R"; VariantName = "[No Variations]"
Add component (AddParameter): Name = "Resistance Tolerance"; Value = "10%"; VariantName = "[No Variations]"
Add component (AddParameter): Name = "Resistor Type"; Value = "Cermet"; VariantName = "[No Variations]"
Add component (AddParameter): Name = "RoHS Compliant"; Value = "Yes"; VariantName = "[No Variations]"
Add component (AddParameter): Name = "Series"; Value = "3296"; VariantName = "[No Variations]"
Add component (AddParameter): Name = "Taper"; Value = "Linear"; VariantName = "[No Variations]"
Add component (AddParameter): Name = "Technology"; Value = "CERMET"; VariantName = "[No Variations]"
Add component (AddParameter): Name = "Temperature Coefficient"; Value = "100ppm/°C"; VariantName = "[No Variations]"
Add component (AddParameter): Name = "Termination"; Value = "Pin"; VariantName = "[No Variations]"
Add component (AddParameter): Name = "Tolerance"; Value = "10%"; VariantName = "[No Variations]"
Add component (AddParameter): Name = "Weight"; Value = "0.03oz"; VariantName = "[No Variations]"
Add component (AddParameter): Name = "Width"; Value = "9.53mm"; VariantName = "[No Variations]"
Added Component: Designator=pot4(FP-3296W-MFG)
Add component (AddParameter): Name = "Color"; Value = "Blue"; VariantName = "[No Variations]"
Add component (AddParameter): Name = "Contact Plating"; Value = "Tin"; VariantName = "[No Variations]"
Add component (AddParameter): Name = "Depth"; Value = "4.83mm"; VariantName = "[No Variations]"
Add component (AddParameter): Name = "Height"; Value = "0.395inch"; VariantName = "[No Variations]"
Add component (AddParameter): Name = "Lead Free"; Value = "Lead Free"; VariantName = "[No Variations]"
Add component (AddParameter): Name = "Length"; Value = "9.53mm"; VariantName = "[No Variations]"
Add component (AddParameter): Name = "Max Operating Temperature"; Value = "125°C"; VariantName = "[No Variations]"
Add component (AddParameter): Name = "Max Power Dissipation"; Value = "500mW"; VariantName = "[No Variations]"
Add component (AddParameter): Name = "Military Standard"; Value = "Not"; VariantName = "[No Variations]"
Add component (AddParameter): Name = "Min Operating Temperature"; Value = "-55°C"; VariantName = "[No Variations]"
Add component (AddParameter): Name = "Mount"; Value = "Through Hole"; VariantName = "[No Variations]"
Add component (AddParameter): Name = "Number of Turns"; Value = "25"; VariantName = "[No Variations]"
Add component (AddParameter): Name = "Package Quantity"; Value = "50"; VariantName = "[No Variations]"
Add component (AddParameter): Name = "Packaging"; Value = "Rail/Tube"; VariantName = "[No Variations]"
Add component (AddParameter): Name = "Power Rating"; Value = "500mW"; VariantName = "[No Variations]"
Add component (AddParameter): Name = "Radiation Hardening"; Value = "No"; VariantName = "[No Variations]"
Add component (AddParameter): Name = "REACH SVHC"; Value = "No SVHC"; VariantName = "[No Variations]"
Add component (AddParameter): Name = "Resistance"; Value = "500R"; VariantName = "[No Variations]"
Add component (AddParameter): Name = "Resistance Tolerance"; Value = "10%"; VariantName = "[No Variations]"
Add component (AddParameter): Name = "Resistor Type"; Value = "Cermet"; VariantName = "[No Variations]"
Add component (AddParameter): Name = "RoHS Compliant"; Value = "Yes"; VariantName = "[No Variations]"
Add component (AddParameter): Name = "Series"; Value = "3296"; VariantName = "[No Variations]"
Add component (AddParameter): Name = "Taper"; Value = "Linear"; VariantName = "[No Variations]"
Add component (AddParameter): Name = "Technology"; Value = "CERMET"; VariantName = "[No Variations]"
Add component (AddParameter): Name = "Temperature Coefficient"; Value = "100ppm/°C"; VariantName = "[No Variations]"
Add component (AddParameter): Name = "Termination"; Value = "Pin"; VariantName = "[No Variations]"
Add component (AddParameter): Name = "Tolerance"; Value = "10%"; VariantName = "[No Variations]"
Add component (AddParameter): Name = "Weight"; Value = "0.03oz"; VariantName = "[No Variations]"
Add component (AddParameter): Name = "Width"; Value = "9.53mm"; VariantName = "[No Variations]"
Added Component: Designator=pot5(FP-3296W-MFG)
Add component (AddParameter): Name = "Color"; Value = "Blue"; VariantName = "[No Variations]"
Add component (AddParameter): Name = "Contact Plating"; Value = "Tin"; VariantName = "[No Variations]"
Add component (AddParameter): Name = "Depth"; Value = "4.83mm"; VariantName = "[No Variations]"
Add component (AddParameter): Name = "Height"; Value = "0.395inch"; VariantName = "[No Variations]"
Add component (AddParameter): Name = "Lead Free"; Value = "Lead Free"; VariantName = "[No Variations]"
Add component (AddParameter): Name = "Length"; Value = "9.53mm"; VariantName = "[No Variations]"
Add component (AddParameter): Name = "Max Operating Temperature"; Value = "125°C"; VariantName = "[No Variations]"
Add component (AddParameter): Name = "Max Power Dissipation"; Value = "500mW"; VariantName = "[No Variations]"
Add component (AddParameter): Name = "Military Standard"; Value = "Not"; VariantName = "[No Variations]"
Add component (AddParameter): Name = "Min Operating Temperature"; Value = "-55°C"; VariantName = "[No Variations]"
Add component (AddParameter): Name = "Mount"; Value = "Through Hole"; VariantName = "[No Variations]"
Add component (AddParameter): Name = "Number of Turns"; Value = "25"; VariantName = "[No Variations]"
Add component (AddParameter): Name = "Package Quantity"; Value = "50"; VariantName = "[No Variations]"
Add component (AddParameter): Name = "Packaging"; Value = "Rail/Tube"; VariantName = "[No Variations]"
Add component (AddParameter): Name = "Power Rating"; Value = "500mW"; VariantName = "[No Variations]"
Add component (AddParameter): Name = "Radiation Hardening"; Value = "No"; VariantName = "[No Variations]"
Add component (AddParameter): Name = "REACH SVHC"; Value = "No SVHC"; VariantName = "[No Variations]"
Add component (AddParameter): Name = "Resistance"; Value = "500R"; VariantName = "[No Variations]"
Add component (AddParameter): Name = "Resistance Tolerance"; Value = "10%"; VariantName = "[No Variations]"
Add component (AddParameter): Name = "Resistor Type"; Value = "Cermet"; VariantName = "[No Variations]"
Add component (AddParameter): Name = "RoHS Compliant"; Value = "Yes"; VariantName = "[No Variations]"
Add component (AddParameter): Name = "Series"; Value = "3296"; VariantName = "[No Variations]"
Add component (AddParameter): Name = "Taper"; Value = "Linear"; VariantName = "[No Variations]"
Add component (AddParameter): Name = "Technology"; Value = "CERMET"; VariantName = "[No Variations]"
Add component (AddParameter): Name = "Temperature Coefficient"; Value = "100ppm/°C"; VariantName = "[No Variations]"
Add component (AddParameter): Name = "Termination"; Value = "Pin"; VariantName = "[No Variations]"
Add component (AddParameter): Name = "Tolerance"; Value = "10%"; VariantName = "[No Variations]"
Add component (AddParameter): Name = "Weight"; Value = "0.03oz"; VariantName = "[No Variations]"
Add component (AddParameter): Name = "Width"; Value = "9.53mm"; VariantName = "[No Variations]"
Added Component: Designator=probe(FP-TSW-101-07-L-S-MFG)
Add component (AddParameter): Name = "Color"; Value = "Black"; VariantName = "[No Variations]"
Add component (AddParameter): Name = "Connector Type"; Value = "Header"; VariantName = "[No Variations]"
Add component (AddParameter): Name = "Contact Finish - Mating"; Value = "GOLD"; VariantName = "[No Variations]"
Add component (AddParameter): Name = "Contact Material"; Value = "Bronze"; VariantName = "[No Variations]"
Add component (AddParameter): Name = "Contact Mating Length"; Value = "0.23inch"; VariantName = "[No Variations]"
Add component (AddParameter): Name = "Contact Plating"; Value = "Gold"; VariantName = "[No Variations]"
Add component (AddParameter): Name = "Contact Shape"; Value = "Square"; VariantName = "[No Variations]"
Add component (AddParameter): Name = "Contact Type"; Value = "Male Pin"; VariantName = "[No Variations]"
Add component (AddParameter): Name = "Depth"; Value = "2.54mm"; VariantName = "[No Variations]"
Add component (AddParameter): Name = "Fastening Type"; Value = "Pull"; VariantName = "[No Variations]"
Add component (AddParameter): Name = "Flammability Rating"; Value = "UL94 V-0"; VariantName = "[No Variations]"
Add component (AddParameter): Name = "Gender"; Value = "Male"; VariantName = "[No Variations]"
Add component (AddParameter): Name = "Housing Color"; Value = "Black"; VariantName = "[No Variations]"
Add component (AddParameter): Name = "Housing Material"; Value = "Polyester"; VariantName = "[No Variations]"
Add component (AddParameter): Name = "Insulation Color"; Value = "Black"; VariantName = "[No Variations]"
Add component (AddParameter): Name = "Insulation Material"; Value = "PBT"; VariantName = "[No Variations]"
Add component (AddParameter): Name = "Lead Free"; Value = "Lead Free"; VariantName = "[No Variations]"
Add component (AddParameter): Name = "Length"; Value = "2.54mm"; VariantName = "[No Variations]"
Add component (AddParameter): Name = "Max Current Rating"; Value = "7.6A"; VariantName = "[No Variations]"
Add component (AddParameter): Name = "Max Operating Temperature"; Value = "125°C"; VariantName = "[No Variations]"
Add component (AddParameter): Name = "Max Voltage Rating (AC)"; Value = "550V"; VariantName = "[No Variations]"
Add component (AddParameter): Name = "Min Operating Temperature"; Value = "-55°C"; VariantName = "[No Variations]"
Add component (AddParameter): Name = "Mount"; Value = "Through Hole"; VariantName = "[No Variations]"
Add component (AddParameter): Name = "Number of Contacts"; Value = "1"; VariantName = "[No Variations]"
Add component (AddParameter): Name = "Number of Positions"; Value = "1"; VariantName = "[No Variations]"
Add component (AddParameter): Name = "Number of Rows"; Value = "1"; VariantName = "[No Variations]"
Add component (AddParameter): Name = "Orientation"; Value = "Straight"; VariantName = "[No Variations]"
Add component (AddParameter): Name = "Packaging"; Value = "Bulk"; VariantName = "[No Variations]"
Add component (AddParameter): Name = "Radiation Hardening"; Value = "No"; VariantName = "[No Variations]"
Add component (AddParameter): Name = "Reach SVHC Compliant"; Value = "Yes"; VariantName = "[No Variations]"
Add component (AddParameter): Name = "RoHS Compliant"; Value = "Yes"; VariantName = "[No Variations]"
Add component (AddParameter): Name = "Series"; Value = "TSW"; VariantName = "[No Variations]"
Add component (AddParameter): Name = "Termination"; Value = "Solder"; VariantName = "[No Variations]"
Add component (AddParameter): Name = "Width"; Value = "2.54mm"; VariantName = "[No Variations]"
Added Component: Designator=R1(FP-MRS1600-MFG)
Add component (AddParameter): Name = "Case/Package"; Value = "Conformal"; VariantName = "[No Variations]"
Add component (AddParameter): Name = "Construction"; Value = "Cylindrical"; VariantName = "[No Variations]"
Add component (AddParameter): Name = "Contact Plating"; Value = "Tin"; VariantName = "[No Variations]"
Add component (AddParameter): Name = "Diameter"; Value = "1.6mm"; VariantName = "[No Variations]"
Add component (AddParameter): Name = "Length"; Value = "3.6mm"; VariantName = "[No Variations]"
Add component (AddParameter): Name = "Max Operating Temperature"; Value = "155°C"; VariantName = "[No Variations]"
Add component (AddParameter): Name = "Max Power Dissipation"; Value = "400mW"; VariantName = "[No Variations]"
Add component (AddParameter): Name = "Military Standard"; Value = "Not"; VariantName = "[No Variations]"
Add component (AddParameter): Name = "Min Operating Temperature"; Value = "-55°C"; VariantName = "[No Variations]"
Add component (AddParameter): Name = "Mount"; Value = "Through Hole"; VariantName = "[No Variations]"
Add component (AddParameter): Name = "Number of Terminations"; Value = "2"; VariantName = "[No Variations]"
Add component (AddParameter): Name = "Packaging"; Value = "Tape and Reel"; VariantName = "[No Variations]"
Add component (AddParameter): Name = "Power Rating"; Value = "400mW"; VariantName = "[No Variations]"
Add component (AddParameter): Name = "Radiation Hardening"; Value = "No"; VariantName = "[No Variations]"
Add component (AddParameter): Name = "Resistance"; Value = "20kR"; VariantName = "[No Variations]"
Add component (AddParameter): Name = "Resistor Type"; Value = "Metal Film"; VariantName = "[No Variations]"
Add component (AddParameter): Name = "RoHS Compliant"; Value = "Yes"; VariantName = "[No Variations]"
Add component (AddParameter): Name = "Series"; Value = "MRS16"; VariantName = "[No Variations]"
Add component (AddParameter): Name = "Technology"; Value = "THIN FILM"; VariantName = "[No Variations]"
Add component (AddParameter): Name = "Temperature Coefficient"; Value = "50ppm/°C"; VariantName = "[No Variations]"
Add component (AddParameter): Name = "Termination"; Value = "Axial"; VariantName = "[No Variations]"
Add component (AddParameter): Name = "Tolerance"; Value = "1%"; VariantName = "[No Variations]"
Added Component: Designator=R2(FP-MRS1600-MFG)
Add component (AddParameter): Name = "Case/Package"; Value = "Conformal"; VariantName = "[No Variations]"
Add component (AddParameter): Name = "Construction"; Value = "Cylindrical"; VariantName = "[No Variations]"
Add component (AddParameter): Name = "Contact Plating"; Value = "Tin"; VariantName = "[No Variations]"
Add component (AddParameter): Name = "Diameter"; Value = "1.6mm"; VariantName = "[No Variations]"
Add component (AddParameter): Name = "Length"; Value = "3.6mm"; VariantName = "[No Variations]"
Add component (AddParameter): Name = "Max Operating Temperature"; Value = "155°C"; VariantName = "[No Variations]"
Add component (AddParameter): Name = "Max Power Dissipation"; Value = "400mW"; VariantName = "[No Variations]"
Add component (AddParameter): Name = "Military Standard"; Value = "Not"; VariantName = "[No Variations]"
Add component (AddParameter): Name = "Min Operating Temperature"; Value = "-55°C"; VariantName = "[No Variations]"
Add component (AddParameter): Name = "Mount"; Value = "Through Hole"; VariantName = "[No Variations]"
Add component (AddParameter): Name = "Number of Terminations"; Value = "2"; VariantName = "[No Variations]"
Add component (AddParameter): Name = "Packaging"; Value = "Tape and Reel"; VariantName = "[No Variations]"
Add component (AddParameter): Name = "Power Rating"; Value = "400mW"; VariantName = "[No Variations]"
Add component (AddParameter): Name = "Radiation Hardening"; Value = "No"; VariantName = "[No Variations]"
Add component (AddParameter): Name = "Resistance"; Value = "20kR"; VariantName = "[No Variations]"
Add component (AddParameter): Name = "Resistor Type"; Value = "Metal Film"; VariantName = "[No Variations]"
Add component (AddParameter): Name = "RoHS Compliant"; Value = "Yes"; VariantName = "[No Variations]"
Add component (AddParameter): Name = "Series"; Value = "MRS16"; VariantName = "[No Variations]"
Add component (AddParameter): Name = "Technology"; Value = "THIN FILM"; VariantName = "[No Variations]"
Add component (AddParameter): Name = "Temperature Coefficient"; Value = "50ppm/°C"; VariantName = "[No Variations]"
Add component (AddParameter): Name = "Termination"; Value = "Axial"; VariantName = "[No Variations]"
Add component (AddParameter): Name = "Tolerance"; Value = "1%"; VariantName = "[No Variations]"
Added Component: Designator=R3(FP-MRS1600-MFG)
Add component (AddParameter): Name = "Case/Package"; Value = "Conformal"; VariantName = "[No Variations]"
Add component (AddParameter): Name = "Construction"; Value = "Cylindrical"; VariantName = "[No Variations]"
Add component (AddParameter): Name = "Contact Plating"; Value = "Tin"; VariantName = "[No Variations]"
Add component (AddParameter): Name = "Diameter"; Value = "1.6mm"; VariantName = "[No Variations]"
Add component (AddParameter): Name = "Length"; Value = "3.6mm"; VariantName = "[No Variations]"
Add component (AddParameter): Name = "Max Operating Temperature"; Value = "155°C"; VariantName = "[No Variations]"
Add component (AddParameter): Name = "Max Power Dissipation"; Value = "400mW"; VariantName = "[No Variations]"
Add component (AddParameter): Name = "Military Standard"; Value = "Not"; VariantName = "[No Variations]"
Add component (AddParameter): Name = "Min Operating Temperature"; Value = "-55°C"; VariantName = "[No Variations]"
Add component (AddParameter): Name = "Mount"; Value = "Through Hole"; VariantName = "[No Variations]"
Add component (AddParameter): Name = "Number of Terminations"; Value = "2"; VariantName = "[No Variations]"
Add component (AddParameter): Name = "Packaging"; Value = "Tape and Reel"; VariantName = "[No Variations]"
Add component (AddParameter): Name = "Power Rating"; Value = "400mW"; VariantName = "[No Variations]"
Add component (AddParameter): Name = "Radiation Hardening"; Value = "No"; VariantName = "[No Variations]"
Add component (AddParameter): Name = "Resistance"; Value = "20kR"; VariantName = "[No Variations]"
Add component (AddParameter): Name = "Resistor Type"; Value = "Metal Film"; VariantName = "[No Variations]"
Add component (AddParameter): Name = "RoHS Compliant"; Value = "Yes"; VariantName = "[No Variations]"
Add component (AddParameter): Name = "Series"; Value = "MRS16"; VariantName = "[No Variations]"
Add component (AddParameter): Name = "Technology"; Value = "THIN FILM"; VariantName = "[No Variations]"
Add component (AddParameter): Name = "Temperature Coefficient"; Value = "50ppm/°C"; VariantName = "[No Variations]"
Add component (AddParameter): Name = "Termination"; Value = "Axial"; VariantName = "[No Variations]"
Add component (AddParameter): Name = "Tolerance"; Value = "1%"; VariantName = "[No Variations]"
Added Component: Designator=R4(FP-MRS1600-MFG)
Add component (AddParameter): Name = "Case/Package"; Value = "Conformal"; VariantName = "[No Variations]"
Add component (AddParameter): Name = "Construction"; Value = "Cylindrical"; VariantName = "[No Variations]"
Add component (AddParameter): Name = "Contact Plating"; Value = "Tin"; VariantName = "[No Variations]"
Add component (AddParameter): Name = "Diameter"; Value = "1.6mm"; VariantName = "[No Variations]"
Add component (AddParameter): Name = "Length"; Value = "3.6mm"; VariantName = "[No Variations]"
Add component (AddParameter): Name = "Max Operating Temperature"; Value = "155°C"; VariantName = "[No Variations]"
Add component (AddParameter): Name = "Max Power Dissipation"; Value = "400mW"; VariantName = "[No Variations]"
Add component (AddParameter): Name = "Military Standard"; Value = "Not"; VariantName = "[No Variations]"
Add component (AddParameter): Name = "Min Operating Temperature"; Value = "-55°C"; VariantName = "[No Variations]"
Add component (AddParameter): Name = "Mount"; Value = "Through Hole"; VariantName = "[No Variations]"
Add component (AddParameter): Name = "Number of Terminations"; Value = "2"; VariantName = "[No Variations]"
Add component (AddParameter): Name = "Packaging"; Value = "Tape and Reel"; VariantName = "[No Variations]"
Add component (AddParameter): Name = "Power Rating"; Value = "400mW"; VariantName = "[No Variations]"
Add component (AddParameter): Name = "Radiation Hardening"; Value = "No"; VariantName = "[No Variations]"
Add component (AddParameter): Name = "Resistance"; Value = "20kR"; VariantName = "[No Variations]"
Add component (AddParameter): Name = "Resistor Type"; Value = "Metal Film"; VariantName = "[No Variations]"
Add component (AddParameter): Name = "RoHS Compliant"; Value = "Yes"; VariantName = "[No Variations]"
Add component (AddParameter): Name = "Series"; Value = "MRS16"; VariantName = "[No Variations]"
Add component (AddParameter): Name = "Technology"; Value = "THIN FILM"; VariantName = "[No Variations]"
Add component (AddParameter): Name = "Temperature Coefficient"; Value = "50ppm/°C"; VariantName = "[No Variations]"
Add component (AddParameter): Name = "Termination"; Value = "Axial"; VariantName = "[No Variations]"
Add component (AddParameter): Name = "Tolerance"; Value = "1%"; VariantName = "[No Variations]"
Added Component: Designator=R5(FP-MRS1600-MFG)
Add component (AddParameter): Name = "Case/Package"; Value = "Conformal"; VariantName = "[No Variations]"
Add component (AddParameter): Name = "Construction"; Value = "Cylindrical"; VariantName = "[No Variations]"
Add component (AddParameter): Name = "Contact Plating"; Value = "Tin"; VariantName = "[No Variations]"
Add component (AddParameter): Name = "Diameter"; Value = "1.6mm"; VariantName = "[No Variations]"
Add component (AddParameter): Name = "Length"; Value = "3.6mm"; VariantName = "[No Variations]"
Add component (AddParameter): Name = "Max Operating Temperature"; Value = "155°C"; VariantName = "[No Variations]"
Add component (AddParameter): Name = "Max Power Dissipation"; Value = "400mW"; VariantName = "[No Variations]"
Add component (AddParameter): Name = "Military Standard"; Value = "Not"; VariantName = "[No Variations]"
Add component (AddParameter): Name = "Min Operating Temperature"; Value = "-55°C"; VariantName = "[No Variations]"
Add component (AddParameter): Name = "Mount"; Value = "Through Hole"; VariantName = "[No Variations]"
Add component (AddParameter): Name = "Number of Terminations"; Value = "2"; VariantName = "[No Variations]"
Add component (AddParameter): Name = "Packaging"; Value = "Tape and Reel"; VariantName = "[No Variations]"
Add component (AddParameter): Name = "Power Rating"; Value = "400mW"; VariantName = "[No Variations]"
Add component (AddParameter): Name = "Radiation Hardening"; Value = "No"; VariantName = "[No Variations]"
Add component (AddParameter): Name = "Resistance"; Value = "20kR"; VariantName = "[No Variations]"
Add component (AddParameter): Name = "Resistor Type"; Value = "Metal Film"; VariantName = "[No Variations]"
Add component (AddParameter): Name = "RoHS Compliant"; Value = "Yes"; VariantName = "[No Variations]"
Add component (AddParameter): Name = "Series"; Value = "MRS16"; VariantName = "[No Variations]"
Add component (AddParameter): Name = "Technology"; Value = "THIN FILM"; VariantName = "[No Variations]"
Add component (AddParameter): Name = "Temperature Coefficient"; Value = "50ppm/°C"; VariantName = "[No Variations]"
Add component (AddParameter): Name = "Termination"; Value = "Axial"; VariantName = "[No Variations]"
Add component (AddParameter): Name = "Tolerance"; Value = "1%"; VariantName = "[No Variations]"
Added Component: Designator=R6(FP-MRS1600-MFG)
Add component (AddParameter): Name = "Case/Package"; Value = "Conformal"; VariantName = "[No Variations]"
Add component (AddParameter): Name = "Construction"; Value = "Cylindrical"; VariantName = "[No Variations]"
Add component (AddParameter): Name = "Contact Plating"; Value = "Tin"; VariantName = "[No Variations]"
Add component (AddParameter): Name = "Diameter"; Value = "1.6mm"; VariantName = "[No Variations]"
Add component (AddParameter): Name = "Length"; Value = "3.6mm"; VariantName = "[No Variations]"
Add component (AddParameter): Name = "Max Operating Temperature"; Value = "155°C"; VariantName = "[No Variations]"
Add component (AddParameter): Name = "Max Power Dissipation"; Value = "400mW"; VariantName = "[No Variations]"
Add component (AddParameter): Name = "Military Standard"; Value = "Not"; VariantName = "[No Variations]"
Add component (AddParameter): Name = "Min Operating Temperature"; Value = "-55°C"; VariantName = "[No Variations]"
Add component (AddParameter): Name = "Mount"; Value = "Through Hole"; VariantName = "[No Variations]"
Add component (AddParameter): Name = "Number of Terminations"; Value = "2"; VariantName = "[No Variations]"
Add component (AddParameter): Name = "Packaging"; Value = "Tape and Reel"; VariantName = "[No Variations]"
Add component (AddParameter): Name = "Power Rating"; Value = "400mW"; VariantName = "[No Variations]"
Add component (AddParameter): Name = "Radiation Hardening"; Value = "No"; VariantName = "[No Variations]"
Add component (AddParameter): Name = "Resistance"; Value = "20kR"; VariantName = "[No Variations]"
Add component (AddParameter): Name = "Resistor Type"; Value = "Metal Film"; VariantName = "[No Variations]"
Add component (AddParameter): Name = "RoHS Compliant"; Value = "Yes"; VariantName = "[No Variations]"
Add component (AddParameter): Name = "Series"; Value = "MRS16"; VariantName = "[No Variations]"
Add component (AddParameter): Name = "Technology"; Value = "THIN FILM"; VariantName = "[No Variations]"
Add component (AddParameter): Name = "Temperature Coefficient"; Value = "50ppm/°C"; VariantName = "[No Variations]"
Add component (AddParameter): Name = "Termination"; Value = "Axial"; VariantName = "[No Variations]"
Add component (AddParameter): Name = "Tolerance"; Value = "1%"; VariantName = "[No Variations]"
Added Component: Designator=R7(FP-MRS1600-MFG)
Add component (AddParameter): Name = "Case/Package"; Value = "Conformal"; VariantName = "[No Variations]"
Add component (AddParameter): Name = "Construction"; Value = "Cylindrical"; VariantName = "[No Variations]"
Add component (AddParameter): Name = "Contact Plating"; Value = "Tin"; VariantName = "[No Variations]"
Add component (AddParameter): Name = "Diameter"; Value = "1.6mm"; VariantName = "[No Variations]"
Add component (AddParameter): Name = "Length"; Value = "3.6mm"; VariantName = "[No Variations]"
Add component (AddParameter): Name = "Max Operating Temperature"; Value = "155°C"; VariantName = "[No Variations]"
Add component (AddParameter): Name = "Max Power Dissipation"; Value = "400mW"; VariantName = "[No Variations]"
Add component (AddParameter): Name = "Military Standard"; Value = "Not"; VariantName = "[No Variations]"
Add component (AddParameter): Name = "Min Operating Temperature"; Value = "-55°C"; VariantName = "[No Variations]"
Add component (AddParameter): Name = "Mount"; Value = "Through Hole"; VariantName = "[No Variations]"
Add component (AddParameter): Name = "Number of Terminations"; Value = "2"; VariantName = "[No Variations]"
Add component (AddParameter): Name = "Packaging"; Value = "Tape and Reel"; VariantName = "[No Variations]"
Add component (AddParameter): Name = "Power Rating"; Value = "400mW"; VariantName = "[No Variations]"
Add component (AddParameter): Name = "Radiation Hardening"; Value = "No"; VariantName = "[No Variations]"
Add component (AddParameter): Name = "Resistance"; Value = "20kR"; VariantName = "[No Variations]"
Add component (AddParameter): Name = "Resistor Type"; Value = "Metal Film"; VariantName = "[No Variations]"
Add component (AddParameter): Name = "RoHS Compliant"; Value = "Yes"; VariantName = "[No Variations]"
Add component (AddParameter): Name = "Series"; Value = "MRS16"; VariantName = "[No Variations]"
Add component (AddParameter): Name = "Technology"; Value = "THIN FILM"; VariantName = "[No Variations]"
Add component (AddParameter): Name = "Temperature Coefficient"; Value = "50ppm/°C"; VariantName = "[No Variations]"
Add component (AddParameter): Name = "Termination"; Value = "Axial"; VariantName = "[No Variations]"
Add component (AddParameter): Name = "Tolerance"; Value = "1%"; VariantName = "[No Variations]"
Added Component: Designator=R8(FP-MRS1600-MFG)
Add component (AddParameter): Name = "Case/Package"; Value = "Conformal"; VariantName = "[No Variations]"
Add component (AddParameter): Name = "Construction"; Value = "Cylindrical"; VariantName = "[No Variations]"
Add component (AddParameter): Name = "Contact Plating"; Value = "Tin"; VariantName = "[No Variations]"
Add component (AddParameter): Name = "Diameter"; Value = "1.6mm"; VariantName = "[No Variations]"
Add component (AddParameter): Name = "Length"; Value = "3.6mm"; VariantName = "[No Variations]"
Add component (AddParameter): Name = "Max Operating Temperature"; Value = "155°C"; VariantName = "[No Variations]"
Add component (AddParameter): Name = "Max Power Dissipation"; Value = "400mW"; VariantName = "[No Variations]"
Add component (AddParameter): Name = "Military Standard"; Value = "Not"; VariantName = "[No Variations]"
Add component (AddParameter): Name = "Min Operating Temperature"; Value = "-55°C"; VariantName = "[No Variations]"
Add component (AddParameter): Name = "Mount"; Value = "Through Hole"; VariantName = "[No Variations]"
Add component (AddParameter): Name = "Number of Terminations"; Value = "2"; VariantName = "[No Variations]"
Add component (AddParameter): Name = "Packaging"; Value = "Tape and Reel"; VariantName = "[No Variations]"
Add component (AddParameter): Name = "Power Rating"; Value = "400mW"; VariantName = "[No Variations]"
Add component (AddParameter): Name = "Radiation Hardening"; Value = "No"; VariantName = "[No Variations]"
Add component (AddParameter): Name = "Resistance"; Value = "20kR"; VariantName = "[No Variations]"
Add component (AddParameter): Name = "Resistor Type"; Value = "Metal Film"; VariantName = "[No Variations]"
Add component (AddParameter): Name = "RoHS Compliant"; Value = "Yes"; VariantName = "[No Variations]"
Add component (AddParameter): Name = "Series"; Value = "MRS16"; VariantName = "[No Variations]"
Add component (AddParameter): Name = "Technology"; Value = "THIN FILM"; VariantName = "[No Variations]"
Add component (AddParameter): Name = "Temperature Coefficient"; Value = "50ppm/°C"; VariantName = "[No Variations]"
Add component (AddParameter): Name = "Termination"; Value = "Axial"; VariantName = "[No Variations]"
Add component (AddParameter): Name = "Tolerance"; Value = "1%"; VariantName = "[No Variations]"
Added Component: Designator=R9(FP-MRS1600-MFG)
Add component (AddParameter): Name = "Case/Package"; Value = "Conformal"; VariantName = "[No Variations]"
Add component (AddParameter): Name = "Construction"; Value = "Cylindrical"; VariantName = "[No Variations]"
Add component (AddParameter): Name = "Contact Plating"; Value = "Tin"; VariantName = "[No Variations]"
Add component (AddParameter): Name = "Diameter"; Value = "1.6mm"; VariantName = "[No Variations]"
Add component (AddParameter): Name = "Length"; Value = "3.6mm"; VariantName = "[No Variations]"
Add component (AddParameter): Name = "Max Operating Temperature"; Value = "155°C"; VariantName = "[No Variations]"
Add component (AddParameter): Name = "Max Power Dissipation"; Value = "400mW"; VariantName = "[No Variations]"
Add component (AddParameter): Name = "Military Standard"; Value = "Not"; VariantName = "[No Variations]"
Add component (AddParameter): Name = "Min Operating Temperature"; Value = "-55°C"; VariantName = "[No Variations]"
Add component (AddParameter): Name = "Mount"; Value = "Through Hole"; VariantName = "[No Variations]"
Add component (AddParameter): Name = "Number of Terminations"; Value = "2"; VariantName = "[No Variations]"
Add component (AddParameter): Name = "Packaging"; Value = "Tape and Reel"; VariantName = "[No Variations]"
Add component (AddParameter): Name = "Power Rating"; Value = "400mW"; VariantName = "[No Variations]"
Add component (AddParameter): Name = "Radiation Hardening"; Value = "No"; VariantName = "[No Variations]"
Add component (AddParameter): Name = "Resistance"; Value = "20kR"; VariantName = "[No Variations]"
Add component (AddParameter): Name = "Resistor Type"; Value = "Metal Film"; VariantName = "[No Variations]"
Add component (AddParameter): Name = "RoHS Compliant"; Value = "Yes"; VariantName = "[No Variations]"
Add component (AddParameter): Name = "Series"; Value = "MRS16"; VariantName = "[No Variations]"
Add component (AddParameter): Name = "Technology"; Value = "THIN FILM"; VariantName = "[No Variations]"
Add component (AddParameter): Name = "Temperature Coefficient"; Value = "50ppm/°C"; VariantName = "[No Variations]"
Add component (AddParameter): Name = "Termination"; Value = "Axial"; VariantName = "[No Variations]"
Add component (AddParameter): Name = "Tolerance"; Value = "1%"; VariantName = "[No Variations]"
Added Component: Designator=R10(FP-MRS1600-MFG)
Add component (AddParameter): Name = "Case/Package"; Value = "Conformal"; VariantName = "[No Variations]"
Add component (AddParameter): Name = "Construction"; Value = "Cylindrical"; VariantName = "[No Variations]"
Add component (AddParameter): Name = "Contact Plating"; Value = "Tin"; VariantName = "[No Variations]"
Add component (AddParameter): Name = "Diameter"; Value = "1.6mm"; VariantName = "[No Variations]"
Add component (AddParameter): Name = "Length"; Value = "3.6mm"; VariantName = "[No Variations]"
Add component (AddParameter): Name = "Max Operating Temperature"; Value = "155°C"; VariantName = "[No Variations]"
Add component (AddParameter): Name = "Max Power Dissipation"; Value = "400mW"; VariantName = "[No Variations]"
Add component (AddParameter): Name = "Military Standard"; Value = "Not"; VariantName = "[No Variations]"
Add component (AddParameter): Name = "Min Operating Temperature"; Value = "-55°C"; VariantName = "[No Variations]"
Add component (AddParameter): Name = "Mount"; Value = "Through Hole"; VariantName = "[No Variations]"
Add component (AddParameter): Name = "Number of Terminations"; Value = "2"; VariantName = "[No Variations]"
Add component (AddParameter): Name = "Packaging"; Value = "Tape and Reel"; VariantName = "[No Variations]"
Add component (AddParameter): Name = "Power Rating"; Value = "400mW"; VariantName = "[No Variations]"
Add component (AddParameter): Name = "Radiation Hardening"; Value = "No"; VariantName = "[No Variations]"
Add component (AddParameter): Name = "Resistance"; Value = "20kR"; VariantName = "[No Variations]"
Add component (AddParameter): Name = "Resistor Type"; Value = "Metal Film"; VariantName = "[No Variations]"
Add component (AddParameter): Name = "RoHS Compliant"; Value = "Yes"; VariantName = "[No Variations]"
Add component (AddParameter): Name = "Series"; Value = "MRS16"; VariantName = "[No Variations]"
Add component (AddParameter): Name = "Technology"; Value = "THIN FILM"; VariantName = "[No Variations]"
Add component (AddParameter): Name = "Temperature Coefficient"; Value = "50ppm/°C"; VariantName = "[No Variations]"
Add component (AddParameter): Name = "Termination"; Value = "Axial"; VariantName = "[No Variations]"
Add component (AddParameter): Name = "Tolerance"; Value = "1%"; VariantName = "[No Variations]"
Added Component: Designator=R11(FP-MRS1600-MFG)
Add component (AddParameter): Name = "Case/Package"; Value = "Conformal"; VariantName = "[No Variations]"
Add component (AddParameter): Name = "Construction"; Value = "Cylindrical"; VariantName = "[No Variations]"
Add component (AddParameter): Name = "Contact Plating"; Value = "Tin"; VariantName = "[No Variations]"
Add component (AddParameter): Name = "Diameter"; Value = "1.6mm"; VariantName = "[No Variations]"
Add component (AddParameter): Name = "Length"; Value = "3.6mm"; VariantName = "[No Variations]"
Add component (AddParameter): Name = "Max Operating Temperature"; Value = "155°C"; VariantName = "[No Variations]"
Add component (AddParameter): Name = "Max Power Dissipation"; Value = "400mW"; VariantName = "[No Variations]"
Add component (AddParameter): Name = "Military Standard"; Value = "Not"; VariantName = "[No Variations]"
Add component (AddParameter): Name = "Min Operating Temperature"; Value = "-55°C"; VariantName = "[No Variations]"
Add component (AddParameter): Name = "Mount"; Value = "Through Hole"; VariantName = "[No Variations]"
Add component (AddParameter): Name = "Number of Terminations"; Value = "2"; VariantName = "[No Variations]"
Add component (AddParameter): Name = "Packaging"; Value = "Tape and Reel"; VariantName = "[No Variations]"
Add component (AddParameter): Name = "Power Rating"; Value = "400mW"; VariantName = "[No Variations]"
Add component (AddParameter): Name = "Radiation Hardening"; Value = "No"; VariantName = "[No Variations]"
Add component (AddParameter): Name = "Resistance"; Value = "20kR"; VariantName = "[No Variations]"
Add component (AddParameter): Name = "Resistor Type"; Value = "Metal Film"; VariantName = "[No Variations]"
Add component (AddParameter): Name = "RoHS Compliant"; Value = "Yes"; VariantName = "[No Variations]"
Add component (AddParameter): Name = "Series"; Value = "MRS16"; VariantName = "[No Variations]"
Add component (AddParameter): Name = "Technology"; Value = "THIN FILM"; VariantName = "[No Variations]"
Add component (AddParameter): Name = "Temperature Coefficient"; Value = "50ppm/°C"; VariantName = "[No Variations]"
Add component (AddParameter): Name = "Termination"; Value = "Axial"; VariantName = "[No Variations]"
Add component (AddParameter): Name = "Tolerance"; Value = "1%"; VariantName = "[No Variations]"
Added Component: Designator=R12(FP-MRS1600-MFG)
Add component (AddParameter): Name = "Case/Package"; Value = "Conformal"; VariantName = "[No Variations]"
Add component (AddParameter): Name = "Construction"; Value = "Cylindrical"; VariantName = "[No Variations]"
Add component (AddParameter): Name = "Contact Plating"; Value = "Tin"; VariantName = "[No Variations]"
Add component (AddParameter): Name = "Diameter"; Value = "1.6mm"; VariantName = "[No Variations]"
Add component (AddParameter): Name = "Length"; Value = "3.6mm"; VariantName = "[No Variations]"
Add component (AddParameter): Name = "Max Operating Temperature"; Value = "155°C"; VariantName = "[No Variations]"
Add component (AddParameter): Name = "Max Power Dissipation"; Value = "400mW"; VariantName = "[No Variations]"
Add component (AddParameter): Name = "Military Standard"; Value = "Not"; VariantName = "[No Variations]"
Add component (AddParameter): Name = "Min Operating Temperature"; Value = "-55°C"; VariantName = "[No Variations]"
Add component (AddParameter): Name = "Mount"; Value = "Through Hole"; VariantName = "[No Variations]"
Add component (AddParameter): Name = "Number of Terminations"; Value = "2"; VariantName = "[No Variations]"
Add component (AddParameter): Name = "Packaging"; Value = "Tape and Reel"; VariantName = "[No Variations]"
Add component (AddParameter): Name = "Power Rating"; Value = "400mW"; VariantName = "[No Variations]"
Add component (AddParameter): Name = "Radiation Hardening"; Value = "No"; VariantName = "[No Variations]"
Add component (AddParameter): Name = "Resistance"; Value = "20kR"; VariantName = "[No Variations]"
Add component (AddParameter): Name = "Resistor Type"; Value = "Metal Film"; VariantName = "[No Variations]"
Add component (AddParameter): Name = "RoHS Compliant"; Value = "Yes"; VariantName = "[No Variations]"
Add component (AddParameter): Name = "Series"; Value = "MRS16"; VariantName = "[No Variations]"
Add component (AddParameter): Name = "Technology"; Value = "THIN FILM"; VariantName = "[No Variations]"
Add component (AddParameter): Name = "Temperature Coefficient"; Value = "50ppm/°C"; VariantName = "[No Variations]"
Add component (AddParameter): Name = "Termination"; Value = "Axial"; VariantName = "[No Variations]"
Add component (AddParameter): Name = "Tolerance"; Value = "1%"; VariantName = "[No Variations]"
Added Component: Designator=R13(FP-MRS1600-MFG)
Add component (AddParameter): Name = "Case/Package"; Value = "Conformal"; VariantName = "[No Variations]"
Add component (AddParameter): Name = "Construction"; Value = "Cylindrical"; VariantName = "[No Variations]"
Add component (AddParameter): Name = "Contact Plating"; Value = "Tin"; VariantName = "[No Variations]"
Add component (AddParameter): Name = "Diameter"; Value = "1.6mm"; VariantName = "[No Variations]"
Add component (AddParameter): Name = "Length"; Value = "3.6mm"; VariantName = "[No Variations]"
Add component (AddParameter): Name = "Max Operating Temperature"; Value = "155°C"; VariantName = "[No Variations]"
Add component (AddParameter): Name = "Max Power Dissipation"; Value = "400mW"; VariantName = "[No Variations]"
Add component (AddParameter): Name = "Military Standard"; Value = "Not"; VariantName = "[No Variations]"
Add component (AddParameter): Name = "Min Operating Temperature"; Value = "-55°C"; VariantName = "[No Variations]"
Add component (AddParameter): Name = "Mount"; Value = "Through Hole"; VariantName = "[No Variations]"
Add component (AddParameter): Name = "Number of Terminations"; Value = "2"; VariantName = "[No Variations]"
Add component (AddParameter): Name = "Packaging"; Value = "Tape and Reel"; VariantName = "[No Variations]"
Add component (AddParameter): Name = "Power Rating"; Value = "400mW"; VariantName = "[No Variations]"
Add component (AddParameter): Name = "Radiation Hardening"; Value = "No"; VariantName = "[No Variations]"
Add component (AddParameter): Name = "Resistance"; Value = "20kR"; VariantName = "[No Variations]"
Add component (AddParameter): Name = "Resistor Type"; Value = "Metal Film"; VariantName = "[No Variations]"
Add component (AddParameter): Name = "RoHS Compliant"; Value = "Yes"; VariantName = "[No Variations]"
Add component (AddParameter): Name = "Series"; Value = "MRS16"; VariantName = "[No Variations]"
Add component (AddParameter): Name = "Technology"; Value = "THIN FILM"; VariantName = "[No Variations]"
Add component (AddParameter): Name = "Temperature Coefficient"; Value = "50ppm/°C"; VariantName = "[No Variations]"
Add component (AddParameter): Name = "Termination"; Value = "Axial"; VariantName = "[No Variations]"
Add component (AddParameter): Name = "Tolerance"; Value = "1%"; VariantName = "[No Variations]"
Added Component: Designator=R14(FP-MRS1600-MFG)
Add component (AddParameter): Name = "Case/Package"; Value = "Conformal"; VariantName = "[No Variations]"
Add component (AddParameter): Name = "Construction"; Value = "Cylindrical"; VariantName = "[No Variations]"
Add component (AddParameter): Name = "Contact Plating"; Value = "Tin"; VariantName = "[No Variations]"
Add component (AddParameter): Name = "Diameter"; Value = "1.6mm"; VariantName = "[No Variations]"
Add component (AddParameter): Name = "Length"; Value = "3.6mm"; VariantName = "[No Variations]"
Add component (AddParameter): Name = "Max Operating Temperature"; Value = "155°C"; VariantName = "[No Variations]"
Add component (AddParameter): Name = "Max Power Dissipation"; Value = "400mW"; VariantName = "[No Variations]"
Add component (AddParameter): Name = "Military Standard"; Value = "Not"; VariantName = "[No Variations]"
Add component (AddParameter): Name = "Min Operating Temperature"; Value = "-55°C"; VariantName = "[No Variations]"
Add component (AddParameter): Name = "Mount"; Value = "Through Hole"; VariantName = "[No Variations]"
Add component (AddParameter): Name = "Number of Terminations"; Value = "2"; VariantName = "[No Variations]"
Add component (AddParameter): Name = "Packaging"; Value = "Tape and Reel"; VariantName = "[No Variations]"
Add component (AddParameter): Name = "Power Rating"; Value = "400mW"; VariantName = "[No Variations]"
Add component (AddParameter): Name = "Radiation Hardening"; Value = "No"; VariantName = "[No Variations]"
Add component (AddParameter): Name = "Resistance"; Value = "20kR"; VariantName = "[No Variations]"
Add component (AddParameter): Name = "Resistor Type"; Value = "Metal Film"; VariantName = "[No Variations]"
Add component (AddParameter): Name = "RoHS Compliant"; Value = "Yes"; VariantName = "[No Variations]"
Add component (AddParameter): Name = "Series"; Value = "MRS16"; VariantName = "[No Variations]"
Add component (AddParameter): Name = "Technology"; Value = "THIN FILM"; VariantName = "[No Variations]"
Add component (AddParameter): Name = "Temperature Coefficient"; Value = "50ppm/°C"; VariantName = "[No Variations]"
Add component (AddParameter): Name = "Termination"; Value = "Axial"; VariantName = "[No Variations]"
Add component (AddParameter): Name = "Tolerance"; Value = "1%"; VariantName = "[No Variations]"
Added Component: Designator=R15(FP-MRS1600-MFG)
Add component (AddParameter): Name = "Case/Package"; Value = "Conformal"; VariantName = "[No Variations]"
Add component (AddParameter): Name = "Construction"; Value = "Cylindrical"; VariantName = "[No Variations]"
Add component (AddParameter): Name = "Contact Plating"; Value = "Tin"; VariantName = "[No Variations]"
Add component (AddParameter): Name = "Diameter"; Value = "1.6mm"; VariantName = "[No Variations]"
Add component (AddParameter): Name = "Length"; Value = "3.6mm"; VariantName = "[No Variations]"
Add component (AddParameter): Name = "Max Operating Temperature"; Value = "155°C"; VariantName = "[No Variations]"
Add component (AddParameter): Name = "Max Power Dissipation"; Value = "400mW"; VariantName = "[No Variations]"
Add component (AddParameter): Name = "Military Standard"; Value = "Not"; VariantName = "[No Variations]"
Add component (AddParameter): Name = "Min Operating Temperature"; Value = "-55°C"; VariantName = "[No Variations]"
Add component (AddParameter): Name = "Mount"; Value = "Through Hole"; VariantName = "[No Variations]"
Add component (AddParameter): Name = "Number of Terminations"; Value = "2"; VariantName = "[No Variations]"
Add component (AddParameter): Name = "Packaging"; Value = "Tape and Reel"; VariantName = "[No Variations]"
Add component (AddParameter): Name = "Power Rating"; Value = "400mW"; VariantName = "[No Variations]"
Add component (AddParameter): Name = "Radiation Hardening"; Value = "No"; VariantName = "[No Variations]"
Add component (AddParameter): Name = "Resistance"; Value = "20kR"; VariantName = "[No Variations]"
Add component (AddParameter): Name = "Resistor Type"; Value = "Metal Film"; VariantName = "[No Variations]"
Add component (AddParameter): Name = "RoHS Compliant"; Value = "Yes"; VariantName = "[No Variations]"
Add component (AddParameter): Name = "Series"; Value = "MRS16"; VariantName = "[No Variations]"
Add component (AddParameter): Name = "Technology"; Value = "THIN FILM"; VariantName = "[No Variations]"
Add component (AddParameter): Name = "Temperature Coefficient"; Value = "50ppm/°C"; VariantName = "[No Variations]"
Add component (AddParameter): Name = "Termination"; Value = "Axial"; VariantName = "[No Variations]"
Add component (AddParameter): Name = "Tolerance"; Value = "1%"; VariantName = "[No Variations]"
Added Component: Designator=R16(FP-MRS1600-MFG)
Add component (AddParameter): Name = "Case/Package"; Value = "Conformal"; VariantName = "[No Variations]"
Add component (AddParameter): Name = "Construction"; Value = "Cylindrical"; VariantName = "[No Variations]"
Add component (AddParameter): Name = "Contact Plating"; Value = "Tin"; VariantName = "[No Variations]"
Add component (AddParameter): Name = "Diameter"; Value = "1.6mm"; VariantName = "[No Variations]"
Add component (AddParameter): Name = "Length"; Value = "3.6mm"; VariantName = "[No Variations]"
Add component (AddParameter): Name = "Max Operating Temperature"; Value = "155°C"; VariantName = "[No Variations]"
Add component (AddParameter): Name = "Max Power Dissipation"; Value = "400mW"; VariantName = "[No Variations]"
Add component (AddParameter): Name = "Military Standard"; Value = "Not"; VariantName = "[No Variations]"
Add component (AddParameter): Name = "Min Operating Temperature"; Value = "-55°C"; VariantName = "[No Variations]"
Add component (AddParameter): Name = "Mount"; Value = "Through Hole"; VariantName = "[No Variations]"
Add component (AddParameter): Name = "Number of Terminations"; Value = "2"; VariantName = "[No Variations]"
Add component (AddParameter): Name = "Packaging"; Value = "Tape and Reel"; VariantName = "[No Variations]"
Add component (AddParameter): Name = "Power Rating"; Value = "400mW"; VariantName = "[No Variations]"
Add component (AddParameter): Name = "Radiation Hardening"; Value = "No"; VariantName = "[No Variations]"
Add component (AddParameter): Name = "Resistance"; Value = "20kR"; VariantName = "[No Variations]"
Add component (AddParameter): Name = "Resistor Type"; Value = "Metal Film"; VariantName = "[No Variations]"
Add component (AddParameter): Name = "RoHS Compliant"; Value = "Yes"; VariantName = "[No Variations]"
Add component (AddParameter): Name = "Series"; Value = "MRS16"; VariantName = "[No Variations]"
Add component (AddParameter): Name = "Technology"; Value = "THIN FILM"; VariantName = "[No Variations]"
Add component (AddParameter): Name = "Temperature Coefficient"; Value = "50ppm/°C"; VariantName = "[No Variations]"
Add component (AddParameter): Name = "Termination"; Value = "Axial"; VariantName = "[No Variations]"
Add component (AddParameter): Name = "Tolerance"; Value = "1%"; VariantName = "[No Variations]"
Added Component: Designator=R17(FP-MRS1600-MFG)
Add component (AddParameter): Name = "Case/Package"; Value = "Conformal"; VariantName = "[No Variations]"
Add component (AddParameter): Name = "Construction"; Value = "Cylindrical"; VariantName = "[No Variations]"
Add component (AddParameter): Name = "Contact Plating"; Value = "Tin"; VariantName = "[No Variations]"
Add component (AddParameter): Name = "Diameter"; Value = "1.6mm"; VariantName = "[No Variations]"
Add component (AddParameter): Name = "Length"; Value = "3.6mm"; VariantName = "[No Variations]"
Add component (AddParameter): Name = "Max Operating Temperature"; Value = "155°C"; VariantName = "[No Variations]"
Add component (AddParameter): Name = "Max Power Dissipation"; Value = "400mW"; VariantName = "[No Variations]"
Add component (AddParameter): Name = "Military Standard"; Value = "Not"; VariantName = "[No Variations]"
Add component (AddParameter): Name = "Min Operating Temperature"; Value = "-55°C"; VariantName = "[No Variations]"
Add component (AddParameter): Name = "Mount"; Value = "Through Hole"; VariantName = "[No Variations]"
Add component (AddParameter): Name = "Number of Terminations"; Value = "2"; VariantName = "[No Variations]"
Add component (AddParameter): Name = "Packaging"; Value = "Tape and Reel"; VariantName = "[No Variations]"
Add component (AddParameter): Name = "Power Rating"; Value = "400mW"; VariantName = "[No Variations]"
Add component (AddParameter): Name = "Radiation Hardening"; Value = "No"; VariantName = "[No Variations]"
Add component (AddParameter): Name = "Resistance"; Value = "20kR"; VariantName = "[No Variations]"
Add component (AddParameter): Name = "Resistor Type"; Value = "Metal Film"; VariantName = "[No Variations]"
Add component (AddParameter): Name = "RoHS Compliant"; Value = "Yes"; VariantName = "[No Variations]"
Add component (AddParameter): Name = "Series"; Value = "MRS16"; VariantName = "[No Variations]"
Add component (AddParameter): Name = "Technology"; Value = "THIN FILM"; VariantName = "[No Variations]"
Add component (AddParameter): Name = "Temperature Coefficient"; Value = "50ppm/°C"; VariantName = "[No Variations]"
Add component (AddParameter): Name = "Termination"; Value = "Axial"; VariantName = "[No Variations]"
Add component (AddParameter): Name = "Tolerance"; Value = "1%"; VariantName = "[No Variations]"
Added Component: Designator=R20(FP-MRS1600-MFG)
Add component (AddParameter): Name = "Case/Package"; Value = "Conformal"; VariantName = "[No Variations]"
Add component (AddParameter): Name = "Construction"; Value = "Cylindrical"; VariantName = "[No Variations]"
Add component (AddParameter): Name = "Contact Plating"; Value = "Tin"; VariantName = "[No Variations]"
Add component (AddParameter): Name = "Diameter"; Value = "1.6mm"; VariantName = "[No Variations]"
Add component (AddParameter): Name = "Length"; Value = "3.6mm"; VariantName = "[No Variations]"
Add component (AddParameter): Name = "Max Operating Temperature"; Value = "155°C"; VariantName = "[No Variations]"
Add component (AddParameter): Name = "Max Power Dissipation"; Value = "400mW"; VariantName = "[No Variations]"
Add component (AddParameter): Name = "Military Standard"; Value = "Not"; VariantName = "[No Variations]"
Add component (AddParameter): Name = "Min Operating Temperature"; Value = "-55°C"; VariantName = "[No Variations]"
Add component (AddParameter): Name = "Mount"; Value = "Through Hole"; VariantName = "[No Variations]"
Add component (AddParameter): Name = "Number of Terminations"; Value = "2"; VariantName = "[No Variations]"
Add component (AddParameter): Name = "Packaging"; Value = "Tape and Reel"; VariantName = "[No Variations]"
Add component (AddParameter): Name = "Power Rating"; Value = "400mW"; VariantName = "[No Variations]"
Add component (AddParameter): Name = "Radiation Hardening"; Value = "No"; VariantName = "[No Variations]"
Add component (AddParameter): Name = "Resistance"; Value = "20kR"; VariantName = "[No Variations]"
Add component (AddParameter): Name = "Resistor Type"; Value = "Metal Film"; VariantName = "[No Variations]"
Add component (AddParameter): Name = "RoHS Compliant"; Value = "Yes"; VariantName = "[No Variations]"
Add component (AddParameter): Name = "Series"; Value = "MRS16"; VariantName = "[No Variations]"
Add component (AddParameter): Name = "Technology"; Value = "THIN FILM"; VariantName = "[No Variations]"
Add component (AddParameter): Name = "Temperature Coefficient"; Value = "50ppm/°C"; VariantName = "[No Variations]"
Add component (AddParameter): Name = "Termination"; Value = "Axial"; VariantName = "[No Variations]"
Add component (AddParameter): Name = "Tolerance"; Value = "1%"; VariantName = "[No Variations]"
Added Component: Designator=R21(FP-MRS1600-MFG)
Add component (AddParameter): Name = "Case/Package"; Value = "Conformal"; VariantName = "[No Variations]"
Add component (AddParameter): Name = "Construction"; Value = "Cylindrical"; VariantName = "[No Variations]"
Add component (AddParameter): Name = "Contact Plating"; Value = "Tin"; VariantName = "[No Variations]"
Add component (AddParameter): Name = "Diameter"; Value = "1.6mm"; VariantName = "[No Variations]"
Add component (AddParameter): Name = "Length"; Value = "3.6mm"; VariantName = "[No Variations]"
Add component (AddParameter): Name = "Max Operating Temperature"; Value = "155°C"; VariantName = "[No Variations]"
Add component (AddParameter): Name = "Max Power Dissipation"; Value = "400mW"; VariantName = "[No Variations]"
Add component (AddParameter): Name = "Military Standard"; Value = "Not"; VariantName = "[No Variations]"
Add component (AddParameter): Name = "Min Operating Temperature"; Value = "-55°C"; VariantName = "[No Variations]"
Add component (AddParameter): Name = "Mount"; Value = "Through Hole"; VariantName = "[No Variations]"
Add component (AddParameter): Name = "Number of Terminations"; Value = "2"; VariantName = "[No Variations]"
Add component (AddParameter): Name = "Packaging"; Value = "Tape and Reel"; VariantName = "[No Variations]"
Add component (AddParameter): Name = "Power Rating"; Value = "400mW"; VariantName = "[No Variations]"
Add component (AddParameter): Name = "Radiation Hardening"; Value = "No"; VariantName = "[No Variations]"
Add component (AddParameter): Name = "Resistance"; Value = "20kR"; VariantName = "[No Variations]"
Add component (AddParameter): Name = "Resistor Type"; Value = "Metal Film"; VariantName = "[No Variations]"
Add component (AddParameter): Name = "RoHS Compliant"; Value = "Yes"; VariantName = "[No Variations]"
Add component (AddParameter): Name = "Series"; Value = "MRS16"; VariantName = "[No Variations]"
Add component (AddParameter): Name = "Technology"; Value = "THIN FILM"; VariantName = "[No Variations]"
Add component (AddParameter): Name = "Temperature Coefficient"; Value = "50ppm/°C"; VariantName = "[No Variations]"
Add component (AddParameter): Name = "Termination"; Value = "Axial"; VariantName = "[No Variations]"
Add component (AddParameter): Name = "Tolerance"; Value = "1%"; VariantName = "[No Variations]"
Added Component: Designator=R22(FP-MRS1600-MFG)
Add component (AddParameter): Name = "Case/Package"; Value = "Conformal"; VariantName = "[No Variations]"
Add component (AddParameter): Name = "Construction"; Value = "Cylindrical"; VariantName = "[No Variations]"
Add component (AddParameter): Name = "Contact Plating"; Value = "Tin"; VariantName = "[No Variations]"
Add component (AddParameter): Name = "Diameter"; Value = "1.6mm"; VariantName = "[No Variations]"
Add component (AddParameter): Name = "Length"; Value = "3.6mm"; VariantName = "[No Variations]"
Add component (AddParameter): Name = "Max Operating Temperature"; Value = "155°C"; VariantName = "[No Variations]"
Add component (AddParameter): Name = "Max Power Dissipation"; Value = "400mW"; VariantName = "[No Variations]"
Add component (AddParameter): Name = "Military Standard"; Value = "Not"; VariantName = "[No Variations]"
Add component (AddParameter): Name = "Min Operating Temperature"; Value = "-55°C"; VariantName = "[No Variations]"
Add component (AddParameter): Name = "Mount"; Value = "Through Hole"; VariantName = "[No Variations]"
Add component (AddParameter): Name = "Number of Terminations"; Value = "2"; VariantName = "[No Variations]"
Add component (AddParameter): Name = "Packaging"; Value = "Tape and Reel"; VariantName = "[No Variations]"
Add component (AddParameter): Name = "Power Rating"; Value = "400mW"; VariantName = "[No Variations]"
Add component (AddParameter): Name = "Radiation Hardening"; Value = "No"; VariantName = "[No Variations]"
Add component (AddParameter): Name = "Resistance"; Value = "20kR"; VariantName = "[No Variations]"
Add component (AddParameter): Name = "Resistor Type"; Value = "Metal Film"; VariantName = "[No Variations]"
Add component (AddParameter): Name = "RoHS Compliant"; Value = "Yes"; VariantName = "[No Variations]"
Add component (AddParameter): Name = "Series"; Value = "MRS16"; VariantName = "[No Variations]"
Add component (AddParameter): Name = "Technology"; Value = "THIN FILM"; VariantName = "[No Variations]"
Add component (AddParameter): Name = "Temperature Coefficient"; Value = "50ppm/°C"; VariantName = "[No Variations]"
Add component (AddParameter): Name = "Termination"; Value = "Axial"; VariantName = "[No Variations]"
Add component (AddParameter): Name = "Tolerance"; Value = "1%"; VariantName = "[No Variations]"
Added Component: Designator=R23(FP-MRS1600-MFG)
Add component (AddParameter): Name = "Case/Package"; Value = "Conformal"; VariantName = "[No Variations]"
Add component (AddParameter): Name = "Construction"; Value = "Cylindrical"; VariantName = "[No Variations]"
Add component (AddParameter): Name = "Contact Plating"; Value = "Tin"; VariantName = "[No Variations]"
Add component (AddParameter): Name = "Diameter"; Value = "1.6mm"; VariantName = "[No Variations]"
Add component (AddParameter): Name = "Length"; Value = "3.6mm"; VariantName = "[No Variations]"
Add component (AddParameter): Name = "Max Operating Temperature"; Value = "155°C"; VariantName = "[No Variations]"
Add component (AddParameter): Name = "Max Power Dissipation"; Value = "400mW"; VariantName = "[No Variations]"
Add component (AddParameter): Name = "Military Standard"; Value = "Not"; VariantName = "[No Variations]"
Add component (AddParameter): Name = "Min Operating Temperature"; Value = "-55°C"; VariantName = "[No Variations]"
Add component (AddParameter): Name = "Mount"; Value = "Through Hole"; VariantName = "[No Variations]"
Add component (AddParameter): Name = "Number of Terminations"; Value = "2"; VariantName = "[No Variations]"
Add component (AddParameter): Name = "Packaging"; Value = "Tape and Reel"; VariantName = "[No Variations]"
Add component (AddParameter): Name = "Power Rating"; Value = "400mW"; VariantName = "[No Variations]"
Add component (AddParameter): Name = "Radiation Hardening"; Value = "No"; VariantName = "[No Variations]"
Add component (AddParameter): Name = "Resistance"; Value = "20kR"; VariantName = "[No Variations]"
Add component (AddParameter): Name = "Resistor Type"; Value = "Metal Film"; VariantName = "[No Variations]"
Add component (AddParameter): Name = "RoHS Compliant"; Value = "Yes"; VariantName = "[No Variations]"
Add component (AddParameter): Name = "Series"; Value = "MRS16"; VariantName = "[No Variations]"
Add component (AddParameter): Name = "Technology"; Value = "THIN FILM"; VariantName = "[No Variations]"
Add component (AddParameter): Name = "Temperature Coefficient"; Value = "50ppm/°C"; VariantName = "[No Variations]"
Add component (AddParameter): Name = "Termination"; Value = "Axial"; VariantName = "[No Variations]"
Add component (AddParameter): Name = "Tolerance"; Value = "1%"; VariantName = "[No Variations]"
Added Component: Designator=R24(FP-MRS1600-MFG)
Add component (AddParameter): Name = "Case/Package"; Value = "Conformal"; VariantName = "[No Variations]"
Add component (AddParameter): Name = "Construction"; Value = "Cylindrical"; VariantName = "[No Variations]"
Add component (AddParameter): Name = "Contact Plating"; Value = "Tin"; VariantName = "[No Variations]"
Add component (AddParameter): Name = "Diameter"; Value = "1.6mm"; VariantName = "[No Variations]"
Add component (AddParameter): Name = "Length"; Value = "3.6mm"; VariantName = "[No Variations]"
Add component (AddParameter): Name = "Max Operating Temperature"; Value = "155°C"; VariantName = "[No Variations]"
Add component (AddParameter): Name = "Max Power Dissipation"; Value = "400mW"; VariantName = "[No Variations]"
Add component (AddParameter): Name = "Military Standard"; Value = "Not"; VariantName = "[No Variations]"
Add component (AddParameter): Name = "Min Operating Temperature"; Value = "-55°C"; VariantName = "[No Variations]"
Add component (AddParameter): Name = "Mount"; Value = "Through Hole"; VariantName = "[No Variations]"
Add component (AddParameter): Name = "Number of Terminations"; Value = "2"; VariantName = "[No Variations]"
Add component (AddParameter): Name = "Packaging"; Value = "Tape and Reel"; VariantName = "[No Variations]"
Add component (AddParameter): Name = "Power Rating"; Value = "400mW"; VariantName = "[No Variations]"
Add component (AddParameter): Name = "Radiation Hardening"; Value = "No"; VariantName = "[No Variations]"
Add component (AddParameter): Name = "Resistance"; Value = "20kR"; VariantName = "[No Variations]"
Add component (AddParameter): Name = "Resistor Type"; Value = "Metal Film"; VariantName = "[No Variations]"
Add component (AddParameter): Name = "RoHS Compliant"; Value = "Yes"; VariantName = "[No Variations]"
Add component (AddParameter): Name = "Series"; Value = "MRS16"; VariantName = "[No Variations]"
Add component (AddParameter): Name = "Technology"; Value = "THIN FILM"; VariantName = "[No Variations]"
Add component (AddParameter): Name = "Temperature Coefficient"; Value = "50ppm/°C"; VariantName = "[No Variations]"
Add component (AddParameter): Name = "Termination"; Value = "Axial"; VariantName = "[No Variations]"
Add component (AddParameter): Name = "Tolerance"; Value = "1%"; VariantName = "[No Variations]"
Added Component: Designator=R25(FP-MRS1600-MFG)
Add component (AddParameter): Name = "Case/Package"; Value = "Conformal"; VariantName = "[No Variations]"
Add component (AddParameter): Name = "Construction"; Value = "Cylindrical"; VariantName = "[No Variations]"
Add component (AddParameter): Name = "Contact Plating"; Value = "Tin"; VariantName = "[No Variations]"
Add component (AddParameter): Name = "Diameter"; Value = "1.6mm"; VariantName = "[No Variations]"
Add component (AddParameter): Name = "Length"; Value = "3.6mm"; VariantName = "[No Variations]"
Add component (AddParameter): Name = "Max Operating Temperature"; Value = "155°C"; VariantName = "[No Variations]"
Add component (AddParameter): Name = "Max Power Dissipation"; Value = "400mW"; VariantName = "[No Variations]"
Add component (AddParameter): Name = "Military Standard"; Value = "Not"; VariantName = "[No Variations]"
Add component (AddParameter): Name = "Min Operating Temperature"; Value = "-55°C"; VariantName = "[No Variations]"
Add component (AddParameter): Name = "Mount"; Value = "Through Hole"; VariantName = "[No Variations]"
Add component (AddParameter): Name = "Number of Terminations"; Value = "2"; VariantName = "[No Variations]"
Add component (AddParameter): Name = "Packaging"; Value = "Tape and Reel"; VariantName = "[No Variations]"
Add component (AddParameter): Name = "Power Rating"; Value = "400mW"; VariantName = "[No Variations]"
Add component (AddParameter): Name = "Radiation Hardening"; Value = "No"; VariantName = "[No Variations]"
Add component (AddParameter): Name = "Resistance"; Value = "20kR"; VariantName = "[No Variations]"
Add component (AddParameter): Name = "Resistor Type"; Value = "Metal Film"; VariantName = "[No Variations]"
Add component (AddParameter): Name = "RoHS Compliant"; Value = "Yes"; VariantName = "[No Variations]"
Add component (AddParameter): Name = "Series"; Value = "MRS16"; VariantName = "[No Variations]"
Add component (AddParameter): Name = "Technology"; Value = "THIN FILM"; VariantName = "[No Variations]"
Add component (AddParameter): Name = "Temperature Coefficient"; Value = "50ppm/°C"; VariantName = "[No Variations]"
Add component (AddParameter): Name = "Termination"; Value = "Axial"; VariantName = "[No Variations]"
Add component (AddParameter): Name = "Tolerance"; Value = "1%"; VariantName = "[No Variations]"
Added Component: Designator=R26(FP-MRS1600-MFG)
Add component (AddParameter): Name = "Case/Package"; Value = "Conformal"; VariantName = "[No Variations]"
Add component (AddParameter): Name = "Construction"; Value = "Cylindrical"; VariantName = "[No Variations]"
Add component (AddParameter): Name = "Contact Plating"; Value = "Tin"; VariantName = "[No Variations]"
Add component (AddParameter): Name = "Diameter"; Value = "1.6mm"; VariantName = "[No Variations]"
Add component (AddParameter): Name = "Length"; Value = "3.6mm"; VariantName = "[No Variations]"
Add component (AddParameter): Name = "Max Operating Temperature"; Value = "155°C"; VariantName = "[No Variations]"
Add component (AddParameter): Name = "Max Power Dissipation"; Value = "400mW"; VariantName = "[No Variations]"
Add component (AddParameter): Name = "Military Standard"; Value = "Not"; VariantName = "[No Variations]"
Add component (AddParameter): Name = "Min Operating Temperature"; Value = "-55°C"; VariantName = "[No Variations]"
Add component (AddParameter): Name = "Mount"; Value = "Through Hole"; VariantName = "[No Variations]"
Add component (AddParameter): Name = "Number of Terminations"; Value = "2"; VariantName = "[No Variations]"
Add component (AddParameter): Name = "Packaging"; Value = "Tape and Reel"; VariantName = "[No Variations]"
Add component (AddParameter): Name = "Power Rating"; Value = "400mW"; VariantName = "[No Variations]"
Add component (AddParameter): Name = "Radiation Hardening"; Value = "No"; VariantName = "[No Variations]"
Add component (AddParameter): Name = "Resistance"; Value = "20kR"; VariantName = "[No Variations]"
Add component (AddParameter): Name = "Resistor Type"; Value = "Metal Film"; VariantName = "[No Variations]"
Add component (AddParameter): Name = "RoHS Compliant"; Value = "Yes"; VariantName = "[No Variations]"
Add component (AddParameter): Name = "Series"; Value = "MRS16"; VariantName = "[No Variations]"
Add component (AddParameter): Name = "Technology"; Value = "THIN FILM"; VariantName = "[No Variations]"
Add component (AddParameter): Name = "Temperature Coefficient"; Value = "50ppm/°C"; VariantName = "[No Variations]"
Add component (AddParameter): Name = "Termination"; Value = "Axial"; VariantName = "[No Variations]"
Add component (AddParameter): Name = "Tolerance"; Value = "1%"; VariantName = "[No Variations]"
Added Component: Designator=R27(FP-MRS1600-MFG)
Add component (AddParameter): Name = "Case/Package"; Value = "Conformal"; VariantName = "[No Variations]"
Add component (AddParameter): Name = "Construction"; Value = "Cylindrical"; VariantName = "[No Variations]"
Add component (AddParameter): Name = "Contact Plating"; Value = "Tin"; VariantName = "[No Variations]"
Add component (AddParameter): Name = "Diameter"; Value = "1.6mm"; VariantName = "[No Variations]"
Add component (AddParameter): Name = "Length"; Value = "3.6mm"; VariantName = "[No Variations]"
Add component (AddParameter): Name = "Max Operating Temperature"; Value = "155°C"; VariantName = "[No Variations]"
Add component (AddParameter): Name = "Max Power Dissipation"; Value = "400mW"; VariantName = "[No Variations]"
Add component (AddParameter): Name = "Military Standard"; Value = "Not"; VariantName = "[No Variations]"
Add component (AddParameter): Name = "Min Operating Temperature"; Value = "-55°C"; VariantName = "[No Variations]"
Add component (AddParameter): Name = "Mount"; Value = "Through Hole"; VariantName = "[No Variations]"
Add component (AddParameter): Name = "Number of Terminations"; Value = "2"; VariantName = "[No Variations]"
Add component (AddParameter): Name = "Packaging"; Value = "Tape and Reel"; VariantName = "[No Variations]"
Add component (AddParameter): Name = "Power Rating"; Value = "400mW"; VariantName = "[No Variations]"
Add component (AddParameter): Name = "Radiation Hardening"; Value = "No"; VariantName = "[No Variations]"
Add component (AddParameter): Name = "Resistance"; Value = "20kR"; VariantName = "[No Variations]"
Add component (AddParameter): Name = "Resistor Type"; Value = "Metal Film"; VariantName = "[No Variations]"
Add component (AddParameter): Name = "RoHS Compliant"; Value = "Yes"; VariantName = "[No Variations]"
Add component (AddParameter): Name = "Series"; Value = "MRS16"; VariantName = "[No Variations]"
Add component (AddParameter): Name = "Technology"; Value = "THIN FILM"; VariantName = "[No Variations]"
Add component (AddParameter): Name = "Temperature Coefficient"; Value = "50ppm/°C"; VariantName = "[No Variations]"
Add component (AddParameter): Name = "Termination"; Value = "Axial"; VariantName = "[No Variations]"
Add component (AddParameter): Name = "Tolerance"; Value = "1%"; VariantName = "[No Variations]"
Added Component: Designator=R28(FP-MRS1600-MFG)
Add component (AddParameter): Name = "Case/Package"; Value = "Conformal"; VariantName = "[No Variations]"
Add component (AddParameter): Name = "Construction"; Value = "Cylindrical"; VariantName = "[No Variations]"
Add component (AddParameter): Name = "Contact Plating"; Value = "Tin"; VariantName = "[No Variations]"
Add component (AddParameter): Name = "Diameter"; Value = "1.6mm"; VariantName = "[No Variations]"
Add component (AddParameter): Name = "Length"; Value = "3.6mm"; VariantName = "[No Variations]"
Add component (AddParameter): Name = "Max Operating Temperature"; Value = "155°C"; VariantName = "[No Variations]"
Add component (AddParameter): Name = "Max Power Dissipation"; Value = "400mW"; VariantName = "[No Variations]"
Add component (AddParameter): Name = "Military Standard"; Value = "Not"; VariantName = "[No Variations]"
Add component (AddParameter): Name = "Min Operating Temperature"; Value = "-55°C"; VariantName = "[No Variations]"
Add component (AddParameter): Name = "Mount"; Value = "Through Hole"; VariantName = "[No Variations]"
Add component (AddParameter): Name = "Number of Terminations"; Value = "2"; VariantName = "[No Variations]"
Add component (AddParameter): Name = "Packaging"; Value = "Tape and Reel"; VariantName = "[No Variations]"
Add component (AddParameter): Name = "Power Rating"; Value = "400mW"; VariantName = "[No Variations]"
Add component (AddParameter): Name = "Radiation Hardening"; Value = "No"; VariantName = "[No Variations]"
Add component (AddParameter): Name = "Resistance"; Value = "20kR"; VariantName = "[No Variations]"
Add component (AddParameter): Name = "Resistor Type"; Value = "Metal Film"; VariantName = "[No Variations]"
Add component (AddParameter): Name = "RoHS Compliant"; Value = "Yes"; VariantName = "[No Variations]"
Add component (AddParameter): Name = "Series"; Value = "MRS16"; VariantName = "[No Variations]"
Add component (AddParameter): Name = "Technology"; Value = "THIN FILM"; VariantName = "[No Variations]"
Add component (AddParameter): Name = "Temperature Coefficient"; Value = "50ppm/°C"; VariantName = "[No Variations]"
Add component (AddParameter): Name = "Termination"; Value = "Axial"; VariantName = "[No Variations]"
Add component (AddParameter): Name = "Tolerance"; Value = "1%"; VariantName = "[No Variations]"
Added Component: Designator=R29(FP-MRS1600-MFG)
Add component (AddParameter): Name = "Case/Package"; Value = "Conformal"; VariantName = "[No Variations]"
Add component (AddParameter): Name = "Construction"; Value = "Cylindrical"; VariantName = "[No Variations]"
Add component (AddParameter): Name = "Contact Plating"; Value = "Tin"; VariantName = "[No Variations]"
Add component (AddParameter): Name = "Diameter"; Value = "1.6mm"; VariantName = "[No Variations]"
Add component (AddParameter): Name = "Length"; Value = "3.6mm"; VariantName = "[No Variations]"
Add component (AddParameter): Name = "Max Operating Temperature"; Value = "155°C"; VariantName = "[No Variations]"
Add component (AddParameter): Name = "Max Power Dissipation"; Value = "400mW"; VariantName = "[No Variations]"
Add component (AddParameter): Name = "Military Standard"; Value = "Not"; VariantName = "[No Variations]"
Add component (AddParameter): Name = "Min Operating Temperature"; Value = "-55°C"; VariantName = "[No Variations]"
Add component (AddParameter): Name = "Mount"; Value = "Through Hole"; VariantName = "[No Variations]"
Add component (AddParameter): Name = "Number of Terminations"; Value = "2"; VariantName = "[No Variations]"
Add component (AddParameter): Name = "Packaging"; Value = "Tape and Reel"; VariantName = "[No Variations]"
Add component (AddParameter): Name = "Power Rating"; Value = "400mW"; VariantName = "[No Variations]"
Add component (AddParameter): Name = "Radiation Hardening"; Value = "No"; VariantName = "[No Variations]"
Add component (AddParameter): Name = "Resistance"; Value = "20kR"; VariantName = "[No Variations]"
Add component (AddParameter): Name = "Resistor Type"; Value = "Metal Film"; VariantName = "[No Variations]"
Add component (AddParameter): Name = "RoHS Compliant"; Value = "Yes"; VariantName = "[No Variations]"
Add component (AddParameter): Name = "Series"; Value = "MRS16"; VariantName = "[No Variations]"
Add component (AddParameter): Name = "Technology"; Value = "THIN FILM"; VariantName = "[No Variations]"
Add component (AddParameter): Name = "Temperature Coefficient"; Value = "50ppm/°C"; VariantName = "[No Variations]"
Add component (AddParameter): Name = "Termination"; Value = "Axial"; VariantName = "[No Variations]"
Add component (AddParameter): Name = "Tolerance"; Value = "1%"; VariantName = "[No Variations]"
Added Component: Designator=R30(FP-MRS1600-MFG)
Add component (AddParameter): Name = "Case/Package"; Value = "Conformal"; VariantName = "[No Variations]"
Add component (AddParameter): Name = "Construction"; Value = "Cylindrical"; VariantName = "[No Variations]"
Add component (AddParameter): Name = "Contact Plating"; Value = "Tin"; VariantName = "[No Variations]"
Add component (AddParameter): Name = "Diameter"; Value = "1.6mm"; VariantName = "[No Variations]"
Add component (AddParameter): Name = "Length"; Value = "3.6mm"; VariantName = "[No Variations]"
Add component (AddParameter): Name = "Max Operating Temperature"; Value = "155°C"; VariantName = "[No Variations]"
Add component (AddParameter): Name = "Max Power Dissipation"; Value = "400mW"; VariantName = "[No Variations]"
Add component (AddParameter): Name = "Military Standard"; Value = "Not"; VariantName = "[No Variations]"
Add component (AddParameter): Name = "Min Operating Temperature"; Value = "-55°C"; VariantName = "[No Variations]"
Add component (AddParameter): Name = "Mount"; Value = "Through Hole"; VariantName = "[No Variations]"
Add component (AddParameter): Name = "Number of Terminations"; Value = "2"; VariantName = "[No Variations]"
Add component (AddParameter): Name = "Packaging"; Value = "Tape and Reel"; VariantName = "[No Variations]"
Add component (AddParameter): Name = "Power Rating"; Value = "400mW"; VariantName = "[No Variations]"
Add component (AddParameter): Name = "Radiation Hardening"; Value = "No"; VariantName = "[No Variations]"
Add component (AddParameter): Name = "Resistance"; Value = "20kR"; VariantName = "[No Variations]"
Add component (AddParameter): Name = "Resistor Type"; Value = "Metal Film"; VariantName = "[No Variations]"
Add component (AddParameter): Name = "RoHS Compliant"; Value = "Yes"; VariantName = "[No Variations]"
Add component (AddParameter): Name = "Series"; Value = "MRS16"; VariantName = "[No Variations]"
Add component (AddParameter): Name = "Technology"; Value = "THIN FILM"; VariantName = "[No Variations]"
Add component (AddParameter): Name = "Temperature Coefficient"; Value = "50ppm/°C"; VariantName = "[No Variations]"
Add component (AddParameter): Name = "Termination"; Value = "Axial"; VariantName = "[No Variations]"
Add component (AddParameter): Name = "Tolerance"; Value = "1%"; VariantName = "[No Variations]"
Added Component: Designator=R31(FP-MRS1600-MFG)
Add component (AddParameter): Name = "Case/Package"; Value = "Conformal"; VariantName = "[No Variations]"
Add component (AddParameter): Name = "Construction"; Value = "Cylindrical"; VariantName = "[No Variations]"
Add component (AddParameter): Name = "Contact Plating"; Value = "Tin"; VariantName = "[No Variations]"
Add component (AddParameter): Name = "Diameter"; Value = "1.6mm"; VariantName = "[No Variations]"
Add component (AddParameter): Name = "Length"; Value = "3.6mm"; VariantName = "[No Variations]"
Add component (AddParameter): Name = "Max Operating Temperature"; Value = "155°C"; VariantName = "[No Variations]"
Add component (AddParameter): Name = "Max Power Dissipation"; Value = "400mW"; VariantName = "[No Variations]"
Add component (AddParameter): Name = "Military Standard"; Value = "Not"; VariantName = "[No Variations]"
Add component (AddParameter): Name = "Min Operating Temperature"; Value = "-55°C"; VariantName = "[No Variations]"
Add component (AddParameter): Name = "Mount"; Value = "Through Hole"; VariantName = "[No Variations]"
Add component (AddParameter): Name = "Number of Terminations"; Value = "2"; VariantName = "[No Variations]"
Add component (AddParameter): Name = "Packaging"; Value = "Tape and Reel"; VariantName = "[No Variations]"
Add component (AddParameter): Name = "Power Rating"; Value = "400mW"; VariantName = "[No Variations]"
Add component (AddParameter): Name = "Radiation Hardening"; Value = "No"; VariantName = "[No Variations]"
Add component (AddParameter): Name = "Resistance"; Value = "20kR"; VariantName = "[No Variations]"
Add component (AddParameter): Name = "Resistor Type"; Value = "Metal Film"; VariantName = "[No Variations]"
Add component (AddParameter): Name = "RoHS Compliant"; Value = "Yes"; VariantName = "[No Variations]"
Add component (AddParameter): Name = "Series"; Value = "MRS16"; VariantName = "[No Variations]"
Add component (AddParameter): Name = "Technology"; Value = "THIN FILM"; VariantName = "[No Variations]"
Add component (AddParameter): Name = "Temperature Coefficient"; Value = "50ppm/°C"; VariantName = "[No Variations]"
Add component (AddParameter): Name = "Termination"; Value = "Axial"; VariantName = "[No Variations]"
Add component (AddParameter): Name = "Tolerance"; Value = "1%"; VariantName = "[No Variations]"
Added Component: Designator=R32(FP-MRS1600-MFG)
Add component (AddParameter): Name = "Case/Package"; Value = "Conformal"; VariantName = "[No Variations]"
Add component (AddParameter): Name = "Construction"; Value = "Cylindrical"; VariantName = "[No Variations]"
Add component (AddParameter): Name = "Contact Plating"; Value = "Tin"; VariantName = "[No Variations]"
Add component (AddParameter): Name = "Diameter"; Value = "1.6mm"; VariantName = "[No Variations]"
Add component (AddParameter): Name = "Length"; Value = "3.6mm"; VariantName = "[No Variations]"
Add component (AddParameter): Name = "Max Operating Temperature"; Value = "155°C"; VariantName = "[No Variations]"
Add component (AddParameter): Name = "Max Power Dissipation"; Value = "400mW"; VariantName = "[No Variations]"
Add component (AddParameter): Name = "Military Standard"; Value = "Not"; VariantName = "[No Variations]"
Add component (AddParameter): Name = "Min Operating Temperature"; Value = "-55°C"; VariantName = "[No Variations]"
Add component (AddParameter): Name = "Mount"; Value = "Through Hole"; VariantName = "[No Variations]"
Add component (AddParameter): Name = "Number of Terminations"; Value = "2"; VariantName = "[No Variations]"
Add component (AddParameter): Name = "Packaging"; Value = "Tape and Reel"; VariantName = "[No Variations]"
Add component (AddParameter): Name = "Power Rating"; Value = "400mW"; VariantName = "[No Variations]"
Add component (AddParameter): Name = "Radiation Hardening"; Value = "No"; VariantName = "[No Variations]"
Add component (AddParameter): Name = "Resistance"; Value = "20kR"; VariantName = "[No Variations]"
Add component (AddParameter): Name = "Resistor Type"; Value = "Metal Film"; VariantName = "[No Variations]"
Add component (AddParameter): Name = "RoHS Compliant"; Value = "Yes"; VariantName = "[No Variations]"
Add component (AddParameter): Name = "Series"; Value = "MRS16"; VariantName = "[No Variations]"
Add component (AddParameter): Name = "Technology"; Value = "THIN FILM"; VariantName = "[No Variations]"
Add component (AddParameter): Name = "Temperature Coefficient"; Value = "50ppm/°C"; VariantName = "[No Variations]"
Add component (AddParameter): Name = "Termination"; Value = "Axial"; VariantName = "[No Variations]"
Add component (AddParameter): Name = "Tolerance"; Value = "1%"; VariantName = "[No Variations]"
Added Component: Designator=R33(FP-MRS1600-MFG)
Add component (AddParameter): Name = "Case/Package"; Value = "Conformal"; VariantName = "[No Variations]"
Add component (AddParameter): Name = "Construction"; Value = "Cylindrical"; VariantName = "[No Variations]"
Add component (AddParameter): Name = "Contact Plating"; Value = "Tin"; VariantName = "[No Variations]"
Add component (AddParameter): Name = "Diameter"; Value = "1.6mm"; VariantName = "[No Variations]"
Add component (AddParameter): Name = "Length"; Value = "3.6mm"; VariantName = "[No Variations]"
Add component (AddParameter): Name = "Max Operating Temperature"; Value = "155°C"; VariantName = "[No Variations]"
Add component (AddParameter): Name = "Max Power Dissipation"; Value = "400mW"; VariantName = "[No Variations]"
Add component (AddParameter): Name = "Military Standard"; Value = "Not"; VariantName = "[No Variations]"
Add component (AddParameter): Name = "Min Operating Temperature"; Value = "-55°C"; VariantName = "[No Variations]"
Add component (AddParameter): Name = "Mount"; Value = "Through Hole"; VariantName = "[No Variations]"
Add component (AddParameter): Name = "Number of Terminations"; Value = "2"; VariantName = "[No Variations]"
Add component (AddParameter): Name = "Packaging"; Value = "Tape and Reel"; VariantName = "[No Variations]"
Add component (AddParameter): Name = "Power Rating"; Value = "400mW"; VariantName = "[No Variations]"
Add component (AddParameter): Name = "Radiation Hardening"; Value = "No"; VariantName = "[No Variations]"
Add component (AddParameter): Name = "Resistance"; Value = "20kR"; VariantName = "[No Variations]"
Add component (AddParameter): Name = "Resistor Type"; Value = "Metal Film"; VariantName = "[No Variations]"
Add component (AddParameter): Name = "RoHS Compliant"; Value = "Yes"; VariantName = "[No Variations]"
Add component (AddParameter): Name = "Series"; Value = "MRS16"; VariantName = "[No Variations]"
Add component (AddParameter): Name = "Technology"; Value = "THIN FILM"; VariantName = "[No Variations]"
Add component (AddParameter): Name = "Temperature Coefficient"; Value = "50ppm/°C"; VariantName = "[No Variations]"
Add component (AddParameter): Name = "Termination"; Value = "Axial"; VariantName = "[No Variations]"
Add component (AddParameter): Name = "Tolerance"; Value = "1%"; VariantName = "[No Variations]"
Added Component: Designator=R34(FP-MRS1600-MFG)
Add component (AddParameter): Name = "Case/Package"; Value = "Conformal"; VariantName = "[No Variations]"
Add component (AddParameter): Name = "Construction"; Value = "Cylindrical"; VariantName = "[No Variations]"
Add component (AddParameter): Name = "Contact Plating"; Value = "Tin"; VariantName = "[No Variations]"
Add component (AddParameter): Name = "Diameter"; Value = "1.6mm"; VariantName = "[No Variations]"
Add component (AddParameter): Name = "Length"; Value = "3.6mm"; VariantName = "[No Variations]"
Add component (AddParameter): Name = "Max Operating Temperature"; Value = "155°C"; VariantName = "[No Variations]"
Add component (AddParameter): Name = "Max Power Dissipation"; Value = "400mW"; VariantName = "[No Variations]"
Add component (AddParameter): Name = "Military Standard"; Value = "Not"; VariantName = "[No Variations]"
Add component (AddParameter): Name = "Min Operating Temperature"; Value = "-55°C"; VariantName = "[No Variations]"
Add component (AddParameter): Name = "Mount"; Value = "Through Hole"; VariantName = "[No Variations]"
Add component (AddParameter): Name = "Number of Terminations"; Value = "2"; VariantName = "[No Variations]"
Add component (AddParameter): Name = "Packaging"; Value = "Tape and Reel"; VariantName = "[No Variations]"
Add component (AddParameter): Name = "Power Rating"; Value = "400mW"; VariantName = "[No Variations]"
Add component (AddParameter): Name = "Radiation Hardening"; Value = "No"; VariantName = "[No Variations]"
Add component (AddParameter): Name = "Resistance"; Value = "20kR"; VariantName = "[No Variations]"
Add component (AddParameter): Name = "Resistor Type"; Value = "Metal Film"; VariantName = "[No Variations]"
Add component (AddParameter): Name = "RoHS Compliant"; Value = "Yes"; VariantName = "[No Variations]"
Add component (AddParameter): Name = "Series"; Value = "MRS16"; VariantName = "[No Variations]"
Add component (AddParameter): Name = "Technology"; Value = "THIN FILM"; VariantName = "[No Variations]"
Add component (AddParameter): Name = "Temperature Coefficient"; Value = "50ppm/°C"; VariantName = "[No Variations]"
Add component (AddParameter): Name = "Termination"; Value = "Axial"; VariantName = "[No Variations]"
Add component (AddParameter): Name = "Tolerance"; Value = "1%"; VariantName = "[No Variations]"
Added Component: Designator=R35(FP-MRS1600-MFG)
Add component (AddParameter): Name = "Case/Package"; Value = "Conformal"; VariantName = "[No Variations]"
Add component (AddParameter): Name = "Construction"; Value = "Cylindrical"; VariantName = "[No Variations]"
Add component (AddParameter): Name = "Contact Plating"; Value = "Tin"; VariantName = "[No Variations]"
Add component (AddParameter): Name = "Diameter"; Value = "1.6mm"; VariantName = "[No Variations]"
Add component (AddParameter): Name = "Length"; Value = "3.6mm"; VariantName = "[No Variations]"
Add component (AddParameter): Name = "Max Operating Temperature"; Value = "155°C"; VariantName = "[No Variations]"
Add component (AddParameter): Name = "Max Power Dissipation"; Value = "400mW"; VariantName = "[No Variations]"
Add component (AddParameter): Name = "Military Standard"; Value = "Not"; VariantName = "[No Variations]"
Add component (AddParameter): Name = "Min Operating Temperature"; Value = "-55°C"; VariantName = "[No Variations]"
Add component (AddParameter): Name = "Mount"; Value = "Through Hole"; VariantName = "[No Variations]"
Add component (AddParameter): Name = "Number of Terminations"; Value = "2"; VariantName = "[No Variations]"
Add component (AddParameter): Name = "Packaging"; Value = "Tape and Reel"; VariantName = "[No Variations]"
Add component (AddParameter): Name = "Power Rating"; Value = "400mW"; VariantName = "[No Variations]"
Add component (AddParameter): Name = "Radiation Hardening"; Value = "No"; VariantName = "[No Variations]"
Add component (AddParameter): Name = "Resistance"; Value = "20kR"; VariantName = "[No Variations]"
Add component (AddParameter): Name = "Resistor Type"; Value = "Metal Film"; VariantName = "[No Variations]"
Add component (AddParameter): Name = "RoHS Compliant"; Value = "Yes"; VariantName = "[No Variations]"
Add component (AddParameter): Name = "Series"; Value = "MRS16"; VariantName = "[No Variations]"
Add component (AddParameter): Name = "Technology"; Value = "THIN FILM"; VariantName = "[No Variations]"
Add component (AddParameter): Name = "Temperature Coefficient"; Value = "50ppm/°C"; VariantName = "[No Variations]"
Add component (AddParameter): Name = "Termination"; Value = "Axial"; VariantName = "[No Variations]"
Add component (AddParameter): Name = "Tolerance"; Value = "1%"; VariantName = "[No Variations]"
Added Component: Designator=R36(FP-MRS1600-MFG)
Add component (AddParameter): Name = "Case/Package"; Value = "Conformal"; VariantName = "[No Variations]"
Add component (AddParameter): Name = "Construction"; Value = "Cylindrical"; VariantName = "[No Variations]"
Add component (AddParameter): Name = "Contact Plating"; Value = "Tin"; VariantName = "[No Variations]"
Add component (AddParameter): Name = "Diameter"; Value = "1.6mm"; VariantName = "[No Variations]"
Add component (AddParameter): Name = "Length"; Value = "3.6mm"; VariantName = "[No Variations]"
Add component (AddParameter): Name = "Max Operating Temperature"; Value = "155°C"; VariantName = "[No Variations]"
Add component (AddParameter): Name = "Max Power Dissipation"; Value = "400mW"; VariantName = "[No Variations]"
Add component (AddParameter): Name = "Military Standard"; Value = "Not"; VariantName = "[No Variations]"
Add component (AddParameter): Name = "Min Operating Temperature"; Value = "-55°C"; VariantName = "[No Variations]"
Add component (AddParameter): Name = "Mount"; Value = "Through Hole"; VariantName = "[No Variations]"
Add component (AddParameter): Name = "Number of Terminations"; Value = "2"; VariantName = "[No Variations]"
Add component (AddParameter): Name = "Packaging"; Value = "Tape and Reel"; VariantName = "[No Variations]"
Add component (AddParameter): Name = "Power Rating"; Value = "400mW"; VariantName = "[No Variations]"
Add component (AddParameter): Name = "Radiation Hardening"; Value = "No"; VariantName = "[No Variations]"
Add component (AddParameter): Name = "Resistance"; Value = "20kR"; VariantName = "[No Variations]"
Add component (AddParameter): Name = "Resistor Type"; Value = "Metal Film"; VariantName = "[No Variations]"
Add component (AddParameter): Name = "RoHS Compliant"; Value = "Yes"; VariantName = "[No Variations]"
Add component (AddParameter): Name = "Series"; Value = "MRS16"; VariantName = "[No Variations]"
Add component (AddParameter): Name = "Technology"; Value = "THIN FILM"; VariantName = "[No Variations]"
Add component (AddParameter): Name = "Temperature Coefficient"; Value = "50ppm/°C"; VariantName = "[No Variations]"
Add component (AddParameter): Name = "Termination"; Value = "Axial"; VariantName = "[No Variations]"
Add component (AddParameter): Name = "Tolerance"; Value = "1%"; VariantName = "[No Variations]"
Added Component: Designator=R37(FP-MRS1600-MFG)
Add component (AddParameter): Name = "Case/Package"; Value = "Conformal"; VariantName = "[No Variations]"
Add component (AddParameter): Name = "Construction"; Value = "Cylindrical"; VariantName = "[No Variations]"
Add component (AddParameter): Name = "Contact Plating"; Value = "Tin"; VariantName = "[No Variations]"
Add component (AddParameter): Name = "Diameter"; Value = "1.6mm"; VariantName = "[No Variations]"
Add component (AddParameter): Name = "Length"; Value = "3.6mm"; VariantName = "[No Variations]"
Add component (AddParameter): Name = "Max Operating Temperature"; Value = "155°C"; VariantName = "[No Variations]"
Add component (AddParameter): Name = "Max Power Dissipation"; Value = "400mW"; VariantName = "[No Variations]"
Add component (AddParameter): Name = "Military Standard"; Value = "Not"; VariantName = "[No Variations]"
Add component (AddParameter): Name = "Min Operating Temperature"; Value = "-55°C"; VariantName = "[No Variations]"
Add component (AddParameter): Name = "Mount"; Value = "Through Hole"; VariantName = "[No Variations]"
Add component (AddParameter): Name = "Number of Terminations"; Value = "2"; VariantName = "[No Variations]"
Add component (AddParameter): Name = "Packaging"; Value = "Tape and Reel"; VariantName = "[No Variations]"
Add component (AddParameter): Name = "Power Rating"; Value = "400mW"; VariantName = "[No Variations]"
Add component (AddParameter): Name = "Radiation Hardening"; Value = "No"; VariantName = "[No Variations]"
Add component (AddParameter): Name = "Resistance"; Value = "20kR"; VariantName = "[No Variations]"
Add component (AddParameter): Name = "Resistor Type"; Value = "Metal Film"; VariantName = "[No Variations]"
Add component (AddParameter): Name = "RoHS Compliant"; Value = "Yes"; VariantName = "[No Variations]"
Add component (AddParameter): Name = "Series"; Value = "MRS16"; VariantName = "[No Variations]"
Add component (AddParameter): Name = "Technology"; Value = "THIN FILM"; VariantName = "[No Variations]"
Add component (AddParameter): Name = "Temperature Coefficient"; Value = "50ppm/°C"; VariantName = "[No Variations]"
Add component (AddParameter): Name = "Termination"; Value = "Axial"; VariantName = "[No Variations]"
Add component (AddParameter): Name = "Tolerance"; Value = "1%"; VariantName = "[No Variations]"
Added Component: Designator=R38(FP-MRS1600-MFG)
Add component (AddParameter): Name = "Case/Package"; Value = "Conformal"; VariantName = "[No Variations]"
Add component (AddParameter): Name = "Construction"; Value = "Cylindrical"; VariantName = "[No Variations]"
Add component (AddParameter): Name = "Contact Plating"; Value = "Tin"; VariantName = "[No Variations]"
Add component (AddParameter): Name = "Diameter"; Value = "1.6mm"; VariantName = "[No Variations]"
Add component (AddParameter): Name = "Length"; Value = "3.6mm"; VariantName = "[No Variations]"
Add component (AddParameter): Name = "Max Operating Temperature"; Value = "155°C"; VariantName = "[No Variations]"
Add component (AddParameter): Name = "Max Power Dissipation"; Value = "400mW"; VariantName = "[No Variations]"
Add component (AddParameter): Name = "Military Standard"; Value = "Not"; VariantName = "[No Variations]"
Add component (AddParameter): Name = "Min Operating Temperature"; Value = "-55°C"; VariantName = "[No Variations]"
Add component (AddParameter): Name = "Mount"; Value = "Through Hole"; VariantName = "[No Variations]"
Add component (AddParameter): Name = "Number of Terminations"; Value = "2"; VariantName = "[No Variations]"
Add component (AddParameter): Name = "Packaging"; Value = "Tape and Reel"; VariantName = "[No Variations]"
Add component (AddParameter): Name = "Power Rating"; Value = "400mW"; VariantName = "[No Variations]"
Add component (AddParameter): Name = "Radiation Hardening"; Value = "No"; VariantName = "[No Variations]"
Add component (AddParameter): Name = "Resistance"; Value = "20kR"; VariantName = "[No Variations]"
Add component (AddParameter): Name = "Resistor Type"; Value = "Metal Film"; VariantName = "[No Variations]"
Add component (AddParameter): Name = "RoHS Compliant"; Value = "Yes"; VariantName = "[No Variations]"
Add component (AddParameter): Name = "Series"; Value = "MRS16"; VariantName = "[No Variations]"
Add component (AddParameter): Name = "Technology"; Value = "THIN FILM"; VariantName = "[No Variations]"
Add component (AddParameter): Name = "Temperature Coefficient"; Value = "50ppm/°C"; VariantName = "[No Variations]"
Add component (AddParameter): Name = "Termination"; Value = "Axial"; VariantName = "[No Variations]"
Add component (AddParameter): Name = "Tolerance"; Value = "1%"; VariantName = "[No Variations]"
Added Component: Designator=R39(FP-MRS1600-MFG)
Add component (AddParameter): Name = "Case/Package"; Value = "Conformal"; VariantName = "[No Variations]"
Add component (AddParameter): Name = "Construction"; Value = "Cylindrical"; VariantName = "[No Variations]"
Add component (AddParameter): Name = "Contact Plating"; Value = "Tin"; VariantName = "[No Variations]"
Add component (AddParameter): Name = "Diameter"; Value = "1.6mm"; VariantName = "[No Variations]"
Add component (AddParameter): Name = "Length"; Value = "3.6mm"; VariantName = "[No Variations]"
Add component (AddParameter): Name = "Max Operating Temperature"; Value = "155°C"; VariantName = "[No Variations]"
Add component (AddParameter): Name = "Max Power Dissipation"; Value = "400mW"; VariantName = "[No Variations]"
Add component (AddParameter): Name = "Military Standard"; Value = "Not"; VariantName = "[No Variations]"
Add component (AddParameter): Name = "Min Operating Temperature"; Value = "-55°C"; VariantName = "[No Variations]"
Add component (AddParameter): Name = "Mount"; Value = "Through Hole"; VariantName = "[No Variations]"
Add component (AddParameter): Name = "Number of Terminations"; Value = "2"; VariantName = "[No Variations]"
Add component (AddParameter): Name = "Packaging"; Value = "Tape and Reel"; VariantName = "[No Variations]"
Add component (AddParameter): Name = "Power Rating"; Value = "400mW"; VariantName = "[No Variations]"
Add component (AddParameter): Name = "Radiation Hardening"; Value = "No"; VariantName = "[No Variations]"
Add component (AddParameter): Name = "Resistance"; Value = "20kR"; VariantName = "[No Variations]"
Add component (AddParameter): Name = "Resistor Type"; Value = "Metal Film"; VariantName = "[No Variations]"
Add component (AddParameter): Name = "RoHS Compliant"; Value = "Yes"; VariantName = "[No Variations]"
Add component (AddParameter): Name = "Series"; Value = "MRS16"; VariantName = "[No Variations]"
Add component (AddParameter): Name = "Technology"; Value = "THIN FILM"; VariantName = "[No Variations]"
Add component (AddParameter): Name = "Temperature Coefficient"; Value = "50ppm/°C"; VariantName = "[No Variations]"
Add component (AddParameter): Name = "Termination"; Value = "Axial"; VariantName = "[No Variations]"
Add component (AddParameter): Name = "Tolerance"; Value = "1%"; VariantName = "[No Variations]"
Added Component: Designator=R39(FP-MRS1600-MFG)
Add component (AddParameter): Name = "Case/Package"; Value = "Conformal"; VariantName = "[No Variations]"
Add component (AddParameter): Name = "Construction"; Value = "Cylindrical"; VariantName = "[No Variations]"
Add component (AddParameter): Name = "Contact Plating"; Value = "Tin"; VariantName = "[No Variations]"
Add component (AddParameter): Name = "Diameter"; Value = "1.6mm"; VariantName = "[No Variations]"
Add component (AddParameter): Name = "Length"; Value = "3.6mm"; VariantName = "[No Variations]"
Add component (AddParameter): Name = "Max Operating Temperature"; Value = "155°C"; VariantName = "[No Variations]"
Add component (AddParameter): Name = "Max Power Dissipation"; Value = "400mW"; VariantName = "[No Variations]"
Add component (AddParameter): Name = "Military Standard"; Value = "Not"; VariantName = "[No Variations]"
Add component (AddParameter): Name = "Min Operating Temperature"; Value = "-55°C"; VariantName = "[No Variations]"
Add component (AddParameter): Name = "Mount"; Value = "Through Hole"; VariantName = "[No Variations]"
Add component (AddParameter): Name = "Number of Terminations"; Value = "2"; VariantName = "[No Variations]"
Add component (AddParameter): Name = "Packaging"; Value = "Tape and Reel"; VariantName = "[No Variations]"
Add component (AddParameter): Name = "Power Rating"; Value = "400mW"; VariantName = "[No Variations]"
Add component (AddParameter): Name = "Radiation Hardening"; Value = "No"; VariantName = "[No Variations]"
Add component (AddParameter): Name = "Resistance"; Value = "1kR"; VariantName = "[No Variations]"
Add component (AddParameter): Name = "Resistor Type"; Value = "Metal Film"; VariantName = "[No Variations]"
Add component (AddParameter): Name = "RoHS Compliant"; Value = "Yes"; VariantName = "[No Variations]"
Add component (AddParameter): Name = "Series"; Value = "MRS16"; VariantName = "[No Variations]"
Add component (AddParameter): Name = "Technology"; Value = "THIN FILM"; VariantName = "[No Variations]"
Add component (AddParameter): Name = "Temperature Coefficient"; Value = "50ppm/°C"; VariantName = "[No Variations]"
Add component (AddParameter): Name = "Termination"; Value = "Axial"; VariantName = "[No Variations]"
Add component (AddParameter): Name = "Tolerance"; Value = "1%"; VariantName = "[No Variations]"
Added Component: Designator=R40(FP-MRS1600-MFG)
Add component (AddParameter): Name = "Case/Package"; Value = "Conformal"; VariantName = "[No Variations]"
Add component (AddParameter): Name = "Construction"; Value = "Cylindrical"; VariantName = "[No Variations]"
Add component (AddParameter): Name = "Contact Plating"; Value = "Tin"; VariantName = "[No Variations]"
Add component (AddParameter): Name = "Diameter"; Value = "1.6mm"; VariantName = "[No Variations]"
Add component (AddParameter): Name = "Length"; Value = "3.6mm"; VariantName = "[No Variations]"
Add component (AddParameter): Name = "Max Operating Temperature"; Value = "155°C"; VariantName = "[No Variations]"
Add component (AddParameter): Name = "Max Power Dissipation"; Value = "400mW"; VariantName = "[No Variations]"
Add component (AddParameter): Name = "Military Standard"; Value = "Not"; VariantName = "[No Variations]"
Add component (AddParameter): Name = "Min Operating Temperature"; Value = "-55°C"; VariantName = "[No Variations]"
Add component (AddParameter): Name = "Mount"; Value = "Through Hole"; VariantName = "[No Variations]"
Add component (AddParameter): Name = "Number of Terminations"; Value = "2"; VariantName = "[No Variations]"
Add component (AddParameter): Name = "Packaging"; Value = "Tape and Reel"; VariantName = "[No Variations]"
Add component (AddParameter): Name = "Power Rating"; Value = "400mW"; VariantName = "[No Variations]"
Add component (AddParameter): Name = "Radiation Hardening"; Value = "No"; VariantName = "[No Variations]"
Add component (AddParameter): Name = "Resistance"; Value = "1kR"; VariantName = "[No Variations]"
Add component (AddParameter): Name = "Resistor Type"; Value = "Metal Film"; VariantName = "[No Variations]"
Add component (AddParameter): Name = "RoHS Compliant"; Value = "Yes"; VariantName = "[No Variations]"
Add component (AddParameter): Name = "Series"; Value = "MRS16"; VariantName = "[No Variations]"
Add component (AddParameter): Name = "Technology"; Value = "THIN FILM"; VariantName = "[No Variations]"
Add component (AddParameter): Name = "Temperature Coefficient"; Value = "50ppm/°C"; VariantName = "[No Variations]"
Add component (AddParameter): Name = "Termination"; Value = "Axial"; VariantName = "[No Variations]"
Add component (AddParameter): Name = "Tolerance"; Value = "1%"; VariantName = "[No Variations]"
Added Component: Designator=R41(FP-MRS1600-MFG)
Add component (AddParameter): Name = "Case/Package"; Value = "Conformal"; VariantName = "[No Variations]"
Add component (AddParameter): Name = "Construction"; Value = "Cylindrical"; VariantName = "[No Variations]"
Add component (AddParameter): Name = "Contact Plating"; Value = "Tin"; VariantName = "[No Variations]"
Add component (AddParameter): Name = "Diameter"; Value = "1.6mm"; VariantName = "[No Variations]"
Add component (AddParameter): Name = "Length"; Value = "3.6mm"; VariantName = "[No Variations]"
Add component (AddParameter): Name = "Max Operating Temperature"; Value = "155°C"; VariantName = "[No Variations]"
Add component (AddParameter): Name = "Max Power Dissipation"; Value = "400mW"; VariantName = "[No Variations]"
Add component (AddParameter): Name = "Military Standard"; Value = "Not"; VariantName = "[No Variations]"
Add component (AddParameter): Name = "Min Operating Temperature"; Value = "-55°C"; VariantName = "[No Variations]"
Add component (AddParameter): Name = "Mount"; Value = "Through Hole"; VariantName = "[No Variations]"
Add component (AddParameter): Name = "Number of Terminations"; Value = "2"; VariantName = "[No Variations]"
Add component (AddParameter): Name = "Packaging"; Value = "Tape and Reel"; VariantName = "[No Variations]"
Add component (AddParameter): Name = "Power Rating"; Value = "400mW"; VariantName = "[No Variations]"
Add component (AddParameter): Name = "Radiation Hardening"; Value = "No"; VariantName = "[No Variations]"
Add component (AddParameter): Name = "Resistance"; Value = "1kR"; VariantName = "[No Variations]"
Add component (AddParameter): Name = "Resistor Type"; Value = "Metal Film"; VariantName = "[No Variations]"
Add component (AddParameter): Name = "RoHS Compliant"; Value = "Yes"; VariantName = "[No Variations]"
Add component (AddParameter): Name = "Series"; Value = "MRS16"; VariantName = "[No Variations]"
Add component (AddParameter): Name = "Technology"; Value = "THIN FILM"; VariantName = "[No Variations]"
Add component (AddParameter): Name = "Temperature Coefficient"; Value = "50ppm/°C"; VariantName = "[No Variations]"
Add component (AddParameter): Name = "Termination"; Value = "Axial"; VariantName = "[No Variations]"
Add component (AddParameter): Name = "Tolerance"; Value = "1%"; VariantName = "[No Variations]"
Added Component: Designator=R42(FP-MRS1600-MFG)
Add component (AddParameter): Name = "Case/Package"; Value = "Conformal"; VariantName = "[No Variations]"
Add component (AddParameter): Name = "Construction"; Value = "Cylindrical"; VariantName = "[No Variations]"
Add component (AddParameter): Name = "Contact Plating"; Value = "Tin"; VariantName = "[No Variations]"
Add component (AddParameter): Name = "Diameter"; Value = "1.6mm"; VariantName = "[No Variations]"
Add component (AddParameter): Name = "Length"; Value = "3.6mm"; VariantName = "[No Variations]"
Add component (AddParameter): Name = "Max Operating Temperature"; Value = "155°C"; VariantName = "[No Variations]"
Add component (AddParameter): Name = "Max Power Dissipation"; Value = "400mW"; VariantName = "[No Variations]"
Add component (AddParameter): Name = "Military Standard"; Value = "Not"; VariantName = "[No Variations]"
Add component (AddParameter): Name = "Min Operating Temperature"; Value = "-55°C"; VariantName = "[No Variations]"
Add component (AddParameter): Name = "Mount"; Value = "Through Hole"; VariantName = "[No Variations]"
Add component (AddParameter): Name = "Number of Terminations"; Value = "2"; VariantName = "[No Variations]"
Add component (AddParameter): Name = "Packaging"; Value = "Tape and Reel"; VariantName = "[No Variations]"
Add component (AddParameter): Name = "Power Rating"; Value = "400mW"; VariantName = "[No Variations]"
Add component (AddParameter): Name = "Radiation Hardening"; Value = "No"; VariantName = "[No Variations]"
Add component (AddParameter): Name = "Resistance"; Value = "1kR"; VariantName = "[No Variations]"
Add component (AddParameter): Name = "Resistor Type"; Value = "Metal Film"; VariantName = "[No Variations]"
Add component (AddParameter): Name = "RoHS Compliant"; Value = "Yes"; VariantName = "[No Variations]"
Add component (AddParameter): Name = "Series"; Value = "MRS16"; VariantName = "[No Variations]"
Add component (AddParameter): Name = "Technology"; Value = "THIN FILM"; VariantName = "[No Variations]"
Add component (AddParameter): Name = "Temperature Coefficient"; Value = "50ppm/°C"; VariantName = "[No Variations]"
Add component (AddParameter): Name = "Termination"; Value = "Axial"; VariantName = "[No Variations]"
Add component (AddParameter): Name = "Tolerance"; Value = "1%"; VariantName = "[No Variations]"
Added Component: Designator=R43(FP-MRS1600-MFG)
Add component (AddParameter): Name = "Case/Package"; Value = "Conformal"; VariantName = "[No Variations]"
Add component (AddParameter): Name = "Construction"; Value = "Cylindrical"; VariantName = "[No Variations]"
Add component (AddParameter): Name = "Contact Plating"; Value = "Tin"; VariantName = "[No Variations]"
Add component (AddParameter): Name = "Diameter"; Value = "1.6mm"; VariantName = "[No Variations]"
Add component (AddParameter): Name = "Length"; Value = "3.6mm"; VariantName = "[No Variations]"
Add component (AddParameter): Name = "Max Operating Temperature"; Value = "155°C"; VariantName = "[No Variations]"
Add component (AddParameter): Name = "Max Power Dissipation"; Value = "400mW"; VariantName = "[No Variations]"
Add component (AddParameter): Name = "Military Standard"; Value = "Not"; VariantName = "[No Variations]"
Add component (AddParameter): Name = "Min Operating Temperature"; Value = "-55°C"; VariantName = "[No Variations]"
Add component (AddParameter): Name = "Mount"; Value = "Through Hole"; VariantName = "[No Variations]"
Add component (AddParameter): Name = "Number of Terminations"; Value = "2"; VariantName = "[No Variations]"
Add component (AddParameter): Name = "Packaging"; Value = "Tape and Reel"; VariantName = "[No Variations]"
Add component (AddParameter): Name = "Power Rating"; Value = "400mW"; VariantName = "[No Variations]"
Add component (AddParameter): Name = "Radiation Hardening"; Value = "No"; VariantName = "[No Variations]"
Add component (AddParameter): Name = "Resistance"; Value = "1kR"; VariantName = "[No Variations]"
Add component (AddParameter): Name = "Resistor Type"; Value = "Metal Film"; VariantName = "[No Variations]"
Add component (AddParameter): Name = "RoHS Compliant"; Value = "Yes"; VariantName = "[No Variations]"
Add component (AddParameter): Name = "Series"; Value = "MRS16"; VariantName = "[No Variations]"
Add component (AddParameter): Name = "Technology"; Value = "THIN FILM"; VariantName = "[No Variations]"
Add component (AddParameter): Name = "Temperature Coefficient"; Value = "50ppm/°C"; VariantName = "[No Variations]"
Add component (AddParameter): Name = "Termination"; Value = "Axial"; VariantName = "[No Variations]"
Add component (AddParameter): Name = "Tolerance"; Value = "1%"; VariantName = "[No Variations]"
Added Component: Designator=R44(FP-MRS1600-MFG)
Add component (AddParameter): Name = "Case/Package"; Value = "Conformal"; VariantName = "[No Variations]"
Add component (AddParameter): Name = "Construction"; Value = "Cylindrical"; VariantName = "[No Variations]"
Add component (AddParameter): Name = "Contact Plating"; Value = "Tin"; VariantName = "[No Variations]"
Add component (AddParameter): Name = "Diameter"; Value = "1.6mm"; VariantName = "[No Variations]"
Add component (AddParameter): Name = "Length"; Value = "3.6mm"; VariantName = "[No Variations]"
Add component (AddParameter): Name = "Max Operating Temperature"; Value = "155°C"; VariantName = "[No Variations]"
Add component (AddParameter): Name = "Max Power Dissipation"; Value = "400mW"; VariantName = "[No Variations]"
Add component (AddParameter): Name = "Military Standard"; Value = "Not"; VariantName = "[No Variations]"
Add component (AddParameter): Name = "Min Operating Temperature"; Value = "-55°C"; VariantName = "[No Variations]"
Add component (AddParameter): Name = "Mount"; Value = "Through Hole"; VariantName = "[No Variations]"
Add component (AddParameter): Name = "Number of Terminations"; Value = "2"; VariantName = "[No Variations]"
Add component (AddParameter): Name = "Packaging"; Value = "Tape and Reel"; VariantName = "[No Variations]"
Add component (AddParameter): Name = "Power Rating"; Value = "400mW"; VariantName = "[No Variations]"
Add component (AddParameter): Name = "Radiation Hardening"; Value = "No"; VariantName = "[No Variations]"
Add component (AddParameter): Name = "Resistance"; Value = "1kR"; VariantName = "[No Variations]"
Add component (AddParameter): Name = "Resistor Type"; Value = "Metal Film"; VariantName = "[No Variations]"
Add component (AddParameter): Name = "RoHS Compliant"; Value = "Yes"; VariantName = "[No Variations]"
Add component (AddParameter): Name = "Series"; Value = "MRS16"; VariantName = "[No Variations]"
Add component (AddParameter): Name = "Technology"; Value = "THIN FILM"; VariantName = "[No Variations]"
Add component (AddParameter): Name = "Temperature Coefficient"; Value = "50ppm/°C"; VariantName = "[No Variations]"
Add component (AddParameter): Name = "Termination"; Value = "Axial"; VariantName = "[No Variations]"
Add component (AddParameter): Name = "Tolerance"; Value = "1%"; VariantName = "[No Variations]"
Added Component: Designator=R45(FP-MRS1600-MFG)
Add component (AddParameter): Name = "Case/Package"; Value = "Conformal"; VariantName = "[No Variations]"
Add component (AddParameter): Name = "Construction"; Value = "Cylindrical"; VariantName = "[No Variations]"
Add component (AddParameter): Name = "Contact Plating"; Value = "Tin"; VariantName = "[No Variations]"
Add component (AddParameter): Name = "Diameter"; Value = "1.6mm"; VariantName = "[No Variations]"
Add component (AddParameter): Name = "Length"; Value = "3.6mm"; VariantName = "[No Variations]"
Add component (AddParameter): Name = "Max Operating Temperature"; Value = "155°C"; VariantName = "[No Variations]"
Add component (AddParameter): Name = "Max Power Dissipation"; Value = "400mW"; VariantName = "[No Variations]"
Add component (AddParameter): Name = "Military Standard"; Value = "Not"; VariantName = "[No Variations]"
Add component (AddParameter): Name = "Min Operating Temperature"; Value = "-55°C"; VariantName = "[No Variations]"
Add component (AddParameter): Name = "Mount"; Value = "Through Hole"; VariantName = "[No Variations]"
Add component (AddParameter): Name = "Number of Terminations"; Value = "2"; VariantName = "[No Variations]"
Add component (AddParameter): Name = "Packaging"; Value = "Tape and Reel"; VariantName = "[No Variations]"
Add component (AddParameter): Name = "Power Rating"; Value = "400mW"; VariantName = "[No Variations]"
Add component (AddParameter): Name = "Radiation Hardening"; Value = "No"; VariantName = "[No Variations]"
Add component (AddParameter): Name = "Resistance"; Value = "1kR"; VariantName = "[No Variations]"
Add component (AddParameter): Name = "Resistor Type"; Value = "Metal Film"; VariantName = "[No Variations]"
Add component (AddParameter): Name = "RoHS Compliant"; Value = "Yes"; VariantName = "[No Variations]"
Add component (AddParameter): Name = "Series"; Value = "MRS16"; VariantName = "[No Variations]"
Add component (AddParameter): Name = "Technology"; Value = "THIN FILM"; VariantName = "[No Variations]"
Add component (AddParameter): Name = "Temperature Coefficient"; Value = "50ppm/°C"; VariantName = "[No Variations]"
Add component (AddParameter): Name = "Termination"; Value = "Axial"; VariantName = "[No Variations]"
Add component (AddParameter): Name = "Tolerance"; Value = "1%"; VariantName = "[No Variations]"
Added Component: Designator=R46(FP-MRS1600-MFG)
Add component (AddParameter): Name = "Case/Package"; Value = "Conformal"; VariantName = "[No Variations]"
Add component (AddParameter): Name = "Construction"; Value = "Cylindrical"; VariantName = "[No Variations]"
Add component (AddParameter): Name = "Contact Plating"; Value = "Tin"; VariantName = "[No Variations]"
Add component (AddParameter): Name = "Diameter"; Value = "1.6mm"; VariantName = "[No Variations]"
Add component (AddParameter): Name = "Length"; Value = "3.6mm"; VariantName = "[No Variations]"
Add component (AddParameter): Name = "Max Operating Temperature"; Value = "155°C"; VariantName = "[No Variations]"
Add component (AddParameter): Name = "Max Power Dissipation"; Value = "400mW"; VariantName = "[No Variations]"
Add component (AddParameter): Name = "Military Standard"; Value = "Not"; VariantName = "[No Variations]"
Add component (AddParameter): Name = "Min Operating Temperature"; Value = "-55°C"; VariantName = "[No Variations]"
Add component (AddParameter): Name = "Mount"; Value = "Through Hole"; VariantName = "[No Variations]"
Add component (AddParameter): Name = "Number of Terminations"; Value = "2"; VariantName = "[No Variations]"
Add component (AddParameter): Name = "Packaging"; Value = "Tape and Reel"; VariantName = "[No Variations]"
Add component (AddParameter): Name = "Power Rating"; Value = "400mW"; VariantName = "[No Variations]"
Add component (AddParameter): Name = "Radiation Hardening"; Value = "No"; VariantName = "[No Variations]"
Add component (AddParameter): Name = "Resistance"; Value = "1kR"; VariantName = "[No Variations]"
Add component (AddParameter): Name = "Resistor Type"; Value = "Metal Film"; VariantName = "[No Variations]"
Add component (AddParameter): Name = "RoHS Compliant"; Value = "Yes"; VariantName = "[No Variations]"
Add component (AddParameter): Name = "Series"; Value = "MRS16"; VariantName = "[No Variations]"
Add component (AddParameter): Name = "Technology"; Value = "THIN FILM"; VariantName = "[No Variations]"
Add component (AddParameter): Name = "Temperature Coefficient"; Value = "50ppm/°C"; VariantName = "[No Variations]"
Add component (AddParameter): Name = "Termination"; Value = "Axial"; VariantName = "[No Variations]"
Add component (AddParameter): Name = "Tolerance"; Value = "1%"; VariantName = "[No Variations]"
Added Component: Designator=R47(FP-MRS1600-MFG)
Add component (AddParameter): Name = "Case/Package"; Value = "Conformal"; VariantName = "[No Variations]"
Add component (AddParameter): Name = "Construction"; Value = "Cylindrical"; VariantName = "[No Variations]"
Add component (AddParameter): Name = "Contact Plating"; Value = "Tin"; VariantName = "[No Variations]"
Add component (AddParameter): Name = "Diameter"; Value = "1.6mm"; VariantName = "[No Variations]"
Add component (AddParameter): Name = "Length"; Value = "3.6mm"; VariantName = "[No Variations]"
Add component (AddParameter): Name = "Max Operating Temperature"; Value = "155°C"; VariantName = "[No Variations]"
Add component (AddParameter): Name = "Max Power Dissipation"; Value = "400mW"; VariantName = "[No Variations]"
Add component (AddParameter): Name = "Military Standard"; Value = "Not"; VariantName = "[No Variations]"
Add component (AddParameter): Name = "Min Operating Temperature"; Value = "-55°C"; VariantName = "[No Variations]"
Add component (AddParameter): Name = "Mount"; Value = "Through Hole"; VariantName = "[No Variations]"
Add component (AddParameter): Name = "Number of Terminations"; Value = "2"; VariantName = "[No Variations]"
Add component (AddParameter): Name = "Packaging"; Value = "Tape and Reel"; VariantName = "[No Variations]"
Add component (AddParameter): Name = "Power Rating"; Value = "400mW"; VariantName = "[No Variations]"
Add component (AddParameter): Name = "Radiation Hardening"; Value = "No"; VariantName = "[No Variations]"
Add component (AddParameter): Name = "Resistance"; Value = "1kR"; VariantName = "[No Variations]"
Add component (AddParameter): Name = "Resistor Type"; Value = "Metal Film"; VariantName = "[No Variations]"
Add component (AddParameter): Name = "RoHS Compliant"; Value = "Yes"; VariantName = "[No Variations]"
Add component (AddParameter): Name = "Series"; Value = "MRS16"; VariantName = "[No Variations]"
Add component (AddParameter): Name = "Technology"; Value = "THIN FILM"; VariantName = "[No Variations]"
Add component (AddParameter): Name = "Temperature Coefficient"; Value = "50ppm/°C"; VariantName = "[No Variations]"
Add component (AddParameter): Name = "Termination"; Value = "Axial"; VariantName = "[No Variations]"
Add component (AddParameter): Name = "Tolerance"; Value = "1%"; VariantName = "[No Variations]"
Added Component: Designator=R48(FP-MRS1600-MFG)
Add component (AddParameter): Name = "Case/Package"; Value = "Conformal"; VariantName = "[No Variations]"
Add component (AddParameter): Name = "Construction"; Value = "Cylindrical"; VariantName = "[No Variations]"
Add component (AddParameter): Name = "Contact Plating"; Value = "Tin"; VariantName = "[No Variations]"
Add component (AddParameter): Name = "Diameter"; Value = "1.6mm"; VariantName = "[No Variations]"
Add component (AddParameter): Name = "Length"; Value = "3.6mm"; VariantName = "[No Variations]"
Add component (AddParameter): Name = "Max Operating Temperature"; Value = "155°C"; VariantName = "[No Variations]"
Add component (AddParameter): Name = "Max Power Dissipation"; Value = "400mW"; VariantName = "[No Variations]"
Add component (AddParameter): Name = "Military Standard"; Value = "Not"; VariantName = "[No Variations]"
Add component (AddParameter): Name = "Min Operating Temperature"; Value = "-55°C"; VariantName = "[No Variations]"
Add component (AddParameter): Name = "Mount"; Value = "Through Hole"; VariantName = "[No Variations]"
Add component (AddParameter): Name = "Number of Terminations"; Value = "2"; VariantName = "[No Variations]"
Add component (AddParameter): Name = "Packaging"; Value = "Tape and Reel"; VariantName = "[No Variations]"
Add component (AddParameter): Name = "Power Rating"; Value = "400mW"; VariantName = "[No Variations]"
Add component (AddParameter): Name = "Radiation Hardening"; Value = "No"; VariantName = "[No Variations]"
Add component (AddParameter): Name = "Resistance"; Value = "1kR"; VariantName = "[No Variations]"
Add component (AddParameter): Name = "Resistor Type"; Value = "Metal Film"; VariantName = "[No Variations]"
Add component (AddParameter): Name = "RoHS Compliant"; Value = "Yes"; VariantName = "[No Variations]"
Add component (AddParameter): Name = "Series"; Value = "MRS16"; VariantName = "[No Variations]"
Add component (AddParameter): Name = "Technology"; Value = "THIN FILM"; VariantName = "[No Variations]"
Add component (AddParameter): Name = "Temperature Coefficient"; Value = "50ppm/°C"; VariantName = "[No Variations]"
Add component (AddParameter): Name = "Termination"; Value = "Axial"; VariantName = "[No Variations]"
Add component (AddParameter): Name = "Tolerance"; Value = "1%"; VariantName = "[No Variations]"
Added Component: Designator=R49(FP-MRS1600-MFG)
Add component (AddParameter): Name = "Case/Package"; Value = "Conformal"; VariantName = "[No Variations]"
Add component (AddParameter): Name = "Construction"; Value = "Cylindrical"; VariantName = "[No Variations]"
Add component (AddParameter): Name = "Contact Plating"; Value = "Tin"; VariantName = "[No Variations]"
Add component (AddParameter): Name = "Diameter"; Value = "1.6mm"; VariantName = "[No Variations]"
Add component (AddParameter): Name = "Length"; Value = "3.6mm"; VariantName = "[No Variations]"
Add component (AddParameter): Name = "Max Operating Temperature"; Value = "155°C"; VariantName = "[No Variations]"
Add component (AddParameter): Name = "Max Power Dissipation"; Value = "400mW"; VariantName = "[No Variations]"
Add component (AddParameter): Name = "Military Standard"; Value = "Not"; VariantName = "[No Variations]"
Add component (AddParameter): Name = "Min Operating Temperature"; Value = "-55°C"; VariantName = "[No Variations]"
Add component (AddParameter): Name = "Mount"; Value = "Through Hole"; VariantName = "[No Variations]"
Add component (AddParameter): Name = "Number of Terminations"; Value = "2"; VariantName = "[No Variations]"
Add component (AddParameter): Name = "Packaging"; Value = "Tape and Reel"; VariantName = "[No Variations]"
Add component (AddParameter): Name = "Power Rating"; Value = "400mW"; VariantName = "[No Variations]"
Add component (AddParameter): Name = "Radiation Hardening"; Value = "No"; VariantName = "[No Variations]"
Add component (AddParameter): Name = "Resistance"; Value = "1kR"; VariantName = "[No Variations]"
Add component (AddParameter): Name = "Resistor Type"; Value = "Metal Film"; VariantName = "[No Variations]"
Add component (AddParameter): Name = "RoHS Compliant"; Value = "Yes"; VariantName = "[No Variations]"
Add component (AddParameter): Name = "Series"; Value = "MRS16"; VariantName = "[No Variations]"
Add component (AddParameter): Name = "Technology"; Value = "THIN FILM"; VariantName = "[No Variations]"
Add component (AddParameter): Name = "Temperature Coefficient"; Value = "50ppm/°C"; VariantName = "[No Variations]"
Add component (AddParameter): Name = "Termination"; Value = "Axial"; VariantName = "[No Variations]"
Add component (AddParameter): Name = "Tolerance"; Value = "1%"; VariantName = "[No Variations]"
Added Component: Designator=R50(FP-MRS1600-MFG)
Add component (AddParameter): Name = "Case/Package"; Value = "Conformal"; VariantName = "[No Variations]"
Add component (AddParameter): Name = "Construction"; Value = "Cylindrical"; VariantName = "[No Variations]"
Add component (AddParameter): Name = "Contact Plating"; Value = "Tin"; VariantName = "[No Variations]"
Add component (AddParameter): Name = "Diameter"; Value = "1.6mm"; VariantName = "[No Variations]"
Add component (AddParameter): Name = "Length"; Value = "3.6mm"; VariantName = "[No Variations]"
Add component (AddParameter): Name = "Max Operating Temperature"; Value = "155°C"; VariantName = "[No Variations]"
Add component (AddParameter): Name = "Max Power Dissipation"; Value = "400mW"; VariantName = "[No Variations]"
Add component (AddParameter): Name = "Military Standard"; Value = "Not"; VariantName = "[No Variations]"
Add component (AddParameter): Name = "Min Operating Temperature"; Value = "-55°C"; VariantName = "[No Variations]"
Add component (AddParameter): Name = "Mount"; Value = "Through Hole"; VariantName = "[No Variations]"
Add component (AddParameter): Name = "Number of Terminations"; Value = "2"; VariantName = "[No Variations]"
Add component (AddParameter): Name = "Packaging"; Value = "Tape and Reel"; VariantName = "[No Variations]"
Add component (AddParameter): Name = "Power Rating"; Value = "400mW"; VariantName = "[No Variations]"
Add component (AddParameter): Name = "Radiation Hardening"; Value = "No"; VariantName = "[No Variations]"
Add component (AddParameter): Name = "Resistance"; Value = "1kR"; VariantName = "[No Variations]"
Add component (AddParameter): Name = "Resistor Type"; Value = "Metal Film"; VariantName = "[No Variations]"
Add component (AddParameter): Name = "RoHS Compliant"; Value = "Yes"; VariantName = "[No Variations]"
Add component (AddParameter): Name = "Series"; Value = "MRS16"; VariantName = "[No Variations]"
Add component (AddParameter): Name = "Technology"; Value = "THIN FILM"; VariantName = "[No Variations]"
Add component (AddParameter): Name = "Temperature Coefficient"; Value = "50ppm/°C"; VariantName = "[No Variations]"
Add component (AddParameter): Name = "Termination"; Value = "Axial"; VariantName = "[No Variations]"
Add component (AddParameter): Name = "Tolerance"; Value = "1%"; VariantName = "[No Variations]"
Added Component: Designator=R51(FP-MRS1600-MFG)
Add component (AddParameter): Name = "Case/Package"; Value = "Conformal"; VariantName = "[No Variations]"
Add component (AddParameter): Name = "Construction"; Value = "Cylindrical"; VariantName = "[No Variations]"
Add component (AddParameter): Name = "Contact Plating"; Value = "Tin"; VariantName = "[No Variations]"
Add component (AddParameter): Name = "Diameter"; Value = "1.6mm"; VariantName = "[No Variations]"
Add component (AddParameter): Name = "Length"; Value = "3.6mm"; VariantName = "[No Variations]"
Add component (AddParameter): Name = "Max Operating Temperature"; Value = "155°C"; VariantName = "[No Variations]"
Add component (AddParameter): Name = "Max Power Dissipation"; Value = "400mW"; VariantName = "[No Variations]"
Add component (AddParameter): Name = "Military Standard"; Value = "Not"; VariantName = "[No Variations]"
Add component (AddParameter): Name = "Min Operating Temperature"; Value = "-55°C"; VariantName = "[No Variations]"
Add component (AddParameter): Name = "Mount"; Value = "Through Hole"; VariantName = "[No Variations]"
Add component (AddParameter): Name = "Number of Terminations"; Value = "2"; VariantName = "[No Variations]"
Add component (AddParameter): Name = "Packaging"; Value = "Tape and Reel"; VariantName = "[No Variations]"
Add component (AddParameter): Name = "Power Rating"; Value = "400mW"; VariantName = "[No Variations]"
Add component (AddParameter): Name = "Radiation Hardening"; Value = "No"; VariantName = "[No Variations]"
Add component (AddParameter): Name = "Resistance"; Value = "1kR"; VariantName = "[No Variations]"
Add component (AddParameter): Name = "Resistor Type"; Value = "Metal Film"; VariantName = "[No Variations]"
Add component (AddParameter): Name = "RoHS Compliant"; Value = "Yes"; VariantName = "[No Variations]"
Add component (AddParameter): Name = "Series"; Value = "MRS16"; VariantName = "[No Variations]"
Add component (AddParameter): Name = "Technology"; Value = "THIN FILM"; VariantName = "[No Variations]"
Add component (AddParameter): Name = "Temperature Coefficient"; Value = "50ppm/°C"; VariantName = "[No Variations]"
Add component (AddParameter): Name = "Termination"; Value = "Axial"; VariantName = "[No Variations]"
Add component (AddParameter): Name = "Tolerance"; Value = "1%"; VariantName = "[No Variations]"
Added Component: Designator=R52(FP-MRS1600-MFG)
Add component (AddParameter): Name = "Case/Package"; Value = "Conformal"; VariantName = "[No Variations]"
Add component (AddParameter): Name = "Construction"; Value = "Cylindrical"; VariantName = "[No Variations]"
Add component (AddParameter): Name = "Contact Plating"; Value = "Tin"; VariantName = "[No Variations]"
Add component (AddParameter): Name = "Diameter"; Value = "1.6mm"; VariantName = "[No Variations]"
Add component (AddParameter): Name = "Length"; Value = "3.6mm"; VariantName = "[No Variations]"
Add component (AddParameter): Name = "Max Operating Temperature"; Value = "155°C"; VariantName = "[No Variations]"
Add component (AddParameter): Name = "Max Power Dissipation"; Value = "400mW"; VariantName = "[No Variations]"
Add component (AddParameter): Name = "Military Standard"; Value = "Not"; VariantName = "[No Variations]"
Add component (AddParameter): Name = "Min Operating Temperature"; Value = "-55°C"; VariantName = "[No Variations]"
Add component (AddParameter): Name = "Mount"; Value = "Through Hole"; VariantName = "[No Variations]"
Add component (AddParameter): Name = "Number of Terminations"; Value = "2"; VariantName = "[No Variations]"
Add component (AddParameter): Name = "Packaging"; Value = "Tape and Reel"; VariantName = "[No Variations]"
Add component (AddParameter): Name = "Power Rating"; Value = "400mW"; VariantName = "[No Variations]"
Add component (AddParameter): Name = "Radiation Hardening"; Value = "No"; VariantName = "[No Variations]"
Add component (AddParameter): Name = "Resistance"; Value = "1kR"; VariantName = "[No Variations]"
Add component (AddParameter): Name = "Resistor Type"; Value = "Metal Film"; VariantName = "[No Variations]"
Add component (AddParameter): Name = "RoHS Compliant"; Value = "Yes"; VariantName = "[No Variations]"
Add component (AddParameter): Name = "Series"; Value = "MRS16"; VariantName = "[No Variations]"
Add component (AddParameter): Name = "Technology"; Value = "THIN FILM"; VariantName = "[No Variations]"
Add component (AddParameter): Name = "Temperature Coefficient"; Value = "50ppm/°C"; VariantName = "[No Variations]"
Add component (AddParameter): Name = "Termination"; Value = "Axial"; VariantName = "[No Variations]"
Add component (AddParameter): Name = "Tolerance"; Value = "1%"; VariantName = "[No Variations]"
Added Component: Designator=R53(FP-MRS1600-MFG)
Add component (AddParameter): Name = "Case/Package"; Value = "Conformal"; VariantName = "[No Variations]"
Add component (AddParameter): Name = "Construction"; Value = "Cylindrical"; VariantName = "[No Variations]"
Add component (AddParameter): Name = "Contact Plating"; Value = "Tin"; VariantName = "[No Variations]"
Add component (AddParameter): Name = "Diameter"; Value = "1.6mm"; VariantName = "[No Variations]"
Add component (AddParameter): Name = "Length"; Value = "3.6mm"; VariantName = "[No Variations]"
Add component (AddParameter): Name = "Max Operating Temperature"; Value = "155°C"; VariantName = "[No Variations]"
Add component (AddParameter): Name = "Max Power Dissipation"; Value = "400mW"; VariantName = "[No Variations]"
Add component (AddParameter): Name = "Military Standard"; Value = "Not"; VariantName = "[No Variations]"
Add component (AddParameter): Name = "Min Operating Temperature"; Value = "-55°C"; VariantName = "[No Variations]"
Add component (AddParameter): Name = "Mount"; Value = "Through Hole"; VariantName = "[No Variations]"
Add component (AddParameter): Name = "Number of Terminations"; Value = "2"; VariantName = "[No Variations]"
Add component (AddParameter): Name = "Packaging"; Value = "Tape and Reel"; VariantName = "[No Variations]"
Add component (AddParameter): Name = "Power Rating"; Value = "400mW"; VariantName = "[No Variations]"
Add component (AddParameter): Name = "Radiation Hardening"; Value = "No"; VariantName = "[No Variations]"
Add component (AddParameter): Name = "Resistance"; Value = "1kR"; VariantName = "[No Variations]"
Add component (AddParameter): Name = "Resistor Type"; Value = "Metal Film"; VariantName = "[No Variations]"
Add component (AddParameter): Name = "RoHS Compliant"; Value = "Yes"; VariantName = "[No Variations]"
Add component (AddParameter): Name = "Series"; Value = "MRS16"; VariantName = "[No Variations]"
Add component (AddParameter): Name = "Technology"; Value = "THIN FILM"; VariantName = "[No Variations]"
Add component (AddParameter): Name = "Temperature Coefficient"; Value = "50ppm/°C"; VariantName = "[No Variations]"
Add component (AddParameter): Name = "Termination"; Value = "Axial"; VariantName = "[No Variations]"
Add component (AddParameter): Name = "Tolerance"; Value = "1%"; VariantName = "[No Variations]"
Added Component: Designator=R54(FP-MRS1600-MFG)
Add component (AddParameter): Name = "Case/Package"; Value = "Conformal"; VariantName = "[No Variations]"
Add component (AddParameter): Name = "Construction"; Value = "Cylindrical"; VariantName = "[No Variations]"
Add component (AddParameter): Name = "Contact Plating"; Value = "Tin"; VariantName = "[No Variations]"
Add component (AddParameter): Name = "Diameter"; Value = "1.6mm"; VariantName = "[No Variations]"
Add component (AddParameter): Name = "Length"; Value = "3.6mm"; VariantName = "[No Variations]"
Add component (AddParameter): Name = "Max Operating Temperature"; Value = "155°C"; VariantName = "[No Variations]"
Add component (AddParameter): Name = "Max Power Dissipation"; Value = "400mW"; VariantName = "[No Variations]"
Add component (AddParameter): Name = "Military Standard"; Value = "Not"; VariantName = "[No Variations]"
Add component (AddParameter): Name = "Min Operating Temperature"; Value = "-55°C"; VariantName = "[No Variations]"
Add component (AddParameter): Name = "Mount"; Value = "Through Hole"; VariantName = "[No Variations]"
Add component (AddParameter): Name = "Number of Terminations"; Value = "2"; VariantName = "[No Variations]"
Add component (AddParameter): Name = "Packaging"; Value = "Tape and Reel"; VariantName = "[No Variations]"
Add component (AddParameter): Name = "Power Rating"; Value = "400mW"; VariantName = "[No Variations]"
Add component (AddParameter): Name = "Radiation Hardening"; Value = "No"; VariantName = "[No Variations]"
Add component (AddParameter): Name = "Resistance"; Value = "1kR"; VariantName = "[No Variations]"
Add component (AddParameter): Name = "Resistor Type"; Value = "Metal Film"; VariantName = "[No Variations]"
Add component (AddParameter): Name = "RoHS Compliant"; Value = "Yes"; VariantName = "[No Variations]"
Add component (AddParameter): Name = "Series"; Value = "MRS16"; VariantName = "[No Variations]"
Add component (AddParameter): Name = "Technology"; Value = "THIN FILM"; VariantName = "[No Variations]"
Add component (AddParameter): Name = "Temperature Coefficient"; Value = "50ppm/°C"; VariantName = "[No Variations]"
Add component (AddParameter): Name = "Termination"; Value = "Axial"; VariantName = "[No Variations]"
Add component (AddParameter): Name = "Tolerance"; Value = "1%"; VariantName = "[No Variations]"
Added Component: Designator=R55(FP-MRS1600-MFG)
Add component (AddParameter): Name = "Case/Package"; Value = "Conformal"; VariantName = "[No Variations]"
Add component (AddParameter): Name = "Construction"; Value = "Cylindrical"; VariantName = "[No Variations]"
Add component (AddParameter): Name = "Contact Plating"; Value = "Tin"; VariantName = "[No Variations]"
Add component (AddParameter): Name = "Diameter"; Value = "1.6mm"; VariantName = "[No Variations]"
Add component (AddParameter): Name = "Length"; Value = "3.6mm"; VariantName = "[No Variations]"
Add component (AddParameter): Name = "Max Operating Temperature"; Value = "155°C"; VariantName = "[No Variations]"
Add component (AddParameter): Name = "Max Power Dissipation"; Value = "400mW"; VariantName = "[No Variations]"
Add component (AddParameter): Name = "Military Standard"; Value = "Not"; VariantName = "[No Variations]"
Add component (AddParameter): Name = "Min Operating Temperature"; Value = "-55°C"; VariantName = "[No Variations]"
Add component (AddParameter): Name = "Mount"; Value = "Through Hole"; VariantName = "[No Variations]"
Add component (AddParameter): Name = "Number of Terminations"; Value = "2"; VariantName = "[No Variations]"
Add component (AddParameter): Name = "Packaging"; Value = "Tape and Reel"; VariantName = "[No Variations]"
Add component (AddParameter): Name = "Power Rating"; Value = "400mW"; VariantName = "[No Variations]"
Add component (AddParameter): Name = "Radiation Hardening"; Value = "No"; VariantName = "[No Variations]"
Add component (AddParameter): Name = "Resistance"; Value = "1kR"; VariantName = "[No Variations]"
Add component (AddParameter): Name = "Resistor Type"; Value = "Metal Film"; VariantName = "[No Variations]"
Add component (AddParameter): Name = "RoHS Compliant"; Value = "Yes"; VariantName = "[No Variations]"
Add component (AddParameter): Name = "Series"; Value = "MRS16"; VariantName = "[No Variations]"
Add component (AddParameter): Name = "Technology"; Value = "THIN FILM"; VariantName = "[No Variations]"
Add component (AddParameter): Name = "Temperature Coefficient"; Value = "50ppm/°C"; VariantName = "[No Variations]"
Add component (AddParameter): Name = "Termination"; Value = "Axial"; VariantName = "[No Variations]"
Add component (AddParameter): Name = "Tolerance"; Value = "1%"; VariantName = "[No Variations]"
Added Component: Designator=R56(FP-MRS1600-MFG)
Add component (AddParameter): Name = "Case/Package"; Value = "Conformal"; VariantName = "[No Variations]"
Add component (AddParameter): Name = "Construction"; Value = "Cylindrical"; VariantName = "[No Variations]"
Add component (AddParameter): Name = "Contact Plating"; Value = "Tin"; VariantName = "[No Variations]"
Add component (AddParameter): Name = "Diameter"; Value = "1.6mm"; VariantName = "[No Variations]"
Add component (AddParameter): Name = "Length"; Value = "3.6mm"; VariantName = "[No Variations]"
Add component (AddParameter): Name = "Max Operating Temperature"; Value = "155°C"; VariantName = "[No Variations]"
Add component (AddParameter): Name = "Max Power Dissipation"; Value = "400mW"; VariantName = "[No Variations]"
Add component (AddParameter): Name = "Military Standard"; Value = "Not"; VariantName = "[No Variations]"
Add component (AddParameter): Name = "Min Operating Temperature"; Value = "-55°C"; VariantName = "[No Variations]"
Add component (AddParameter): Name = "Mount"; Value = "Through Hole"; VariantName = "[No Variations]"
Add component (AddParameter): Name = "Number of Terminations"; Value = "2"; VariantName = "[No Variations]"
Add component (AddParameter): Name = "Packaging"; Value = "Tape and Reel"; VariantName = "[No Variations]"
Add component (AddParameter): Name = "Power Rating"; Value = "400mW"; VariantName = "[No Variations]"
Add component (AddParameter): Name = "Radiation Hardening"; Value = "No"; VariantName = "[No Variations]"
Add component (AddParameter): Name = "Resistance"; Value = "1kR"; VariantName = "[No Variations]"
Add component (AddParameter): Name = "Resistor Type"; Value = "Metal Film"; VariantName = "[No Variations]"
Add component (AddParameter): Name = "RoHS Compliant"; Value = "Yes"; VariantName = "[No Variations]"
Add component (AddParameter): Name = "Series"; Value = "MRS16"; VariantName = "[No Variations]"
Add component (AddParameter): Name = "Technology"; Value = "THIN FILM"; VariantName = "[No Variations]"
Add component (AddParameter): Name = "Temperature Coefficient"; Value = "50ppm/°C"; VariantName = "[No Variations]"
Add component (AddParameter): Name = "Termination"; Value = "Axial"; VariantName = "[No Variations]"
Add component (AddParameter): Name = "Tolerance"; Value = "1%"; VariantName = "[No Variations]"
Added Component: Designator=R57(FP-MRS1600-MFG)
Add component (AddParameter): Name = "Case/Package"; Value = "Conformal"; VariantName = "[No Variations]"
Add component (AddParameter): Name = "Construction"; Value = "Cylindrical"; VariantName = "[No Variations]"
Add component (AddParameter): Name = "Contact Plating"; Value = "Tin"; VariantName = "[No Variations]"
Add component (AddParameter): Name = "Diameter"; Value = "1.6mm"; VariantName = "[No Variations]"
Add component (AddParameter): Name = "Length"; Value = "3.6mm"; VariantName = "[No Variations]"
Add component (AddParameter): Name = "Max Operating Temperature"; Value = "155°C"; VariantName = "[No Variations]"
Add component (AddParameter): Name = "Max Power Dissipation"; Value = "400mW"; VariantName = "[No Variations]"
Add component (AddParameter): Name = "Military Standard"; Value = "Not"; VariantName = "[No Variations]"
Add component (AddParameter): Name = "Min Operating Temperature"; Value = "-55°C"; VariantName = "[No Variations]"
Add component (AddParameter): Name = "Mount"; Value = "Through Hole"; VariantName = "[No Variations]"
Add component (AddParameter): Name = "Number of Terminations"; Value = "2"; VariantName = "[No Variations]"
Add component (AddParameter): Name = "Packaging"; Value = "Tape and Reel"; VariantName = "[No Variations]"
Add component (AddParameter): Name = "Power Rating"; Value = "400mW"; VariantName = "[No Variations]"
Add component (AddParameter): Name = "Radiation Hardening"; Value = "No"; VariantName = "[No Variations]"
Add component (AddParameter): Name = "Resistance"; Value = "1kR"; VariantName = "[No Variations]"
Add component (AddParameter): Name = "Resistor Type"; Value = "Metal Film"; VariantName = "[No Variations]"
Add component (AddParameter): Name = "RoHS Compliant"; Value = "Yes"; VariantName = "[No Variations]"
Add component (AddParameter): Name = "Series"; Value = "MRS16"; VariantName = "[No Variations]"
Add component (AddParameter): Name = "Technology"; Value = "THIN FILM"; VariantName = "[No Variations]"
Add component (AddParameter): Name = "Temperature Coefficient"; Value = "50ppm/°C"; VariantName = "[No Variations]"
Add component (AddParameter): Name = "Termination"; Value = "Axial"; VariantName = "[No Variations]"
Add component (AddParameter): Name = "Tolerance"; Value = "1%"; VariantName = "[No Variations]"
Added Component: Designator=R58(FP-MRS1600-MFG)
Add component (AddParameter): Name = "Case/Package"; Value = "Conformal"; VariantName = "[No Variations]"
Add component (AddParameter): Name = "Construction"; Value = "Cylindrical"; VariantName = "[No Variations]"
Add component (AddParameter): Name = "Contact Plating"; Value = "Tin"; VariantName = "[No Variations]"
Add component (AddParameter): Name = "Diameter"; Value = "1.6mm"; VariantName = "[No Variations]"
Add component (AddParameter): Name = "Length"; Value = "3.6mm"; VariantName = "[No Variations]"
Add component (AddParameter): Name = "Max Operating Temperature"; Value = "155°C"; VariantName = "[No Variations]"
Add component (AddParameter): Name = "Max Power Dissipation"; Value = "400mW"; VariantName = "[No Variations]"
Add component (AddParameter): Name = "Military Standard"; Value = "Not"; VariantName = "[No Variations]"
Add component (AddParameter): Name = "Min Operating Temperature"; Value = "-55°C"; VariantName = "[No Variations]"
Add component (AddParameter): Name = "Mount"; Value = "Through Hole"; VariantName = "[No Variations]"
Add component (AddParameter): Name = "Number of Terminations"; Value = "2"; VariantName = "[No Variations]"
Add component (AddParameter): Name = "Packaging"; Value = "Tape and Reel"; VariantName = "[No Variations]"
Add component (AddParameter): Name = "Power Rating"; Value = "400mW"; VariantName = "[No Variations]"
Add component (AddParameter): Name = "Radiation Hardening"; Value = "No"; VariantName = "[No Variations]"
Add component (AddParameter): Name = "Resistance"; Value = "1kR"; VariantName = "[No Variations]"
Add component (AddParameter): Name = "Resistor Type"; Value = "Metal Film"; VariantName = "[No Variations]"
Add component (AddParameter): Name = "RoHS Compliant"; Value = "Yes"; VariantName = "[No Variations]"
Add component (AddParameter): Name = "Series"; Value = "MRS16"; VariantName = "[No Variations]"
Add component (AddParameter): Name = "Technology"; Value = "THIN FILM"; VariantName = "[No Variations]"
Add component (AddParameter): Name = "Temperature Coefficient"; Value = "50ppm/°C"; VariantName = "[No Variations]"
Add component (AddParameter): Name = "Termination"; Value = "Axial"; VariantName = "[No Variations]"
Add component (AddParameter): Name = "Tolerance"; Value = "1%"; VariantName = "[No Variations]"
Added Component: Designator=U?(LED_LDSC512RI)
Add component (AddParameter): Name = "Check_prices"; Value = "https://www.snapeda.com/parts/LDS-C512RI/Lumex/view-part/?ref=eda"; VariantName = "[No Variations]"
Add component (AddParameter): Name = "MF"; Value = "Lumex"; VariantName = "[No Variations]"
Add component (AddParameter): Name = "MP"; Value = "LDS-C512RI"; VariantName = "[No Variations]"
Add component (AddParameter): Name = "Package"; Value = "None"; VariantName = "[No Variations]"
Add component (AddParameter): Name = "SnapEDA_Link"; Value = "https://www.snapeda.com/parts/LDS-C512RI/Lumex/view-part/?ref=snap"; VariantName = "[No Variations]"
Add component (AddParameter): Name = "Value"; Value = ""; VariantName = "[No Variations]"
Added Pin To Net: NetName=gnd Pin=buffer1-1
Added Pin To Net: NetName=100KHtzA Pin=buffer1-2
Added Pin To Net: NetName=10KHtzA Pin=buffer1-4
Added Pin To Net: NetName=0.1HtzB Pin=buffer1-5
Added Pin To Net: NetName=1KHtzA Pin=buffer1-6
Added Pin To Net: NetName=1HtzB Pin=buffer1-7
Added Pin To Net: NetName=100HtzA Pin=buffer1-8
Added Pin To Net: NetName=10HtzB Pin=buffer1-9
Added Pin To Net: NetName=gnd Pin=buffer1-10
Added Pin To Net: NetName=10HtzA Pin=buffer1-11
Added Pin To Net: NetName=100HtzB Pin=buffer1-12
Added Pin To Net: NetName=1HtzA Pin=buffer1-13
Added Pin To Net: NetName=1KHtzB Pin=buffer1-14
Added Pin To Net: NetName=0.1HtzA Pin=buffer1-15
Added Pin To Net: NetName=10KHtzB Pin=buffer1-16
Added Pin To Net: NetName=100KHtzB Pin=buffer1-18
Added Pin To Net: NetName=5V Pin=buffer1-19
Added Pin To Net: NetName=5V Pin=buffer1-20
Added Pin To Net: NetName=gnd Pin=C2-2
Added Pin To Net: NetName=gnd Pin=C3-2
Added Pin To Net: NetName=gnd Pin=C4-2
Added Pin To Net: NetName=gnd Pin=C5-2
Added Pin To Net: NetName=gnd Pin=C6-2
Added Pin To Net: NetName=gnd Pin=C7-2
Added Pin To Net: NetName=gnd Pin=C9-2
Added Pin To Net: NetName=gnd Pin=C10-2
Added Pin To Net: NetName=gnd Pin=C11-2
Added Pin To Net: NetName=gnd Pin=divi1-2
Added Pin To Net: NetName=gnd Pin=divi1-8
Added Pin To Net: NetName=100KHtzA Pin=divi1-12
Added Pin To Net: NetName=10KHtzA Pin=divi1-13
Added Pin To Net: NetName=gnd Pin=divi1-14
Added Pin To Net: NetName=5V Pin=divi1-16
Added Pin To Net: NetName=100KHtzB Pin=Hclk1-C1
Added Pin To Net: NetName=100KHtzB Pin=Hclk1-C2
Added Pin To Net: NetName=10KHtzB Pin=Hclk1-C3
Added Pin To Net: NetName=10KHtzB Pin=Hclk1-C4
Added Pin To Net: NetName=1KHtzB Pin=Hclk1-C5
Added Pin To Net: NetName=1KHtzB Pin=Hclk1-C6
Added Pin To Net: NetName=100HtzB Pin=Hclk1-C7
Added Pin To Net: NetName=100HtzB Pin=Hclk1-C8
Added Pin To Net: NetName=10HtzB Pin=Hclk2-C1
Added Pin To Net: NetName=10HtzB Pin=Hclk2-C2
Added Pin To Net: NetName=1HtzB Pin=Hclk2-C3
Added Pin To Net: NetName=1HtzB Pin=Hclk2-C4
Added Pin To Net: NetName=0.1HtzB Pin=Hclk2-C5
Added Pin To Net: NetName=0.1HtzB Pin=Hclk2-C6
Added Pin To Net: NetName=chaveA/ Pin=inv2-2
Added Pin To Net: NetName=chaveA/ Pin=inv2-3
Added Pin To Net: NetName=chaveA Pin=inv2-4
Added Pin To Net: NetName=chaveB/ Pin=inv2-6
Added Pin To Net: NetName=chaveB Pin=inv2-8
Added Pin To Net: NetName=chaveB/ Pin=inv2-9
Added Pin To Net: NetName=chaveC Pin=inv2-10
Added Pin To Net: NetName=chaveC/ Pin=inv2-11
Added Pin To Net: NetName=chaveC/ Pin=inv2-12
Added Pin To Net: NetName=chaveD/ Pin=inv3-2
Added Pin To Net: NetName=chaveD/ Pin=inv3-3
Added Pin To Net: NetName=chaveD Pin=inv3-4
Added Pin To Net: NetName=chaveE/ Pin=inv3-6
Added Pin To Net: NetName=gnd Pin=inv3-7
Added Pin To Net: NetName=chaveE Pin=inv3-8
Added Pin To Net: NetName=chaveE/ Pin=inv3-9
Added Pin To Net: NetName=chaveF Pin=inv3-10
Added Pin To Net: NetName=chaveF/ Pin=inv3-11
Added Pin To Net: NetName=chaveF/ Pin=inv3-12
Added Pin To Net: NetName=5V Pin=inv3-14
Added Pin To Net: NetName=chaveG/ Pin=inv4-2
Added Pin To Net: NetName=chaveG/ Pin=inv4-3
Added Pin To Net: NetName=chaveG Pin=inv4-4
Added Pin To Net: NetName=chaveH/ Pin=inv4-6
Added Pin To Net: NetName=gnd Pin=inv4-7
Added Pin To Net: NetName=chaveH Pin=inv4-8
Added Pin To Net: NetName=chaveH/ Pin=inv4-9
Added Pin To Net: NetName=chaveI Pin=inv4-10
Added Pin To Net: NetName=chaveI/ Pin=inv4-11
Added Pin To Net: NetName=chaveI/ Pin=inv4-12
Added Pin To Net: NetName=5V Pin=inv4-14
Added Pin To Net: NetName=chaveJ/ Pin=inv5-2
Added Pin To Net: NetName=chaveJ/ Pin=inv5-3
Added Pin To Net: NetName=chaveJ/ Pin=inv5-4
Added Pin To Net: NetName=gnd Pin=inv5-7
Added Pin To Net: NetName=5V Pin=inv5-14
Added Pin To Net: NetName=gnd Pin=inv?-7
Added Pin To Net: NetName=5V Pin=inv?-14
Added Pin To Net: NetName=5V Pin=LED1-1
Added Pin To Net: NetName=5V Pin=LED2-1
Added Pin To Net: NetName=5V Pin=LED3-1
Added Pin To Net: NetName=5V Pin=LED4-1
Added Pin To Net: NetName=5V Pin=LED5-1
Added Pin To Net: NetName=5V Pin=LED6-1
Added Pin To Net: NetName=5V Pin=LED7-1
Added Pin To Net: NetName=5V Pin=LED8-1
Added Pin To Net: NetName=5V Pin=LED9-1
Added Pin To Net: NetName=5V Pin=LED10-1
Added Pin To Net: NetName=5V Pin=lm1-3
Added Pin To Net: NetName=gnd Pin=lm1-12
Added Pin To Net: NetName=5V Pin=lm2-3
Added Pin To Net: NetName=gnd Pin=lm2-12
Added Pin To Net: NetName=5V Pin=lm3-3
Added Pin To Net: NetName=gnd Pin=lm3-12
Added Pin To Net: NetName=10KHtzA Pin=nano-6
Added Pin To Net: NetName=0.1HtzA Pin=nano-7
Added Pin To Net: NetName=1HtzA Pin=nano-8
Added Pin To Net: NetName=10HtzA Pin=nano-9
Added Pin To Net: NetName=100HtzA Pin=nano-10
Added Pin To Net: NetName=1KHtzA Pin=nano-11
Added Pin To Net: NetName=100KHtzA Pin=nano-12
Added Pin To Net: NetName=5V Pin=pot1-1
Added Pin To Net: NetName=gnd Pin=pot1-3
Added Pin To Net: NetName=gnd Pin=pot2-1
Added Pin To Net: NetName=5V Pin=pot2-3
Added Pin To Net: NetName=gnd Pin=pot3-1
Added Pin To Net: NetName=5V Pin=pot3-3
Added Pin To Net: NetName=gnd Pin=pot4-1
Added Pin To Net: NetName=5V Pin=pot4-3
Added Pin To Net: NetName=gnd Pin=pot5-1
Added Pin To Net: NetName=5V Pin=pot5-3
Added Pin To Net: NetName=5V Pin=R1-2
Added Pin To Net: NetName=5V Pin=R2-2
Added Pin To Net: NetName=5V Pin=R3-2
Added Pin To Net: NetName=5V Pin=R4-2
Added Pin To Net: NetName=5V Pin=R5-2
Added Pin To Net: NetName=5V Pin=R6-2
Added Pin To Net: NetName=5V Pin=R7-2
Added Pin To Net: NetName=5V Pin=R8-2
Added Pin To Net: NetName=5V Pin=R9-2
Added Pin To Net: NetName=5V Pin=R10-2
Added Pin To Net: NetName=segA Pin=R11-1
Added Pin To Net: NetName=segBC Pin=R12-1
Added Pin To Net: NetName=segBC Pin=R13-1
Added Pin To Net: NetName=segD Pin=R14-1
Added Pin To Net: NetName=segE Pin=R15-1
Added Pin To Net: NetName=segF Pin=R16-1
Added Pin To Net: NetName=segG Pin=R17-1
Added Pin To Net: NetName=gnd Pin=R21-2
Added Pin To Net: NetName=gnd Pin=R23-2
Added Pin To Net: NetName=gnd Pin=R25-2
Added Pin To Net: NetName=gnd Pin=R27-2
Added Pin To Net: NetName=gnd Pin=R29-2
Added Pin To Net: NetName=gnd Pin=R31-2
Added Pin To Net: NetName=gnd Pin=R35-2
Added Pin To Net: NetName=gnd Pin=R37-2
Added Pin To Net: NetName=chaveA/ Pin=R39-1
Added Pin To Net: NetName=gnd Pin=R39-2
Added Pin To Net: NetName=chaveA Pin=R40-1
Added Pin To Net: NetName=chaveB/ Pin=R41-1
Added Pin To Net: NetName=chaveB Pin=R42-1
Added Pin To Net: NetName=chaveC/ Pin=R43-1
Added Pin To Net: NetName=chaveC Pin=R44-1
Added Pin To Net: NetName=chaveD/ Pin=R45-1
Added Pin To Net: NetName=chaveD Pin=R46-1
Added Pin To Net: NetName=chaveE/ Pin=R47-1
Added Pin To Net: NetName=chaveE Pin=R48-1
Added Pin To Net: NetName=chaveF/ Pin=R49-1
Added Pin To Net: NetName=chaveF Pin=R50-1
Added Pin To Net: NetName=chaveG/ Pin=R51-1
Added Pin To Net: NetName=chaveG Pin=R52-1
Added Pin To Net: NetName=chaveH/ Pin=R53-1
Added Pin To Net: NetName=chaveH Pin=R54-1
Added Pin To Net: NetName=chaveI/ Pin=R55-1
Added Pin To Net: NetName=chaveI Pin=R56-1
Added Pin To Net: NetName=chaveJ/ Pin=R57-1
Added Pin To Net: NetName=chaveJ/ Pin=R58-1
Added Pin To Net: NetName=gnd Pin=U?-8
Added Pin To Net: NetName=Net3_1 Pin=lm2-4
Added Net: Name=Net3_1
Added Pin To Net: NetName=Net4_1 Pin=lm2-10
Added Net: Name=Net4_1
Added Pin To Net: NetName=NetC2_1 Pin=C2-1
Added Pin To Net: NetName=NetC2_1 Pin=inv2-1
Added Pin To Net: NetName=NetC2_1 Pin=R20-2
Added Pin To Net: NetName=NetC2_1 Pin=R21-1
Added Net: Name=NetC2_1
Added Pin To Net: NetName=NetC3_1 Pin=C3-1
Added Pin To Net: NetName=NetC3_1 Pin=inv2-5
Added Pin To Net: NetName=NetC3_1 Pin=R22-2
Added Pin To Net: NetName=NetC3_1 Pin=R23-1
Added Net: Name=NetC3_1
Added Pin To Net: NetName=NetC4_1 Pin=C4-1
Added Pin To Net: NetName=NetC4_1 Pin=inv2-13
Added Pin To Net: NetName=NetC4_1 Pin=R24-2
Added Pin To Net: NetName=NetC4_1 Pin=R25-1
Added Net: Name=NetC4_1
Added Pin To Net: NetName=NetC5_1 Pin=C5-1
Added Pin To Net: NetName=NetC5_1 Pin=inv3-1
Added Pin To Net: NetName=NetC5_1 Pin=R26-2
Added Pin To Net: NetName=NetC5_1 Pin=R27-1
Added Net: Name=NetC5_1
Added Pin To Net: NetName=NetC6_1 Pin=C6-1
Added Pin To Net: NetName=NetC6_1 Pin=inv3-5
Added Pin To Net: NetName=NetC6_1 Pin=R28-2
Added Pin To Net: NetName=NetC6_1 Pin=R29-1
Added Net: Name=NetC6_1
Add Net: Net with name "NetC7_1" already exists
Add Net: Net with name "NetC8_1" already exists
Added Pin To Net: NetName=NetC8_2 Pin=C8-2
Added Pin To Net: NetName=NetC8_2 Pin=R33-2
Added Net: Name=NetC8_2
Add Net: Net with name "NetC9_1" already exists
Add Net: Net with name "NetC10_1" already exists
Add Net: Net with name "NetC11_1" already exists
Add Net: Net with name "Netdivi1_9" already exists
Added Pin To Net: NetName=NetH1_1 Pin=lm2-6
Added Net: Name=NetH1_1
Added Pin To Net: NetName=NetH2_1 Pin=lm2-8
Added Net: Name=NetH2_1
Added Pin To Net: NetName=NetH5_1 Pin=lm3-6
Added Net: Name=NetH5_1
Added Pin To Net: NetName=NetH6_1 Pin=lm3-4
Added Net: Name=NetH6_1
Added Pin To Net: NetName=NetH7_1 Pin=lm3-8
Added Net: Name=NetH7_1
Added Pin To Net: NetName=NetH8_1 Pin=lm3-10
Added Net: Name=NetH8_1
Added Pin To Net: NetName=NetH9_1 Pin=lm4-6
Added Net: Name=NetH9_1
Added Pin To Net: NetName=NetH10_1 Pin=lm4-4
Added Net: Name=NetH10_1
Added Pin To Net: NetName=NetHAB?_1 Pin=R56-2
Added Pin To Net: NetName=NetHAB?_1 Pin=HAB?-C1
Added Pin To Net: NetName=NetHAB?_1 Pin=HAB?-C2
Added Net: Name=NetHAB?_1
Add Net: Net with name "NetHAB?_1" already exists
Add Net: Net with name "NetHAB?_1" already exists
Added Pin To Net: NetName=NetHAB?_3 Pin=R51-2
Added Pin To Net: NetName=NetHAB?_3 Pin=HAB?-C3
Added Pin To Net: NetName=NetHAB?_3 Pin=HAB?-C4
Added Net: Name=NetHAB?_3
Add Net: Net with name "NetHAB?_3" already exists
Add Net: Net with name "NetHAB?_3" already exists
Added Pin To Net: NetName=NetHAB?_5 Pin=R54-2
Added Pin To Net: NetName=NetHAB?_5 Pin=HAB?-C5
Added Pin To Net: NetName=NetHAB?_5 Pin=HAB?-C6
Added Net: Name=NetHAB?_5
Add Net: Net with name "NetHAB?_5" already exists
Add Net: Net with name "NetHAB?_5" already exists
Added Pin To Net: NetName=NetHAB?_7 Pin=R53-2
Added Pin To Net: NetName=NetHAB?_7 Pin=HAB?-C7
Added Pin To Net: NetName=NetHAB?_7 Pin=HAB?-C8
Added Net: Name=NetHAB?_7
Add Net: Net with name "NetHAB?_7" already exists
Add Net: Net with name "NetHAB?_7" already exists
Added Pin To Net: NetName=NetHAB_1 Pin=R40-2
Added Pin To Net: NetName=NetHAB_1 Pin=HAB-C1
Added Pin To Net: NetName=NetHAB_1 Pin=HAB-C2
Added Net: Name=NetHAB_1
Added Pin To Net: NetName=NetHAB_3 Pin=R39-2
Added Pin To Net: NetName=NetHAB_3 Pin=HAB-C3
Added Pin To Net: NetName=NetHAB_3 Pin=HAB-C4
Added Net: Name=NetHAB_3
Added Pin To Net: NetName=NetHAB_5 Pin=R42-2
Added Pin To Net: NetName=NetHAB_5 Pin=HAB-C5
Added Pin To Net: NetName=NetHAB_5 Pin=HAB-C6
Added Net: Name=NetHAB_5
Added Pin To Net: NetName=NetHAB_7 Pin=R41-2
Added Pin To Net: NetName=NetHAB_7 Pin=HAB-C7
Added Pin To Net: NetName=NetHAB_7 Pin=HAB-C8
Added Net: Name=NetHAB_7
Added Pin To Net: NetName=NetHCD_1 Pin=R44-2
Added Pin To Net: NetName=NetHCD_1 Pin=HCD-C1
Added Pin To Net: NetName=NetHCD_1 Pin=HCD-C2
Added Net: Name=NetHCD_1
Added Pin To Net: NetName=NetHCD_3 Pin=R43-2
Added Pin To Net: NetName=NetHCD_3 Pin=HCD-C3
Added Pin To Net: NetName=NetHCD_3 Pin=HCD-C4
Added Net: Name=NetHCD_3
Added Pin To Net: NetName=NetHCD_5 Pin=R46-2
Added Pin To Net: NetName=NetHCD_5 Pin=HCD-C5
Added Pin To Net: NetName=NetHCD_5 Pin=HCD-C6
Added Net: Name=NetHCD_5
Added Pin To Net: NetName=NetHCD_7 Pin=R45-2
Added Pin To Net: NetName=NetHCD_7 Pin=HCD-C7
Added Pin To Net: NetName=NetHCD_7 Pin=HCD-C8
Added Net: Name=NetHCD_7
Add Net: Net with name "NetHclk2_7" already exists
Add Net: Net with name "NetLED1_2" already exists
Add Net: Net with name "NetLED2_2" already exists
Add Net: Net with name "NetLED3_2" already exists
Add Net: Net with name "NetLED4_2" already exists
Add Net: Net with name "NetLED5_2" already exists
Add Net: Net with name "NetLED6_2" already exists
Add Net: Net with name "NetLED7_2" already exists
Add Net: Net with name "NetLED8_2" already exists
Add Net: Net with name "NetLED9_2" already exists
Add Net: Net with name "NetLED10_2" already exists
Added Pin To Net: NetName=Netlm1_1 Pin=lm1-1
Added Pin To Net: NetName=Netlm1_1 Pin=lm1-14
Added Net: Name=Netlm1_1
Add Net: Net with name "Netlm1_4" already exists
Added Pin To Net: NetName=Netlm1_5 Pin=lm1-5
Added Pin To Net: NetName=Netlm1_5 Pin=lm1-7
Added Pin To Net: NetName=Netlm1_5 Pin=lm1-9
Added Pin To Net: NetName=Netlm1_5 Pin=lm1-11
Added Pin To Net: NetName=Netlm1_5 Pin=probe-1
Added Net: Name=Netlm1_5
Add Net: Net with name "Netlm1_6" already exists
Added Pin To Net: NetName=Netlm1_8 Pin=lm1-8
Added Pin To Net: NetName=Netlm1_8 Pin=pot3-2
Added Net: Name=Netlm1_8
Added Pin To Net: NetName=Netlm1_10 Pin=lm1-10
Added Pin To Net: NetName=Netlm1_10 Pin=pot5-2
Added Net: Name=Netlm1_10
Add Net: Net with name "Netlm2_5" already exists
Added Pin To Net: NetName=NetR11_2 Pin=R11-2
Added Pin To Net: NetName=NetR11_2 Pin=U?-7
Added Net: Name=NetR11_2
Added Pin To Net: NetName=NetR12_2 Pin=R12-2
Added Pin To Net: NetName=NetR12_2 Pin=U?-6
Added Net: Name=NetR12_2
Added Pin To Net: NetName=NetR13_2 Pin=R13-2
Added Pin To Net: NetName=NetR13_2 Pin=U?-4
Added Net: Name=NetR13_2
Added Pin To Net: NetName=NetR14_2 Pin=R14-2
Added Pin To Net: NetName=NetR14_2 Pin=U?-2
Added Net: Name=NetR14_2
Added Pin To Net: NetName=NetR15_2 Pin=R15-2
Added Pin To Net: NetName=NetR15_2 Pin=U?-1
Added Net: Name=NetR15_2
Added Pin To Net: NetName=NetR16_2 Pin=R16-2
Added Pin To Net: NetName=NetR16_2 Pin=U?-9
Added Net: Name=NetR16_2
Added Pin To Net: NetName=NetR17_2 Pin=R17-2
Added Pin To Net: NetName=NetR17_2 Pin=U?-10
Added Net: Name=NetR17_2
Added Class: Name=8810
Added Member To Class: ClassName=chaves Member=Component chavA1 chave MTS-102
Added Member To Class: ClassName=chaves Member=Component chavB1 chave MTS-102
Added Member To Class: ClassName=chaves Member=Component chavC1 chave MTS-102
Added Member To Class: ClassName=chaves Member=Component chavD1 chave MTS-102
Added Member To Class: ClassName=chaves Member=Component chavE1 chave MTS-102
Added Member To Class: ClassName=chaves Member=Component chave? 7101SD9CQE
Added Member To Class: ClassName=chaves Member=Component chavF1 chave MTS-102
Added Member To Class: ClassName=chaves Member=Component chavG1 chave MTS-102
Added Member To Class: ClassName=chaves Member=Component chavH1 chave MTS-102
Added Member To Class: ClassName=chaves Member=Component chavI1 chave MTS-102
Added Member To Class: ClassName=alimentacao Member=Component H_-12V header 2x4
Added Member To Class: ClassName=clock Member=Component Hclk1 header 2x4
