Change Component Footprint: Designator=H_LED1 Old Footprint=PCBComponent_1 New Footprint=header 2x1
Change Component Footprint: Designator=H_LED2 Old Footprint=PCBComponent_1 New Footprint=header 2x1
Change Component Footprint: Designator=H_LED3 Old Footprint=PCBComponent_1 New Footprint=header 2x1
Change Component Footprint: Designator=H_LED4 Old Footprint=PCBComponent_1 New Footprint=header 2x1
Change Component Footprint: Designator=H_LED5 Old Footprint=PCBComponent_1 New Footprint=header 2x1
Change Component Footprint: Designator=H_LED6 Old Footprint=PCBComponent_1 New Footprint=header 2x1
Change Component Footprint: Designator=H_LED7 Old Footprint=PCBComponent_1 New Footprint=header 2x1
Change Component Footprint: Designator=H_LED8 Old Footprint=PCBComponent_1 New Footprint=header 2x1
Change Component Footprint: Designator=H_LED9 Old Footprint=PCBComponent_1 New Footprint=header 2x1
Change Component Footprint: Designator=H_LED10 Old Footprint=PCBComponent_1 New Footprint=header 2x1
Change Component Description : Designator=C1 Old Description=CAP ALUM 10UF 20% 50V RADIAL New Description=CAP ALUM 100UF 20% 50V RADIAL
Change Component Description : Designator=C4 Old Description=CAP ALUM 10UF 20% 50V RADIAL New Description=CAP ALUM 100UF 20% 50V RADIAL
Change Component Description : Designator=C2 Old Description=Cap Ceramic 100nF 50V X7R ±10% Radial 5mm +125°C Automotive Ammo Pack New Description=Cap Ceramic 3.3uF 50V X7R ±10% Radial 5mm +125°C Automotive Ammo Pack
Change Component Description : Designator=C3 Old Description=Cap Ceramic 100nF 50V X7R ±10% Radial 5mm +125°C Automotive Ammo Pack New Description=Cap Ceramic 3.3uF 50V X7R ±10% Radial 5mm +125°C Automotive Ammo Pack
Change Component Description : Designator=C6 Old Description=Cap Ceramic 100nF 50V X7R ±10% Radial 5mm +125°C Automotive Ammo Pack New Description=Cap Ceramic 3.3uF 50V X7R ±10% Radial 5mm +125°C Automotive Ammo Pack
Change Component Description : Designator=C7 Old Description=Cap Ceramic 100nF 50V X7R ±10% Radial 5mm +125°C Automotive Ammo Pack New Description=Cap Ceramic 3.3uF 50V X7R ±10% Radial 5mm +125°C Automotive Ammo Pack
Change Component Description : Designator=C8 Old Description=Cap Ceramic 100nF 50V X7R ±10% Radial 5mm +125°C Automotive Ammo Pack New Description=Cap Ceramic 3.3uF 50V X7R ±10% Radial 5mm +125°C Automotive Ammo Pack
Change Component Description : Designator=C9 Old Description=Cap Ceramic 100nF 50V X7R ±10% Radial 5mm +125°C Automotive Ammo Pack New Description=Cap Ceramic 3.3uF 50V X7R ±10% Radial 5mm +125°C Automotive Ammo Pack
Change Component Description : Designator=C10 Old Description=Cap Ceramic 100nF 50V X7R ±10% Radial 5mm +125°C Automotive Ammo Pack New Description=Cap Ceramic 3.3uF 50V X7R ±10% Radial 5mm +125°C Automotive Ammo Pack
Change Component Description : Designator=C11 Old Description=Cap Ceramic 100nF 50V X7R ±10% Radial 5mm +125°C Automotive Ammo Pack New Description=Cap Ceramic 3.3uF 50V X7R ±10% Radial 5mm +125°C Automotive Ammo Pack
Change Component Description : Designator=C12 Old Description=Cap Ceramic 100nF 50V X7R ±10% Radial 5mm +125°C Automotive Ammo Pack New Description=Cap Ceramic 3.3uF 50V X7R ±10% Radial 5mm +125°C Automotive Ammo Pack
Change Component Description : Designator=C13 Old Description=Cap Ceramic 100nF 50V X7R ±10% Radial 5mm +125°C Automotive Ammo Pack New Description=Cap Ceramic 3.3uF 50V X7R ±10% Radial 5mm +125°C Automotive Ammo Pack
Change Component Description : Designator=C14 Old Description=Cap Ceramic 100nF 50V X7R ±10% Radial 5mm +125°C Automotive Ammo Pack New Description=Cap Ceramic 3.3uF 50V X7R ±10% Radial 5mm +125°C Automotive Ammo Pack
Change Component Description : Designator=C15 Old Description=Cap Ceramic 100nF 50V X7R ±10% Radial 5mm +125°C Automotive Ammo Pack New Description=Cap Ceramic 3.3uF 50V X7R ±10% Radial 5mm +125°C Automotive Ammo Pack
Change Component Description : Designator=C16 Old Description=Cap Ceramic 100nF 50V X7R ±10% Radial 5mm +125°C Automotive Ammo Pack New Description=Cap Ceramic 3.3uF 50V X7R ±10% Radial 5mm +125°C Automotive Ammo Pack
Change Component Description : Designator=R2 Old Description=RES 1K OHM 0.4W 1% AXIAL New Description=RES 20K OHM 0.4W 1% AXIAL
Change Component Description : Designator=R3 Old Description=RES 1K OHM 0.4W 1% AXIAL New Description=RES 20K OHM 0.4W 1% AXIAL
Change Component Description : Designator=R4 Old Description=RES 1K OHM 0.4W 1% AXIAL New Description=RES 20K OHM 0.4W 1% AXIAL
Change Component Description : Designator=R6 Old Description=RES 1K OHM 0.4W 1% AXIAL New Description=RES 20K OHM 0.4W 1% AXIAL
Change Component Description : Designator=R7 Old Description=RES 1K OHM 0.4W 1% AXIAL New Description=RES 20K OHM 0.4W 1% AXIAL
Change Component Description : Designator=R8 Old Description=RES 1K OHM 0.4W 1% AXIAL New Description=RES 20K OHM 0.4W 1% AXIAL
Change Component Description : Designator=R10 Old Description=RES 1K OHM 0.4W 1% AXIAL New Description=RES 20K OHM 0.4W 1% AXIAL
Change Component Description : Designator=R11 Old Description=RES 1K OHM 0.4W 1% AXIAL New Description=RES 20K OHM 0.4W 1% AXIAL
Change Component Description : Designator=R12 Old Description=RES 1K OHM 0.4W 1% AXIAL New Description=RES 20K OHM 0.4W 1% AXIAL
Change Component Description : Designator=R14 Old Description=RES 1K OHM 0.4W 1% AXIAL New Description=RES 20K OHM 0.4W 1% AXIAL
Change Component Description : Designator=R15 Old Description=RES 1K OHM 0.4W 1% AXIAL New Description=RES 20K OHM 0.4W 1% AXIAL
Change Component Description : Designator=R16 Old Description=RES 1K OHM 0.4W 1% AXIAL New Description=RES 20K OHM 0.4W 1% AXIAL
Change Component Description : Designator=R18 Old Description=RES 1K OHM 0.4W 1% AXIAL New Description=RES 20K OHM 0.4W 1% AXIAL
Change Component Description : Designator=R19 Old Description=RES 1K OHM 0.4W 1% AXIAL New Description=RES 20K OHM 0.4W 1% AXIAL
Change Component Description : Designator=R20 Old Description=RES 1K OHM 0.4W 1% AXIAL New Description=RES 20K OHM 0.4W 1% AXIAL
Change Component Description : Designator=R22 Old Description=RES 1K OHM 0.4W 1% AXIAL New Description=RES 20K OHM 0.4W 1% AXIAL
Change Component Description : Designator=R23 Old Description=RES 1K OHM 0.4W 1% AXIAL New Description=RES 20K OHM 0.4W 1% AXIAL
Change Component Description : Designator=R24 Old Description=RES 1K OHM 0.4W 1% AXIAL New Description=RES 20K OHM 0.4W 1% AXIAL
Change Component Description : Designator=R26 Old Description=RES 1K OHM 0.4W 1% AXIAL New Description=RES 20K OHM 0.4W 1% AXIAL
Change Component Description : Designator=R27 Old Description=RES 1K OHM 0.4W 1% AXIAL New Description=RES 20K OHM 0.4W 1% AXIAL
Change Component Description : Designator=R28 Old Description=RES 1K OHM 0.4W 1% AXIAL New Description=RES 20K OHM 0.4W 1% AXIAL
Change Component Description : Designator=R30 Old Description=RES 1K OHM 0.4W 1% AXIAL New Description=RES 20K OHM 0.4W 1% AXIAL
Change Component Description : Designator=R31 Old Description=RES 1K OHM 0.4W 1% AXIAL New Description=RES 20K OHM 0.4W 1% AXIAL
Change Component Description : Designator=R32 Old Description=RES 1K OHM 0.4W 1% AXIAL New Description=RES 20K OHM 0.4W 1% AXIAL
Change Component Description : Designator=R33 Old Description=RES 1K OHM 0.4W 1% AXIAL New Description=RES 20K OHM 0.4W 1% AXIAL
Change Component Description : Designator=R35 Old Description=RES 1K OHM 0.4W 1% AXIAL New Description=RES 20K OHM 0.4W 1% AXIAL
Change Component Description : Designator=R36 Old Description=RES 1K OHM 0.4W 1% AXIAL New Description=RES 20K OHM 0.4W 1% AXIAL
Change Component Description : Designator=R37 Old Description=RES 1K OHM 0.4W 1% AXIAL New Description=RES 20K OHM 0.4W 1% AXIAL
Change Component Description : Designator=R39 Old Description=RES 1K OHM 0.4W 1% AXIAL New Description=RES 20K OHM 0.4W 1% AXIAL
Change Component Description : Designator=R40 Old Description=RES 1K OHM 0.4W 1% AXIAL New Description=RES 20K OHM 0.4W 1% AXIAL
Change Component Description : Designator=R41 Old Description=RES 1K OHM 0.4W 1% AXIAL New Description=RES 20K OHM 0.4W 1% AXIAL
Change Component Description : Designator=R53 Old Description=RES 10k OHM 0.4W 1% AXIAL New Description=RES 20K OHM 0.4W 1% AXIAL
Change Component Description : Designator=R54 Old Description=RES 10k OHM 0.4W 1% AXIAL New Description=RES 20K OHM 0.4W 1% AXIAL
Change Component Description : Designator=R55 Old Description=RES 10k OHM 0.4W 1% AXIAL New Description=RES 20K OHM 0.4W 1% AXIAL
Change Component Description : Designator=R56 Old Description=RES 10k OHM 0.4W 1% AXIAL New Description=RES 20K OHM 0.4W 1% AXIAL
Change Component Description : Designator=R57 Old Description=RES 10k OHM 0.4W 1% AXIAL New Description=RES 20K OHM 0.4W 1% AXIAL
Change Component Description : Designator=R58 Old Description=RES 10k OHM 0.4W 1% AXIAL New Description=RES 20K OHM 0.4W 1% AXIAL
Change Component Description : Designator=R59 Old Description=RES 10k OHM 0.4W 1% AXIAL New Description=RES 20K OHM 0.4W 1% AXIAL
Change Component Description : Designator=R60 Old Description=RES 10k OHM 0.4W 1% AXIAL New Description=RES 20K OHM 0.4W 1% AXIAL
Change Component Description : Designator=R61 Old Description=RES 10k OHM 0.4W 1% AXIAL New Description=RES 20K OHM 0.4W 1% AXIAL
Change Component Description : Designator=R62 Old Description=RES 10k OHM 0.4W 1% AXIAL New Description=RES 20K OHM 0.4W 1% AXIAL
Change Component Description : Designator=R1 Old Description=RES 15K OHM 0.4W 1% AXIAL New Description=RES 20K OHM 0.4W 1% AXIAL
Change Component Description : Designator=R5 Old Description=RES 15K OHM 0.4W 1% AXIAL New Description=RES 20K OHM 0.4W 1% AXIAL
Change Component Description : Designator=R9 Old Description=RES 15K OHM 0.4W 1% AXIAL New Description=RES 20K OHM 0.4W 1% AXIAL
Change Component Description : Designator=R13 Old Description=RES 15K OHM 0.4W 1% AXIAL New Description=RES 20K OHM 0.4W 1% AXIAL
Change Component Description : Designator=R17 Old Description=RES 15K OHM 0.4W 1% AXIAL New Description=RES 20K OHM 0.4W 1% AXIAL
Change Component Description : Designator=R21 Old Description=RES 15K OHM 0.4W 1% AXIAL New Description=RES 20K OHM 0.4W 1% AXIAL
Change Component Description : Designator=R25 Old Description=RES 15K OHM 0.4W 1% AXIAL New Description=RES 20K OHM 0.4W 1% AXIAL
Change Component Description : Designator=R29 Old Description=RES 15K OHM 0.4W 1% AXIAL New Description=RES 20K OHM 0.4W 1% AXIAL
Change Component Description : Designator=R34 Old Description=RES 15K OHM 0.4W 1% AXIAL New Description=RES 20K OHM 0.4W 1% AXIAL
Change Component Description : Designator=R38 Old Description=RES 15K OHM 0.4W 1% AXIAL New Description=RES 20K OHM 0.4W 1% AXIAL
Change Component Description : Designator=R42 Old Description=RES 330 OHM 0.4W 1% AXIAL New Description=RES 20K OHM 0.4W 1% AXIAL
Change Component Description : Designator=R43 Old Description=RES 330 OHM 0.4W 1% AXIAL New Description=RES 20K OHM 0.4W 1% AXIAL
Change Component Description : Designator=R45 Old Description=RES 330 OHM 0.4W 1% AXIAL New Description=RES 20K OHM 0.4W 1% AXIAL
Change Component Description : Designator=R46 Old Description=RES 330 OHM 0.4W 1% AXIAL New Description=RES 20K OHM 0.4W 1% AXIAL
Change Component Description : Designator=R47 Old Description=RES 330 OHM 0.4W 1% AXIAL New Description=RES 20K OHM 0.4W 1% AXIAL
Change Component Description : Designator=R48 Old Description=RES 330 OHM 0.4W 1% AXIAL New Description=RES 20K OHM 0.4W 1% AXIAL
Change Component Description : Designator=R49 Old Description=RES 330 OHM 0.4W 1% AXIAL New Description=RES 20K OHM 0.4W 1% AXIAL
Change Component Description : Designator=R50 Old Description=RES 330 OHM 0.4W 1% AXIAL New Description=RES 20K OHM 0.4W 1% AXIAL
Change Component Description : Designator=R51 Old Description=RES 330 OHM 0.4W 1% AXIAL New Description=RES 20K OHM 0.4W 1% AXIAL
Change Component Description : Designator=R52 Old Description=RES 330 OHM 0.4W 1% AXIAL New Description=RES 20K OHM 0.4W 1% AXIAL
Change component parameters: Designator = "C1" ("C1"); Footprint = "FP-FM8-MFG"; UniqueID = "\KCVMVONY" ("\KCVMVONY")
Change component parameters (AddParameter): Name = "Capacitance"; Value = "100uF"; VariantName = "[No Variations]"
Change component parameters (AddParameter): Name = "Case/Package"; Value = "Radial"; VariantName = "[No Variations]"
Change component parameters (AddParameter): Name = "Diameter"; Value = "8mm"; VariantName = "[No Variations]"
Change component parameters (AddParameter): Name = "Dissipation Factor"; Value = "0.1%"; VariantName = "[No Variations]"
Change component parameters (AddParameter): Name = "ESR (Equivalent Series Resistance)"; Value = "61mR"; VariantName = "[No Variations]"
Change component parameters (AddParameter): Name = "Features"; Value = "General Purpose"; VariantName = "[No Variations]"
Change component parameters (AddParameter): Name = "Height"; Value = "11.5mm"; VariantName = "[No Variations]"
Change component parameters (AddParameter): Name = "Height - Seated (Max)"; Value = "0.512inch"; VariantName = "[No Variations]"
Change component parameters (AddParameter): Name = "Impedance"; Value = "61mR"; VariantName = "[No Variations]"
Change component parameters (AddParameter): Name = "Lead Free"; Value = "Lead Free"; VariantName = "[No Variations]"
Change component parameters (AddParameter): Name = "Lead Pitch"; Value = "0.197inch"; VariantName = "[No Variations]"
Change component parameters (AddParameter): Name = "Length"; Value = "11.5mm"; VariantName = "[No Variations]"
Change component parameters (AddParameter): Name = "Life (Hours)"; Value = "3000Hour"; VariantName = "[No Variations]"
Change component parameters (AddParameter): Name = "Max Operating Temperature"; Value = "105°C"; VariantName = "[No Variations]"
Change component parameters (AddParameter): Name = "Min Operating Temperature"; Value = "-40°C"; VariantName = "[No Variations]"
Change component parameters (AddParameter): Name = "Mount"; Value = "Through Hole"; VariantName = "[No Variations]"
Change component parameters (AddParameter): Name = "Package Quantity"; Value = "1000"; VariantName = "[No Variations]"
Change component parameters (AddParameter): Name = "Packaging"; Value = "Ammo Pack"; VariantName = "[No Variations]"
Change component parameters (AddParameter): Name = "Polarity"; Value = "Polar"; VariantName = "[No Variations]"
Change component parameters (AddParameter): Name = "Radiation Hardening"; Value = "No"; VariantName = "[No Variations]"
Change component parameters (AddParameter): Name = "Ripple Current"; Value = "870mA"; VariantName = "[No Variations]"
Change component parameters (AddParameter): Name = "Series"; Value = "FM"; VariantName = "[No Variations]"
Change component parameters (AddParameter): Name = "Termination"; Value = "Radial"; VariantName = "[No Variations]"
Change component parameters (AddParameter): Name = "Tolerance"; Value = "20%"; VariantName = "[No Variations]"
Change component parameters (AddParameter): Name = "Voltage Rating"; Value = "50V"; VariantName = "[No Variations]"
Change component parameters (AddParameter): Name = "Voltage Rating (DC)"; Value = "50V"; VariantName = "[No Variations]"
Change component parameters: Designator = "C2" ("C2"); Footprint = "FP-RCE3M1-MFG"; UniqueID = "\VRFYOVSI" ("\VRFYOVSI")
Change component parameters (AddParameter): Name = "Capacitance"; Value = "3.3uF"; VariantName = "[No Variations]"
Change component parameters (AddParameter): Name = "Case/Package"; Value = "Radial"; VariantName = "[No Variations]"
Change component parameters (AddParameter): Name = "Dielectric"; Value = "X7R"; VariantName = "[No Variations]"
Change component parameters (AddParameter): Name = "Height"; Value = "5mm"; VariantName = "[No Variations]"
Change component parameters (AddParameter): Name = "Height - Seated (Max)"; Value = "0.197inch"; VariantName = "[No Variations]"
Change component parameters (AddParameter): Name = "Lead Diameter"; Value = "0.5mm"; VariantName = "[No Variations]"
Change component parameters (AddParameter): Name = "Lead Pitch"; Value = "0.197inch"; VariantName = "[No Variations]"
Change component parameters (AddParameter): Name = "Lead/Base Style"; Value = "Formed Leads"; VariantName = "[No Variations]"
Change component parameters (AddParameter): Name = "Length"; Value = "0.217inch"; VariantName = "[No Variations]"
Change component parameters (AddParameter): Name = "Max Operating Temperature"; Value = "125°C"; VariantName = "[No Variations]"
Change component parameters (AddParameter): Name = "Min Operating Temperature"; Value = "-55°C"; VariantName = "[No Variations]"
Change component parameters (AddParameter): Name = "Mount"; Value = "Through Hole"; VariantName = "[No Variations]"
Change component parameters (AddParameter): Name = "Package Quantity"; Value = "500"; VariantName = "[No Variations]"
Change component parameters (AddParameter): Name = "Packaging"; Value = "Bulk"; VariantName = "[No Variations]"
Change component parameters (AddParameter): Name = "Ratings"; Value = "AEC-Q200"; VariantName = "[No Variations]"
Change component parameters (AddParameter): Name = "Resistor Type"; Value = "Ceramic"; VariantName = "[No Variations]"
Change component parameters (AddParameter): Name = "Termination"; Value = "Radial"; VariantName = "[No Variations]"
Change component parameters (AddParameter): Name = "Tolerance"; Value = "10%"; VariantName = "[No Variations]"
Change component parameters (AddParameter): Name = "Voltage Rating"; Value = "50V"; VariantName = "[No Variations]"
Change component parameters (AddParameter): Name = "Voltage Rating (DC)"; Value = "50V"; VariantName = "[No Variations]"
Change component parameters (AddParameter): Name = "Width"; Value = "0.157inch"; VariantName = "[No Variations]"
Change component parameters: Designator = "C3" ("C3"); Footprint = "FP-RCE3M1-MFG"; UniqueID = "\PODJTCII" ("\PODJTCII")
Change component parameters (AddParameter): Name = "Capacitance"; Value = "3.3uF"; VariantName = "[No Variations]"
Change component parameters (AddParameter): Name = "Case/Package"; Value = "Radial"; VariantName = "[No Variations]"
Change component parameters (AddParameter): Name = "Dielectric"; Value = "X7R"; VariantName = "[No Variations]"
Change component parameters (AddParameter): Name = "Height"; Value = "5mm"; VariantName = "[No Variations]"
Change component parameters (AddParameter): Name = "Height - Seated (Max)"; Value = "0.197inch"; VariantName = "[No Variations]"
Change component parameters (AddParameter): Name = "Lead Diameter"; Value = "0.5mm"; VariantName = "[No Variations]"
Change component parameters (AddParameter): Name = "Lead Pitch"; Value = "0.197inch"; VariantName = "[No Variations]"
Change component parameters (AddParameter): Name = "Lead/Base Style"; Value = "Formed Leads"; VariantName = "[No Variations]"
Change component parameters (AddParameter): Name = "Length"; Value = "0.217inch"; VariantName = "[No Variations]"
Change component parameters (AddParameter): Name = "Max Operating Temperature"; Value = "125°C"; VariantName = "[No Variations]"
Change component parameters (AddParameter): Name = "Min Operating Temperature"; Value = "-55°C"; VariantName = "[No Variations]"
Change component parameters (AddParameter): Name = "Mount"; Value = "Through Hole"; VariantName = "[No Variations]"
Change component parameters (AddParameter): Name = "Package Quantity"; Value = "500"; VariantName = "[No Variations]"
Change component parameters (AddParameter): Name = "Packaging"; Value = "Bulk"; VariantName = "[No Variations]"
Change component parameters (AddParameter): Name = "Ratings"; Value = "AEC-Q200"; VariantName = "[No Variations]"
Change component parameters (AddParameter): Name = "Resistor Type"; Value = "Ceramic"; VariantName = "[No Variations]"
Change component parameters (AddParameter): Name = "Termination"; Value = "Radial"; VariantName = "[No Variations]"
Change component parameters (AddParameter): Name = "Tolerance"; Value = "10%"; VariantName = "[No Variations]"
Change component parameters (AddParameter): Name = "Voltage Rating"; Value = "50V"; VariantName = "[No Variations]"
Change component parameters (AddParameter): Name = "Voltage Rating (DC)"; Value = "50V"; VariantName = "[No Variations]"
Change component parameters (AddParameter): Name = "Width"; Value = "0.157inch"; VariantName = "[No Variations]"
Change component parameters: Designator = "C4" ("C4"); Footprint = "FP-FM8-MFG"; UniqueID = "\TBGDXIPR" ("\TBGDXIPR")
Change component parameters (AddParameter): Name = "Capacitance"; Value = "100uF"; VariantName = "[No Variations]"
Change component parameters (AddParameter): Name = "Case/Package"; Value = "Radial"; VariantName = "[No Variations]"
Change component parameters (AddParameter): Name = "Diameter"; Value = "8mm"; VariantName = "[No Variations]"
Change component parameters (AddParameter): Name = "Dissipation Factor"; Value = "0.1%"; VariantName = "[No Variations]"
Change component parameters (AddParameter): Name = "ESR (Equivalent Series Resistance)"; Value = "61mR"; VariantName = "[No Variations]"
Change component parameters (AddParameter): Name = "Features"; Value = "General Purpose"; VariantName = "[No Variations]"
Change component parameters (AddParameter): Name = "Height"; Value = "11.5mm"; VariantName = "[No Variations]"
Change component parameters (AddParameter): Name = "Height - Seated (Max)"; Value = "0.512inch"; VariantName = "[No Variations]"
Change component parameters (AddParameter): Name = "Impedance"; Value = "61mR"; VariantName = "[No Variations]"
Change component parameters (AddParameter): Name = "Lead Free"; Value = "Lead Free"; VariantName = "[No Variations]"
Change component parameters (AddParameter): Name = "Lead Pitch"; Value = "0.197inch"; VariantName = "[No Variations]"
Change component parameters (AddParameter): Name = "Length"; Value = "11.5mm"; VariantName = "[No Variations]"
Change component parameters (AddParameter): Name = "Life (Hours)"; Value = "3000Hour"; VariantName = "[No Variations]"
Change component parameters (AddParameter): Name = "Max Operating Temperature"; Value = "105°C"; VariantName = "[No Variations]"
Change component parameters (AddParameter): Name = "Min Operating Temperature"; Value = "-40°C"; VariantName = "[No Variations]"
Change component parameters (AddParameter): Name = "Mount"; Value = "Through Hole"; VariantName = "[No Variations]"
Change component parameters (AddParameter): Name = "Package Quantity"; Value = "1000"; VariantName = "[No Variations]"
Change component parameters (AddParameter): Name = "Packaging"; Value = "Ammo Pack"; VariantName = "[No Variations]"
Change component parameters (AddParameter): Name = "Polarity"; Value = "Polar"; VariantName = "[No Variations]"
Change component parameters (AddParameter): Name = "Radiation Hardening"; Value = "No"; VariantName = "[No Variations]"
Change component parameters (AddParameter): Name = "Ripple Current"; Value = "870mA"; VariantName = "[No Variations]"
Change component parameters (AddParameter): Name = "Series"; Value = "FM"; VariantName = "[No Variations]"
Change component parameters (AddParameter): Name = "Termination"; Value = "Radial"; VariantName = "[No Variations]"
Change component parameters (AddParameter): Name = "Tolerance"; Value = "20%"; VariantName = "[No Variations]"
Change component parameters (AddParameter): Name = "Voltage Rating"; Value = "50V"; VariantName = "[No Variations]"
Change component parameters (AddParameter): Name = "Voltage Rating (DC)"; Value = "50V"; VariantName = "[No Variations]"
Change component parameters: Designator = "C5" ("C5"); Footprint = "FP-FM8-MFG"; UniqueID = "\XOVAUCDQ" ("\XOVAUCDQ")
Change component parameters (AddParameter): Name = "Capacitance"; Value = "100uF"; VariantName = "[No Variations]"
Change component parameters (AddParameter): Name = "Case/Package"; Value = "Radial"; VariantName = "[No Variations]"
Change component parameters (AddParameter): Name = "Diameter"; Value = "8mm"; VariantName = "[No Variations]"
Change component parameters (AddParameter): Name = "Dissipation Factor"; Value = "0.1%"; VariantName = "[No Variations]"
Change component parameters (AddParameter): Name = "ESR (Equivalent Series Resistance)"; Value = "61mR"; VariantName = "[No Variations]"
Change component parameters (AddParameter): Name = "Features"; Value = "General Purpose"; VariantName = "[No Variations]"
Change component parameters (AddParameter): Name = "Height"; Value = "11.5mm"; VariantName = "[No Variations]"
Change component parameters (AddParameter): Name = "Height - Seated (Max)"; Value = "0.512inch"; VariantName = "[No Variations]"
Change component parameters (AddParameter): Name = "Impedance"; Value = "61mR"; VariantName = "[No Variations]"
Change component parameters (AddParameter): Name = "Lead Free"; Value = "Lead Free"; VariantName = "[No Variations]"
Change component parameters (AddParameter): Name = "Lead Pitch"; Value = "0.197inch"; VariantName = "[No Variations]"
Change component parameters (AddParameter): Name = "Length"; Value = "11.5mm"; VariantName = "[No Variations]"
Change component parameters (AddParameter): Name = "Life (Hours)"; Value = "3000Hour"; VariantName = "[No Variations]"
Change component parameters (AddParameter): Name = "Max Operating Temperature"; Value = "105°C"; VariantName = "[No Variations]"
Change component parameters (AddParameter): Name = "Min Operating Temperature"; Value = "-40°C"; VariantName = "[No Variations]"
Change component parameters (AddParameter): Name = "Mount"; Value = "Through Hole"; VariantName = "[No Variations]"
Change component parameters (AddParameter): Name = "Package Quantity"; Value = "1000"; VariantName = "[No Variations]"
Change component parameters (AddParameter): Name = "Packaging"; Value = "Ammo Pack"; VariantName = "[No Variations]"
Change component parameters (AddParameter): Name = "Polarity"; Value = "Polar"; VariantName = "[No Variations]"
Change component parameters (AddParameter): Name = "Radiation Hardening"; Value = "No"; VariantName = "[No Variations]"
Change component parameters (AddParameter): Name = "Ripple Current"; Value = "870mA"; VariantName = "[No Variations]"
Change component parameters (AddParameter): Name = "Series"; Value = "FM"; VariantName = "[No Variations]"
Change component parameters (AddParameter): Name = "Termination"; Value = "Radial"; VariantName = "[No Variations]"
Change component parameters (AddParameter): Name = "Tolerance"; Value = "20%"; VariantName = "[No Variations]"
Change component parameters (AddParameter): Name = "Voltage Rating"; Value = "50V"; VariantName = "[No Variations]"
Change component parameters (AddParameter): Name = "Voltage Rating (DC)"; Value = "50V"; VariantName = "[No Variations]"
Change component parameters: Designator = "C6" ("C6"); Footprint = "FP-RCE3M1-MFG"; UniqueID = "\KPSVUHZV" ("\KPSVUHZV")
Change component parameters (AddParameter): Name = "Capacitance"; Value = "3.3uF"; VariantName = "[No Variations]"
Change component parameters (AddParameter): Name = "Case/Package"; Value = "Radial"; VariantName = "[No Variations]"
Change component parameters (AddParameter): Name = "Dielectric"; Value = "X7R"; VariantName = "[No Variations]"
Change component parameters (AddParameter): Name = "Height"; Value = "5mm"; VariantName = "[No Variations]"
Change component parameters (AddParameter): Name = "Height - Seated (Max)"; Value = "0.197inch"; VariantName = "[No Variations]"
Change component parameters (AddParameter): Name = "Lead Diameter"; Value = "0.5mm"; VariantName = "[No Variations]"
Change component parameters (AddParameter): Name = "Lead Pitch"; Value = "0.197inch"; VariantName = "[No Variations]"
Change component parameters (AddParameter): Name = "Lead/Base Style"; Value = "Formed Leads"; VariantName = "[No Variations]"
Change component parameters (AddParameter): Name = "Length"; Value = "0.217inch"; VariantName = "[No Variations]"
Change component parameters (AddParameter): Name = "Max Operating Temperature"; Value = "125°C"; VariantName = "[No Variations]"
Change component parameters (AddParameter): Name = "Min Operating Temperature"; Value = "-55°C"; VariantName = "[No Variations]"
Change component parameters (AddParameter): Name = "Mount"; Value = "Through Hole"; VariantName = "[No Variations]"
Change component parameters (AddParameter): Name = "Package Quantity"; Value = "500"; VariantName = "[No Variations]"
Change component parameters (AddParameter): Name = "Packaging"; Value = "Bulk"; VariantName = "[No Variations]"
Change component parameters (AddParameter): Name = "Ratings"; Value = "AEC-Q200"; VariantName = "[No Variations]"
Change component parameters (AddParameter): Name = "Resistor Type"; Value = "Ceramic"; VariantName = "[No Variations]"
Change component parameters (AddParameter): Name = "Termination"; Value = "Radial"; VariantName = "[No Variations]"
Change component parameters (AddParameter): Name = "Tolerance"; Value = "10%"; VariantName = "[No Variations]"
Change component parameters (AddParameter): Name = "Voltage Rating"; Value = "50V"; VariantName = "[No Variations]"
Change component parameters (AddParameter): Name = "Voltage Rating (DC)"; Value = "50V"; VariantName = "[No Variations]"
Change component parameters (AddParameter): Name = "Width"; Value = "0.157inch"; VariantName = "[No Variations]"
Change component parameters: Designator = "C7" ("C7"); Footprint = "FP-RCE3M1-MFG"; UniqueID = "\DVUIBMUN" ("\DVUIBMUN")
Change component parameters (AddParameter): Name = "Capacitance"; Value = "3.3uF"; VariantName = "[No Variations]"
Change component parameters (AddParameter): Name = "Case/Package"; Value = "Radial"; VariantName = "[No Variations]"
Change component parameters (AddParameter): Name = "Dielectric"; Value = "X7R"; VariantName = "[No Variations]"
Change component parameters (AddParameter): Name = "Height"; Value = "5mm"; VariantName = "[No Variations]"
Change component parameters (AddParameter): Name = "Height - Seated (Max)"; Value = "0.197inch"; VariantName = "[No Variations]"
Change component parameters (AddParameter): Name = "Lead Diameter"; Value = "0.5mm"; VariantName = "[No Variations]"
Change component parameters (AddParameter): Name = "Lead Pitch"; Value = "0.197inch"; VariantName = "[No Variations]"
Change component parameters (AddParameter): Name = "Lead/Base Style"; Value = "Formed Leads"; VariantName = "[No Variations]"
Change component parameters (AddParameter): Name = "Length"; Value = "0.217inch"; VariantName = "[No Variations]"
Change component parameters (AddParameter): Name = "Max Operating Temperature"; Value = "125°C"; VariantName = "[No Variations]"
Change component parameters (AddParameter): Name = "Min Operating Temperature"; Value = "-55°C"; VariantName = "[No Variations]"
Change component parameters (AddParameter): Name = "Mount"; Value = "Through Hole"; VariantName = "[No Variations]"
Change component parameters (AddParameter): Name = "Package Quantity"; Value = "500"; VariantName = "[No Variations]"
Change component parameters (AddParameter): Name = "Packaging"; Value = "Bulk"; VariantName = "[No Variations]"
Change component parameters (AddParameter): Name = "Ratings"; Value = "AEC-Q200"; VariantName = "[No Variations]"
Change component parameters (AddParameter): Name = "Resistor Type"; Value = "Ceramic"; VariantName = "[No Variations]"
Change component parameters (AddParameter): Name = "Termination"; Value = "Radial"; VariantName = "[No Variations]"
Change component parameters (AddParameter): Name = "Tolerance"; Value = "10%"; VariantName = "[No Variations]"
Change component parameters (AddParameter): Name = "Voltage Rating"; Value = "50V"; VariantName = "[No Variations]"
Change component parameters (AddParameter): Name = "Voltage Rating (DC)"; Value = "50V"; VariantName = "[No Variations]"
Change component parameters (AddParameter): Name = "Width"; Value = "0.157inch"; VariantName = "[No Variations]"
Change component parameters: Designator = "C8" ("C8"); Footprint = "FP-RCE3M1-MFG"; UniqueID = "\SQWDUYAJ" ("\SQWDUYAJ")
Change component parameters (AddParameter): Name = "Capacitance"; Value = "3.3uF"; VariantName = "[No Variations]"
Change component parameters (AddParameter): Name = "Case/Package"; Value = "Radial"; VariantName = "[No Variations]"
Change component parameters (AddParameter): Name = "Dielectric"; Value = "X7R"; VariantName = "[No Variations]"
Change component parameters (AddParameter): Name = "Height"; Value = "5mm"; VariantName = "[No Variations]"
Change component parameters (AddParameter): Name = "Height - Seated (Max)"; Value = "0.197inch"; VariantName = "[No Variations]"
Change component parameters (AddParameter): Name = "Lead Diameter"; Value = "0.5mm"; VariantName = "[No Variations]"
Change component parameters (AddParameter): Name = "Lead Pitch"; Value = "0.197inch"; VariantName = "[No Variations]"
Change component parameters (AddParameter): Name = "Lead/Base Style"; Value = "Formed Leads"; VariantName = "[No Variations]"
Change component parameters (AddParameter): Name = "Length"; Value = "0.217inch"; VariantName = "[No Variations]"
Change component parameters (AddParameter): Name = "Max Operating Temperature"; Value = "125°C"; VariantName = "[No Variations]"
Change component parameters (AddParameter): Name = "Min Operating Temperature"; Value = "-55°C"; VariantName = "[No Variations]"
Change component parameters (AddParameter): Name = "Mount"; Value = "Through Hole"; VariantName = "[No Variations]"
Change component parameters (AddParameter): Name = "Package Quantity"; Value = "500"; VariantName = "[No Variations]"
Change component parameters (AddParameter): Name = "Packaging"; Value = "Bulk"; VariantName = "[No Variations]"
Change component parameters (AddParameter): Name = "Ratings"; Value = "AEC-Q200"; VariantName = "[No Variations]"
Change component parameters (AddParameter): Name = "Resistor Type"; Value = "Ceramic"; VariantName = "[No Variations]"
Change component parameters (AddParameter): Name = "Termination"; Value = "Radial"; VariantName = "[No Variations]"
Change component parameters (AddParameter): Name = "Tolerance"; Value = "10%"; VariantName = "[No Variations]"
Change component parameters (AddParameter): Name = "Voltage Rating"; Value = "50V"; VariantName = "[No Variations]"
Change component parameters (AddParameter): Name = "Voltage Rating (DC)"; Value = "50V"; VariantName = "[No Variations]"
Change component parameters (AddParameter): Name = "Width"; Value = "0.157inch"; VariantName = "[No Variations]"
Change component parameters: Designator = "C9" ("C9"); Footprint = "FP-RCE3M1-MFG"; UniqueID = "\PHVAZQGJ" ("\PHVAZQGJ")
Change component parameters (AddParameter): Name = "Capacitance"; Value = "3.3uF"; VariantName = "[No Variations]"
Change component parameters (AddParameter): Name = "Case/Package"; Value = "Radial"; VariantName = "[No Variations]"
Change component parameters (AddParameter): Name = "Dielectric"; Value = "X7R"; VariantName = "[No Variations]"
Change component parameters (AddParameter): Name = "Height"; Value = "5mm"; VariantName = "[No Variations]"
Change component parameters (AddParameter): Name = "Height - Seated (Max)"; Value = "0.197inch"; VariantName = "[No Variations]"
Change component parameters (AddParameter): Name = "Lead Diameter"; Value = "0.5mm"; VariantName = "[No Variations]"
Change component parameters (AddParameter): Name = "Lead Pitch"; Value = "0.197inch"; VariantName = "[No Variations]"
Change component parameters (AddParameter): Name = "Lead/Base Style"; Value = "Formed Leads"; VariantName = "[No Variations]"
Change component parameters (AddParameter): Name = "Length"; Value = "0.217inch"; VariantName = "[No Variations]"
Change component parameters (AddParameter): Name = "Max Operating Temperature"; Value = "125°C"; VariantName = "[No Variations]"
Change component parameters (AddParameter): Name = "Min Operating Temperature"; Value = "-55°C"; VariantName = "[No Variations]"
Change component parameters (AddParameter): Name = "Mount"; Value = "Through Hole"; VariantName = "[No Variations]"
Change component parameters (AddParameter): Name = "Package Quantity"; Value = "500"; VariantName = "[No Variations]"
Change component parameters (AddParameter): Name = "Packaging"; Value = "Bulk"; VariantName = "[No Variations]"
Change component parameters (AddParameter): Name = "Ratings"; Value = "AEC-Q200"; VariantName = "[No Variations]"
Change component parameters (AddParameter): Name = "Resistor Type"; Value = "Ceramic"; VariantName = "[No Variations]"
Change component parameters (AddParameter): Name = "Termination"; Value = "Radial"; VariantName = "[No Variations]"
Change component parameters (AddParameter): Name = "Tolerance"; Value = "10%"; VariantName = "[No Variations]"
Change component parameters (AddParameter): Name = "Voltage Rating"; Value = "50V"; VariantName = "[No Variations]"
Change component parameters (AddParameter): Name = "Voltage Rating (DC)"; Value = "50V"; VariantName = "[No Variations]"
Change component parameters (AddParameter): Name = "Width"; Value = "0.157inch"; VariantName = "[No Variations]"
Change component parameters: Designator = "C11" ("C11"); Footprint = "FP-RCE3M1-MFG"; UniqueID = "\XMECZXIL" ("\XMECZXIL")
Change component parameters (AddParameter): Name = "Capacitance"; Value = "3.3uF"; VariantName = "[No Variations]"
Change component parameters (AddParameter): Name = "Case/Package"; Value = "Radial"; VariantName = "[No Variations]"
Change component parameters (AddParameter): Name = "Dielectric"; Value = "X7R"; VariantName = "[No Variations]"
Change component parameters (AddParameter): Name = "Height"; Value = "5mm"; VariantName = "[No Variations]"
Change component parameters (AddParameter): Name = "Height - Seated (Max)"; Value = "0.197inch"; VariantName = "[No Variations]"
Change component parameters (AddParameter): Name = "Lead Diameter"; Value = "0.5mm"; VariantName = "[No Variations]"
Change component parameters (AddParameter): Name = "Lead Pitch"; Value = "0.197inch"; VariantName = "[No Variations]"
Change component parameters (AddParameter): Name = "Lead/Base Style"; Value = "Formed Leads"; VariantName = "[No Variations]"
Change component parameters (AddParameter): Name = "Length"; Value = "0.217inch"; VariantName = "[No Variations]"
Change component parameters (AddParameter): Name = "Max Operating Temperature"; Value = "125°C"; VariantName = "[No Variations]"
Change component parameters (AddParameter): Name = "Min Operating Temperature"; Value = "-55°C"; VariantName = "[No Variations]"
Change component parameters (AddParameter): Name = "Mount"; Value = "Through Hole"; VariantName = "[No Variations]"
Change component parameters (AddParameter): Name = "Package Quantity"; Value = "500"; VariantName = "[No Variations]"
Change component parameters (AddParameter): Name = "Packaging"; Value = "Bulk"; VariantName = "[No Variations]"
Change component parameters (AddParameter): Name = "Ratings"; Value = "AEC-Q200"; VariantName = "[No Variations]"
Change component parameters (AddParameter): Name = "Resistor Type"; Value = "Ceramic"; VariantName = "[No Variations]"
Change component parameters (AddParameter): Name = "Termination"; Value = "Radial"; VariantName = "[No Variations]"
Change component parameters (AddParameter): Name = "Tolerance"; Value = "10%"; VariantName = "[No Variations]"
Change component parameters (AddParameter): Name = "Voltage Rating"; Value = "50V"; VariantName = "[No Variations]"
Change component parameters (AddParameter): Name = "Voltage Rating (DC)"; Value = "50V"; VariantName = "[No Variations]"
Change component parameters (AddParameter): Name = "Width"; Value = "0.157inch"; VariantName = "[No Variations]"
Change component parameters: Designator = "C12" ("C12"); Footprint = "FP-RCE3M1-MFG"; UniqueID = "\PZEYDAGG" ("\PZEYDAGG")
Change component parameters (AddParameter): Name = "Capacitance"; Value = "3.3uF"; VariantName = "[No Variations]"
Change component parameters (AddParameter): Name = "Case/Package"; Value = "Radial"; VariantName = "[No Variations]"
Change component parameters (AddParameter): Name = "Dielectric"; Value = "X7R"; VariantName = "[No Variations]"
Change component parameters (AddParameter): Name = "Height"; Value = "5mm"; VariantName = "[No Variations]"
Change component parameters (AddParameter): Name = "Height - Seated (Max)"; Value = "0.197inch"; VariantName = "[No Variations]"
Change component parameters (AddParameter): Name = "Lead Diameter"; Value = "0.5mm"; VariantName = "[No Variations]"
Change component parameters (AddParameter): Name = "Lead Pitch"; Value = "0.197inch"; VariantName = "[No Variations]"
Change component parameters (AddParameter): Name = "Lead/Base Style"; Value = "Formed Leads"; VariantName = "[No Variations]"
Change component parameters (AddParameter): Name = "Length"; Value = "0.217inch"; VariantName = "[No Variations]"
Change component parameters (AddParameter): Name = "Max Operating Temperature"; Value = "125°C"; VariantName = "[No Variations]"
Change component parameters (AddParameter): Name = "Min Operating Temperature"; Value = "-55°C"; VariantName = "[No Variations]"
Change component parameters (AddParameter): Name = "Mount"; Value = "Through Hole"; VariantName = "[No Variations]"
Change component parameters (AddParameter): Name = "Package Quantity"; Value = "500"; VariantName = "[No Variations]"
Change component parameters (AddParameter): Name = "Packaging"; Value = "Bulk"; VariantName = "[No Variations]"
Change component parameters (AddParameter): Name = "Ratings"; Value = "AEC-Q200"; VariantName = "[No Variations]"
Change component parameters (AddParameter): Name = "Resistor Type"; Value = "Ceramic"; VariantName = "[No Variations]"
Change component parameters (AddParameter): Name = "Termination"; Value = "Radial"; VariantName = "[No Variations]"
Change component parameters (AddParameter): Name = "Tolerance"; Value = "10%"; VariantName = "[No Variations]"
Change component parameters (AddParameter): Name = "Voltage Rating"; Value = "50V"; VariantName = "[No Variations]"
Change component parameters (AddParameter): Name = "Voltage Rating (DC)"; Value = "50V"; VariantName = "[No Variations]"
Change component parameters (AddParameter): Name = "Width"; Value = "0.157inch"; VariantName = "[No Variations]"
Change component parameters: Designator = "C13" ("C13"); Footprint = "FP-RCE3M1-MFG"; UniqueID = "\QOPHVZLJ" ("\QOPHVZLJ")
Change component parameters (AddParameter): Name = "Capacitance"; Value = "3.3uF"; VariantName = "[No Variations]"
Change component parameters (AddParameter): Name = "Case/Package"; Value = "Radial"; VariantName = "[No Variations]"
Change component parameters (AddParameter): Name = "Dielectric"; Value = "X7R"; VariantName = "[No Variations]"
Change component parameters (AddParameter): Name = "Height"; Value = "5mm"; VariantName = "[No Variations]"
Change component parameters (AddParameter): Name = "Height - Seated (Max)"; Value = "0.197inch"; VariantName = "[No Variations]"
Change component parameters (AddParameter): Name = "Lead Diameter"; Value = "0.5mm"; VariantName = "[No Variations]"
Change component parameters (AddParameter): Name = "Lead Pitch"; Value = "0.197inch"; VariantName = "[No Variations]"
Change component parameters (AddParameter): Name = "Lead/Base Style"; Value = "Formed Leads"; VariantName = "[No Variations]"
Change component parameters (AddParameter): Name = "Length"; Value = "0.217inch"; VariantName = "[No Variations]"
Change component parameters (AddParameter): Name = "Max Operating Temperature"; Value = "125°C"; VariantName = "[No Variations]"
Change component parameters (AddParameter): Name = "Min Operating Temperature"; Value = "-55°C"; VariantName = "[No Variations]"
Change component parameters (AddParameter): Name = "Mount"; Value = "Through Hole"; VariantName = "[No Variations]"
Change component parameters (AddParameter): Name = "Package Quantity"; Value = "500"; VariantName = "[No Variations]"
Change component parameters (AddParameter): Name = "Packaging"; Value = "Bulk"; VariantName = "[No Variations]"
Change component parameters (AddParameter): Name = "Ratings"; Value = "AEC-Q200"; VariantName = "[No Variations]"
Change component parameters (AddParameter): Name = "Resistor Type"; Value = "Ceramic"; VariantName = "[No Variations]"
Change component parameters (AddParameter): Name = "Termination"; Value = "Radial"; VariantName = "[No Variations]"
Change component parameters (AddParameter): Name = "Tolerance"; Value = "10%"; VariantName = "[No Variations]"
Change component parameters (AddParameter): Name = "Voltage Rating"; Value = "50V"; VariantName = "[No Variations]"
Change component parameters (AddParameter): Name = "Voltage Rating (DC)"; Value = "50V"; VariantName = "[No Variations]"
Change component parameters (AddParameter): Name = "Width"; Value = "0.157inch"; VariantName = "[No Variations]"
Change component parameters: Designator = "C14" ("C14"); Footprint = "FP-RCE3M1-MFG"; UniqueID = "\RTKRYQKN" ("\RTKRYQKN")
Change component parameters (AddParameter): Name = "Capacitance"; Value = "3.3uF"; VariantName = "[No Variations]"
Change component parameters (AddParameter): Name = "Case/Package"; Value = "Radial"; VariantName = "[No Variations]"
Change component parameters (AddParameter): Name = "Dielectric"; Value = "X7R"; VariantName = "[No Variations]"
Change component parameters (AddParameter): Name = "Height"; Value = "5mm"; VariantName = "[No Variations]"
Change component parameters (AddParameter): Name = "Height - Seated (Max)"; Value = "0.197inch"; VariantName = "[No Variations]"
Change component parameters (AddParameter): Name = "Lead Diameter"; Value = "0.5mm"; VariantName = "[No Variations]"
Change component parameters (AddParameter): Name = "Lead Pitch"; Value = "0.197inch"; VariantName = "[No Variations]"
Change component parameters (AddParameter): Name = "Lead/Base Style"; Value = "Formed Leads"; VariantName = "[No Variations]"
Change component parameters (AddParameter): Name = "Length"; Value = "0.217inch"; VariantName = "[No Variations]"
Change component parameters (AddParameter): Name = "Max Operating Temperature"; Value = "125°C"; VariantName = "[No Variations]"
Change component parameters (AddParameter): Name = "Min Operating Temperature"; Value = "-55°C"; VariantName = "[No Variations]"
Change component parameters (AddParameter): Name = "Mount"; Value = "Through Hole"; VariantName = "[No Variations]"
Change component parameters (AddParameter): Name = "Package Quantity"; Value = "500"; VariantName = "[No Variations]"
Change component parameters (AddParameter): Name = "Packaging"; Value = "Bulk"; VariantName = "[No Variations]"
Change component parameters (AddParameter): Name = "Ratings"; Value = "AEC-Q200"; VariantName = "[No Variations]"
Change component parameters (AddParameter): Name = "Resistor Type"; Value = "Ceramic"; VariantName = "[No Variations]"
Change component parameters (AddParameter): Name = "Termination"; Value = "Radial"; VariantName = "[No Variations]"
Change component parameters (AddParameter): Name = "Tolerance"; Value = "10%"; VariantName = "[No Variations]"
Change component parameters (AddParameter): Name = "Voltage Rating"; Value = "50V"; VariantName = "[No Variations]"
Change component parameters (AddParameter): Name = "Voltage Rating (DC)"; Value = "50V"; VariantName = "[No Variations]"
Change component parameters (AddParameter): Name = "Width"; Value = "0.157inch"; VariantName = "[No Variations]"
Change component parameters: Designator = "C15" ("C15"); Footprint = "FP-RCE3M1-MFG"; UniqueID = "\DLCYRTBE" ("\DLCYRTBE")
Change component parameters (AddParameter): Name = "Capacitance"; Value = "3.3uF"; VariantName = "[No Variations]"
Change component parameters (AddParameter): Name = "Case/Package"; Value = "Radial"; VariantName = "[No Variations]"
Change component parameters (AddParameter): Name = "Dielectric"; Value = "X7R"; VariantName = "[No Variations]"
Change component parameters (AddParameter): Name = "Height"; Value = "5mm"; VariantName = "[No Variations]"
Change component parameters (AddParameter): Name = "Height - Seated (Max)"; Value = "0.197inch"; VariantName = "[No Variations]"
Change component parameters (AddParameter): Name = "Lead Diameter"; Value = "0.5mm"; VariantName = "[No Variations]"
Change component parameters (AddParameter): Name = "Lead Pitch"; Value = "0.197inch"; VariantName = "[No Variations]"
Change component parameters (AddParameter): Name = "Lead/Base Style"; Value = "Formed Leads"; VariantName = "[No Variations]"
Change component parameters (AddParameter): Name = "Length"; Value = "0.217inch"; VariantName = "[No Variations]"
Change component parameters (AddParameter): Name = "Max Operating Temperature"; Value = "125°C"; VariantName = "[No Variations]"
Change component parameters (AddParameter): Name = "Min Operating Temperature"; Value = "-55°C"; VariantName = "[No Variations]"
Change component parameters (AddParameter): Name = "Mount"; Value = "Through Hole"; VariantName = "[No Variations]"
Change component parameters (AddParameter): Name = "Package Quantity"; Value = "500"; VariantName = "[No Variations]"
Change component parameters (AddParameter): Name = "Packaging"; Value = "Bulk"; VariantName = "[No Variations]"
Change component parameters (AddParameter): Name = "Ratings"; Value = "AEC-Q200"; VariantName = "[No Variations]"
Change component parameters (AddParameter): Name = "Resistor Type"; Value = "Ceramic"; VariantName = "[No Variations]"
Change component parameters (AddParameter): Name = "Termination"; Value = "Radial"; VariantName = "[No Variations]"
Change component parameters (AddParameter): Name = "Tolerance"; Value = "10%"; VariantName = "[No Variations]"
Change component parameters (AddParameter): Name = "Voltage Rating"; Value = "50V"; VariantName = "[No Variations]"
Change component parameters (AddParameter): Name = "Voltage Rating (DC)"; Value = "50V"; VariantName = "[No Variations]"
Change component parameters (AddParameter): Name = "Width"; Value = "0.157inch"; VariantName = "[No Variations]"
Change component parameters: Designator = "C16" ("C16"); Footprint = "FP-RCE3M1-MFG"; UniqueID = "\MATTKARC" ("\MATTKARC")
Change component parameters (AddParameter): Name = "Capacitance"; Value = "3.3uF"; VariantName = "[No Variations]"
Change component parameters (AddParameter): Name = "Case/Package"; Value = "Radial"; VariantName = "[No Variations]"
Change component parameters (AddParameter): Name = "Dielectric"; Value = "X7R"; VariantName = "[No Variations]"
Change component parameters (AddParameter): Name = "Height"; Value = "5mm"; VariantName = "[No Variations]"
Change component parameters (AddParameter): Name = "Height - Seated (Max)"; Value = "0.197inch"; VariantName = "[No Variations]"
Change component parameters (AddParameter): Name = "Lead Diameter"; Value = "0.5mm"; VariantName = "[No Variations]"
Change component parameters (AddParameter): Name = "Lead Pitch"; Value = "0.197inch"; VariantName = "[No Variations]"
Change component parameters (AddParameter): Name = "Lead/Base Style"; Value = "Formed Leads"; VariantName = "[No Variations]"
Change component parameters (AddParameter): Name = "Length"; Value = "0.217inch"; VariantName = "[No Variations]"
Change component parameters (AddParameter): Name = "Max Operating Temperature"; Value = "125°C"; VariantName = "[No Variations]"
Change component parameters (AddParameter): Name = "Min Operating Temperature"; Value = "-55°C"; VariantName = "[No Variations]"
Change component parameters (AddParameter): Name = "Mount"; Value = "Through Hole"; VariantName = "[No Variations]"
Change component parameters (AddParameter): Name = "Package Quantity"; Value = "500"; VariantName = "[No Variations]"
Change component parameters (AddParameter): Name = "Packaging"; Value = "Bulk"; VariantName = "[No Variations]"
Change component parameters (AddParameter): Name = "Ratings"; Value = "AEC-Q200"; VariantName = "[No Variations]"
Change component parameters (AddParameter): Name = "Resistor Type"; Value = "Ceramic"; VariantName = "[No Variations]"
Change component parameters (AddParameter): Name = "Termination"; Value = "Radial"; VariantName = "[No Variations]"
Change component parameters (AddParameter): Name = "Tolerance"; Value = "10%"; VariantName = "[No Variations]"
Change component parameters (AddParameter): Name = "Voltage Rating"; Value = "50V"; VariantName = "[No Variations]"
Change component parameters (AddParameter): Name = "Voltage Rating (DC)"; Value = "50V"; VariantName = "[No Variations]"
Change component parameters (AddParameter): Name = "Width"; Value = "0.157inch"; VariantName = "[No Variations]"
Change component parameters: Designator = "R2" ("R2"); Footprint = "FP-MRS1600-MFG"; UniqueID = "\EBEQYVFQ" ("\EBEQYVFQ")
Change component parameters (AddParameter): Name = "Case/Package"; Value = "Conformal"; VariantName = "[No Variations]"
Change component parameters (AddParameter): Name = "Construction"; Value = "Cylindrical"; VariantName = "[No Variations]"
Change component parameters (AddParameter): Name = "Contact Plating"; Value = "Tin"; VariantName = "[No Variations]"
Change component parameters (AddParameter): Name = "Diameter"; Value = "1.6mm"; VariantName = "[No Variations]"
Change component parameters (AddParameter): Name = "Length"; Value = "3.6mm"; VariantName = "[No Variations]"
Change component parameters (AddParameter): Name = "Max Operating Temperature"; Value = "155°C"; VariantName = "[No Variations]"
Change component parameters (AddParameter): Name = "Max Power Dissipation"; Value = "400mW"; VariantName = "[No Variations]"
Change component parameters (AddParameter): Name = "Military Standard"; Value = "Not"; VariantName = "[No Variations]"
Change component parameters (AddParameter): Name = "Min Operating Temperature"; Value = "-55°C"; VariantName = "[No Variations]"
Change component parameters (AddParameter): Name = "Mount"; Value = "Through Hole"; VariantName = "[No Variations]"
Change component parameters (AddParameter): Name = "Number of Terminations"; Value = "2"; VariantName = "[No Variations]"
Change component parameters (AddParameter): Name = "Packaging"; Value = "Tape and Reel"; VariantName = "[No Variations]"
Change component parameters (AddParameter): Name = "Power Rating"; Value = "400mW"; VariantName = "[No Variations]"
Change component parameters (AddParameter): Name = "Radiation Hardening"; Value = "No"; VariantName = "[No Variations]"
Change component parameters (AddParameter): Name = "Resistance"; Value = "20kR"; VariantName = "[No Variations]"
Change component parameters (AddParameter): Name = "Resistor Type"; Value = "Metal Film"; VariantName = "[No Variations]"
Change component parameters (AddParameter): Name = "RoHS Compliant"; Value = "Yes"; VariantName = "[No Variations]"
Change component parameters (AddParameter): Name = "Series"; Value = "MRS16"; VariantName = "[No Variations]"
Change component parameters (AddParameter): Name = "Technology"; Value = "THIN FILM"; VariantName = "[No Variations]"
Change component parameters (AddParameter): Name = "Temperature Coefficient"; Value = "50ppm/°C"; VariantName = "[No Variations]"
Change component parameters (AddParameter): Name = "Termination"; Value = "Axial"; VariantName = "[No Variations]"
Change component parameters (AddParameter): Name = "Tolerance"; Value = "1%"; VariantName = "[No Variations]"
Change component parameters: Designator = "R3" ("R3"); Footprint = "FP-MRS1600-MFG"; UniqueID = "\TCNUMYHN" ("\TCNUMYHN")
Change component parameters (AddParameter): Name = "Case/Package"; Value = "Conformal"; VariantName = "[No Variations]"
Change component parameters (AddParameter): Name = "Construction"; Value = "Cylindrical"; VariantName = "[No Variations]"
Change component parameters (AddParameter): Name = "Contact Plating"; Value = "Tin"; VariantName = "[No Variations]"
Change component parameters (AddParameter): Name = "Diameter"; Value = "1.6mm"; VariantName = "[No Variations]"
Change component parameters (AddParameter): Name = "Length"; Value = "3.6mm"; VariantName = "[No Variations]"
Change component parameters (AddParameter): Name = "Max Operating Temperature"; Value = "155°C"; VariantName = "[No Variations]"
Change component parameters (AddParameter): Name = "Max Power Dissipation"; Value = "400mW"; VariantName = "[No Variations]"
Change component parameters (AddParameter): Name = "Military Standard"; Value = "Not"; VariantName = "[No Variations]"
Change component parameters (AddParameter): Name = "Min Operating Temperature"; Value = "-55°C"; VariantName = "[No Variations]"
Change component parameters (AddParameter): Name = "Mount"; Value = "Through Hole"; VariantName = "[No Variations]"
Change component parameters (AddParameter): Name = "Number of Terminations"; Value = "2"; VariantName = "[No Variations]"
Change component parameters (AddParameter): Name = "Packaging"; Value = "Tape and Reel"; VariantName = "[No Variations]"
Change component parameters (AddParameter): Name = "Power Rating"; Value = "400mW"; VariantName = "[No Variations]"
Change component parameters (AddParameter): Name = "Radiation Hardening"; Value = "No"; VariantName = "[No Variations]"
Change component parameters (AddParameter): Name = "Resistance"; Value = "20kR"; VariantName = "[No Variations]"
Change component parameters (AddParameter): Name = "Resistor Type"; Value = "Metal Film"; VariantName = "[No Variations]"
Change component parameters (AddParameter): Name = "RoHS Compliant"; Value = "Yes"; VariantName = "[No Variations]"
Change component parameters (AddParameter): Name = "Series"; Value = "MRS16"; VariantName = "[No Variations]"
Change component parameters (AddParameter): Name = "Technology"; Value = "THIN FILM"; VariantName = "[No Variations]"
Change component parameters (AddParameter): Name = "Temperature Coefficient"; Value = "50ppm/°C"; VariantName = "[No Variations]"
Change component parameters (AddParameter): Name = "Termination"; Value = "Axial"; VariantName = "[No Variations]"
Change component parameters (AddParameter): Name = "Tolerance"; Value = "1%"; VariantName = "[No Variations]"
Change component parameters: Designator = "R4" ("R4"); Footprint = "FP-MRS1600-MFG"; UniqueID = "\OKBLXWPU" ("\OKBLXWPU")
Change component parameters (AddParameter): Name = "Case/Package"; Value = "Conformal"; VariantName = "[No Variations]"
Change component parameters (AddParameter): Name = "Construction"; Value = "Cylindrical"; VariantName = "[No Variations]"
Change component parameters (AddParameter): Name = "Contact Plating"; Value = "Tin"; VariantName = "[No Variations]"
Change component parameters (AddParameter): Name = "Diameter"; Value = "1.6mm"; VariantName = "[No Variations]"
Change component parameters (AddParameter): Name = "Length"; Value = "3.6mm"; VariantName = "[No Variations]"
Change component parameters (AddParameter): Name = "Max Operating Temperature"; Value = "155°C"; VariantName = "[No Variations]"
Change component parameters (AddParameter): Name = "Max Power Dissipation"; Value = "400mW"; VariantName = "[No Variations]"
Change component parameters (AddParameter): Name = "Military Standard"; Value = "Not"; VariantName = "[No Variations]"
Change component parameters (AddParameter): Name = "Min Operating Temperature"; Value = "-55°C"; VariantName = "[No Variations]"
Change component parameters (AddParameter): Name = "Mount"; Value = "Through Hole"; VariantName = "[No Variations]"
Change component parameters (AddParameter): Name = "Number of Terminations"; Value = "2"; VariantName = "[No Variations]"
Change component parameters (AddParameter): Name = "Packaging"; Value = "Tape and Reel"; VariantName = "[No Variations]"
Change component parameters (AddParameter): Name = "Power Rating"; Value = "400mW"; VariantName = "[No Variations]"
Change component parameters (AddParameter): Name = "Radiation Hardening"; Value = "No"; VariantName = "[No Variations]"
Change component parameters (AddParameter): Name = "Resistance"; Value = "20kR"; VariantName = "[No Variations]"
Change component parameters (AddParameter): Name = "Resistor Type"; Value = "Metal Film"; VariantName = "[No Variations]"
Change component parameters (AddParameter): Name = "RoHS Compliant"; Value = "Yes"; VariantName = "[No Variations]"
Change component parameters (AddParameter): Name = "Series"; Value = "MRS16"; VariantName = "[No Variations]"
Change component parameters (AddParameter): Name = "Technology"; Value = "THIN FILM"; VariantName = "[No Variations]"
Change component parameters (AddParameter): Name = "Temperature Coefficient"; Value = "50ppm/°C"; VariantName = "[No Variations]"
Change component parameters (AddParameter): Name = "Termination"; Value = "Axial"; VariantName = "[No Variations]"
Change component parameters (AddParameter): Name = "Tolerance"; Value = "1%"; VariantName = "[No Variations]"
Change component parameters: Designator = "R6" ("R6"); Footprint = "FP-MRS1600-MFG"; UniqueID = "\ADANTSPV" ("\ADANTSPV")
Change component parameters (AddParameter): Name = "Case/Package"; Value = "Conformal"; VariantName = "[No Variations]"
Change component parameters (AddParameter): Name = "Construction"; Value = "Cylindrical"; VariantName = "[No Variations]"
Change component parameters (AddParameter): Name = "Contact Plating"; Value = "Tin"; VariantName = "[No Variations]"
Change component parameters (AddParameter): Name = "Diameter"; Value = "1.6mm"; VariantName = "[No Variations]"
Change component parameters (AddParameter): Name = "Length"; Value = "3.6mm"; VariantName = "[No Variations]"
Change component parameters (AddParameter): Name = "Max Operating Temperature"; Value = "155°C"; VariantName = "[No Variations]"
Change component parameters (AddParameter): Name = "Max Power Dissipation"; Value = "400mW"; VariantName = "[No Variations]"
Change component parameters (AddParameter): Name = "Military Standard"; Value = "Not"; VariantName = "[No Variations]"
Change component parameters (AddParameter): Name = "Min Operating Temperature"; Value = "-55°C"; VariantName = "[No Variations]"
Change component parameters (AddParameter): Name = "Mount"; Value = "Through Hole"; VariantName = "[No Variations]"
Change component parameters (AddParameter): Name = "Number of Terminations"; Value = "2"; VariantName = "[No Variations]"
Change component parameters (AddParameter): Name = "Packaging"; Value = "Tape and Reel"; VariantName = "[No Variations]"
Change component parameters (AddParameter): Name = "Power Rating"; Value = "400mW"; VariantName = "[No Variations]"
Change component parameters (AddParameter): Name = "Radiation Hardening"; Value = "No"; VariantName = "[No Variations]"
Change component parameters (AddParameter): Name = "Resistance"; Value = "20kR"; VariantName = "[No Variations]"
Change component parameters (AddParameter): Name = "Resistor Type"; Value = "Metal Film"; VariantName = "[No Variations]"
Change component parameters (AddParameter): Name = "RoHS Compliant"; Value = "Yes"; VariantName = "[No Variations]"
Change component parameters (AddParameter): Name = "Series"; Value = "MRS16"; VariantName = "[No Variations]"
Change component parameters (AddParameter): Name = "Technology"; Value = "THIN FILM"; VariantName = "[No Variations]"
Change component parameters (AddParameter): Name = "Temperature Coefficient"; Value = "50ppm/°C"; VariantName = "[No Variations]"
Change component parameters (AddParameter): Name = "Termination"; Value = "Axial"; VariantName = "[No Variations]"
Change component parameters (AddParameter): Name = "Tolerance"; Value = "1%"; VariantName = "[No Variations]"
Change component parameters: Designator = "R7" ("R7"); Footprint = "FP-MRS1600-MFG"; UniqueID = "\GKYOOXGM" ("\GKYOOXGM")
Change component parameters (AddParameter): Name = "Case/Package"; Value = "Conformal"; VariantName = "[No Variations]"
Change component parameters (AddParameter): Name = "Construction"; Value = "Cylindrical"; VariantName = "[No Variations]"
Change component parameters (AddParameter): Name = "Contact Plating"; Value = "Tin"; VariantName = "[No Variations]"
Change component parameters (AddParameter): Name = "Diameter"; Value = "1.6mm"; VariantName = "[No Variations]"
Change component parameters (AddParameter): Name = "Length"; Value = "3.6mm"; VariantName = "[No Variations]"
Change component parameters (AddParameter): Name = "Max Operating Temperature"; Value = "155°C"; VariantName = "[No Variations]"
Change component parameters (AddParameter): Name = "Max Power Dissipation"; Value = "400mW"; VariantName = "[No Variations]"
Change component parameters (AddParameter): Name = "Military Standard"; Value = "Not"; VariantName = "[No Variations]"
Change component parameters (AddParameter): Name = "Min Operating Temperature"; Value = "-55°C"; VariantName = "[No Variations]"
Change component parameters (AddParameter): Name = "Mount"; Value = "Through Hole"; VariantName = "[No Variations]"
Change component parameters (AddParameter): Name = "Number of Terminations"; Value = "2"; VariantName = "[No Variations]"
Change component parameters (AddParameter): Name = "Packaging"; Value = "Tape and Reel"; VariantName = "[No Variations]"
Change component parameters (AddParameter): Name = "Power Rating"; Value = "400mW"; VariantName = "[No Variations]"
Change component parameters (AddParameter): Name = "Radiation Hardening"; Value = "No"; VariantName = "[No Variations]"
Change component parameters (AddParameter): Name = "Resistance"; Value = "20kR"; VariantName = "[No Variations]"
Change component parameters (AddParameter): Name = "Resistor Type"; Value = "Metal Film"; VariantName = "[No Variations]"
Change component parameters (AddParameter): Name = "RoHS Compliant"; Value = "Yes"; VariantName = "[No Variations]"
Change component parameters (AddParameter): Name = "Series"; Value = "MRS16"; VariantName = "[No Variations]"
Change component parameters (AddParameter): Name = "Technology"; Value = "THIN FILM"; VariantName = "[No Variations]"
Change component parameters (AddParameter): Name = "Temperature Coefficient"; Value = "50ppm/°C"; VariantName = "[No Variations]"
Change component parameters (AddParameter): Name = "Termination"; Value = "Axial"; VariantName = "[No Variations]"
Change component parameters (AddParameter): Name = "Tolerance"; Value = "1%"; VariantName = "[No Variations]"
Change component parameters: Designator = "R8" ("R8"); Footprint = "FP-MRS1600-MFG"; UniqueID = "\DSISRHDB" ("\DSISRHDB")
Change component parameters (AddParameter): Name = "Case/Package"; Value = "Conformal"; VariantName = "[No Variations]"
Change component parameters (AddParameter): Name = "Construction"; Value = "Cylindrical"; VariantName = "[No Variations]"
Change component parameters (AddParameter): Name = "Contact Plating"; Value = "Tin"; VariantName = "[No Variations]"
Change component parameters (AddParameter): Name = "Diameter"; Value = "1.6mm"; VariantName = "[No Variations]"
Change component parameters (AddParameter): Name = "Length"; Value = "3.6mm"; VariantName = "[No Variations]"
Change component parameters (AddParameter): Name = "Max Operating Temperature"; Value = "155°C"; VariantName = "[No Variations]"
Change component parameters (AddParameter): Name = "Max Power Dissipation"; Value = "400mW"; VariantName = "[No Variations]"
Change component parameters (AddParameter): Name = "Military Standard"; Value = "Not"; VariantName = "[No Variations]"
Change component parameters (AddParameter): Name = "Min Operating Temperature"; Value = "-55°C"; VariantName = "[No Variations]"
Change component parameters (AddParameter): Name = "Mount"; Value = "Through Hole"; VariantName = "[No Variations]"
Change component parameters (AddParameter): Name = "Number of Terminations"; Value = "2"; VariantName = "[No Variations]"
Change component parameters (AddParameter): Name = "Packaging"; Value = "Tape and Reel"; VariantName = "[No Variations]"
Change component parameters (AddParameter): Name = "Power Rating"; Value = "400mW"; VariantName = "[No Variations]"
Change component parameters (AddParameter): Name = "Radiation Hardening"; Value = "No"; VariantName = "[No Variations]"
Change component parameters (AddParameter): Name = "Resistance"; Value = "20kR"; VariantName = "[No Variations]"
Change component parameters (AddParameter): Name = "Resistor Type"; Value = "Metal Film"; VariantName = "[No Variations]"
Change component parameters (AddParameter): Name = "RoHS Compliant"; Value = "Yes"; VariantName = "[No Variations]"
Change component parameters (AddParameter): Name = "Series"; Value = "MRS16"; VariantName = "[No Variations]"
Change component parameters (AddParameter): Name = "Technology"; Value = "THIN FILM"; VariantName = "[No Variations]"
Change component parameters (AddParameter): Name = "Temperature Coefficient"; Value = "50ppm/°C"; VariantName = "[No Variations]"
Change component parameters (AddParameter): Name = "Termination"; Value = "Axial"; VariantName = "[No Variations]"
Change component parameters (AddParameter): Name = "Tolerance"; Value = "1%"; VariantName = "[No Variations]"
Change component parameters: Designator = "R10" ("R10"); Footprint = "FP-MRS1600-MFG"; UniqueID = "\GMGTOISN" ("\GMGTOISN")
Change component parameters (AddParameter): Name = "Case/Package"; Value = "Conformal"; VariantName = "[No Variations]"
Change component parameters (AddParameter): Name = "Construction"; Value = "Cylindrical"; VariantName = "[No Variations]"
Change component parameters (AddParameter): Name = "Contact Plating"; Value = "Tin"; VariantName = "[No Variations]"
Change component parameters (AddParameter): Name = "Diameter"; Value = "1.6mm"; VariantName = "[No Variations]"
Change component parameters (AddParameter): Name = "Length"; Value = "3.6mm"; VariantName = "[No Variations]"
Change component parameters (AddParameter): Name = "Max Operating Temperature"; Value = "155°C"; VariantName = "[No Variations]"
Change component parameters (AddParameter): Name = "Max Power Dissipation"; Value = "400mW"; VariantName = "[No Variations]"
Change component parameters (AddParameter): Name = "Military Standard"; Value = "Not"; VariantName = "[No Variations]"
Change component parameters (AddParameter): Name = "Min Operating Temperature"; Value = "-55°C"; VariantName = "[No Variations]"
Change component parameters (AddParameter): Name = "Mount"; Value = "Through Hole"; VariantName = "[No Variations]"
Change component parameters (AddParameter): Name = "Number of Terminations"; Value = "2"; VariantName = "[No Variations]"
Change component parameters (AddParameter): Name = "Packaging"; Value = "Tape and Reel"; VariantName = "[No Variations]"
Change component parameters (AddParameter): Name = "Power Rating"; Value = "400mW"; VariantName = "[No Variations]"
Change component parameters (AddParameter): Name = "Radiation Hardening"; Value = "No"; VariantName = "[No Variations]"
Change component parameters (AddParameter): Name = "Resistance"; Value = "20kR"; VariantName = "[No Variations]"
Change component parameters (AddParameter): Name = "Resistor Type"; Value = "Metal Film"; VariantName = "[No Variations]"
Change component parameters (AddParameter): Name = "RoHS Compliant"; Value = "Yes"; VariantName = "[No Variations]"
Change component parameters (AddParameter): Name = "Series"; Value = "MRS16"; VariantName = "[No Variations]"
Change component parameters (AddParameter): Name = "Technology"; Value = "THIN FILM"; VariantName = "[No Variations]"
Change component parameters (AddParameter): Name = "Temperature Coefficient"; Value = "50ppm/°C"; VariantName = "[No Variations]"
Change component parameters (AddParameter): Name = "Termination"; Value = "Axial"; VariantName = "[No Variations]"
Change component parameters (AddParameter): Name = "Tolerance"; Value = "1%"; VariantName = "[No Variations]"
Change component parameters: Designator = "R11" ("R11"); Footprint = "FP-MRS1600-MFG"; UniqueID = "\RBBRBFNT" ("\RBBRBFNT")
Change component parameters (AddParameter): Name = "Case/Package"; Value = "Conformal"; VariantName = "[No Variations]"
Change component parameters (AddParameter): Name = "Construction"; Value = "Cylindrical"; VariantName = "[No Variations]"
Change component parameters (AddParameter): Name = "Contact Plating"; Value = "Tin"; VariantName = "[No Variations]"
Change component parameters (AddParameter): Name = "Diameter"; Value = "1.6mm"; VariantName = "[No Variations]"
Change component parameters (AddParameter): Name = "Length"; Value = "3.6mm"; VariantName = "[No Variations]"
Change component parameters (AddParameter): Name = "Max Operating Temperature"; Value = "155°C"; VariantName = "[No Variations]"
Change component parameters (AddParameter): Name = "Max Power Dissipation"; Value = "400mW"; VariantName = "[No Variations]"
Change component parameters (AddParameter): Name = "Military Standard"; Value = "Not"; VariantName = "[No Variations]"
Change component parameters (AddParameter): Name = "Min Operating Temperature"; Value = "-55°C"; VariantName = "[No Variations]"
Change component parameters (AddParameter): Name = "Mount"; Value = "Through Hole"; VariantName = "[No Variations]"
Change component parameters (AddParameter): Name = "Number of Terminations"; Value = "2"; VariantName = "[No Variations]"
Change component parameters (AddParameter): Name = "Packaging"; Value = "Tape and Reel"; VariantName = "[No Variations]"
Change component parameters (AddParameter): Name = "Power Rating"; Value = "400mW"; VariantName = "[No Variations]"
Change component parameters (AddParameter): Name = "Radiation Hardening"; Value = "No"; VariantName = "[No Variations]"
Change component parameters (AddParameter): Name = "Resistance"; Value = "20kR"; VariantName = "[No Variations]"
Change component parameters (AddParameter): Name = "Resistor Type"; Value = "Metal Film"; VariantName = "[No Variations]"
Change component parameters (AddParameter): Name = "RoHS Compliant"; Value = "Yes"; VariantName = "[No Variations]"
Change component parameters (AddParameter): Name = "Series"; Value = "MRS16"; VariantName = "[No Variations]"
Change component parameters (AddParameter): Name = "Technology"; Value = "THIN FILM"; VariantName = "[No Variations]"
Change component parameters (AddParameter): Name = "Temperature Coefficient"; Value = "50ppm/°C"; VariantName = "[No Variations]"
Change component parameters (AddParameter): Name = "Termination"; Value = "Axial"; VariantName = "[No Variations]"
Change component parameters (AddParameter): Name = "Tolerance"; Value = "1%"; VariantName = "[No Variations]"
Change component parameters: Designator = "R12" ("R12"); Footprint = "FP-MRS1600-MFG"; UniqueID = "\PANTTDJW" ("\PANTTDJW")
Change component parameters (AddParameter): Name = "Case/Package"; Value = "Conformal"; VariantName = "[No Variations]"
Change component parameters (AddParameter): Name = "Construction"; Value = "Cylindrical"; VariantName = "[No Variations]"
Change component parameters (AddParameter): Name = "Contact Plating"; Value = "Tin"; VariantName = "[No Variations]"
Change component parameters (AddParameter): Name = "Diameter"; Value = "1.6mm"; VariantName = "[No Variations]"
Change component parameters (AddParameter): Name = "Length"; Value = "3.6mm"; VariantName = "[No Variations]"
Change component parameters (AddParameter): Name = "Max Operating Temperature"; Value = "155°C"; VariantName = "[No Variations]"
Change component parameters (AddParameter): Name = "Max Power Dissipation"; Value = "400mW"; VariantName = "[No Variations]"
Change component parameters (AddParameter): Name = "Military Standard"; Value = "Not"; VariantName = "[No Variations]"
Change component parameters (AddParameter): Name = "Min Operating Temperature"; Value = "-55°C"; VariantName = "[No Variations]"
Change component parameters (AddParameter): Name = "Mount"; Value = "Through Hole"; VariantName = "[No Variations]"
Change component parameters (AddParameter): Name = "Number of Terminations"; Value = "2"; VariantName = "[No Variations]"
Change component parameters (AddParameter): Name = "Packaging"; Value = "Tape and Reel"; VariantName = "[No Variations]"
Change component parameters (AddParameter): Name = "Power Rating"; Value = "400mW"; VariantName = "[No Variations]"
Change component parameters (AddParameter): Name = "Radiation Hardening"; Value = "No"; VariantName = "[No Variations]"
Change component parameters (AddParameter): Name = "Resistance"; Value = "20kR"; VariantName = "[No Variations]"
Change component parameters (AddParameter): Name = "Resistor Type"; Value = "Metal Film"; VariantName = "[No Variations]"
Change component parameters (AddParameter): Name = "RoHS Compliant"; Value = "Yes"; VariantName = "[No Variations]"
Change component parameters (AddParameter): Name = "Series"; Value = "MRS16"; VariantName = "[No Variations]"
Change component parameters (AddParameter): Name = "Technology"; Value = "THIN FILM"; VariantName = "[No Variations]"
Change component parameters (AddParameter): Name = "Temperature Coefficient"; Value = "50ppm/°C"; VariantName = "[No Variations]"
Change component parameters (AddParameter): Name = "Termination"; Value = "Axial"; VariantName = "[No Variations]"
Change component parameters (AddParameter): Name = "Tolerance"; Value = "1%"; VariantName = "[No Variations]"
Change component parameters: Designator = "R14" ("R14"); Footprint = "FP-MRS1600-MFG"; UniqueID = "\DOSZNOJD" ("\DOSZNOJD")
Change component parameters (AddParameter): Name = "Case/Package"; Value = "Conformal"; VariantName = "[No Variations]"
Change component parameters (AddParameter): Name = "Construction"; Value = "Cylindrical"; VariantName = "[No Variations]"
Change component parameters (AddParameter): Name = "Contact Plating"; Value = "Tin"; VariantName = "[No Variations]"
Change component parameters (AddParameter): Name = "Diameter"; Value = "1.6mm"; VariantName = "[No Variations]"
Change component parameters (AddParameter): Name = "Length"; Value = "3.6mm"; VariantName = "[No Variations]"
Change component parameters (AddParameter): Name = "Max Operating Temperature"; Value = "155°C"; VariantName = "[No Variations]"
Change component parameters (AddParameter): Name = "Max Power Dissipation"; Value = "400mW"; VariantName = "[No Variations]"
Change component parameters (AddParameter): Name = "Military Standard"; Value = "Not"; VariantName = "[No Variations]"
Change component parameters (AddParameter): Name = "Min Operating Temperature"; Value = "-55°C"; VariantName = "[No Variations]"
Change component parameters (AddParameter): Name = "Mount"; Value = "Through Hole"; VariantName = "[No Variations]"
Change component parameters (AddParameter): Name = "Number of Terminations"; Value = "2"; VariantName = "[No Variations]"
Change component parameters (AddParameter): Name = "Packaging"; Value = "Tape and Reel"; VariantName = "[No Variations]"
Change component parameters (AddParameter): Name = "Power Rating"; Value = "400mW"; VariantName = "[No Variations]"
Change component parameters (AddParameter): Name = "Radiation Hardening"; Value = "No"; VariantName = "[No Variations]"
Change component parameters (AddParameter): Name = "Resistance"; Value = "20kR"; VariantName = "[No Variations]"
Change component parameters (AddParameter): Name = "Resistor Type"; Value = "Metal Film"; VariantName = "[No Variations]"
Change component parameters (AddParameter): Name = "RoHS Compliant"; Value = "Yes"; VariantName = "[No Variations]"
Change component parameters (AddParameter): Name = "Series"; Value = "MRS16"; VariantName = "[No Variations]"
Change component parameters (AddParameter): Name = "Technology"; Value = "THIN FILM"; VariantName = "[No Variations]"
Change component parameters (AddParameter): Name = "Temperature Coefficient"; Value = "50ppm/°C"; VariantName = "[No Variations]"
Change component parameters (AddParameter): Name = "Termination"; Value = "Axial"; VariantName = "[No Variations]"
Change component parameters (AddParameter): Name = "Tolerance"; Value = "1%"; VariantName = "[No Variations]"
Change component parameters: Designator = "R15" ("R15"); Footprint = "FP-MRS1600-MFG"; UniqueID = "\BINPHKXY" ("\BINPHKXY")
Change component parameters (AddParameter): Name = "Case/Package"; Value = "Conformal"; VariantName = "[No Variations]"
Change component parameters (AddParameter): Name = "Construction"; Value = "Cylindrical"; VariantName = "[No Variations]"
Change component parameters (AddParameter): Name = "Contact Plating"; Value = "Tin"; VariantName = "[No Variations]"
Change component parameters (AddParameter): Name = "Diameter"; Value = "1.6mm"; VariantName = "[No Variations]"
Change component parameters (AddParameter): Name = "Length"; Value = "3.6mm"; VariantName = "[No Variations]"
Change component parameters (AddParameter): Name = "Max Operating Temperature"; Value = "155°C"; VariantName = "[No Variations]"
Change component parameters (AddParameter): Name = "Max Power Dissipation"; Value = "400mW"; VariantName = "[No Variations]"
Change component parameters (AddParameter): Name = "Military Standard"; Value = "Not"; VariantName = "[No Variations]"
Change component parameters (AddParameter): Name = "Min Operating Temperature"; Value = "-55°C"; VariantName = "[No Variations]"
Change component parameters (AddParameter): Name = "Mount"; Value = "Through Hole"; VariantName = "[No Variations]"
Change component parameters (AddParameter): Name = "Number of Terminations"; Value = "2"; VariantName = "[No Variations]"
Change component parameters (AddParameter): Name = "Packaging"; Value = "Tape and Reel"; VariantName = "[No Variations]"
Change component parameters (AddParameter): Name = "Power Rating"; Value = "400mW"; VariantName = "[No Variations]"
Change component parameters (AddParameter): Name = "Radiation Hardening"; Value = "No"; VariantName = "[No Variations]"
Change component parameters (AddParameter): Name = "Resistance"; Value = "20kR"; VariantName = "[No Variations]"
Change component parameters (AddParameter): Name = "Resistor Type"; Value = "Metal Film"; VariantName = "[No Variations]"
Change component parameters (AddParameter): Name = "RoHS Compliant"; Value = "Yes"; VariantName = "[No Variations]"
Change component parameters (AddParameter): Name = "Series"; Value = "MRS16"; VariantName = "[No Variations]"
Change component parameters (AddParameter): Name = "Technology"; Value = "THIN FILM"; VariantName = "[No Variations]"
Change component parameters (AddParameter): Name = "Temperature Coefficient"; Value = "50ppm/°C"; VariantName = "[No Variations]"
Change component parameters (AddParameter): Name = "Termination"; Value = "Axial"; VariantName = "[No Variations]"
Change component parameters (AddParameter): Name = "Tolerance"; Value = "1%"; VariantName = "[No Variations]"
Change component parameters: Designator = "R16" ("R16"); Footprint = "FP-MRS1600-MFG"; UniqueID = "\BLEZZPPI" ("\BLEZZPPI")
Change component parameters (AddParameter): Name = "Case/Package"; Value = "Conformal"; VariantName = "[No Variations]"
Change component parameters (AddParameter): Name = "Construction"; Value = "Cylindrical"; VariantName = "[No Variations]"
Change component parameters (AddParameter): Name = "Contact Plating"; Value = "Tin"; VariantName = "[No Variations]"
Change component parameters (AddParameter): Name = "Diameter"; Value = "1.6mm"; VariantName = "[No Variations]"
Change component parameters (AddParameter): Name = "Length"; Value = "3.6mm"; VariantName = "[No Variations]"
Change component parameters (AddParameter): Name = "Max Operating Temperature"; Value = "155°C"; VariantName = "[No Variations]"
Change component parameters (AddParameter): Name = "Max Power Dissipation"; Value = "400mW"; VariantName = "[No Variations]"
Change component parameters (AddParameter): Name = "Military Standard"; Value = "Not"; VariantName = "[No Variations]"
Change component parameters (AddParameter): Name = "Min Operating Temperature"; Value = "-55°C"; VariantName = "[No Variations]"
Change component parameters (AddParameter): Name = "Mount"; Value = "Through Hole"; VariantName = "[No Variations]"
Change component parameters (AddParameter): Name = "Number of Terminations"; Value = "2"; VariantName = "[No Variations]"
Change component parameters (AddParameter): Name = "Packaging"; Value = "Tape and Reel"; VariantName = "[No Variations]"
Change component parameters (AddParameter): Name = "Power Rating"; Value = "400mW"; VariantName = "[No Variations]"
Change component parameters (AddParameter): Name = "Radiation Hardening"; Value = "No"; VariantName = "[No Variations]"
Change component parameters (AddParameter): Name = "Resistance"; Value = "20kR"; VariantName = "[No Variations]"
Change component parameters (AddParameter): Name = "Resistor Type"; Value = "Metal Film"; VariantName = "[No Variations]"
Change component parameters (AddParameter): Name = "RoHS Compliant"; Value = "Yes"; VariantName = "[No Variations]"
Change component parameters (AddParameter): Name = "Series"; Value = "MRS16"; VariantName = "[No Variations]"
Change component parameters (AddParameter): Name = "Technology"; Value = "THIN FILM"; VariantName = "[No Variations]"
Change component parameters (AddParameter): Name = "Temperature Coefficient"; Value = "50ppm/°C"; VariantName = "[No Variations]"
Change component parameters (AddParameter): Name = "Termination"; Value = "Axial"; VariantName = "[No Variations]"
Change component parameters (AddParameter): Name = "Tolerance"; Value = "1%"; VariantName = "[No Variations]"
Change component parameters: Designator = "R18" ("R18"); Footprint = "FP-MRS1600-MFG"; UniqueID = "\EPSAFVYV" ("\EPSAFVYV")
Change component parameters (AddParameter): Name = "Case/Package"; Value = "Conformal"; VariantName = "[No Variations]"
Change component parameters (AddParameter): Name = "Construction"; Value = "Cylindrical"; VariantName = "[No Variations]"
Change component parameters (AddParameter): Name = "Contact Plating"; Value = "Tin"; VariantName = "[No Variations]"
Change component parameters (AddParameter): Name = "Diameter"; Value = "1.6mm"; VariantName = "[No Variations]"
Change component parameters (AddParameter): Name = "Length"; Value = "3.6mm"; VariantName = "[No Variations]"
Change component parameters (AddParameter): Name = "Max Operating Temperature"; Value = "155°C"; VariantName = "[No Variations]"
Change component parameters (AddParameter): Name = "Max Power Dissipation"; Value = "400mW"; VariantName = "[No Variations]"
Change component parameters (AddParameter): Name = "Military Standard"; Value = "Not"; VariantName = "[No Variations]"
Change component parameters (AddParameter): Name = "Min Operating Temperature"; Value = "-55°C"; VariantName = "[No Variations]"
Change component parameters (AddParameter): Name = "Mount"; Value = "Through Hole"; VariantName = "[No Variations]"
Change component parameters (AddParameter): Name = "Number of Terminations"; Value = "2"; VariantName = "[No Variations]"
Change component parameters (AddParameter): Name = "Packaging"; Value = "Tape and Reel"; VariantName = "[No Variations]"
Change component parameters (AddParameter): Name = "Power Rating"; Value = "400mW"; VariantName = "[No Variations]"
Change component parameters (AddParameter): Name = "Radiation Hardening"; Value = "No"; VariantName = "[No Variations]"
Change component parameters (AddParameter): Name = "Resistance"; Value = "20kR"; VariantName = "[No Variations]"
Change component parameters (AddParameter): Name = "Resistor Type"; Value = "Metal Film"; VariantName = "[No Variations]"
Change component parameters (AddParameter): Name = "RoHS Compliant"; Value = "Yes"; VariantName = "[No Variations]"
Change component parameters (AddParameter): Name = "Series"; Value = "MRS16"; VariantName = "[No Variations]"
Change component parameters (AddParameter): Name = "Technology"; Value = "THIN FILM"; VariantName = "[No Variations]"
Change component parameters (AddParameter): Name = "Temperature Coefficient"; Value = "50ppm/°C"; VariantName = "[No Variations]"
Change component parameters (AddParameter): Name = "Termination"; Value = "Axial"; VariantName = "[No Variations]"
Change component parameters (AddParameter): Name = "Tolerance"; Value = "1%"; VariantName = "[No Variations]"
Change component parameters: Designator = "R19" ("R19"); Footprint = "FP-MRS1600-MFG"; UniqueID = "\TUPLIGMF" ("\TUPLIGMF")
Change component parameters (AddParameter): Name = "Case/Package"; Value = "Conformal"; VariantName = "[No Variations]"
Change component parameters (AddParameter): Name = "Construction"; Value = "Cylindrical"; VariantName = "[No Variations]"
Change component parameters (AddParameter): Name = "Contact Plating"; Value = "Tin"; VariantName = "[No Variations]"
Change component parameters (AddParameter): Name = "Diameter"; Value = "1.6mm"; VariantName = "[No Variations]"
Change component parameters (AddParameter): Name = "Length"; Value = "3.6mm"; VariantName = "[No Variations]"
Change component parameters (AddParameter): Name = "Max Operating Temperature"; Value = "155°C"; VariantName = "[No Variations]"
Change component parameters (AddParameter): Name = "Max Power Dissipation"; Value = "400mW"; VariantName = "[No Variations]"
Change component parameters (AddParameter): Name = "Military Standard"; Value = "Not"; VariantName = "[No Variations]"
Change component parameters (AddParameter): Name = "Min Operating Temperature"; Value = "-55°C"; VariantName = "[No Variations]"
Change component parameters (AddParameter): Name = "Mount"; Value = "Through Hole"; VariantName = "[No Variations]"
Change component parameters (AddParameter): Name = "Number of Terminations"; Value = "2"; VariantName = "[No Variations]"
Change component parameters (AddParameter): Name = "Packaging"; Value = "Tape and Reel"; VariantName = "[No Variations]"
Change component parameters (AddParameter): Name = "Power Rating"; Value = "400mW"; VariantName = "[No Variations]"
Change component parameters (AddParameter): Name = "Radiation Hardening"; Value = "No"; VariantName = "[No Variations]"
Change component parameters (AddParameter): Name = "Resistance"; Value = "20kR"; VariantName = "[No Variations]"
Change component parameters (AddParameter): Name = "Resistor Type"; Value = "Metal Film"; VariantName = "[No Variations]"
Change component parameters (AddParameter): Name = "RoHS Compliant"; Value = "Yes"; VariantName = "[No Variations]"
Change component parameters (AddParameter): Name = "Series"; Value = "MRS16"; VariantName = "[No Variations]"
Change component parameters (AddParameter): Name = "Technology"; Value = "THIN FILM"; VariantName = "[No Variations]"
Change component parameters (AddParameter): Name = "Temperature Coefficient"; Value = "50ppm/°C"; VariantName = "[No Variations]"
Change component parameters (AddParameter): Name = "Termination"; Value = "Axial"; VariantName = "[No Variations]"
Change component parameters (AddParameter): Name = "Tolerance"; Value = "1%"; VariantName = "[No Variations]"
Change component parameters: Designator = "R20" ("R20"); Footprint = "FP-MRS1600-MFG"; UniqueID = "\OJNLQKQX" ("\OJNLQKQX")
Change component parameters (AddParameter): Name = "Case/Package"; Value = "Conformal"; VariantName = "[No Variations]"
Change component parameters (AddParameter): Name = "Construction"; Value = "Cylindrical"; VariantName = "[No Variations]"
Change component parameters (AddParameter): Name = "Contact Plating"; Value = "Tin"; VariantName = "[No Variations]"
Change component parameters (AddParameter): Name = "Diameter"; Value = "1.6mm"; VariantName = "[No Variations]"
Change component parameters (AddParameter): Name = "Length"; Value = "3.6mm"; VariantName = "[No Variations]"
Change component parameters (AddParameter): Name = "Max Operating Temperature"; Value = "155°C"; VariantName = "[No Variations]"
Change component parameters (AddParameter): Name = "Max Power Dissipation"; Value = "400mW"; VariantName = "[No Variations]"
Change component parameters (AddParameter): Name = "Military Standard"; Value = "Not"; VariantName = "[No Variations]"
Change component parameters (AddParameter): Name = "Min Operating Temperature"; Value = "-55°C"; VariantName = "[No Variations]"
Change component parameters (AddParameter): Name = "Mount"; Value = "Through Hole"; VariantName = "[No Variations]"
Change component parameters (AddParameter): Name = "Number of Terminations"; Value = "2"; VariantName = "[No Variations]"
Change component parameters (AddParameter): Name = "Packaging"; Value = "Tape and Reel"; VariantName = "[No Variations]"
Change component parameters (AddParameter): Name = "Power Rating"; Value = "400mW"; VariantName = "[No Variations]"
Change component parameters (AddParameter): Name = "Radiation Hardening"; Value = "No"; VariantName = "[No Variations]"
Change component parameters (AddParameter): Name = "Resistance"; Value = "20kR"; VariantName = "[No Variations]"
Change component parameters (AddParameter): Name = "Resistor Type"; Value = "Metal Film"; VariantName = "[No Variations]"
Change component parameters (AddParameter): Name = "RoHS Compliant"; Value = "Yes"; VariantName = "[No Variations]"
Change component parameters (AddParameter): Name = "Series"; Value = "MRS16"; VariantName = "[No Variations]"
Change component parameters (AddParameter): Name = "Technology"; Value = "THIN FILM"; VariantName = "[No Variations]"
Change component parameters (AddParameter): Name = "Temperature Coefficient"; Value = "50ppm/°C"; VariantName = "[No Variations]"
Change component parameters (AddParameter): Name = "Termination"; Value = "Axial"; VariantName = "[No Variations]"
Change component parameters (AddParameter): Name = "Tolerance"; Value = "1%"; VariantName = "[No Variations]"
Change component parameters: Designator = "R22" ("R22"); Footprint = "FP-MRS1600-MFG"; UniqueID = "\ITPUCBNH" ("\ITPUCBNH")
Change component parameters (AddParameter): Name = "Case/Package"; Value = "Conformal"; VariantName = "[No Variations]"
Change component parameters (AddParameter): Name = "Construction"; Value = "Cylindrical"; VariantName = "[No Variations]"
Change component parameters (AddParameter): Name = "Contact Plating"; Value = "Tin"; VariantName = "[No Variations]"
Change component parameters (AddParameter): Name = "Diameter"; Value = "1.6mm"; VariantName = "[No Variations]"
Change component parameters (AddParameter): Name = "Length"; Value = "3.6mm"; VariantName = "[No Variations]"
Change component parameters (AddParameter): Name = "Max Operating Temperature"; Value = "155°C"; VariantName = "[No Variations]"
Change component parameters (AddParameter): Name = "Max Power Dissipation"; Value = "400mW"; VariantName = "[No Variations]"
Change component parameters (AddParameter): Name = "Military Standard"; Value = "Not"; VariantName = "[No Variations]"
Change component parameters (AddParameter): Name = "Min Operating Temperature"; Value = "-55°C"; VariantName = "[No Variations]"
Change component parameters (AddParameter): Name = "Mount"; Value = "Through Hole"; VariantName = "[No Variations]"
Change component parameters (AddParameter): Name = "Number of Terminations"; Value = "2"; VariantName = "[No Variations]"
Change component parameters (AddParameter): Name = "Packaging"; Value = "Tape and Reel"; VariantName = "[No Variations]"
Change component parameters (AddParameter): Name = "Power Rating"; Value = "400mW"; VariantName = "[No Variations]"
Change component parameters (AddParameter): Name = "Radiation Hardening"; Value = "No"; VariantName = "[No Variations]"
Change component parameters (AddParameter): Name = "Resistance"; Value = "20kR"; VariantName = "[No Variations]"
Change component parameters (AddParameter): Name = "Resistor Type"; Value = "Metal Film"; VariantName = "[No Variations]"
Change component parameters (AddParameter): Name = "RoHS Compliant"; Value = "Yes"; VariantName = "[No Variations]"
Change component parameters (AddParameter): Name = "Series"; Value = "MRS16"; VariantName = "[No Variations]"
Change component parameters (AddParameter): Name = "Technology"; Value = "THIN FILM"; VariantName = "[No Variations]"
Change component parameters (AddParameter): Name = "Temperature Coefficient"; Value = "50ppm/°C"; VariantName = "[No Variations]"
Change component parameters (AddParameter): Name = "Termination"; Value = "Axial"; VariantName = "[No Variations]"
Change component parameters (AddParameter): Name = "Tolerance"; Value = "1%"; VariantName = "[No Variations]"
Change component parameters: Designator = "R23" ("R23"); Footprint = "FP-MRS1600-MFG"; UniqueID = "\UMDPAFOA" ("\UMDPAFOA")
Change component parameters (AddParameter): Name = "Case/Package"; Value = "Conformal"; VariantName = "[No Variations]"
Change component parameters (AddParameter): Name = "Construction"; Value = "Cylindrical"; VariantName = "[No Variations]"
Change component parameters (AddParameter): Name = "Contact Plating"; Value = "Tin"; VariantName = "[No Variations]"
Change component parameters (AddParameter): Name = "Diameter"; Value = "1.6mm"; VariantName = "[No Variations]"
Change component parameters (AddParameter): Name = "Length"; Value = "3.6mm"; VariantName = "[No Variations]"
Change component parameters (AddParameter): Name = "Max Operating Temperature"; Value = "155°C"; VariantName = "[No Variations]"
Change component parameters (AddParameter): Name = "Max Power Dissipation"; Value = "400mW"; VariantName = "[No Variations]"
Change component parameters (AddParameter): Name = "Military Standard"; Value = "Not"; VariantName = "[No Variations]"
Change component parameters (AddParameter): Name = "Min Operating Temperature"; Value = "-55°C"; VariantName = "[No Variations]"
Change component parameters (AddParameter): Name = "Mount"; Value = "Through Hole"; VariantName = "[No Variations]"
Change component parameters (AddParameter): Name = "Number of Terminations"; Value = "2"; VariantName = "[No Variations]"
Change component parameters (AddParameter): Name = "Packaging"; Value = "Tape and Reel"; VariantName = "[No Variations]"
Change component parameters (AddParameter): Name = "Power Rating"; Value = "400mW"; VariantName = "[No Variations]"
Change component parameters (AddParameter): Name = "Radiation Hardening"; Value = "No"; VariantName = "[No Variations]"
Change component parameters (AddParameter): Name = "Resistance"; Value = "20kR"; VariantName = "[No Variations]"
Change component parameters (AddParameter): Name = "Resistor Type"; Value = "Metal Film"; VariantName = "[No Variations]"
Change component parameters (AddParameter): Name = "RoHS Compliant"; Value = "Yes"; VariantName = "[No Variations]"
Change component parameters (AddParameter): Name = "Series"; Value = "MRS16"; VariantName = "[No Variations]"
Change component parameters (AddParameter): Name = "Technology"; Value = "THIN FILM"; VariantName = "[No Variations]"
Change component parameters (AddParameter): Name = "Temperature Coefficient"; Value = "50ppm/°C"; VariantName = "[No Variations]"
Change component parameters (AddParameter): Name = "Termination"; Value = "Axial"; VariantName = "[No Variations]"
Change component parameters (AddParameter): Name = "Tolerance"; Value = "1%"; VariantName = "[No Variations]"
Change component parameters: Designator = "R24" ("R24"); Footprint = "FP-MRS1600-MFG"; UniqueID = "\MCHEOXGY" ("\MCHEOXGY")
Change component parameters (AddParameter): Name = "Case/Package"; Value = "Conformal"; VariantName = "[No Variations]"
Change component parameters (AddParameter): Name = "Construction"; Value = "Cylindrical"; VariantName = "[No Variations]"
Change component parameters (AddParameter): Name = "Contact Plating"; Value = "Tin"; VariantName = "[No Variations]"
Change component parameters (AddParameter): Name = "Diameter"; Value = "1.6mm"; VariantName = "[No Variations]"
Change component parameters (AddParameter): Name = "Length"; Value = "3.6mm"; VariantName = "[No Variations]"
Change component parameters (AddParameter): Name = "Max Operating Temperature"; Value = "155°C"; VariantName = "[No Variations]"
Change component parameters (AddParameter): Name = "Max Power Dissipation"; Value = "400mW"; VariantName = "[No Variations]"
Change component parameters (AddParameter): Name = "Military Standard"; Value = "Not"; VariantName = "[No Variations]"
Change component parameters (AddParameter): Name = "Min Operating Temperature"; Value = "-55°C"; VariantName = "[No Variations]"
Change component parameters (AddParameter): Name = "Mount"; Value = "Through Hole"; VariantName = "[No Variations]"
Change component parameters (AddParameter): Name = "Number of Terminations"; Value = "2"; VariantName = "[No Variations]"
Change component parameters (AddParameter): Name = "Packaging"; Value = "Tape and Reel"; VariantName = "[No Variations]"
Change component parameters (AddParameter): Name = "Power Rating"; Value = "400mW"; VariantName = "[No Variations]"
Change component parameters (AddParameter): Name = "Radiation Hardening"; Value = "No"; VariantName = "[No Variations]"
Change component parameters (AddParameter): Name = "Resistance"; Value = "20kR"; VariantName = "[No Variations]"
Change component parameters (AddParameter): Name = "Resistor Type"; Value = "Metal Film"; VariantName = "[No Variations]"
Change component parameters (AddParameter): Name = "RoHS Compliant"; Value = "Yes"; VariantName = "[No Variations]"
Change component parameters (AddParameter): Name = "Series"; Value = "MRS16"; VariantName = "[No Variations]"
Change component parameters (AddParameter): Name = "Technology"; Value = "THIN FILM"; VariantName = "[No Variations]"
Change component parameters (AddParameter): Name = "Temperature Coefficient"; Value = "50ppm/°C"; VariantName = "[No Variations]"
Change component parameters (AddParameter): Name = "Termination"; Value = "Axial"; VariantName = "[No Variations]"
Change component parameters (AddParameter): Name = "Tolerance"; Value = "1%"; VariantName = "[No Variations]"
Change component parameters: Designator = "R26" ("R26"); Footprint = "FP-MRS1600-MFG"; UniqueID = "\XBVMYLNQ" ("\XBVMYLNQ")
Change component parameters (AddParameter): Name = "Case/Package"; Value = "Conformal"; VariantName = "[No Variations]"
Change component parameters (AddParameter): Name = "Construction"; Value = "Cylindrical"; VariantName = "[No Variations]"
Change component parameters (AddParameter): Name = "Contact Plating"; Value = "Tin"; VariantName = "[No Variations]"
Change component parameters (AddParameter): Name = "Diameter"; Value = "1.6mm"; VariantName = "[No Variations]"
Change component parameters (AddParameter): Name = "Length"; Value = "3.6mm"; VariantName = "[No Variations]"
Change component parameters (AddParameter): Name = "Max Operating Temperature"; Value = "155°C"; VariantName = "[No Variations]"
Change component parameters (AddParameter): Name = "Max Power Dissipation"; Value = "400mW"; VariantName = "[No Variations]"
Change component parameters (AddParameter): Name = "Military Standard"; Value = "Not"; VariantName = "[No Variations]"
Change component parameters (AddParameter): Name = "Min Operating Temperature"; Value = "-55°C"; VariantName = "[No Variations]"
Change component parameters (AddParameter): Name = "Mount"; Value = "Through Hole"; VariantName = "[No Variations]"
Change component parameters (AddParameter): Name = "Number of Terminations"; Value = "2"; VariantName = "[No Variations]"
Change component parameters (AddParameter): Name = "Packaging"; Value = "Tape and Reel"; VariantName = "[No Variations]"
Change component parameters (AddParameter): Name = "Power Rating"; Value = "400mW"; VariantName = "[No Variations]"
Change component parameters (AddParameter): Name = "Radiation Hardening"; Value = "No"; VariantName = "[No Variations]"
Change component parameters (AddParameter): Name = "Resistance"; Value = "20kR"; VariantName = "[No Variations]"
Change component parameters (AddParameter): Name = "Resistor Type"; Value = "Metal Film"; VariantName = "[No Variations]"
Change component parameters (AddParameter): Name = "RoHS Compliant"; Value = "Yes"; VariantName = "[No Variations]"
Change component parameters (AddParameter): Name = "Series"; Value = "MRS16"; VariantName = "[No Variations]"
Change component parameters (AddParameter): Name = "Technology"; Value = "THIN FILM"; VariantName = "[No Variations]"
Change component parameters (AddParameter): Name = "Temperature Coefficient"; Value = "50ppm/°C"; VariantName = "[No Variations]"
Change component parameters (AddParameter): Name = "Termination"; Value = "Axial"; VariantName = "[No Variations]"
Change component parameters (AddParameter): Name = "Tolerance"; Value = "1%"; VariantName = "[No Variations]"
Change component parameters: Designator = "R27" ("R27"); Footprint = "FP-MRS1600-MFG"; UniqueID = "\XSECABKV" ("\XSECABKV")
Change component parameters (AddParameter): Name = "Case/Package"; Value = "Conformal"; VariantName = "[No Variations]"
Change component parameters (AddParameter): Name = "Construction"; Value = "Cylindrical"; VariantName = "[No Variations]"
Change component parameters (AddParameter): Name = "Contact Plating"; Value = "Tin"; VariantName = "[No Variations]"
Change component parameters (AddParameter): Name = "Diameter"; Value = "1.6mm"; VariantName = "[No Variations]"
Change component parameters (AddParameter): Name = "Length"; Value = "3.6mm"; VariantName = "[No Variations]"
Change component parameters (AddParameter): Name = "Max Operating Temperature"; Value = "155°C"; VariantName = "[No Variations]"
Change component parameters (AddParameter): Name = "Max Power Dissipation"; Value = "400mW"; VariantName = "[No Variations]"
Change component parameters (AddParameter): Name = "Military Standard"; Value = "Not"; VariantName = "[No Variations]"
Change component parameters (AddParameter): Name = "Min Operating Temperature"; Value = "-55°C"; VariantName = "[No Variations]"
Change component parameters (AddParameter): Name = "Mount"; Value = "Through Hole"; VariantName = "[No Variations]"
Change component parameters (AddParameter): Name = "Number of Terminations"; Value = "2"; VariantName = "[No Variations]"
Change component parameters (AddParameter): Name = "Packaging"; Value = "Tape and Reel"; VariantName = "[No Variations]"
Change component parameters (AddParameter): Name = "Power Rating"; Value = "400mW"; VariantName = "[No Variations]"
Change component parameters (AddParameter): Name = "Radiation Hardening"; Value = "No"; VariantName = "[No Variations]"
Change component parameters (AddParameter): Name = "Resistance"; Value = "20kR"; VariantName = "[No Variations]"
Change component parameters (AddParameter): Name = "Resistor Type"; Value = "Metal Film"; VariantName = "[No Variations]"
Change component parameters (AddParameter): Name = "RoHS Compliant"; Value = "Yes"; VariantName = "[No Variations]"
Change component parameters (AddParameter): Name = "Series"; Value = "MRS16"; VariantName = "[No Variations]"
Change component parameters (AddParameter): Name = "Technology"; Value = "THIN FILM"; VariantName = "[No Variations]"
Change component parameters (AddParameter): Name = "Temperature Coefficient"; Value = "50ppm/°C"; VariantName = "[No Variations]"
Change component parameters (AddParameter): Name = "Termination"; Value = "Axial"; VariantName = "[No Variations]"
Change component parameters (AddParameter): Name = "Tolerance"; Value = "1%"; VariantName = "[No Variations]"
Change component parameters: Designator = "R28" ("R28"); Footprint = "FP-MRS1600-MFG"; UniqueID = "\XXLFNSMA" ("\XXLFNSMA")
Change component parameters (AddParameter): Name = "Case/Package"; Value = "Conformal"; VariantName = "[No Variations]"
Change component parameters (AddParameter): Name = "Construction"; Value = "Cylindrical"; VariantName = "[No Variations]"
Change component parameters (AddParameter): Name = "Contact Plating"; Value = "Tin"; VariantName = "[No Variations]"
Change component parameters (AddParameter): Name = "Diameter"; Value = "1.6mm"; VariantName = "[No Variations]"
Change component parameters (AddParameter): Name = "Length"; Value = "3.6mm"; VariantName = "[No Variations]"
Change component parameters (AddParameter): Name = "Max Operating Temperature"; Value = "155°C"; VariantName = "[No Variations]"
Change component parameters (AddParameter): Name = "Max Power Dissipation"; Value = "400mW"; VariantName = "[No Variations]"
Change component parameters (AddParameter): Name = "Military Standard"; Value = "Not"; VariantName = "[No Variations]"
Change component parameters (AddParameter): Name = "Min Operating Temperature"; Value = "-55°C"; VariantName = "[No Variations]"
Change component parameters (AddParameter): Name = "Mount"; Value = "Through Hole"; VariantName = "[No Variations]"
Change component parameters (AddParameter): Name = "Number of Terminations"; Value = "2"; VariantName = "[No Variations]"
Change component parameters (AddParameter): Name = "Packaging"; Value = "Tape and Reel"; VariantName = "[No Variations]"
Change component parameters (AddParameter): Name = "Power Rating"; Value = "400mW"; VariantName = "[No Variations]"
Change component parameters (AddParameter): Name = "Radiation Hardening"; Value = "No"; VariantName = "[No Variations]"
Change component parameters (AddParameter): Name = "Resistance"; Value = "20kR"; VariantName = "[No Variations]"
Change component parameters (AddParameter): Name = "Resistor Type"; Value = "Metal Film"; VariantName = "[No Variations]"
Change component parameters (AddParameter): Name = "RoHS Compliant"; Value = "Yes"; VariantName = "[No Variations]"
Change component parameters (AddParameter): Name = "Series"; Value = "MRS16"; VariantName = "[No Variations]"
Change component parameters (AddParameter): Name = "Technology"; Value = "THIN FILM"; VariantName = "[No Variations]"
Change component parameters (AddParameter): Name = "Temperature Coefficient"; Value = "50ppm/°C"; VariantName = "[No Variations]"
Change component parameters (AddParameter): Name = "Termination"; Value = "Axial"; VariantName = "[No Variations]"
Change component parameters (AddParameter): Name = "Tolerance"; Value = "1%"; VariantName = "[No Variations]"
Change component parameters: Designator = "R30" ("R30"); Footprint = "FP-MRS1600-MFG"; UniqueID = "\MQGDQROW" ("\MQGDQROW")
Change component parameters (AddParameter): Name = "Case/Package"; Value = "Conformal"; VariantName = "[No Variations]"
Change component parameters (AddParameter): Name = "Construction"; Value = "Cylindrical"; VariantName = "[No Variations]"
Change component parameters (AddParameter): Name = "Contact Plating"; Value = "Tin"; VariantName = "[No Variations]"
Change component parameters (AddParameter): Name = "Diameter"; Value = "1.6mm"; VariantName = "[No Variations]"
Change component parameters (AddParameter): Name = "Length"; Value = "3.6mm"; VariantName = "[No Variations]"
Change component parameters (AddParameter): Name = "Max Operating Temperature"; Value = "155°C"; VariantName = "[No Variations]"
Change component parameters (AddParameter): Name = "Max Power Dissipation"; Value = "400mW"; VariantName = "[No Variations]"
Change component parameters (AddParameter): Name = "Military Standard"; Value = "Not"; VariantName = "[No Variations]"
Change component parameters (AddParameter): Name = "Min Operating Temperature"; Value = "-55°C"; VariantName = "[No Variations]"
Change component parameters (AddParameter): Name = "Mount"; Value = "Through Hole"; VariantName = "[No Variations]"
Change component parameters (AddParameter): Name = "Number of Terminations"; Value = "2"; VariantName = "[No Variations]"
Change component parameters (AddParameter): Name = "Packaging"; Value = "Tape and Reel"; VariantName = "[No Variations]"
Change component parameters (AddParameter): Name = "Power Rating"; Value = "400mW"; VariantName = "[No Variations]"
Change component parameters (AddParameter): Name = "Radiation Hardening"; Value = "No"; VariantName = "[No Variations]"
Change component parameters (AddParameter): Name = "Resistance"; Value = "20kR"; VariantName = "[No Variations]"
Change component parameters (AddParameter): Name = "Resistor Type"; Value = "Metal Film"; VariantName = "[No Variations]"
Change component parameters (AddParameter): Name = "RoHS Compliant"; Value = "Yes"; VariantName = "[No Variations]"
Change component parameters (AddParameter): Name = "Series"; Value = "MRS16"; VariantName = "[No Variations]"
Change component parameters (AddParameter): Name = "Technology"; Value = "THIN FILM"; VariantName = "[No Variations]"
Change component parameters (AddParameter): Name = "Temperature Coefficient"; Value = "50ppm/°C"; VariantName = "[No Variations]"
Change component parameters (AddParameter): Name = "Termination"; Value = "Axial"; VariantName = "[No Variations]"
Change component parameters (AddParameter): Name = "Tolerance"; Value = "1%"; VariantName = "[No Variations]"
Change component parameters: Designator = "R31" ("R31"); Footprint = "FP-MRS1600-MFG"; UniqueID = "\HAEUUREE" ("\HAEUUREE")
Change component parameters (AddParameter): Name = "Case/Package"; Value = "Conformal"; VariantName = "[No Variations]"
Change component parameters (AddParameter): Name = "Construction"; Value = "Cylindrical"; VariantName = "[No Variations]"
Change component parameters (AddParameter): Name = "Contact Plating"; Value = "Tin"; VariantName = "[No Variations]"
Change component parameters (AddParameter): Name = "Diameter"; Value = "1.6mm"; VariantName = "[No Variations]"
Change component parameters (AddParameter): Name = "Length"; Value = "3.6mm"; VariantName = "[No Variations]"
Change component parameters (AddParameter): Name = "Max Operating Temperature"; Value = "155°C"; VariantName = "[No Variations]"
Change component parameters (AddParameter): Name = "Max Power Dissipation"; Value = "400mW"; VariantName = "[No Variations]"
Change component parameters (AddParameter): Name = "Military Standard"; Value = "Not"; VariantName = "[No Variations]"
Change component parameters (AddParameter): Name = "Min Operating Temperature"; Value = "-55°C"; VariantName = "[No Variations]"
Change component parameters (AddParameter): Name = "Mount"; Value = "Through Hole"; VariantName = "[No Variations]"
Change component parameters (AddParameter): Name = "Number of Terminations"; Value = "2"; VariantName = "[No Variations]"
Change component parameters (AddParameter): Name = "Packaging"; Value = "Tape and Reel"; VariantName = "[No Variations]"
Change component parameters (AddParameter): Name = "Power Rating"; Value = "400mW"; VariantName = "[No Variations]"
Change component parameters (AddParameter): Name = "Radiation Hardening"; Value = "No"; VariantName = "[No Variations]"
Change component parameters (AddParameter): Name = "Resistance"; Value = "20kR"; VariantName = "[No Variations]"
Change component parameters (AddParameter): Name = "Resistor Type"; Value = "Metal Film"; VariantName = "[No Variations]"
Change component parameters (AddParameter): Name = "RoHS Compliant"; Value = "Yes"; VariantName = "[No Variations]"
Change component parameters (AddParameter): Name = "Series"; Value = "MRS16"; VariantName = "[No Variations]"
Change component parameters (AddParameter): Name = "Technology"; Value = "THIN FILM"; VariantName = "[No Variations]"
Change component parameters (AddParameter): Name = "Temperature Coefficient"; Value = "50ppm/°C"; VariantName = "[No Variations]"
Change component parameters (AddParameter): Name = "Termination"; Value = "Axial"; VariantName = "[No Variations]"
Change component parameters (AddParameter): Name = "Tolerance"; Value = "1%"; VariantName = "[No Variations]"
Change component parameters: Designator = "R33" ("R33"); Footprint = "FP-MRS1600-MFG"; UniqueID = "\XMBJMYRL" ("\XMBJMYRL")
Change component parameters (AddParameter): Name = "Case/Package"; Value = "Conformal"; VariantName = "[No Variations]"
Change component parameters (AddParameter): Name = "Construction"; Value = "Cylindrical"; VariantName = "[No Variations]"
Change component parameters (AddParameter): Name = "Contact Plating"; Value = "Tin"; VariantName = "[No Variations]"
Change component parameters (AddParameter): Name = "Diameter"; Value = "1.6mm"; VariantName = "[No Variations]"
Change component parameters (AddParameter): Name = "Length"; Value = "3.6mm"; VariantName = "[No Variations]"
Change component parameters (AddParameter): Name = "Max Operating Temperature"; Value = "155°C"; VariantName = "[No Variations]"
Change component parameters (AddParameter): Name = "Max Power Dissipation"; Value = "400mW"; VariantName = "[No Variations]"
Change component parameters (AddParameter): Name = "Military Standard"; Value = "Not"; VariantName = "[No Variations]"
Change component parameters (AddParameter): Name = "Min Operating Temperature"; Value = "-55°C"; VariantName = "[No Variations]"
Change component parameters (AddParameter): Name = "Mount"; Value = "Through Hole"; VariantName = "[No Variations]"
Change component parameters (AddParameter): Name = "Number of Terminations"; Value = "2"; VariantName = "[No Variations]"
Change component parameters (AddParameter): Name = "Packaging"; Value = "Tape and Reel"; VariantName = "[No Variations]"
Change component parameters (AddParameter): Name = "Power Rating"; Value = "400mW"; VariantName = "[No Variations]"
Change component parameters (AddParameter): Name = "Radiation Hardening"; Value = "No"; VariantName = "[No Variations]"
Change component parameters (AddParameter): Name = "Resistance"; Value = "20kR"; VariantName = "[No Variations]"
Change component parameters (AddParameter): Name = "Resistor Type"; Value = "Metal Film"; VariantName = "[No Variations]"
Change component parameters (AddParameter): Name = "RoHS Compliant"; Value = "Yes"; VariantName = "[No Variations]"
Change component parameters (AddParameter): Name = "Series"; Value = "MRS16"; VariantName = "[No Variations]"
Change component parameters (AddParameter): Name = "Technology"; Value = "THIN FILM"; VariantName = "[No Variations]"
Change component parameters (AddParameter): Name = "Temperature Coefficient"; Value = "50ppm/°C"; VariantName = "[No Variations]"
Change component parameters (AddParameter): Name = "Termination"; Value = "Axial"; VariantName = "[No Variations]"
Change component parameters (AddParameter): Name = "Tolerance"; Value = "1%"; VariantName = "[No Variations]"
Change component parameters: Designator = "R35" ("R35"); Footprint = "FP-MRS1600-MFG"; UniqueID = "\JZYGZYKY" ("\JZYGZYKY")
Change component parameters (AddParameter): Name = "Case/Package"; Value = "Conformal"; VariantName = "[No Variations]"
Change component parameters (AddParameter): Name = "Construction"; Value = "Cylindrical"; VariantName = "[No Variations]"
Change component parameters (AddParameter): Name = "Contact Plating"; Value = "Tin"; VariantName = "[No Variations]"
Change component parameters (AddParameter): Name = "Diameter"; Value = "1.6mm"; VariantName = "[No Variations]"
Change component parameters (AddParameter): Name = "Length"; Value = "3.6mm"; VariantName = "[No Variations]"
Change component parameters (AddParameter): Name = "Max Operating Temperature"; Value = "155°C"; VariantName = "[No Variations]"
Change component parameters (AddParameter): Name = "Max Power Dissipation"; Value = "400mW"; VariantName = "[No Variations]"
Change component parameters (AddParameter): Name = "Military Standard"; Value = "Not"; VariantName = "[No Variations]"
Change component parameters (AddParameter): Name = "Min Operating Temperature"; Value = "-55°C"; VariantName = "[No Variations]"
Change component parameters (AddParameter): Name = "Mount"; Value = "Through Hole"; VariantName = "[No Variations]"
Change component parameters (AddParameter): Name = "Number of Terminations"; Value = "2"; VariantName = "[No Variations]"
Change component parameters (AddParameter): Name = "Packaging"; Value = "Tape and Reel"; VariantName = "[No Variations]"
Change component parameters (AddParameter): Name = "Power Rating"; Value = "400mW"; VariantName = "[No Variations]"
Change component parameters (AddParameter): Name = "Radiation Hardening"; Value = "No"; VariantName = "[No Variations]"
Change component parameters (AddParameter): Name = "Resistance"; Value = "20kR"; VariantName = "[No Variations]"
Change component parameters (AddParameter): Name = "Resistor Type"; Value = "Metal Film"; VariantName = "[No Variations]"
Change component parameters (AddParameter): Name = "RoHS Compliant"; Value = "Yes"; VariantName = "[No Variations]"
Change component parameters (AddParameter): Name = "Series"; Value = "MRS16"; VariantName = "[No Variations]"
Change component parameters (AddParameter): Name = "Technology"; Value = "THIN FILM"; VariantName = "[No Variations]"
Change component parameters (AddParameter): Name = "Temperature Coefficient"; Value = "50ppm/°C"; VariantName = "[No Variations]"
Change component parameters (AddParameter): Name = "Termination"; Value = "Axial"; VariantName = "[No Variations]"
Change component parameters (AddParameter): Name = "Tolerance"; Value = "1%"; VariantName = "[No Variations]"
Change component parameters: Designator = "R36" ("R36"); Footprint = "FP-MRS1600-MFG"; UniqueID = "\QPTEMQGW" ("\QPTEMQGW")
Change component parameters (AddParameter): Name = "Case/Package"; Value = "Conformal"; VariantName = "[No Variations]"
Change component parameters (AddParameter): Name = "Construction"; Value = "Cylindrical"; VariantName = "[No Variations]"
Change component parameters (AddParameter): Name = "Contact Plating"; Value = "Tin"; VariantName = "[No Variations]"
Change component parameters (AddParameter): Name = "Diameter"; Value = "1.6mm"; VariantName = "[No Variations]"
Change component parameters (AddParameter): Name = "Length"; Value = "3.6mm"; VariantName = "[No Variations]"
Change component parameters (AddParameter): Name = "Max Operating Temperature"; Value = "155°C"; VariantName = "[No Variations]"
Change component parameters (AddParameter): Name = "Max Power Dissipation"; Value = "400mW"; VariantName = "[No Variations]"
Change component parameters (AddParameter): Name = "Military Standard"; Value = "Not"; VariantName = "[No Variations]"
Change component parameters (AddParameter): Name = "Min Operating Temperature"; Value = "-55°C"; VariantName = "[No Variations]"
Change component parameters (AddParameter): Name = "Mount"; Value = "Through Hole"; VariantName = "[No Variations]"
Change component parameters (AddParameter): Name = "Number of Terminations"; Value = "2"; VariantName = "[No Variations]"
Change component parameters (AddParameter): Name = "Packaging"; Value = "Tape and Reel"; VariantName = "[No Variations]"
Change component parameters (AddParameter): Name = "Power Rating"; Value = "400mW"; VariantName = "[No Variations]"
Change component parameters (AddParameter): Name = "Radiation Hardening"; Value = "No"; VariantName = "[No Variations]"
Change component parameters (AddParameter): Name = "Resistance"; Value = "20kR"; VariantName = "[No Variations]"
Change component parameters (AddParameter): Name = "Resistor Type"; Value = "Metal Film"; VariantName = "[No Variations]"
Change component parameters (AddParameter): Name = "RoHS Compliant"; Value = "Yes"; VariantName = "[No Variations]"
Change component parameters (AddParameter): Name = "Series"; Value = "MRS16"; VariantName = "[No Variations]"
Change component parameters (AddParameter): Name = "Technology"; Value = "THIN FILM"; VariantName = "[No Variations]"
Change component parameters (AddParameter): Name = "Temperature Coefficient"; Value = "50ppm/°C"; VariantName = "[No Variations]"
Change component parameters (AddParameter): Name = "Termination"; Value = "Axial"; VariantName = "[No Variations]"
Change component parameters (AddParameter): Name = "Tolerance"; Value = "1%"; VariantName = "[No Variations]"
Change component parameters: Designator = "R37" ("R37"); Footprint = "FP-MRS1600-MFG"; UniqueID = "\OTXBIELP" ("\OTXBIELP")
Change component parameters (AddParameter): Name = "Case/Package"; Value = "Conformal"; VariantName = "[No Variations]"
Change component parameters (AddParameter): Name = "Construction"; Value = "Cylindrical"; VariantName = "[No Variations]"
Change component parameters (AddParameter): Name = "Contact Plating"; Value = "Tin"; VariantName = "[No Variations]"
Change component parameters (AddParameter): Name = "Diameter"; Value = "1.6mm"; VariantName = "[No Variations]"
Change component parameters (AddParameter): Name = "Length"; Value = "3.6mm"; VariantName = "[No Variations]"
Change component parameters (AddParameter): Name = "Max Operating Temperature"; Value = "155°C"; VariantName = "[No Variations]"
Change component parameters (AddParameter): Name = "Max Power Dissipation"; Value = "400mW"; VariantName = "[No Variations]"
Change component parameters (AddParameter): Name = "Military Standard"; Value = "Not"; VariantName = "[No Variations]"
Change component parameters (AddParameter): Name = "Min Operating Temperature"; Value = "-55°C"; VariantName = "[No Variations]"
Change component parameters (AddParameter): Name = "Mount"; Value = "Through Hole"; VariantName = "[No Variations]"
Change component parameters (AddParameter): Name = "Number of Terminations"; Value = "2"; VariantName = "[No Variations]"
Change component parameters (AddParameter): Name = "Packaging"; Value = "Tape and Reel"; VariantName = "[No Variations]"
Change component parameters (AddParameter): Name = "Power Rating"; Value = "400mW"; VariantName = "[No Variations]"
Change component parameters (AddParameter): Name = "Radiation Hardening"; Value = "No"; VariantName = "[No Variations]"
Change component parameters (AddParameter): Name = "Resistance"; Value = "20kR"; VariantName = "[No Variations]"
Change component parameters (AddParameter): Name = "Resistor Type"; Value = "Metal Film"; VariantName = "[No Variations]"
Change component parameters (AddParameter): Name = "RoHS Compliant"; Value = "Yes"; VariantName = "[No Variations]"
Change component parameters (AddParameter): Name = "Series"; Value = "MRS16"; VariantName = "[No Variations]"
Change component parameters (AddParameter): Name = "Technology"; Value = "THIN FILM"; VariantName = "[No Variations]"
Change component parameters (AddParameter): Name = "Temperature Coefficient"; Value = "50ppm/°C"; VariantName = "[No Variations]"
Change component parameters (AddParameter): Name = "Termination"; Value = "Axial"; VariantName = "[No Variations]"
Change component parameters (AddParameter): Name = "Tolerance"; Value = "1%"; VariantName = "[No Variations]"
Change component parameters: Designator = "R39" ("R39"); Footprint = "FP-MRS1600-MFG"; UniqueID = "\KVHDFNPB" ("\KVHDFNPB")
Change component parameters (AddParameter): Name = "Case/Package"; Value = "Conformal"; VariantName = "[No Variations]"
Change component parameters (AddParameter): Name = "Construction"; Value = "Cylindrical"; VariantName = "[No Variations]"
Change component parameters (AddParameter): Name = "Contact Plating"; Value = "Tin"; VariantName = "[No Variations]"
Change component parameters (AddParameter): Name = "Diameter"; Value = "1.6mm"; VariantName = "[No Variations]"
Change component parameters (AddParameter): Name = "Length"; Value = "3.6mm"; VariantName = "[No Variations]"
Change component parameters (AddParameter): Name = "Max Operating Temperature"; Value = "155°C"; VariantName = "[No Variations]"
Change component parameters (AddParameter): Name = "Max Power Dissipation"; Value = "400mW"; VariantName = "[No Variations]"
Change component parameters (AddParameter): Name = "Military Standard"; Value = "Not"; VariantName = "[No Variations]"
Change component parameters (AddParameter): Name = "Min Operating Temperature"; Value = "-55°C"; VariantName = "[No Variations]"
Change component parameters (AddParameter): Name = "Mount"; Value = "Through Hole"; VariantName = "[No Variations]"
Change component parameters (AddParameter): Name = "Number of Terminations"; Value = "2"; VariantName = "[No Variations]"
Change component parameters (AddParameter): Name = "Packaging"; Value = "Tape and Reel"; VariantName = "[No Variations]"
Change component parameters (AddParameter): Name = "Power Rating"; Value = "400mW"; VariantName = "[No Variations]"
Change component parameters (AddParameter): Name = "Radiation Hardening"; Value = "No"; VariantName = "[No Variations]"
Change component parameters (AddParameter): Name = "Resistance"; Value = "20kR"; VariantName = "[No Variations]"
Change component parameters (AddParameter): Name = "Resistor Type"; Value = "Metal Film"; VariantName = "[No Variations]"
Change component parameters (AddParameter): Name = "RoHS Compliant"; Value = "Yes"; VariantName = "[No Variations]"
Change component parameters (AddParameter): Name = "Series"; Value = "MRS16"; VariantName = "[No Variations]"
Change component parameters (AddParameter): Name = "Technology"; Value = "THIN FILM"; VariantName = "[No Variations]"
Change component parameters (AddParameter): Name = "Temperature Coefficient"; Value = "50ppm/°C"; VariantName = "[No Variations]"
Change component parameters (AddParameter): Name = "Termination"; Value = "Axial"; VariantName = "[No Variations]"
Change component parameters (AddParameter): Name = "Tolerance"; Value = "1%"; VariantName = "[No Variations]"
Change component parameters: Designator = "R40" ("R40"); Footprint = "FP-MRS1600-MFG"; UniqueID = "\WLWUVAGH" ("\WLWUVAGH")
Change component parameters (AddParameter): Name = "Case/Package"; Value = "Conformal"; VariantName = "[No Variations]"
Change component parameters (AddParameter): Name = "Construction"; Value = "Cylindrical"; VariantName = "[No Variations]"
Change component parameters (AddParameter): Name = "Contact Plating"; Value = "Tin"; VariantName = "[No Variations]"
Change component parameters (AddParameter): Name = "Diameter"; Value = "1.6mm"; VariantName = "[No Variations]"
Change component parameters (AddParameter): Name = "Length"; Value = "3.6mm"; VariantName = "[No Variations]"
Change component parameters (AddParameter): Name = "Max Operating Temperature"; Value = "155°C"; VariantName = "[No Variations]"
Change component parameters (AddParameter): Name = "Max Power Dissipation"; Value = "400mW"; VariantName = "[No Variations]"
Change component parameters (AddParameter): Name = "Military Standard"; Value = "Not"; VariantName = "[No Variations]"
Change component parameters (AddParameter): Name = "Min Operating Temperature"; Value = "-55°C"; VariantName = "[No Variations]"
Change component parameters (AddParameter): Name = "Mount"; Value = "Through Hole"; VariantName = "[No Variations]"
Change component parameters (AddParameter): Name = "Number of Terminations"; Value = "2"; VariantName = "[No Variations]"
Change component parameters (AddParameter): Name = "Packaging"; Value = "Tape and Reel"; VariantName = "[No Variations]"
Change component parameters (AddParameter): Name = "Power Rating"; Value = "400mW"; VariantName = "[No Variations]"
Change component parameters (AddParameter): Name = "Radiation Hardening"; Value = "No"; VariantName = "[No Variations]"
Change component parameters (AddParameter): Name = "Resistance"; Value = "20kR"; VariantName = "[No Variations]"
Change component parameters (AddParameter): Name = "Resistor Type"; Value = "Metal Film"; VariantName = "[No Variations]"
Change component parameters (AddParameter): Name = "RoHS Compliant"; Value = "Yes"; VariantName = "[No Variations]"
Change component parameters (AddParameter): Name = "Series"; Value = "MRS16"; VariantName = "[No Variations]"
Change component parameters (AddParameter): Name = "Technology"; Value = "THIN FILM"; VariantName = "[No Variations]"
Change component parameters (AddParameter): Name = "Temperature Coefficient"; Value = "50ppm/°C"; VariantName = "[No Variations]"
Change component parameters (AddParameter): Name = "Termination"; Value = "Axial"; VariantName = "[No Variations]"
Change component parameters (AddParameter): Name = "Tolerance"; Value = "1%"; VariantName = "[No Variations]"
Change component parameters: Designator = "R41" ("R41"); Footprint = "FP-MRS1600-MFG"; UniqueID = "\LSFQAXAM" ("\LSFQAXAM")
Change component parameters (AddParameter): Name = "Case/Package"; Value = "Conformal"; VariantName = "[No Variations]"
Change component parameters (AddParameter): Name = "Construction"; Value = "Cylindrical"; VariantName = "[No Variations]"
Change component parameters (AddParameter): Name = "Contact Plating"; Value = "Tin"; VariantName = "[No Variations]"
Change component parameters (AddParameter): Name = "Diameter"; Value = "1.6mm"; VariantName = "[No Variations]"
Change component parameters (AddParameter): Name = "Length"; Value = "3.6mm"; VariantName = "[No Variations]"
Change component parameters (AddParameter): Name = "Max Operating Temperature"; Value = "155°C"; VariantName = "[No Variations]"
Change component parameters (AddParameter): Name = "Max Power Dissipation"; Value = "400mW"; VariantName = "[No Variations]"
Change component parameters (AddParameter): Name = "Military Standard"; Value = "Not"; VariantName = "[No Variations]"
Change component parameters (AddParameter): Name = "Min Operating Temperature"; Value = "-55°C"; VariantName = "[No Variations]"
Change component parameters (AddParameter): Name = "Mount"; Value = "Through Hole"; VariantName = "[No Variations]"
Change component parameters (AddParameter): Name = "Number of Terminations"; Value = "2"; VariantName = "[No Variations]"
Change component parameters (AddParameter): Name = "Packaging"; Value = "Tape and Reel"; VariantName = "[No Variations]"
Change component parameters (AddParameter): Name = "Power Rating"; Value = "400mW"; VariantName = "[No Variations]"
Change component parameters (AddParameter): Name = "Radiation Hardening"; Value = "No"; VariantName = "[No Variations]"
Change component parameters (AddParameter): Name = "Resistance"; Value = "20kR"; VariantName = "[No Variations]"
Change component parameters (AddParameter): Name = "Resistor Type"; Value = "Metal Film"; VariantName = "[No Variations]"
Change component parameters (AddParameter): Name = "RoHS Compliant"; Value = "Yes"; VariantName = "[No Variations]"
Change component parameters (AddParameter): Name = "Series"; Value = "MRS16"; VariantName = "[No Variations]"
Change component parameters (AddParameter): Name = "Technology"; Value = "THIN FILM"; VariantName = "[No Variations]"
Change component parameters (AddParameter): Name = "Temperature Coefficient"; Value = "50ppm/°C"; VariantName = "[No Variations]"
Change component parameters (AddParameter): Name = "Termination"; Value = "Axial"; VariantName = "[No Variations]"
Change component parameters (AddParameter): Name = "Tolerance"; Value = "1%"; VariantName = "[No Variations]"
Change component parameters: Designator = "R42" ("R42"); Footprint = "FP-MRS1600-MFG"; UniqueID = "\PYSEEWLS" ("\PYSEEWLS")
Change component parameters (AddParameter): Name = "Case/Package"; Value = "Conformal"; VariantName = "[No Variations]"
Change component parameters (AddParameter): Name = "Construction"; Value = "Cylindrical"; VariantName = "[No Variations]"
Change component parameters (AddParameter): Name = "Contact Plating"; Value = "Tin"; VariantName = "[No Variations]"
Change component parameters (AddParameter): Name = "Diameter"; Value = "1.6mm"; VariantName = "[No Variations]"
Change component parameters (AddParameter): Name = "Length"; Value = "3.6mm"; VariantName = "[No Variations]"
Change component parameters (AddParameter): Name = "Max Operating Temperature"; Value = "155°C"; VariantName = "[No Variations]"
Change component parameters (AddParameter): Name = "Max Power Dissipation"; Value = "400mW"; VariantName = "[No Variations]"
Change component parameters (AddParameter): Name = "Military Standard"; Value = "Not"; VariantName = "[No Variations]"
Change component parameters (AddParameter): Name = "Min Operating Temperature"; Value = "-55°C"; VariantName = "[No Variations]"
Change component parameters (AddParameter): Name = "Mount"; Value = "Through Hole"; VariantName = "[No Variations]"
Change component parameters (AddParameter): Name = "Number of Terminations"; Value = "2"; VariantName = "[No Variations]"
Change component parameters (AddParameter): Name = "Packaging"; Value = "Tape and Reel"; VariantName = "[No Variations]"
Change component parameters (AddParameter): Name = "Power Rating"; Value = "400mW"; VariantName = "[No Variations]"
Change component parameters (AddParameter): Name = "Radiation Hardening"; Value = "No"; VariantName = "[No Variations]"
Change component parameters (AddParameter): Name = "Resistance"; Value = "20kR"; VariantName = "[No Variations]"
Change component parameters (AddParameter): Name = "Resistor Type"; Value = "Metal Film"; VariantName = "[No Variations]"
Change component parameters (AddParameter): Name = "RoHS Compliant"; Value = "Yes"; VariantName = "[No Variations]"
Change component parameters (AddParameter): Name = "Series"; Value = "MRS16"; VariantName = "[No Variations]"
Change component parameters (AddParameter): Name = "Technology"; Value = "THIN FILM"; VariantName = "[No Variations]"
Change component parameters (AddParameter): Name = "Temperature Coefficient"; Value = "50ppm/°C"; VariantName = "[No Variations]"
Change component parameters (AddParameter): Name = "Termination"; Value = "Axial"; VariantName = "[No Variations]"
Change component parameters (AddParameter): Name = "Tolerance"; Value = "1%"; VariantName = "[No Variations]"
Change component parameters: Designator = "R43" ("R43"); Footprint = "FP-MRS1600-MFG"; UniqueID = "\BWQKPVXZ" ("\BWQKPVXZ")
Change component parameters (AddParameter): Name = "Case/Package"; Value = "Conformal"; VariantName = "[No Variations]"
Change component parameters (AddParameter): Name = "Construction"; Value = "Cylindrical"; VariantName = "[No Variations]"
Change component parameters (AddParameter): Name = "Contact Plating"; Value = "Tin"; VariantName = "[No Variations]"
Change component parameters (AddParameter): Name = "Diameter"; Value = "1.6mm"; VariantName = "[No Variations]"
Change component parameters (AddParameter): Name = "Length"; Value = "3.6mm"; VariantName = "[No Variations]"
Change component parameters (AddParameter): Name = "Max Operating Temperature"; Value = "155°C"; VariantName = "[No Variations]"
Change component parameters (AddParameter): Name = "Max Power Dissipation"; Value = "400mW"; VariantName = "[No Variations]"
Change component parameters (AddParameter): Name = "Military Standard"; Value = "Not"; VariantName = "[No Variations]"
Change component parameters (AddParameter): Name = "Min Operating Temperature"; Value = "-55°C"; VariantName = "[No Variations]"
Change component parameters (AddParameter): Name = "Mount"; Value = "Through Hole"; VariantName = "[No Variations]"
Change component parameters (AddParameter): Name = "Number of Terminations"; Value = "2"; VariantName = "[No Variations]"
Change component parameters (AddParameter): Name = "Packaging"; Value = "Tape and Reel"; VariantName = "[No Variations]"
Change component parameters (AddParameter): Name = "Power Rating"; Value = "400mW"; VariantName = "[No Variations]"
Change component parameters (AddParameter): Name = "Radiation Hardening"; Value = "No"; VariantName = "[No Variations]"
Change component parameters (AddParameter): Name = "Resistance"; Value = "20kR"; VariantName = "[No Variations]"
Change component parameters (AddParameter): Name = "Resistor Type"; Value = "Metal Film"; VariantName = "[No Variations]"
Change component parameters (AddParameter): Name = "RoHS Compliant"; Value = "Yes"; VariantName = "[No Variations]"
Change component parameters (AddParameter): Name = "Series"; Value = "MRS16"; VariantName = "[No Variations]"
Change component parameters (AddParameter): Name = "Technology"; Value = "THIN FILM"; VariantName = "[No Variations]"
Change component parameters (AddParameter): Name = "Temperature Coefficient"; Value = "50ppm/°C"; VariantName = "[No Variations]"
Change component parameters (AddParameter): Name = "Termination"; Value = "Axial"; VariantName = "[No Variations]"
Change component parameters (AddParameter): Name = "Tolerance"; Value = "1%"; VariantName = "[No Variations]"
Change component parameters: Designator = "R45" ("R45"); Footprint = "FP-MRS1600-MFG"; UniqueID = "\FHDYJHMV" ("\FHDYJHMV")
Change component parameters (AddParameter): Name = "Case/Package"; Value = "Conformal"; VariantName = "[No Variations]"
Change component parameters (AddParameter): Name = "Construction"; Value = "Cylindrical"; VariantName = "[No Variations]"
Change component parameters (AddParameter): Name = "Contact Plating"; Value = "Tin"; VariantName = "[No Variations]"
Change component parameters (AddParameter): Name = "Diameter"; Value = "1.6mm"; VariantName = "[No Variations]"
Change component parameters (AddParameter): Name = "Length"; Value = "3.6mm"; VariantName = "[No Variations]"
Change component parameters (AddParameter): Name = "Max Operating Temperature"; Value = "155°C"; VariantName = "[No Variations]"
Change component parameters (AddParameter): Name = "Max Power Dissipation"; Value = "400mW"; VariantName = "[No Variations]"
Change component parameters (AddParameter): Name = "Military Standard"; Value = "Not"; VariantName = "[No Variations]"
Change component parameters (AddParameter): Name = "Min Operating Temperature"; Value = "-55°C"; VariantName = "[No Variations]"
Change component parameters (AddParameter): Name = "Mount"; Value = "Through Hole"; VariantName = "[No Variations]"
Change component parameters (AddParameter): Name = "Number of Terminations"; Value = "2"; VariantName = "[No Variations]"
Change component parameters (AddParameter): Name = "Packaging"; Value = "Tape and Reel"; VariantName = "[No Variations]"
Change component parameters (AddParameter): Name = "Power Rating"; Value = "400mW"; VariantName = "[No Variations]"
Change component parameters (AddParameter): Name = "Radiation Hardening"; Value = "No"; VariantName = "[No Variations]"
Change component parameters (AddParameter): Name = "Resistance"; Value = "20kR"; VariantName = "[No Variations]"
Change component parameters (AddParameter): Name = "Resistor Type"; Value = "Metal Film"; VariantName = "[No Variations]"
Change component parameters (AddParameter): Name = "RoHS Compliant"; Value = "Yes"; VariantName = "[No Variations]"
Change component parameters (AddParameter): Name = "Series"; Value = "MRS16"; VariantName = "[No Variations]"
Change component parameters (AddParameter): Name = "Technology"; Value = "THIN FILM"; VariantName = "[No Variations]"
Change component parameters (AddParameter): Name = "Temperature Coefficient"; Value = "50ppm/°C"; VariantName = "[No Variations]"
Change component parameters (AddParameter): Name = "Termination"; Value = "Axial"; VariantName = "[No Variations]"
Change component parameters (AddParameter): Name = "Tolerance"; Value = "1%"; VariantName = "[No Variations]"
Change component parameters: Designator = "R46" ("R46"); Footprint = "FP-MRS1600-MFG"; UniqueID = "\XNJHYCNH" ("\XNJHYCNH")
Change component parameters (AddParameter): Name = "Case/Package"; Value = "Conformal"; VariantName = "[No Variations]"
Change component parameters (AddParameter): Name = "Construction"; Value = "Cylindrical"; VariantName = "[No Variations]"
Change component parameters (AddParameter): Name = "Contact Plating"; Value = "Tin"; VariantName = "[No Variations]"
Change component parameters (AddParameter): Name = "Diameter"; Value = "1.6mm"; VariantName = "[No Variations]"
Change component parameters (AddParameter): Name = "Length"; Value = "3.6mm"; VariantName = "[No Variations]"
Change component parameters (AddParameter): Name = "Max Operating Temperature"; Value = "155°C"; VariantName = "[No Variations]"
Change component parameters (AddParameter): Name = "Max Power Dissipation"; Value = "400mW"; VariantName = "[No Variations]"
Change component parameters (AddParameter): Name = "Military Standard"; Value = "Not"; VariantName = "[No Variations]"
Change component parameters (AddParameter): Name = "Min Operating Temperature"; Value = "-55°C"; VariantName = "[No Variations]"
Change component parameters (AddParameter): Name = "Mount"; Value = "Through Hole"; VariantName = "[No Variations]"
Change component parameters (AddParameter): Name = "Number of Terminations"; Value = "2"; VariantName = "[No Variations]"
Change component parameters (AddParameter): Name = "Packaging"; Value = "Tape and Reel"; VariantName = "[No Variations]"
Change component parameters (AddParameter): Name = "Power Rating"; Value = "400mW"; VariantName = "[No Variations]"
Change component parameters (AddParameter): Name = "Radiation Hardening"; Value = "No"; VariantName = "[No Variations]"
Change component parameters (AddParameter): Name = "Resistance"; Value = "20kR"; VariantName = "[No Variations]"
Change component parameters (AddParameter): Name = "Resistor Type"; Value = "Metal Film"; VariantName = "[No Variations]"
Change component parameters (AddParameter): Name = "RoHS Compliant"; Value = "Yes"; VariantName = "[No Variations]"
Change component parameters (AddParameter): Name = "Series"; Value = "MRS16"; VariantName = "[No Variations]"
Change component parameters (AddParameter): Name = "Technology"; Value = "THIN FILM"; VariantName = "[No Variations]"
Change component parameters (AddParameter): Name = "Temperature Coefficient"; Value = "50ppm/°C"; VariantName = "[No Variations]"
Change component parameters (AddParameter): Name = "Termination"; Value = "Axial"; VariantName = "[No Variations]"
Change component parameters (AddParameter): Name = "Tolerance"; Value = "1%"; VariantName = "[No Variations]"
Change component parameters: Designator = "R47" ("R47"); Footprint = "FP-MRS1600-MFG"; UniqueID = "\RPXSISIL" ("\RPXSISIL")
Change component parameters (AddParameter): Name = "Case/Package"; Value = "Conformal"; VariantName = "[No Variations]"
Change component parameters (AddParameter): Name = "Construction"; Value = "Cylindrical"; VariantName = "[No Variations]"
Change component parameters (AddParameter): Name = "Contact Plating"; Value = "Tin"; VariantName = "[No Variations]"
Change component parameters (AddParameter): Name = "Diameter"; Value = "1.6mm"; VariantName = "[No Variations]"
Change component parameters (AddParameter): Name = "Length"; Value = "3.6mm"; VariantName = "[No Variations]"
Change component parameters (AddParameter): Name = "Max Operating Temperature"; Value = "155°C"; VariantName = "[No Variations]"
Change component parameters (AddParameter): Name = "Max Power Dissipation"; Value = "400mW"; VariantName = "[No Variations]"
Change component parameters (AddParameter): Name = "Military Standard"; Value = "Not"; VariantName = "[No Variations]"
Change component parameters (AddParameter): Name = "Min Operating Temperature"; Value = "-55°C"; VariantName = "[No Variations]"
Change component parameters (AddParameter): Name = "Mount"; Value = "Through Hole"; VariantName = "[No Variations]"
Change component parameters (AddParameter): Name = "Number of Terminations"; Value = "2"; VariantName = "[No Variations]"
Change component parameters (AddParameter): Name = "Packaging"; Value = "Tape and Reel"; VariantName = "[No Variations]"
Change component parameters (AddParameter): Name = "Power Rating"; Value = "400mW"; VariantName = "[No Variations]"
Change component parameters (AddParameter): Name = "Radiation Hardening"; Value = "No"; VariantName = "[No Variations]"
Change component parameters (AddParameter): Name = "Resistance"; Value = "20kR"; VariantName = "[No Variations]"
Change component parameters (AddParameter): Name = "Resistor Type"; Value = "Metal Film"; VariantName = "[No Variations]"
Change component parameters (AddParameter): Name = "RoHS Compliant"; Value = "Yes"; VariantName = "[No Variations]"
Change component parameters (AddParameter): Name = "Series"; Value = "MRS16"; VariantName = "[No Variations]"
Change component parameters (AddParameter): Name = "Technology"; Value = "THIN FILM"; VariantName = "[No Variations]"
Change component parameters (AddParameter): Name = "Temperature Coefficient"; Value = "50ppm/°C"; VariantName = "[No Variations]"
Change component parameters (AddParameter): Name = "Termination"; Value = "Axial"; VariantName = "[No Variations]"
Change component parameters (AddParameter): Name = "Tolerance"; Value = "1%"; VariantName = "[No Variations]"
Change component parameters: Designator = "R48" ("R48"); Footprint = "FP-MRS1600-MFG"; UniqueID = "\TQDLOOZI" ("\TQDLOOZI")
Change component parameters (AddParameter): Name = "Case/Package"; Value = "Conformal"; VariantName = "[No Variations]"
Change component parameters (AddParameter): Name = "Construction"; Value = "Cylindrical"; VariantName = "[No Variations]"
Change component parameters (AddParameter): Name = "Contact Plating"; Value = "Tin"; VariantName = "[No Variations]"
Change component parameters (AddParameter): Name = "Diameter"; Value = "1.6mm"; VariantName = "[No Variations]"
Change component parameters (AddParameter): Name = "Length"; Value = "3.6mm"; VariantName = "[No Variations]"
Change component parameters (AddParameter): Name = "Max Operating Temperature"; Value = "155°C"; VariantName = "[No Variations]"
Change component parameters (AddParameter): Name = "Max Power Dissipation"; Value = "400mW"; VariantName = "[No Variations]"
Change component parameters (AddParameter): Name = "Military Standard"; Value = "Not"; VariantName = "[No Variations]"
Change component parameters (AddParameter): Name = "Min Operating Temperature"; Value = "-55°C"; VariantName = "[No Variations]"
Change component parameters (AddParameter): Name = "Mount"; Value = "Through Hole"; VariantName = "[No Variations]"
Change component parameters (AddParameter): Name = "Number of Terminations"; Value = "2"; VariantName = "[No Variations]"
Change component parameters (AddParameter): Name = "Packaging"; Value = "Tape and Reel"; VariantName = "[No Variations]"
Change component parameters (AddParameter): Name = "Power Rating"; Value = "400mW"; VariantName = "[No Variations]"
Change component parameters (AddParameter): Name = "Radiation Hardening"; Value = "No"; VariantName = "[No Variations]"
Change component parameters (AddParameter): Name = "Resistance"; Value = "20kR"; VariantName = "[No Variations]"
Change component parameters (AddParameter): Name = "Resistor Type"; Value = "Metal Film"; VariantName = "[No Variations]"
Change component parameters (AddParameter): Name = "RoHS Compliant"; Value = "Yes"; VariantName = "[No Variations]"
Change component parameters (AddParameter): Name = "Series"; Value = "MRS16"; VariantName = "[No Variations]"
Change component parameters (AddParameter): Name = "Technology"; Value = "THIN FILM"; VariantName = "[No Variations]"
Change component parameters (AddParameter): Name = "Temperature Coefficient"; Value = "50ppm/°C"; VariantName = "[No Variations]"
Change component parameters (AddParameter): Name = "Termination"; Value = "Axial"; VariantName = "[No Variations]"
Change component parameters (AddParameter): Name = "Tolerance"; Value = "1%"; VariantName = "[No Variations]"
Change component parameters: Designator = "R49" ("R49"); Footprint = "FP-MRS1600-MFG"; UniqueID = "\ZQBLICZW" ("\ZQBLICZW")
Change component parameters (AddParameter): Name = "Case/Package"; Value = "Conformal"; VariantName = "[No Variations]"
Change component parameters (AddParameter): Name = "Construction"; Value = "Cylindrical"; VariantName = "[No Variations]"
Change component parameters (AddParameter): Name = "Contact Plating"; Value = "Tin"; VariantName = "[No Variations]"
Change component parameters (AddParameter): Name = "Diameter"; Value = "1.6mm"; VariantName = "[No Variations]"
Change component parameters (AddParameter): Name = "Length"; Value = "3.6mm"; VariantName = "[No Variations]"
Change component parameters (AddParameter): Name = "Max Operating Temperature"; Value = "155°C"; VariantName = "[No Variations]"
Change component parameters (AddParameter): Name = "Max Power Dissipation"; Value = "400mW"; VariantName = "[No Variations]"
Change component parameters (AddParameter): Name = "Military Standard"; Value = "Not"; VariantName = "[No Variations]"
Change component parameters (AddParameter): Name = "Min Operating Temperature"; Value = "-55°C"; VariantName = "[No Variations]"
Change component parameters (AddParameter): Name = "Mount"; Value = "Through Hole"; VariantName = "[No Variations]"
Change component parameters (AddParameter): Name = "Number of Terminations"; Value = "2"; VariantName = "[No Variations]"
Change component parameters (AddParameter): Name = "Packaging"; Value = "Tape and Reel"; VariantName = "[No Variations]"
Change component parameters (AddParameter): Name = "Power Rating"; Value = "400mW"; VariantName = "[No Variations]"
Change component parameters (AddParameter): Name = "Radiation Hardening"; Value = "No"; VariantName = "[No Variations]"
Change component parameters (AddParameter): Name = "Resistance"; Value = "20kR"; VariantName = "[No Variations]"
Change component parameters (AddParameter): Name = "Resistor Type"; Value = "Metal Film"; VariantName = "[No Variations]"
Change component parameters (AddParameter): Name = "RoHS Compliant"; Value = "Yes"; VariantName = "[No Variations]"
Change component parameters (AddParameter): Name = "Series"; Value = "MRS16"; VariantName = "[No Variations]"
Change component parameters (AddParameter): Name = "Technology"; Value = "THIN FILM"; VariantName = "[No Variations]"
Change component parameters (AddParameter): Name = "Temperature Coefficient"; Value = "50ppm/°C"; VariantName = "[No Variations]"
Change component parameters (AddParameter): Name = "Termination"; Value = "Axial"; VariantName = "[No Variations]"
Change component parameters (AddParameter): Name = "Tolerance"; Value = "1%"; VariantName = "[No Variations]"
Change component parameters: Designator = "R50" ("R50"); Footprint = "FP-MRS1600-MFG"; UniqueID = "\MREKBCFH" ("\MREKBCFH")
Change component parameters (AddParameter): Name = "Case/Package"; Value = "Conformal"; VariantName = "[No Variations]"
Change component parameters (AddParameter): Name = "Construction"; Value = "Cylindrical"; VariantName = "[No Variations]"
Change component parameters (AddParameter): Name = "Contact Plating"; Value = "Tin"; VariantName = "[No Variations]"
Change component parameters (AddParameter): Name = "Diameter"; Value = "1.6mm"; VariantName = "[No Variations]"
Change component parameters (AddParameter): Name = "Length"; Value = "3.6mm"; VariantName = "[No Variations]"
Change component parameters (AddParameter): Name = "Max Operating Temperature"; Value = "155°C"; VariantName = "[No Variations]"
Change component parameters (AddParameter): Name = "Max Power Dissipation"; Value = "400mW"; VariantName = "[No Variations]"
Change component parameters (AddParameter): Name = "Military Standard"; Value = "Not"; VariantName = "[No Variations]"
Change component parameters (AddParameter): Name = "Min Operating Temperature"; Value = "-55°C"; VariantName = "[No Variations]"
Change component parameters (AddParameter): Name = "Mount"; Value = "Through Hole"; VariantName = "[No Variations]"
Change component parameters (AddParameter): Name = "Number of Terminations"; Value = "2"; VariantName = "[No Variations]"
Change component parameters (AddParameter): Name = "Packaging"; Value = "Tape and Reel"; VariantName = "[No Variations]"
Change component parameters (AddParameter): Name = "Power Rating"; Value = "400mW"; VariantName = "[No Variations]"
Change component parameters (AddParameter): Name = "Radiation Hardening"; Value = "No"; VariantName = "[No Variations]"
Change component parameters (AddParameter): Name = "Resistance"; Value = "20kR"; VariantName = "[No Variations]"
Change component parameters (AddParameter): Name = "Resistor Type"; Value = "Metal Film"; VariantName = "[No Variations]"
Change component parameters (AddParameter): Name = "RoHS Compliant"; Value = "Yes"; VariantName = "[No Variations]"
Change component parameters (AddParameter): Name = "Series"; Value = "MRS16"; VariantName = "[No Variations]"
Change component parameters (AddParameter): Name = "Technology"; Value = "THIN FILM"; VariantName = "[No Variations]"
Change component parameters (AddParameter): Name = "Temperature Coefficient"; Value = "50ppm/°C"; VariantName = "[No Variations]"
Change component parameters (AddParameter): Name = "Termination"; Value = "Axial"; VariantName = "[No Variations]"
Change component parameters (AddParameter): Name = "Tolerance"; Value = "1%"; VariantName = "[No Variations]"
Change component parameters: Designator = "R51" ("R51"); Footprint = "FP-MRS1600-MFG"; UniqueID = "\WTCKIMMD" ("\WTCKIMMD")
Change component parameters (AddParameter): Name = "Case/Package"; Value = "Conformal"; VariantName = "[No Variations]"
Change component parameters (AddParameter): Name = "Construction"; Value = "Cylindrical"; VariantName = "[No Variations]"
Change component parameters (AddParameter): Name = "Contact Plating"; Value = "Tin"; VariantName = "[No Variations]"
Change component parameters (AddParameter): Name = "Diameter"; Value = "1.6mm"; VariantName = "[No Variations]"
Change component parameters (AddParameter): Name = "Length"; Value = "3.6mm"; VariantName = "[No Variations]"
Change component parameters (AddParameter): Name = "Max Operating Temperature"; Value = "155°C"; VariantName = "[No Variations]"
Change component parameters (AddParameter): Name = "Max Power Dissipation"; Value = "400mW"; VariantName = "[No Variations]"
Change component parameters (AddParameter): Name = "Military Standard"; Value = "Not"; VariantName = "[No Variations]"
Change component parameters (AddParameter): Name = "Min Operating Temperature"; Value = "-55°C"; VariantName = "[No Variations]"
Change component parameters (AddParameter): Name = "Mount"; Value = "Through Hole"; VariantName = "[No Variations]"
Change component parameters (AddParameter): Name = "Number of Terminations"; Value = "2"; VariantName = "[No Variations]"
Change component parameters (AddParameter): Name = "Packaging"; Value = "Tape and Reel"; VariantName = "[No Variations]"
Change component parameters (AddParameter): Name = "Power Rating"; Value = "400mW"; VariantName = "[No Variations]"
Change component parameters (AddParameter): Name = "Radiation Hardening"; Value = "No"; VariantName = "[No Variations]"
Change component parameters (AddParameter): Name = "Resistance"; Value = "20kR"; VariantName = "[No Variations]"
Change component parameters (AddParameter): Name = "Resistor Type"; Value = "Metal Film"; VariantName = "[No Variations]"
Change component parameters (AddParameter): Name = "RoHS Compliant"; Value = "Yes"; VariantName = "[No Variations]"
Change component parameters (AddParameter): Name = "Series"; Value = "MRS16"; VariantName = "[No Variations]"
Change component parameters (AddParameter): Name = "Technology"; Value = "THIN FILM"; VariantName = "[No Variations]"
Change component parameters (AddParameter): Name = "Temperature Coefficient"; Value = "50ppm/°C"; VariantName = "[No Variations]"
Change component parameters (AddParameter): Name = "Termination"; Value = "Axial"; VariantName = "[No Variations]"
Change component parameters (AddParameter): Name = "Tolerance"; Value = "1%"; VariantName = "[No Variations]"
Change component parameters: Designator = "R52" ("R52"); Footprint = "FP-MRS1600-MFG"; UniqueID = "\QIRFPVPT" ("\QIRFPVPT")
Change component parameters (AddParameter): Name = "Case/Package"; Value = "Conformal"; VariantName = "[No Variations]"
Change component parameters (AddParameter): Name = "Construction"; Value = "Cylindrical"; VariantName = "[No Variations]"
Change component parameters (AddParameter): Name = "Contact Plating"; Value = "Tin"; VariantName = "[No Variations]"
Change component parameters (AddParameter): Name = "Diameter"; Value = "1.6mm"; VariantName = "[No Variations]"
Change component parameters (AddParameter): Name = "Length"; Value = "3.6mm"; VariantName = "[No Variations]"
Change component parameters (AddParameter): Name = "Max Operating Temperature"; Value = "155°C"; VariantName = "[No Variations]"
Change component parameters (AddParameter): Name = "Max Power Dissipation"; Value = "400mW"; VariantName = "[No Variations]"
Change component parameters (AddParameter): Name = "Military Standard"; Value = "Not"; VariantName = "[No Variations]"
Change component parameters (AddParameter): Name = "Min Operating Temperature"; Value = "-55°C"; VariantName = "[No Variations]"
Change component parameters (AddParameter): Name = "Mount"; Value = "Through Hole"; VariantName = "[No Variations]"
Change component parameters (AddParameter): Name = "Number of Terminations"; Value = "2"; VariantName = "[No Variations]"
Change component parameters (AddParameter): Name = "Packaging"; Value = "Tape and Reel"; VariantName = "[No Variations]"
Change component parameters (AddParameter): Name = "Power Rating"; Value = "400mW"; VariantName = "[No Variations]"
Change component parameters (AddParameter): Name = "Radiation Hardening"; Value = "No"; VariantName = "[No Variations]"
Change component parameters (AddParameter): Name = "Resistance"; Value = "20kR"; VariantName = "[No Variations]"
Change component parameters (AddParameter): Name = "Resistor Type"; Value = "Metal Film"; VariantName = "[No Variations]"
Change component parameters (AddParameter): Name = "RoHS Compliant"; Value = "Yes"; VariantName = "[No Variations]"
Change component parameters (AddParameter): Name = "Series"; Value = "MRS16"; VariantName = "[No Variations]"
Change component parameters (AddParameter): Name = "Technology"; Value = "THIN FILM"; VariantName = "[No Variations]"
Change component parameters (AddParameter): Name = "Temperature Coefficient"; Value = "50ppm/°C"; VariantName = "[No Variations]"
Change component parameters (AddParameter): Name = "Termination"; Value = "Axial"; VariantName = "[No Variations]"
Change component parameters (AddParameter): Name = "Tolerance"; Value = "1%"; VariantName = "[No Variations]"
Change component parameters: Designator = "R53" ("R53"); Footprint = "FP-MRS1600-MFG"; UniqueID = "\UBMXVVDC" ("\UBMXVVDC")
Change component parameters (AddParameter): Name = "Case/Package"; Value = "Conformal"; VariantName = "[No Variations]"
Change component parameters (AddParameter): Name = "Construction"; Value = "Cylindrical"; VariantName = "[No Variations]"
Change component parameters (AddParameter): Name = "Contact Plating"; Value = "Tin"; VariantName = "[No Variations]"
Change component parameters (AddParameter): Name = "Diameter"; Value = "1.6mm"; VariantName = "[No Variations]"
Change component parameters (AddParameter): Name = "Length"; Value = "3.6mm"; VariantName = "[No Variations]"
Change component parameters (AddParameter): Name = "Max Operating Temperature"; Value = "155°C"; VariantName = "[No Variations]"
Change component parameters (AddParameter): Name = "Max Power Dissipation"; Value = "400mW"; VariantName = "[No Variations]"
Change component parameters (AddParameter): Name = "Military Standard"; Value = "Not"; VariantName = "[No Variations]"
Change component parameters (AddParameter): Name = "Min Operating Temperature"; Value = "-55°C"; VariantName = "[No Variations]"
Change component parameters (AddParameter): Name = "Mount"; Value = "Through Hole"; VariantName = "[No Variations]"
Change component parameters (AddParameter): Name = "Number of Terminations"; Value = "2"; VariantName = "[No Variations]"
Change component parameters (AddParameter): Name = "Packaging"; Value = "Tape and Reel"; VariantName = "[No Variations]"
Change component parameters (AddParameter): Name = "Power Rating"; Value = "400mW"; VariantName = "[No Variations]"
Change component parameters (AddParameter): Name = "Radiation Hardening"; Value = "No"; VariantName = "[No Variations]"
Change component parameters (AddParameter): Name = "Resistance"; Value = "20kR"; VariantName = "[No Variations]"
Change component parameters (AddParameter): Name = "Resistor Type"; Value = "Metal Film"; VariantName = "[No Variations]"
Change component parameters (AddParameter): Name = "RoHS Compliant"; Value = "Yes"; VariantName = "[No Variations]"
Change component parameters (AddParameter): Name = "Series"; Value = "MRS16"; VariantName = "[No Variations]"
Change component parameters (AddParameter): Name = "Technology"; Value = "THIN FILM"; VariantName = "[No Variations]"
Change component parameters (AddParameter): Name = "Temperature Coefficient"; Value = "50ppm/°C"; VariantName = "[No Variations]"
Change component parameters (AddParameter): Name = "Termination"; Value = "Axial"; VariantName = "[No Variations]"
Change component parameters (AddParameter): Name = "Tolerance"; Value = "1%"; VariantName = "[No Variations]"
Change component parameters: Designator = "R54" ("R54"); Footprint = "FP-MRS1600-MFG"; UniqueID = "\SYNEBMFF" ("\SYNEBMFF")
Change component parameters (AddParameter): Name = "Case/Package"; Value = "Conformal"; VariantName = "[No Variations]"
Change component parameters (AddParameter): Name = "Construction"; Value = "Cylindrical"; VariantName = "[No Variations]"
Change component parameters (AddParameter): Name = "Contact Plating"; Value = "Tin"; VariantName = "[No Variations]"
Change component parameters (AddParameter): Name = "Diameter"; Value = "1.6mm"; VariantName = "[No Variations]"
Change component parameters (AddParameter): Name = "Length"; Value = "3.6mm"; VariantName = "[No Variations]"
Change component parameters (AddParameter): Name = "Max Operating Temperature"; Value = "155°C"; VariantName = "[No Variations]"
Change component parameters (AddParameter): Name = "Max Power Dissipation"; Value = "400mW"; VariantName = "[No Variations]"
Change component parameters (AddParameter): Name = "Military Standard"; Value = "Not"; VariantName = "[No Variations]"
Change component parameters (AddParameter): Name = "Min Operating Temperature"; Value = "-55°C"; VariantName = "[No Variations]"
Change component parameters (AddParameter): Name = "Mount"; Value = "Through Hole"; VariantName = "[No Variations]"
Change component parameters (AddParameter): Name = "Number of Terminations"; Value = "2"; VariantName = "[No Variations]"
Change component parameters (AddParameter): Name = "Packaging"; Value = "Tape and Reel"; VariantName = "[No Variations]"
Change component parameters (AddParameter): Name = "Power Rating"; Value = "400mW"; VariantName = "[No Variations]"
Change component parameters (AddParameter): Name = "Radiation Hardening"; Value = "No"; VariantName = "[No Variations]"
Change component parameters (AddParameter): Name = "Resistance"; Value = "20kR"; VariantName = "[No Variations]"
Change component parameters (AddParameter): Name = "Resistor Type"; Value = "Metal Film"; VariantName = "[No Variations]"
Change component parameters (AddParameter): Name = "RoHS Compliant"; Value = "Yes"; VariantName = "[No Variations]"
Change component parameters (AddParameter): Name = "Series"; Value = "MRS16"; VariantName = "[No Variations]"
Change component parameters (AddParameter): Name = "Technology"; Value = "THIN FILM"; VariantName = "[No Variations]"
Change component parameters (AddParameter): Name = "Temperature Coefficient"; Value = "50ppm/°C"; VariantName = "[No Variations]"
Change component parameters (AddParameter): Name = "Termination"; Value = "Axial"; VariantName = "[No Variations]"
Change component parameters (AddParameter): Name = "Tolerance"; Value = "1%"; VariantName = "[No Variations]"
Change component parameters: Designator = "R55" ("R55"); Footprint = "FP-MRS1600-MFG"; UniqueID = "\HYZDEQMT" ("\HYZDEQMT")
Change component parameters (AddParameter): Name = "Case/Package"; Value = "Conformal"; VariantName = "[No Variations]"
Change component parameters (AddParameter): Name = "Construction"; Value = "Cylindrical"; VariantName = "[No Variations]"
Change component parameters (AddParameter): Name = "Contact Plating"; Value = "Tin"; VariantName = "[No Variations]"
Change component parameters (AddParameter): Name = "Diameter"; Value = "1.6mm"; VariantName = "[No Variations]"
Change component parameters (AddParameter): Name = "Length"; Value = "3.6mm"; VariantName = "[No Variations]"
Change component parameters (AddParameter): Name = "Max Operating Temperature"; Value = "155°C"; VariantName = "[No Variations]"
Change component parameters (AddParameter): Name = "Max Power Dissipation"; Value = "400mW"; VariantName = "[No Variations]"
Change component parameters (AddParameter): Name = "Military Standard"; Value = "Not"; VariantName = "[No Variations]"
Change component parameters (AddParameter): Name = "Min Operating Temperature"; Value = "-55°C"; VariantName = "[No Variations]"
Change component parameters (AddParameter): Name = "Mount"; Value = "Through Hole"; VariantName = "[No Variations]"
Change component parameters (AddParameter): Name = "Number of Terminations"; Value = "2"; VariantName = "[No Variations]"
Change component parameters (AddParameter): Name = "Packaging"; Value = "Tape and Reel"; VariantName = "[No Variations]"
Change component parameters (AddParameter): Name = "Power Rating"; Value = "400mW"; VariantName = "[No Variations]"
Change component parameters (AddParameter): Name = "Radiation Hardening"; Value = "No"; VariantName = "[No Variations]"
Change component parameters (AddParameter): Name = "Resistance"; Value = "20kR"; VariantName = "[No Variations]"
Change component parameters (AddParameter): Name = "Resistor Type"; Value = "Metal Film"; VariantName = "[No Variations]"
Change component parameters (AddParameter): Name = "RoHS Compliant"; Value = "Yes"; VariantName = "[No Variations]"
Change component parameters (AddParameter): Name = "Series"; Value = "MRS16"; VariantName = "[No Variations]"
Change component parameters (AddParameter): Name = "Technology"; Value = "THIN FILM"; VariantName = "[No Variations]"
Change component parameters (AddParameter): Name = "Temperature Coefficient"; Value = "50ppm/°C"; VariantName = "[No Variations]"
Change component parameters (AddParameter): Name = "Termination"; Value = "Axial"; VariantName = "[No Variations]"
Change component parameters (AddParameter): Name = "Tolerance"; Value = "1%"; VariantName = "[No Variations]"
Change component parameters: Designator = "R56" ("R56"); Footprint = "FP-MRS1600-MFG"; UniqueID = "\JSYDGGEH" ("\JSYDGGEH")
Change component parameters (AddParameter): Name = "Case/Package"; Value = "Conformal"; VariantName = "[No Variations]"
Change component parameters (AddParameter): Name = "Construction"; Value = "Cylindrical"; VariantName = "[No Variations]"
Change component parameters (AddParameter): Name = "Contact Plating"; Value = "Tin"; VariantName = "[No Variations]"
Change component parameters (AddParameter): Name = "Diameter"; Value = "1.6mm"; VariantName = "[No Variations]"
Change component parameters (AddParameter): Name = "Length"; Value = "3.6mm"; VariantName = "[No Variations]"
Change component parameters (AddParameter): Name = "Max Operating Temperature"; Value = "155°C"; VariantName = "[No Variations]"
Change component parameters (AddParameter): Name = "Max Power Dissipation"; Value = "400mW"; VariantName = "[No Variations]"
Change component parameters (AddParameter): Name = "Military Standard"; Value = "Not"; VariantName = "[No Variations]"
Change component parameters (AddParameter): Name = "Min Operating Temperature"; Value = "-55°C"; VariantName = "[No Variations]"
Change component parameters (AddParameter): Name = "Mount"; Value = "Through Hole"; VariantName = "[No Variations]"
Change component parameters (AddParameter): Name = "Number of Terminations"; Value = "2"; VariantName = "[No Variations]"
Change component parameters (AddParameter): Name = "Packaging"; Value = "Tape and Reel"; VariantName = "[No Variations]"
Change component parameters (AddParameter): Name = "Power Rating"; Value = "400mW"; VariantName = "[No Variations]"
Change component parameters (AddParameter): Name = "Radiation Hardening"; Value = "No"; VariantName = "[No Variations]"
Change component parameters (AddParameter): Name = "Resistance"; Value = "20kR"; VariantName = "[No Variations]"
Change component parameters (AddParameter): Name = "Resistor Type"; Value = "Metal Film"; VariantName = "[No Variations]"
Change component parameters (AddParameter): Name = "RoHS Compliant"; Value = "Yes"; VariantName = "[No Variations]"
Change component parameters (AddParameter): Name = "Series"; Value = "MRS16"; VariantName = "[No Variations]"
Change component parameters (AddParameter): Name = "Technology"; Value = "THIN FILM"; VariantName = "[No Variations]"
Change component parameters (AddParameter): Name = "Temperature Coefficient"; Value = "50ppm/°C"; VariantName = "[No Variations]"
Change component parameters (AddParameter): Name = "Termination"; Value = "Axial"; VariantName = "[No Variations]"
Change component parameters (AddParameter): Name = "Tolerance"; Value = "1%"; VariantName = "[No Variations]"
Change component parameters: Designator = "R57" ("R57"); Footprint = "FP-MRS1600-MFG"; UniqueID = "\JGCPJDNI" ("\JGCPJDNI")
Change component parameters (AddParameter): Name = "Case/Package"; Value = "Conformal"; VariantName = "[No Variations]"
Change component parameters (AddParameter): Name = "Construction"; Value = "Cylindrical"; VariantName = "[No Variations]"
Change component parameters (AddParameter): Name = "Contact Plating"; Value = "Tin"; VariantName = "[No Variations]"
Change component parameters (AddParameter): Name = "Diameter"; Value = "1.6mm"; VariantName = "[No Variations]"
Change component parameters (AddParameter): Name = "Length"; Value = "3.6mm"; VariantName = "[No Variations]"
Change component parameters (AddParameter): Name = "Max Operating Temperature"; Value = "155°C"; VariantName = "[No Variations]"
Change component parameters (AddParameter): Name = "Max Power Dissipation"; Value = "400mW"; VariantName = "[No Variations]"
Change component parameters (AddParameter): Name = "Military Standard"; Value = "Not"; VariantName = "[No Variations]"
Change component parameters (AddParameter): Name = "Min Operating Temperature"; Value = "-55°C"; VariantName = "[No Variations]"
Change component parameters (AddParameter): Name = "Mount"; Value = "Through Hole"; VariantName = "[No Variations]"
Change component parameters (AddParameter): Name = "Number of Terminations"; Value = "2"; VariantName = "[No Variations]"
Change component parameters (AddParameter): Name = "Packaging"; Value = "Tape and Reel"; VariantName = "[No Variations]"
Change component parameters (AddParameter): Name = "Power Rating"; Value = "400mW"; VariantName = "[No Variations]"
Change component parameters (AddParameter): Name = "Radiation Hardening"; Value = "No"; VariantName = "[No Variations]"
Change component parameters (AddParameter): Name = "Resistance"; Value = "20kR"; VariantName = "[No Variations]"
Change component parameters (AddParameter): Name = "Resistor Type"; Value = "Metal Film"; VariantName = "[No Variations]"
Change component parameters (AddParameter): Name = "RoHS Compliant"; Value = "Yes"; VariantName = "[No Variations]"
Change component parameters (AddParameter): Name = "Series"; Value = "MRS16"; VariantName = "[No Variations]"
Change component parameters (AddParameter): Name = "Technology"; Value = "THIN FILM"; VariantName = "[No Variations]"
Change component parameters (AddParameter): Name = "Temperature Coefficient"; Value = "50ppm/°C"; VariantName = "[No Variations]"
Change component parameters (AddParameter): Name = "Termination"; Value = "Axial"; VariantName = "[No Variations]"
Change component parameters (AddParameter): Name = "Tolerance"; Value = "1%"; VariantName = "[No Variations]"
Change component parameters: Designator = "R58" ("R58"); Footprint = "FP-MRS1600-MFG"; UniqueID = "\ZVOCVACC" ("\ZVOCVACC")
Change component parameters (AddParameter): Name = "Case/Package"; Value = "Conformal"; VariantName = "[No Variations]"
Change component parameters (AddParameter): Name = "Construction"; Value = "Cylindrical"; VariantName = "[No Variations]"
Change component parameters (AddParameter): Name = "Contact Plating"; Value = "Tin"; VariantName = "[No Variations]"
Change component parameters (AddParameter): Name = "Diameter"; Value = "1.6mm"; VariantName = "[No Variations]"
Change component parameters (AddParameter): Name = "Length"; Value = "3.6mm"; VariantName = "[No Variations]"
Change component parameters (AddParameter): Name = "Max Operating Temperature"; Value = "155°C"; VariantName = "[No Variations]"
Change component parameters (AddParameter): Name = "Max Power Dissipation"; Value = "400mW"; VariantName = "[No Variations]"
Change component parameters (AddParameter): Name = "Military Standard"; Value = "Not"; VariantName = "[No Variations]"
Change component parameters (AddParameter): Name = "Min Operating Temperature"; Value = "-55°C"; VariantName = "[No Variations]"
Change component parameters (AddParameter): Name = "Mount"; Value = "Through Hole"; VariantName = "[No Variations]"
Change component parameters (AddParameter): Name = "Number of Terminations"; Value = "2"; VariantName = "[No Variations]"
Change component parameters (AddParameter): Name = "Packaging"; Value = "Tape and Reel"; VariantName = "[No Variations]"
Change component parameters (AddParameter): Name = "Power Rating"; Value = "400mW"; VariantName = "[No Variations]"
Change component parameters (AddParameter): Name = "Radiation Hardening"; Value = "No"; VariantName = "[No Variations]"
Change component parameters (AddParameter): Name = "Resistance"; Value = "20kR"; VariantName = "[No Variations]"
Change component parameters (AddParameter): Name = "Resistor Type"; Value = "Metal Film"; VariantName = "[No Variations]"
Change component parameters (AddParameter): Name = "RoHS Compliant"; Value = "Yes"; VariantName = "[No Variations]"
Change component parameters (AddParameter): Name = "Series"; Value = "MRS16"; VariantName = "[No Variations]"
Change component parameters (AddParameter): Name = "Technology"; Value = "THIN FILM"; VariantName = "[No Variations]"
Change component parameters (AddParameter): Name = "Temperature Coefficient"; Value = "50ppm/°C"; VariantName = "[No Variations]"
Change component parameters (AddParameter): Name = "Termination"; Value = "Axial"; VariantName = "[No Variations]"
Change component parameters (AddParameter): Name = "Tolerance"; Value = "1%"; VariantName = "[No Variations]"
Change component parameters: Designator = "R59" ("R59"); Footprint = "FP-MRS1600-MFG"; UniqueID = "\ILRSRUWH" ("\ILRSRUWH")
Change component parameters (AddParameter): Name = "Case/Package"; Value = "Conformal"; VariantName = "[No Variations]"
Change component parameters (AddParameter): Name = "Construction"; Value = "Cylindrical"; VariantName = "[No Variations]"
Change component parameters (AddParameter): Name = "Contact Plating"; Value = "Tin"; VariantName = "[No Variations]"
Change component parameters (AddParameter): Name = "Diameter"; Value = "1.6mm"; VariantName = "[No Variations]"
Change component parameters (AddParameter): Name = "Length"; Value = "3.6mm"; VariantName = "[No Variations]"
Change component parameters (AddParameter): Name = "Max Operating Temperature"; Value = "155°C"; VariantName = "[No Variations]"
Change component parameters (AddParameter): Name = "Max Power Dissipation"; Value = "400mW"; VariantName = "[No Variations]"
Change component parameters (AddParameter): Name = "Military Standard"; Value = "Not"; VariantName = "[No Variations]"
Change component parameters (AddParameter): Name = "Min Operating Temperature"; Value = "-55°C"; VariantName = "[No Variations]"
Change component parameters (AddParameter): Name = "Mount"; Value = "Through Hole"; VariantName = "[No Variations]"
Change component parameters (AddParameter): Name = "Number of Terminations"; Value = "2"; VariantName = "[No Variations]"
Change component parameters (AddParameter): Name = "Packaging"; Value = "Tape and Reel"; VariantName = "[No Variations]"
Change component parameters (AddParameter): Name = "Power Rating"; Value = "400mW"; VariantName = "[No Variations]"
Change component parameters (AddParameter): Name = "Radiation Hardening"; Value = "No"; VariantName = "[No Variations]"
Change component parameters (AddParameter): Name = "Resistance"; Value = "20kR"; VariantName = "[No Variations]"
Change component parameters (AddParameter): Name = "Resistor Type"; Value = "Metal Film"; VariantName = "[No Variations]"
Change component parameters (AddParameter): Name = "RoHS Compliant"; Value = "Yes"; VariantName = "[No Variations]"
Change component parameters (AddParameter): Name = "Series"; Value = "MRS16"; VariantName = "[No Variations]"
Change component parameters (AddParameter): Name = "Technology"; Value = "THIN FILM"; VariantName = "[No Variations]"
Change component parameters (AddParameter): Name = "Temperature Coefficient"; Value = "50ppm/°C"; VariantName = "[No Variations]"
Change component parameters (AddParameter): Name = "Termination"; Value = "Axial"; VariantName = "[No Variations]"
Change component parameters (AddParameter): Name = "Tolerance"; Value = "1%"; VariantName = "[No Variations]"
Change component parameters: Designator = "R60" ("R60"); Footprint = "FP-MRS1600-MFG"; UniqueID = "\ZTEWNOIF" ("\ZTEWNOIF")
Change component parameters (AddParameter): Name = "Case/Package"; Value = "Conformal"; VariantName = "[No Variations]"
Change component parameters (AddParameter): Name = "Construction"; Value = "Cylindrical"; VariantName = "[No Variations]"
Change component parameters (AddParameter): Name = "Contact Plating"; Value = "Tin"; VariantName = "[No Variations]"
Change component parameters (AddParameter): Name = "Diameter"; Value = "1.6mm"; VariantName = "[No Variations]"
Change component parameters (AddParameter): Name = "Length"; Value = "3.6mm"; VariantName = "[No Variations]"
Change component parameters (AddParameter): Name = "Max Operating Temperature"; Value = "155°C"; VariantName = "[No Variations]"
Change component parameters (AddParameter): Name = "Max Power Dissipation"; Value = "400mW"; VariantName = "[No Variations]"
Change component parameters (AddParameter): Name = "Military Standard"; Value = "Not"; VariantName = "[No Variations]"
Change component parameters (AddParameter): Name = "Min Operating Temperature"; Value = "-55°C"; VariantName = "[No Variations]"
Change component parameters (AddParameter): Name = "Mount"; Value = "Through Hole"; VariantName = "[No Variations]"
Change component parameters (AddParameter): Name = "Number of Terminations"; Value = "2"; VariantName = "[No Variations]"
Change component parameters (AddParameter): Name = "Packaging"; Value = "Tape and Reel"; VariantName = "[No Variations]"
Change component parameters (AddParameter): Name = "Power Rating"; Value = "400mW"; VariantName = "[No Variations]"
Change component parameters (AddParameter): Name = "Radiation Hardening"; Value = "No"; VariantName = "[No Variations]"
Change component parameters (AddParameter): Name = "Resistance"; Value = "20kR"; VariantName = "[No Variations]"
Change component parameters (AddParameter): Name = "Resistor Type"; Value = "Metal Film"; VariantName = "[No Variations]"
Change component parameters (AddParameter): Name = "RoHS Compliant"; Value = "Yes"; VariantName = "[No Variations]"
Change component parameters (AddParameter): Name = "Series"; Value = "MRS16"; VariantName = "[No Variations]"
Change component parameters (AddParameter): Name = "Technology"; Value = "THIN FILM"; VariantName = "[No Variations]"
Change component parameters (AddParameter): Name = "Temperature Coefficient"; Value = "50ppm/°C"; VariantName = "[No Variations]"
Change component parameters (AddParameter): Name = "Termination"; Value = "Axial"; VariantName = "[No Variations]"
Change component parameters (AddParameter): Name = "Tolerance"; Value = "1%"; VariantName = "[No Variations]"
Change component parameters: Designator = "R61" ("R61"); Footprint = "FP-MRS1600-MFG"; UniqueID = "\RNYOAETU" ("\RNYOAETU")
Change component parameters (AddParameter): Name = "Case/Package"; Value = "Conformal"; VariantName = "[No Variations]"
Change component parameters (AddParameter): Name = "Construction"; Value = "Cylindrical"; VariantName = "[No Variations]"
Change component parameters (AddParameter): Name = "Contact Plating"; Value = "Tin"; VariantName = "[No Variations]"
Change component parameters (AddParameter): Name = "Diameter"; Value = "1.6mm"; VariantName = "[No Variations]"
Change component parameters (AddParameter): Name = "Length"; Value = "3.6mm"; VariantName = "[No Variations]"
Change component parameters (AddParameter): Name = "Max Operating Temperature"; Value = "155°C"; VariantName = "[No Variations]"
Change component parameters (AddParameter): Name = "Max Power Dissipation"; Value = "400mW"; VariantName = "[No Variations]"
Change component parameters (AddParameter): Name = "Military Standard"; Value = "Not"; VariantName = "[No Variations]"
Change component parameters (AddParameter): Name = "Min Operating Temperature"; Value = "-55°C"; VariantName = "[No Variations]"
Change component parameters (AddParameter): Name = "Mount"; Value = "Through Hole"; VariantName = "[No Variations]"
Change component parameters (AddParameter): Name = "Number of Terminations"; Value = "2"; VariantName = "[No Variations]"
Change component parameters (AddParameter): Name = "Packaging"; Value = "Tape and Reel"; VariantName = "[No Variations]"
Change component parameters (AddParameter): Name = "Power Rating"; Value = "400mW"; VariantName = "[No Variations]"
Change component parameters (AddParameter): Name = "Radiation Hardening"; Value = "No"; VariantName = "[No Variations]"
Change component parameters (AddParameter): Name = "Resistance"; Value = "20kR"; VariantName = "[No Variations]"
Change component parameters (AddParameter): Name = "Resistor Type"; Value = "Metal Film"; VariantName = "[No Variations]"
Change component parameters (AddParameter): Name = "RoHS Compliant"; Value = "Yes"; VariantName = "[No Variations]"
Change component parameters (AddParameter): Name = "Series"; Value = "MRS16"; VariantName = "[No Variations]"
Change component parameters (AddParameter): Name = "Technology"; Value = "THIN FILM"; VariantName = "[No Variations]"
Change component parameters (AddParameter): Name = "Temperature Coefficient"; Value = "50ppm/°C"; VariantName = "[No Variations]"
Change component parameters (AddParameter): Name = "Termination"; Value = "Axial"; VariantName = "[No Variations]"
Change component parameters (AddParameter): Name = "Tolerance"; Value = "1%"; VariantName = "[No Variations]"
Change component parameters: Designator = "R62" ("R62"); Footprint = "FP-MRS1600-MFG"; UniqueID = "\KWACYIBC" ("\KWACYIBC")
Change component parameters (AddParameter): Name = "Case/Package"; Value = "Conformal"; VariantName = "[No Variations]"
Change component parameters (AddParameter): Name = "Construction"; Value = "Cylindrical"; VariantName = "[No Variations]"
Change component parameters (AddParameter): Name = "Contact Plating"; Value = "Tin"; VariantName = "[No Variations]"
Change component parameters (AddParameter): Name = "Diameter"; Value = "1.6mm"; VariantName = "[No Variations]"
Change component parameters (AddParameter): Name = "Length"; Value = "3.6mm"; VariantName = "[No Variations]"
Change component parameters (AddParameter): Name = "Max Operating Temperature"; Value = "155°C"; VariantName = "[No Variations]"
Change component parameters (AddParameter): Name = "Max Power Dissipation"; Value = "400mW"; VariantName = "[No Variations]"
Change component parameters (AddParameter): Name = "Military Standard"; Value = "Not"; VariantName = "[No Variations]"
Change component parameters (AddParameter): Name = "Min Operating Temperature"; Value = "-55°C"; VariantName = "[No Variations]"
Change component parameters (AddParameter): Name = "Mount"; Value = "Through Hole"; VariantName = "[No Variations]"
Change component parameters (AddParameter): Name = "Number of Terminations"; Value = "2"; VariantName = "[No Variations]"
Change component parameters (AddParameter): Name = "Packaging"; Value = "Tape and Reel"; VariantName = "[No Variations]"
Change component parameters (AddParameter): Name = "Power Rating"; Value = "400mW"; VariantName = "[No Variations]"
Change component parameters (AddParameter): Name = "Radiation Hardening"; Value = "No"; VariantName = "[No Variations]"
Change component parameters (AddParameter): Name = "Resistance"; Value = "20kR"; VariantName = "[No Variations]"
Change component parameters (AddParameter): Name = "Resistor Type"; Value = "Metal Film"; VariantName = "[No Variations]"
Change component parameters (AddParameter): Name = "RoHS Compliant"; Value = "Yes"; VariantName = "[No Variations]"
Change component parameters (AddParameter): Name = "Series"; Value = "MRS16"; VariantName = "[No Variations]"
Change component parameters (AddParameter): Name = "Technology"; Value = "THIN FILM"; VariantName = "[No Variations]"
Change component parameters (AddParameter): Name = "Temperature Coefficient"; Value = "50ppm/°C"; VariantName = "[No Variations]"
Change component parameters (AddParameter): Name = "Termination"; Value = "Axial"; VariantName = "[No Variations]"
Change component parameters (AddParameter): Name = "Tolerance"; Value = "1%"; VariantName = "[No Variations]"
Add Pin To Net: Unknown Pin: Pin chavA-1
Add Pin To Net: Unknown Pin: Pin chavA-com
Add Pin To Net: Unknown Pin: Pin chavB-1
Add Pin To Net: Unknown Pin: Pin chavB-com
Add Pin To Net: Unknown Pin: Pin chavC-1
Add Pin To Net: Unknown Pin: Pin chavC-com
Add Pin To Net: Unknown Pin: Pin chavD-1
Add Pin To Net: Unknown Pin: Pin chavD-com
Add Pin To Net: Unknown Pin: Pin chavE-1
Add Pin To Net: Unknown Pin: Pin chavE-com
Add Pin To Net: Unknown Pin: Pin chavF-1
Add Pin To Net: Unknown Pin: Pin chavF-com
Add Pin To Net: Unknown Pin: Pin chavG-1
Add Pin To Net: Unknown Pin: Pin chavG-com
Add Pin To Net: Unknown Pin: Pin chavH-1
Add Pin To Net: Unknown Pin: Pin chavH-com
Add Pin To Net: Unknown Pin: Pin chavI-1
Add Pin To Net: Unknown Pin: Pin chavI-com
Add Pin To Net: Unknown Pin: Pin chavJ-1
Add Pin To Net: Unknown Pin: Pin chavJ-com
Added Pin To Net: NetName=NetH_LED1_1 Pin=H_LED1-C1
Added Pin To Net: NetName=NetH_LED1_1 Pin=H_LED1-C2
Added Pin To Net: NetName=NetH_LED2_1 Pin=H_LED2-C1
Added Pin To Net: NetName=NetH_LED2_1 Pin=H_LED2-C2
Added Pin To Net: NetName=NetH_LED3_1 Pin=H_LED3-C1
Added Pin To Net: NetName=NetH_LED3_1 Pin=H_LED3-C2
Added Pin To Net: NetName=NetH_LED4_1 Pin=H_LED4-C1
Added Pin To Net: NetName=NetH_LED4_1 Pin=H_LED4-C2
Added Pin To Net: NetName=NetH_LED5_1 Pin=H_LED5-C1
Added Pin To Net: NetName=NetH_LED5_1 Pin=H_LED5-C2
Added Pin To Net: NetName=NetH_LED6_1 Pin=H_LED6-C1
Added Pin To Net: NetName=NetH_LED6_1 Pin=H_LED6-C2
Added Pin To Net: NetName=NetH_LED7_1 Pin=H_LED7-C1
Added Pin To Net: NetName=NetH_LED7_1 Pin=H_LED7-C2
Added Pin To Net: NetName=NetH_LED8_1 Pin=H_LED8-C1
Added Pin To Net: NetName=NetH_LED8_1 Pin=H_LED8-C2
Added Pin To Net: NetName=NetH_LED9_1 Pin=H_LED9-C1
Added Pin To Net: NetName=NetH_LED9_1 Pin=H_LED9-C2
Added Pin To Net: NetName=NetH_LED10_1 Pin=H_LED10-C1
Added Pin To Net: NetName=NetH_LED10_1 Pin=H_LED10-C2
