Removed Member From Class: ClassName=leds Member=lm1
Removed Member From Class: ClassName=leds Member=pot5
Removed Member From Class: ClassName=leds Member=R41
Removed Member From Class: ClassName=leds Member=R42
Removed Member From Class: ClassName=leds Member=R44
Removed Member From Class: ClassName=leds Member=R45
Removed Member From Class: ClassName=probe Member=R56
Change Component Description : Designator=U1 Old Description=.56IN. 7 SEGMENT SINGLE DISPLAY, 565NM GREEN, GRAY FACE, WHITE SEGMENTS, COMMON New Description=.56IN. 7 SEGMENT SINGLE DISPLAY, 565NM GREEN, GRAY FACE, WHITE SEGMENTS, COMMON | Lumex LDS-C512RI
Change Component Description : Designator=C1 Old Description=CAP ALUM 10uF 20% 50V RADIAL New Description=CAP ALUM 100UF 20% 50V RADIAL
Change Component Description : Designator=C4 Old Description=CAP ALUM 10uF 20% 50V RADIAL New Description=CAP ALUM 100UF 20% 50V RADIAL
Change Component Description : Designator=C5 Old Description=CAP ALUM 10uF 20% 50V RADIAL New Description=CAP ALUM 100UF 20% 50V RADIAL
Change Component Description : Designator=C2 Old Description=Cap Ceramic 100nF 50V X7R ±10% Radial 5mm +125°C Automotive Ammo Pack New Description=Cap Ceramic 3.3uF 50V X7R ±10% Radial 5mm +125°C Automotive Ammo Pack
Change Component Description : Designator=C3 Old Description=Cap Ceramic 100nF 50V X7R ±10% Radial 5mm +125°C Automotive Ammo Pack New Description=Cap Ceramic 3.3uF 50V X7R ±10% Radial 5mm +125°C Automotive Ammo Pack
Change Component Description : Designator=C6 Old Description=Cap Ceramic 100nF 50V X7R ±10% Radial 5mm +125°C Automotive Ammo Pack New Description=Cap Ceramic 3.3uF 50V X7R ±10% Radial 5mm +125°C Automotive Ammo Pack
Change Component Description : Designator=R2 Old Description=RES 1K OHM 0.4W 1% AXIAL New Description=RES 20K OHM 0.4W 1% AXIAL
Change Component Description : Designator=R3 Old Description=RES 1K OHM 0.4W 1% AXIAL New Description=RES 20K OHM 0.4W 1% AXIAL
Change Component Description : Designator=R4 Old Description=RES 1K OHM 0.4W 1% AXIAL New Description=RES 20K OHM 0.4W 1% AXIAL
Change Component Description : Designator=R6 Old Description=RES 1K OHM 0.4W 1% AXIAL New Description=RES 20K OHM 0.4W 1% AXIAL
Change Component Description : Designator=R8 Old Description=RES 1K OHM 0.4W 1% AXIAL New Description=RES 20K OHM 0.4W 1% AXIAL
Change Component Description : Designator=R10 Old Description=RES 1K OHM 0.4W 1% AXIAL New Description=RES 20K OHM 0.4W 1% AXIAL
Change Component Description : Designator=R12 Old Description=RES 1K OHM 0.4W 1% AXIAL New Description=RES 20K OHM 0.4W 1% AXIAL
Change Component Description : Designator=R14 Old Description=RES 1K OHM 0.4W 1% AXIAL New Description=RES 20K OHM 0.4W 1% AXIAL
Change Component Description : Designator=R16 Old Description=RES 1K OHM 0.4W 1% AXIAL New Description=RES 20K OHM 0.4W 1% AXIAL
Change Component Description : Designator=R18 Old Description=RES 1K OHM 0.4W 1% AXIAL New Description=RES 20K OHM 0.4W 1% AXIAL
Change Component Description : Designator=R20 Old Description=RES 1K OHM 0.4W 1% AXIAL New Description=RES 20K OHM 0.4W 1% AXIAL
Change Component Description : Designator=R22 Old Description=RES 1K OHM 0.4W 1% AXIAL New Description=RES 20K OHM 0.4W 1% AXIAL
Change Component Description : Designator=R24 Old Description=RES 1K OHM 0.4W 1% AXIAL New Description=RES 20K OHM 0.4W 1% AXIAL
Change Component Description : Designator=R26 Old Description=RES 1K OHM 0.4W 1% AXIAL New Description=RES 20K OHM 0.4W 1% AXIAL
Change Component Description : Designator=R28 Old Description=RES 1K OHM 0.4W 1% AXIAL New Description=RES 20K OHM 0.4W 1% AXIAL
Change Component Description : Designator=R30 Old Description=RES 1K OHM 0.4W 1% AXIAL New Description=RES 20K OHM 0.4W 1% AXIAL
Change Component Description : Designator=R32 Old Description=RES 1K OHM 0.4W 1% AXIAL New Description=RES 20K OHM 0.4W 1% AXIAL
Change Component Description : Designator=R34 Old Description=RES 1K OHM 0.4W 1% AXIAL New Description=RES 20K OHM 0.4W 1% AXIAL
Change Component Description : Designator=R36 Old Description=RES 1K OHM 0.4W 1% AXIAL New Description=RES 20K OHM 0.4W 1% AXIAL
Change Component Description : Designator=R38 Old Description=RES 1K OHM 0.4W 1% AXIAL New Description=RES 20K OHM 0.4W 1% AXIAL
Change Component Description : Designator=R40 Old Description=RES 1K OHM 0.4W 1% AXIAL New Description=RES 20K OHM 0.4W 1% AXIAL
Change Component Description : Designator=R41 Old Description=RES 300 OHM 0.4W 1% AXIAL New Description=RES 20K OHM 0.4W 1% AXIAL
Change Component Description : Designator=R42 Old Description=RES 300 OHM 0.4W 1% AXIAL New Description=RES 20K OHM 0.4W 1% AXIAL
Change Component Description : Designator=R43 Old Description=RES 300 OHM 0.4W 1% AXIAL New Description=RES 20K OHM 0.4W 1% AXIAL
Change Component Description : Designator=R44 Old Description=RES 300 OHM 0.4W 1% AXIAL New Description=RES 20K OHM 0.4W 1% AXIAL
Change Component Description : Designator=R45 Old Description=RES 300 OHM 0.4W 1% AXIAL New Description=RES 20K OHM 0.4W 1% AXIAL
Change Component Description : Designator=R46 Old Description=RES 300 OHM 0.4W 1% AXIAL New Description=RES 20K OHM 0.4W 1% AXIAL
Change Component Description : Designator=R47 Old Description=RES 300 OHM 0.4W 1% AXIAL New Description=RES 20K OHM 0.4W 1% AXIAL
Change Component Description : Designator=R7 Old Description=RES 330 OHM 0.4W 1% AXIAL New Description=RES 20K OHM 0.4W 1% AXIAL
Change Component Description : Designator=R11 Old Description=RES 330 OHM 0.4W 1% AXIAL New Description=RES 20K OHM 0.4W 1% AXIAL
Change Component Description : Designator=R15 Old Description=RES 330 OHM 0.4W 1% AXIAL New Description=RES 20K OHM 0.4W 1% AXIAL
Change Component Description : Designator=R19 Old Description=RES 330 OHM 0.4W 1% AXIAL New Description=RES 20K OHM 0.4W 1% AXIAL
Change Component Description : Designator=R23 Old Description=RES 330 OHM 0.4W 1% AXIAL New Description=RES 20K OHM 0.4W 1% AXIAL
Change Component Description : Designator=R27 Old Description=RES 330 OHM 0.4W 1% AXIAL New Description=RES 20K OHM 0.4W 1% AXIAL
Change Component Description : Designator=R35 Old Description=RES 330 OHM 0.4W 1% AXIAL New Description=RES 20K OHM 0.4W 1% AXIAL
Change Component Description : Designator=R39 Old Description=RES 330 OHM 0.4W 1% AXIAL New Description=RES 20K OHM 0.4W 1% AXIAL
Change component parameters: Designator = "C1" ("C1"); Footprint = "FP-FM8-MFG"; UniqueID = "\KCVMVONY" ("\KCVMVONY")
Change component parameters (AddParameter): Name = "Capacitance"; Value = "100uF"; VariantName = "[No Variations]"
Change component parameters (AddParameter): Name = "Case/Package"; Value = "Radial"; VariantName = "[No Variations]"
Change component parameters (AddParameter): Name = "Diameter"; Value = "8mm"; VariantName = "[No Variations]"
Change component parameters (AddParameter): Name = "Dissipation Factor"; Value = "0.1%"; VariantName = "[No Variations]"
Change component parameters (AddParameter): Name = "ESR (Equivalent Series Resistance)"; Value = "61mR"; VariantName = "[No Variations]"
Change component parameters (AddParameter): Name = "Features"; Value = "General Purpose"; VariantName = "[No Variations]"
Change component parameters (AddParameter): Name = "Height"; Value = "11.5mm"; VariantName = "[No Variations]"
Change component parameters (AddParameter): Name = "Height - Seated (Max)"; Value = "0.512inch"; VariantName = "[No Variations]"
Change component parameters (AddParameter): Name = "Impedance"; Value = "61mR"; VariantName = "[No Variations]"
Change component parameters (AddParameter): Name = "Lead Free"; Value = "Lead Free"; VariantName = "[No Variations]"
Change component parameters (AddParameter): Name = "Lead Pitch"; Value = "0.197inch"; VariantName = "[No Variations]"
Change component parameters (AddParameter): Name = "Length"; Value = "11.5mm"; VariantName = "[No Variations]"
Change component parameters (AddParameter): Name = "Life (Hours)"; Value = "3000Hour"; VariantName = "[No Variations]"
Change component parameters (AddParameter): Name = "Max Operating Temperature"; Value = "105°C"; VariantName = "[No Variations]"
Change component parameters (AddParameter): Name = "Min Operating Temperature"; Value = "-40°C"; VariantName = "[No Variations]"
Change component parameters (AddParameter): Name = "Mount"; Value = "Through Hole"; VariantName = "[No Variations]"
Change component parameters (AddParameter): Name = "Package Quantity"; Value = "1000"; VariantName = "[No Variations]"
Change component parameters (AddParameter): Name = "Packaging"; Value = "Ammo Pack"; VariantName = "[No Variations]"
Change component parameters (AddParameter): Name = "Polarity"; Value = "Polar"; VariantName = "[No Variations]"
Change component parameters (AddParameter): Name = "Radiation Hardening"; Value = "No"; VariantName = "[No Variations]"
Change component parameters (AddParameter): Name = "Ripple Current"; Value = "870mA"; VariantName = "[No Variations]"
Change component parameters (AddParameter): Name = "Series"; Value = "FM"; VariantName = "[No Variations]"
Change component parameters (AddParameter): Name = "Termination"; Value = "Radial"; VariantName = "[No Variations]"
Change component parameters (AddParameter): Name = "Tolerance"; Value = "20%"; VariantName = "[No Variations]"
Change component parameters (AddParameter): Name = "Voltage Rating"; Value = "50V"; VariantName = "[No Variations]"
Change component parameters (AddParameter): Name = "Voltage Rating (DC)"; Value = "50V"; VariantName = "[No Variations]"
Change component parameters: Designator = "C2" ("C2"); Footprint = "FP-RCE3M1-MFG"; UniqueID = "\VRFYOVSI" ("\VRFYOVSI")
Change component parameters (AddParameter): Name = "Capacitance"; Value = "3.3uF"; VariantName = "[No Variations]"
Change component parameters (AddParameter): Name = "Case/Package"; Value = "Radial"; VariantName = "[No Variations]"
Change component parameters (AddParameter): Name = "Dielectric"; Value = "X7R"; VariantName = "[No Variations]"
Change component parameters (AddParameter): Name = "Height"; Value = "5mm"; VariantName = "[No Variations]"
Change component parameters (AddParameter): Name = "Height - Seated (Max)"; Value = "0.197inch"; VariantName = "[No Variations]"
Change component parameters (AddParameter): Name = "Lead Diameter"; Value = "0.5mm"; VariantName = "[No Variations]"
Change component parameters (AddParameter): Name = "Lead Pitch"; Value = "0.197inch"; VariantName = "[No Variations]"
Change component parameters (AddParameter): Name = "Lead/Base Style"; Value = "Formed Leads"; VariantName = "[No Variations]"
Change component parameters (AddParameter): Name = "Length"; Value = "0.217inch"; VariantName = "[No Variations]"
Change component parameters (AddParameter): Name = "Max Operating Temperature"; Value = "125°C"; VariantName = "[No Variations]"
Change component parameters (AddParameter): Name = "Min Operating Temperature"; Value = "-55°C"; VariantName = "[No Variations]"
Change component parameters (AddParameter): Name = "Mount"; Value = "Through Hole"; VariantName = "[No Variations]"
Change component parameters (AddParameter): Name = "Package Quantity"; Value = "500"; VariantName = "[No Variations]"
Change component parameters (AddParameter): Name = "Packaging"; Value = "Bulk"; VariantName = "[No Variations]"
Change component parameters (AddParameter): Name = "Ratings"; Value = "AEC-Q200"; VariantName = "[No Variations]"
Change component parameters (AddParameter): Name = "Resistor Type"; Value = "Ceramic"; VariantName = "[No Variations]"
Change component parameters (AddParameter): Name = "Termination"; Value = "Radial"; VariantName = "[No Variations]"
Change component parameters (AddParameter): Name = "Tolerance"; Value = "10%"; VariantName = "[No Variations]"
Change component parameters (AddParameter): Name = "Voltage Rating"; Value = "50V"; VariantName = "[No Variations]"
Change component parameters (AddParameter): Name = "Voltage Rating (DC)"; Value = "50V"; VariantName = "[No Variations]"
Change component parameters (AddParameter): Name = "Width"; Value = "0.157inch"; VariantName = "[No Variations]"
Change component parameters: Designator = "C3" ("C3"); Footprint = "FP-RCE3M1-MFG"; UniqueID = "\PODJTCII" ("\PODJTCII")
Change component parameters (AddParameter): Name = "Capacitance"; Value = "3.3uF"; VariantName = "[No Variations]"
Change component parameters (AddParameter): Name = "Case/Package"; Value = "Radial"; VariantName = "[No Variations]"
Change component parameters (AddParameter): Name = "Dielectric"; Value = "X7R"; VariantName = "[No Variations]"
Change component parameters (AddParameter): Name = "Height"; Value = "5mm"; VariantName = "[No Variations]"
Change component parameters (AddParameter): Name = "Height - Seated (Max)"; Value = "0.197inch"; VariantName = "[No Variations]"
Change component parameters (AddParameter): Name = "Lead Diameter"; Value = "0.5mm"; VariantName = "[No Variations]"
Change component parameters (AddParameter): Name = "Lead Pitch"; Value = "0.197inch"; VariantName = "[No Variations]"
Change component parameters (AddParameter): Name = "Lead/Base Style"; Value = "Formed Leads"; VariantName = "[No Variations]"
Change component parameters (AddParameter): Name = "Length"; Value = "0.217inch"; VariantName = "[No Variations]"
Change component parameters (AddParameter): Name = "Max Operating Temperature"; Value = "125°C"; VariantName = "[No Variations]"
Change component parameters (AddParameter): Name = "Min Operating Temperature"; Value = "-55°C"; VariantName = "[No Variations]"
Change component parameters (AddParameter): Name = "Mount"; Value = "Through Hole"; VariantName = "[No Variations]"
Change component parameters (AddParameter): Name = "Package Quantity"; Value = "500"; VariantName = "[No Variations]"
Change component parameters (AddParameter): Name = "Packaging"; Value = "Bulk"; VariantName = "[No Variations]"
Change component parameters (AddParameter): Name = "Ratings"; Value = "AEC-Q200"; VariantName = "[No Variations]"
Change component parameters (AddParameter): Name = "Resistor Type"; Value = "Ceramic"; VariantName = "[No Variations]"
Change component parameters (AddParameter): Name = "Termination"; Value = "Radial"; VariantName = "[No Variations]"
Change component parameters (AddParameter): Name = "Tolerance"; Value = "10%"; VariantName = "[No Variations]"
Change component parameters (AddParameter): Name = "Voltage Rating"; Value = "50V"; VariantName = "[No Variations]"
Change component parameters (AddParameter): Name = "Voltage Rating (DC)"; Value = "50V"; VariantName = "[No Variations]"
Change component parameters (AddParameter): Name = "Width"; Value = "0.157inch"; VariantName = "[No Variations]"
Change component parameters: Designator = "C4" ("C4"); Footprint = "FP-FM8-MFG"; UniqueID = "\TBGDXIPR" ("\TBGDXIPR")
Change component parameters (AddParameter): Name = "Capacitance"; Value = "100uF"; VariantName = "[No Variations]"
Change component parameters (AddParameter): Name = "Case/Package"; Value = "Radial"; VariantName = "[No Variations]"
Change component parameters (AddParameter): Name = "Diameter"; Value = "8mm"; VariantName = "[No Variations]"
Change component parameters (AddParameter): Name = "Dissipation Factor"; Value = "0.1%"; VariantName = "[No Variations]"
Change component parameters (AddParameter): Name = "ESR (Equivalent Series Resistance)"; Value = "61mR"; VariantName = "[No Variations]"
Change component parameters (AddParameter): Name = "Features"; Value = "General Purpose"; VariantName = "[No Variations]"
Change component parameters (AddParameter): Name = "Height"; Value = "11.5mm"; VariantName = "[No Variations]"
Change component parameters (AddParameter): Name = "Height - Seated (Max)"; Value = "0.512inch"; VariantName = "[No Variations]"
Change component parameters (AddParameter): Name = "Impedance"; Value = "61mR"; VariantName = "[No Variations]"
Change component parameters (AddParameter): Name = "Lead Free"; Value = "Lead Free"; VariantName = "[No Variations]"
Change component parameters (AddParameter): Name = "Lead Pitch"; Value = "0.197inch"; VariantName = "[No Variations]"
Change component parameters (AddParameter): Name = "Length"; Value = "11.5mm"; VariantName = "[No Variations]"
Change component parameters (AddParameter): Name = "Life (Hours)"; Value = "3000Hour"; VariantName = "[No Variations]"
Change component parameters (AddParameter): Name = "Max Operating Temperature"; Value = "105°C"; VariantName = "[No Variations]"
Change component parameters (AddParameter): Name = "Min Operating Temperature"; Value = "-40°C"; VariantName = "[No Variations]"
Change component parameters (AddParameter): Name = "Mount"; Value = "Through Hole"; VariantName = "[No Variations]"
Change component parameters (AddParameter): Name = "Package Quantity"; Value = "1000"; VariantName = "[No Variations]"
Change component parameters (AddParameter): Name = "Packaging"; Value = "Ammo Pack"; VariantName = "[No Variations]"
Change component parameters (AddParameter): Name = "Polarity"; Value = "Polar"; VariantName = "[No Variations]"
Change component parameters (AddParameter): Name = "Radiation Hardening"; Value = "No"; VariantName = "[No Variations]"
Change component parameters (AddParameter): Name = "Ripple Current"; Value = "870mA"; VariantName = "[No Variations]"
Change component parameters (AddParameter): Name = "Series"; Value = "FM"; VariantName = "[No Variations]"
Change component parameters (AddParameter): Name = "Termination"; Value = "Radial"; VariantName = "[No Variations]"
Change component parameters (AddParameter): Name = "Tolerance"; Value = "20%"; VariantName = "[No Variations]"
Change component parameters (AddParameter): Name = "Voltage Rating"; Value = "50V"; VariantName = "[No Variations]"
Change component parameters (AddParameter): Name = "Voltage Rating (DC)"; Value = "50V"; VariantName = "[No Variations]"
Change component parameters: Designator = "C5" ("C5"); Footprint = "FP-FM8-MFG"; UniqueID = "\XOVAUCDQ" ("\XOVAUCDQ")
Change component parameters (AddParameter): Name = "Capacitance"; Value = "100uF"; VariantName = "[No Variations]"
Change component parameters (AddParameter): Name = "Case/Package"; Value = "Radial"; VariantName = "[No Variations]"
Change component parameters (AddParameter): Name = "Diameter"; Value = "8mm"; VariantName = "[No Variations]"
Change component parameters (AddParameter): Name = "Dissipation Factor"; Value = "0.1%"; VariantName = "[No Variations]"
Change component parameters (AddParameter): Name = "ESR (Equivalent Series Resistance)"; Value = "61mR"; VariantName = "[No Variations]"
Change component parameters (AddParameter): Name = "Features"; Value = "General Purpose"; VariantName = "[No Variations]"
Change component parameters (AddParameter): Name = "Height"; Value = "11.5mm"; VariantName = "[No Variations]"
Change component parameters (AddParameter): Name = "Height - Seated (Max)"; Value = "0.512inch"; VariantName = "[No Variations]"
Change component parameters (AddParameter): Name = "Impedance"; Value = "61mR"; VariantName = "[No Variations]"
Change component parameters (AddParameter): Name = "Lead Free"; Value = "Lead Free"; VariantName = "[No Variations]"
Change component parameters (AddParameter): Name = "Lead Pitch"; Value = "0.197inch"; VariantName = "[No Variations]"
Change component parameters (AddParameter): Name = "Length"; Value = "11.5mm"; VariantName = "[No Variations]"
Change component parameters (AddParameter): Name = "Life (Hours)"; Value = "3000Hour"; VariantName = "[No Variations]"
Change component parameters (AddParameter): Name = "Max Operating Temperature"; Value = "105°C"; VariantName = "[No Variations]"
Change component parameters (AddParameter): Name = "Min Operating Temperature"; Value = "-40°C"; VariantName = "[No Variations]"
Change component parameters (AddParameter): Name = "Mount"; Value = "Through Hole"; VariantName = "[No Variations]"
Change component parameters (AddParameter): Name = "Package Quantity"; Value = "1000"; VariantName = "[No Variations]"
Change component parameters (AddParameter): Name = "Packaging"; Value = "Ammo Pack"; VariantName = "[No Variations]"
Change component parameters (AddParameter): Name = "Polarity"; Value = "Polar"; VariantName = "[No Variations]"
Change component parameters (AddParameter): Name = "Radiation Hardening"; Value = "No"; VariantName = "[No Variations]"
Change component parameters (AddParameter): Name = "Ripple Current"; Value = "870mA"; VariantName = "[No Variations]"
Change component parameters (AddParameter): Name = "Series"; Value = "FM"; VariantName = "[No Variations]"
Change component parameters (AddParameter): Name = "Termination"; Value = "Radial"; VariantName = "[No Variations]"
Change component parameters (AddParameter): Name = "Tolerance"; Value = "20%"; VariantName = "[No Variations]"
Change component parameters (AddParameter): Name = "Voltage Rating"; Value = "50V"; VariantName = "[No Variations]"
Change component parameters (AddParameter): Name = "Voltage Rating (DC)"; Value = "50V"; VariantName = "[No Variations]"
Change component parameters: Designator = "C6" ("C6"); Footprint = "FP-RCE3M1-MFG"; UniqueID = "\KPSVUHZV" ("\KPSVUHZV")
Change component parameters (AddParameter): Name = "Capacitance"; Value = "3.3uF"; VariantName = "[No Variations]"
Change component parameters (AddParameter): Name = "Case/Package"; Value = "Radial"; VariantName = "[No Variations]"
Change component parameters (AddParameter): Name = "Dielectric"; Value = "X7R"; VariantName = "[No Variations]"
Change component parameters (AddParameter): Name = "Height"; Value = "5mm"; VariantName = "[No Variations]"
Change component parameters (AddParameter): Name = "Height - Seated (Max)"; Value = "0.197inch"; VariantName = "[No Variations]"
Change component parameters (AddParameter): Name = "Lead Diameter"; Value = "0.5mm"; VariantName = "[No Variations]"
Change component parameters (AddParameter): Name = "Lead Pitch"; Value = "0.197inch"; VariantName = "[No Variations]"
Change component parameters (AddParameter): Name = "Lead/Base Style"; Value = "Formed Leads"; VariantName = "[No Variations]"
Change component parameters (AddParameter): Name = "Length"; Value = "0.217inch"; VariantName = "[No Variations]"
Change component parameters (AddParameter): Name = "Max Operating Temperature"; Value = "125°C"; VariantName = "[No Variations]"
Change component parameters (AddParameter): Name = "Min Operating Temperature"; Value = "-55°C"; VariantName = "[No Variations]"
Change component parameters (AddParameter): Name = "Mount"; Value = "Through Hole"; VariantName = "[No Variations]"
Change component parameters (AddParameter): Name = "Package Quantity"; Value = "500"; VariantName = "[No Variations]"
Change component parameters (AddParameter): Name = "Packaging"; Value = "Bulk"; VariantName = "[No Variations]"
Change component parameters (AddParameter): Name = "Ratings"; Value = "AEC-Q200"; VariantName = "[No Variations]"
Change component parameters (AddParameter): Name = "Resistor Type"; Value = "Ceramic"; VariantName = "[No Variations]"
Change component parameters (AddParameter): Name = "Termination"; Value = "Radial"; VariantName = "[No Variations]"
Change component parameters (AddParameter): Name = "Tolerance"; Value = "10%"; VariantName = "[No Variations]"
Change component parameters (AddParameter): Name = "Voltage Rating"; Value = "50V"; VariantName = "[No Variations]"
Change component parameters (AddParameter): Name = "Voltage Rating (DC)"; Value = "50V"; VariantName = "[No Variations]"
Change component parameters (AddParameter): Name = "Width"; Value = "0.157inch"; VariantName = "[No Variations]"
Change component parameters: Designator = "C7" ("C7"); Footprint = "FP-RCE3M1-MFG"; UniqueID = "\DVUIBMUN" ("\DVUIBMUN")
Change component parameters (AddParameter): Name = "Capacitance"; Value = "3.3uF"; VariantName = "[No Variations]"
Change component parameters (AddParameter): Name = "Case/Package"; Value = "Radial"; VariantName = "[No Variations]"
Change component parameters (AddParameter): Name = "Dielectric"; Value = "X7R"; VariantName = "[No Variations]"
Change component parameters (AddParameter): Name = "Height"; Value = "5mm"; VariantName = "[No Variations]"
Change component parameters (AddParameter): Name = "Height - Seated (Max)"; Value = "0.197inch"; VariantName = "[No Variations]"
Change component parameters (AddParameter): Name = "Lead Diameter"; Value = "0.5mm"; VariantName = "[No Variations]"
Change component parameters (AddParameter): Name = "Lead Pitch"; Value = "0.197inch"; VariantName = "[No Variations]"
Change component parameters (AddParameter): Name = "Lead/Base Style"; Value = "Formed Leads"; VariantName = "[No Variations]"
Change component parameters (AddParameter): Name = "Length"; Value = "0.217inch"; VariantName = "[No Variations]"
Change component parameters (AddParameter): Name = "Max Operating Temperature"; Value = "125°C"; VariantName = "[No Variations]"
Change component parameters (AddParameter): Name = "Min Operating Temperature"; Value = "-55°C"; VariantName = "[No Variations]"
Change component parameters (AddParameter): Name = "Mount"; Value = "Through Hole"; VariantName = "[No Variations]"
Change component parameters (AddParameter): Name = "Package Quantity"; Value = "500"; VariantName = "[No Variations]"
Change component parameters (AddParameter): Name = "Packaging"; Value = "Bulk"; VariantName = "[No Variations]"
Change component parameters (AddParameter): Name = "Ratings"; Value = "AEC-Q200"; VariantName = "[No Variations]"
Change component parameters (AddParameter): Name = "Resistor Type"; Value = "Ceramic"; VariantName = "[No Variations]"
Change component parameters (AddParameter): Name = "Termination"; Value = "Radial"; VariantName = "[No Variations]"
Change component parameters (AddParameter): Name = "Tolerance"; Value = "10%"; VariantName = "[No Variations]"
Change component parameters (AddParameter): Name = "Voltage Rating"; Value = "50V"; VariantName = "[No Variations]"
Change component parameters (AddParameter): Name = "Voltage Rating (DC)"; Value = "50V"; VariantName = "[No Variations]"
Change component parameters (AddParameter): Name = "Width"; Value = "0.157inch"; VariantName = "[No Variations]"
Change component parameters: Designator = "C8" ("C8"); Footprint = "FP-RCE3M1-MFG"; UniqueID = "\SQWDUYAJ" ("\SQWDUYAJ")
Change component parameters (AddParameter): Name = "Capacitance"; Value = "3.3uF"; VariantName = "[No Variations]"
Change component parameters (AddParameter): Name = "Case/Package"; Value = "Radial"; VariantName = "[No Variations]"
Change component parameters (AddParameter): Name = "Dielectric"; Value = "X7R"; VariantName = "[No Variations]"
Change component parameters (AddParameter): Name = "Height"; Value = "5mm"; VariantName = "[No Variations]"
Change component parameters (AddParameter): Name = "Height - Seated (Max)"; Value = "0.197inch"; VariantName = "[No Variations]"
Change component parameters (AddParameter): Name = "Lead Diameter"; Value = "0.5mm"; VariantName = "[No Variations]"
Change component parameters (AddParameter): Name = "Lead Pitch"; Value = "0.197inch"; VariantName = "[No Variations]"
Change component parameters (AddParameter): Name = "Lead/Base Style"; Value = "Formed Leads"; VariantName = "[No Variations]"
Change component parameters (AddParameter): Name = "Length"; Value = "0.217inch"; VariantName = "[No Variations]"
Change component parameters (AddParameter): Name = "Max Operating Temperature"; Value = "125°C"; VariantName = "[No Variations]"
Change component parameters (AddParameter): Name = "Min Operating Temperature"; Value = "-55°C"; VariantName = "[No Variations]"
Change component parameters (AddParameter): Name = "Mount"; Value = "Through Hole"; VariantName = "[No Variations]"
Change component parameters (AddParameter): Name = "Package Quantity"; Value = "500"; VariantName = "[No Variations]"
Change component parameters (AddParameter): Name = "Packaging"; Value = "Bulk"; VariantName = "[No Variations]"
Change component parameters (AddParameter): Name = "Ratings"; Value = "AEC-Q200"; VariantName = "[No Variations]"
Change component parameters (AddParameter): Name = "Resistor Type"; Value = "Ceramic"; VariantName = "[No Variations]"
Change component parameters (AddParameter): Name = "Termination"; Value = "Radial"; VariantName = "[No Variations]"
Change component parameters (AddParameter): Name = "Tolerance"; Value = "10%"; VariantName = "[No Variations]"
Change component parameters (AddParameter): Name = "Voltage Rating"; Value = "50V"; VariantName = "[No Variations]"
Change component parameters (AddParameter): Name = "Voltage Rating (DC)"; Value = "50V"; VariantName = "[No Variations]"
Change component parameters (AddParameter): Name = "Width"; Value = "0.157inch"; VariantName = "[No Variations]"
Change component parameters: Designator = "C9" ("C9"); Footprint = "FP-RCE3M1-MFG"; UniqueID = "\PHVAZQGJ" ("\PHVAZQGJ")
Change component parameters (AddParameter): Name = "Capacitance"; Value = "3.3uF"; VariantName = "[No Variations]"
Change component parameters (AddParameter): Name = "Case/Package"; Value = "Radial"; VariantName = "[No Variations]"
Change component parameters (AddParameter): Name = "Dielectric"; Value = "X7R"; VariantName = "[No Variations]"
Change component parameters (AddParameter): Name = "Height"; Value = "5mm"; VariantName = "[No Variations]"
Change component parameters (AddParameter): Name = "Height - Seated (Max)"; Value = "0.197inch"; VariantName = "[No Variations]"
Change component parameters (AddParameter): Name = "Lead Diameter"; Value = "0.5mm"; VariantName = "[No Variations]"
Change component parameters (AddParameter): Name = "Lead Pitch"; Value = "0.197inch"; VariantName = "[No Variations]"
Change component parameters (AddParameter): Name = "Lead/Base Style"; Value = "Formed Leads"; VariantName = "[No Variations]"
Change component parameters (AddParameter): Name = "Length"; Value = "0.217inch"; VariantName = "[No Variations]"
Change component parameters (AddParameter): Name = "Max Operating Temperature"; Value = "125°C"; VariantName = "[No Variations]"
Change component parameters (AddParameter): Name = "Min Operating Temperature"; Value = "-55°C"; VariantName = "[No Variations]"
Change component parameters (AddParameter): Name = "Mount"; Value = "Through Hole"; VariantName = "[No Variations]"
Change component parameters (AddParameter): Name = "Package Quantity"; Value = "500"; VariantName = "[No Variations]"
Change component parameters (AddParameter): Name = "Packaging"; Value = "Bulk"; VariantName = "[No Variations]"
Change component parameters (AddParameter): Name = "Ratings"; Value = "AEC-Q200"; VariantName = "[No Variations]"
Change component parameters (AddParameter): Name = "Resistor Type"; Value = "Ceramic"; VariantName = "[No Variations]"
Change component parameters (AddParameter): Name = "Termination"; Value = "Radial"; VariantName = "[No Variations]"
Change component parameters (AddParameter): Name = "Tolerance"; Value = "10%"; VariantName = "[No Variations]"
Change component parameters (AddParameter): Name = "Voltage Rating"; Value = "50V"; VariantName = "[No Variations]"
Change component parameters (AddParameter): Name = "Voltage Rating (DC)"; Value = "50V"; VariantName = "[No Variations]"
Change component parameters (AddParameter): Name = "Width"; Value = "0.157inch"; VariantName = "[No Variations]"
Change component parameters: Designator = "C10" ("C10"); Footprint = "FP-RCE3M1-MFG"; UniqueID = "\FASJTENC" ("\FASJTENC")
Change component parameters (AddParameter): Name = "Capacitance"; Value = "3.3uF"; VariantName = "[No Variations]"
Change component parameters (AddParameter): Name = "Case/Package"; Value = "Radial"; VariantName = "[No Variations]"
Change component parameters (AddParameter): Name = "Dielectric"; Value = "X7R"; VariantName = "[No Variations]"
Change component parameters (AddParameter): Name = "Height"; Value = "5mm"; VariantName = "[No Variations]"
Change component parameters (AddParameter): Name = "Height - Seated (Max)"; Value = "0.197inch"; VariantName = "[No Variations]"
Change component parameters (AddParameter): Name = "Lead Diameter"; Value = "0.5mm"; VariantName = "[No Variations]"
Change component parameters (AddParameter): Name = "Lead Pitch"; Value = "0.197inch"; VariantName = "[No Variations]"
Change component parameters (AddParameter): Name = "Lead/Base Style"; Value = "Formed Leads"; VariantName = "[No Variations]"
Change component parameters (AddParameter): Name = "Length"; Value = "0.217inch"; VariantName = "[No Variations]"
Change component parameters (AddParameter): Name = "Max Operating Temperature"; Value = "125°C"; VariantName = "[No Variations]"
Change component parameters (AddParameter): Name = "Min Operating Temperature"; Value = "-55°C"; VariantName = "[No Variations]"
Change component parameters (AddParameter): Name = "Mount"; Value = "Through Hole"; VariantName = "[No Variations]"
Change component parameters (AddParameter): Name = "Package Quantity"; Value = "500"; VariantName = "[No Variations]"
Change component parameters (AddParameter): Name = "Packaging"; Value = "Bulk"; VariantName = "[No Variations]"
Change component parameters (AddParameter): Name = "Ratings"; Value = "AEC-Q200"; VariantName = "[No Variations]"
Change component parameters (AddParameter): Name = "Resistor Type"; Value = "Ceramic"; VariantName = "[No Variations]"
Change component parameters (AddParameter): Name = "Termination"; Value = "Radial"; VariantName = "[No Variations]"
Change component parameters (AddParameter): Name = "Tolerance"; Value = "10%"; VariantName = "[No Variations]"
Change component parameters (AddParameter): Name = "Voltage Rating"; Value = "50V"; VariantName = "[No Variations]"
Change component parameters (AddParameter): Name = "Voltage Rating (DC)"; Value = "50V"; VariantName = "[No Variations]"
Change component parameters (AddParameter): Name = "Width"; Value = "0.157inch"; VariantName = "[No Variations]"
Change component parameters: Designator = "C11" ("C11"); Footprint = "FP-RCE3M1-MFG"; UniqueID = "\XMECZXIL" ("\XMECZXIL")
Change component parameters (AddParameter): Name = "Capacitance"; Value = "3.3uF"; VariantName = "[No Variations]"
Change component parameters (AddParameter): Name = "Case/Package"; Value = "Radial"; VariantName = "[No Variations]"
Change component parameters (AddParameter): Name = "Dielectric"; Value = "X7R"; VariantName = "[No Variations]"
Change component parameters (AddParameter): Name = "Height"; Value = "5mm"; VariantName = "[No Variations]"
Change component parameters (AddParameter): Name = "Height - Seated (Max)"; Value = "0.197inch"; VariantName = "[No Variations]"
Change component parameters (AddParameter): Name = "Lead Diameter"; Value = "0.5mm"; VariantName = "[No Variations]"
Change component parameters (AddParameter): Name = "Lead Pitch"; Value = "0.197inch"; VariantName = "[No Variations]"
Change component parameters (AddParameter): Name = "Lead/Base Style"; Value = "Formed Leads"; VariantName = "[No Variations]"
Change component parameters (AddParameter): Name = "Length"; Value = "0.217inch"; VariantName = "[No Variations]"
Change component parameters (AddParameter): Name = "Max Operating Temperature"; Value = "125°C"; VariantName = "[No Variations]"
Change component parameters (AddParameter): Name = "Min Operating Temperature"; Value = "-55°C"; VariantName = "[No Variations]"
Change component parameters (AddParameter): Name = "Mount"; Value = "Through Hole"; VariantName = "[No Variations]"
Change component parameters (AddParameter): Name = "Package Quantity"; Value = "500"; VariantName = "[No Variations]"
Change component parameters (AddParameter): Name = "Packaging"; Value = "Bulk"; VariantName = "[No Variations]"
Change component parameters (AddParameter): Name = "Ratings"; Value = "AEC-Q200"; VariantName = "[No Variations]"
Change component parameters (AddParameter): Name = "Resistor Type"; Value = "Ceramic"; VariantName = "[No Variations]"
Change component parameters (AddParameter): Name = "Termination"; Value = "Radial"; VariantName = "[No Variations]"
Change component parameters (AddParameter): Name = "Tolerance"; Value = "10%"; VariantName = "[No Variations]"
Change component parameters (AddParameter): Name = "Voltage Rating"; Value = "50V"; VariantName = "[No Variations]"
Change component parameters (AddParameter): Name = "Voltage Rating (DC)"; Value = "50V"; VariantName = "[No Variations]"
Change component parameters (AddParameter): Name = "Width"; Value = "0.157inch"; VariantName = "[No Variations]"
Change component parameters: Designator = "C12" ("C12"); Footprint = "FP-RCE3M1-MFG"; UniqueID = "\PZEYDAGG" ("\PZEYDAGG")
Change component parameters (AddParameter): Name = "Capacitance"; Value = "3.3uF"; VariantName = "[No Variations]"
Change component parameters (AddParameter): Name = "Case/Package"; Value = "Radial"; VariantName = "[No Variations]"
Change component parameters (AddParameter): Name = "Dielectric"; Value = "X7R"; VariantName = "[No Variations]"
Change component parameters (AddParameter): Name = "Height"; Value = "5mm"; VariantName = "[No Variations]"
Change component parameters (AddParameter): Name = "Height - Seated (Max)"; Value = "0.197inch"; VariantName = "[No Variations]"
Change component parameters (AddParameter): Name = "Lead Diameter"; Value = "0.5mm"; VariantName = "[No Variations]"
Change component parameters (AddParameter): Name = "Lead Pitch"; Value = "0.197inch"; VariantName = "[No Variations]"
Change component parameters (AddParameter): Name = "Lead/Base Style"; Value = "Formed Leads"; VariantName = "[No Variations]"
Change component parameters (AddParameter): Name = "Length"; Value = "0.217inch"; VariantName = "[No Variations]"
Change component parameters (AddParameter): Name = "Max Operating Temperature"; Value = "125°C"; VariantName = "[No Variations]"
Change component parameters (AddParameter): Name = "Min Operating Temperature"; Value = "-55°C"; VariantName = "[No Variations]"
Change component parameters (AddParameter): Name = "Mount"; Value = "Through Hole"; VariantName = "[No Variations]"
Change component parameters (AddParameter): Name = "Package Quantity"; Value = "500"; VariantName = "[No Variations]"
Change component parameters (AddParameter): Name = "Packaging"; Value = "Bulk"; VariantName = "[No Variations]"
Change component parameters (AddParameter): Name = "Ratings"; Value = "AEC-Q200"; VariantName = "[No Variations]"
Change component parameters (AddParameter): Name = "Resistor Type"; Value = "Ceramic"; VariantName = "[No Variations]"
Change component parameters (AddParameter): Name = "Termination"; Value = "Radial"; VariantName = "[No Variations]"
Change component parameters (AddParameter): Name = "Tolerance"; Value = "10%"; VariantName = "[No Variations]"
Change component parameters (AddParameter): Name = "Voltage Rating"; Value = "50V"; VariantName = "[No Variations]"
Change component parameters (AddParameter): Name = "Voltage Rating (DC)"; Value = "50V"; VariantName = "[No Variations]"
Change component parameters (AddParameter): Name = "Width"; Value = "0.157inch"; VariantName = "[No Variations]"
Change component parameters: Designator = "pot1" ("pot1"); Footprint = "FP-3296W-MFG"; UniqueID = "\VZOXXWBJ" ("\VZOXXWBJ")
Change component parameters (AddParameter): Name = "Color"; Value = "Blue"; VariantName = "[No Variations]"
Change component parameters (AddParameter): Name = "Contact Plating"; Value = "Tin"; VariantName = "[No Variations]"
Change component parameters (AddParameter): Name = "Depth"; Value = "4.83mm"; VariantName = "[No Variations]"
Change component parameters (AddParameter): Name = "Height"; Value = "0.395inch"; VariantName = "[No Variations]"
Change component parameters (AddParameter): Name = "Lead Free"; Value = "Lead Free"; VariantName = "[No Variations]"
Change component parameters (AddParameter): Name = "Length"; Value = "9.53mm"; VariantName = "[No Variations]"
Change component parameters (AddParameter): Name = "Max Operating Temperature"; Value = "125°C"; VariantName = "[No Variations]"
Change component parameters (AddParameter): Name = "Max Power Dissipation"; Value = "500mW"; VariantName = "[No Variations]"
Change component parameters (AddParameter): Name = "Military Standard"; Value = "Not"; VariantName = "[No Variations]"
Change component parameters (AddParameter): Name = "Min Operating Temperature"; Value = "-55°C"; VariantName = "[No Variations]"
Change component parameters (AddParameter): Name = "Mount"; Value = "Through Hole"; VariantName = "[No Variations]"
Change component parameters (AddParameter): Name = "Number of Turns"; Value = "25"; VariantName = "[No Variations]"
Change component parameters (AddParameter): Name = "Package Quantity"; Value = "50"; VariantName = "[No Variations]"
Change component parameters (AddParameter): Name = "Packaging"; Value = "Rail/Tube"; VariantName = "[No Variations]"
Change component parameters (AddParameter): Name = "Power Rating"; Value = "500mW"; VariantName = "[No Variations]"
Change component parameters (AddParameter): Name = "Radiation Hardening"; Value = "No"; VariantName = "[No Variations]"
Change component parameters (AddParameter): Name = "REACH SVHC"; Value = "No SVHC"; VariantName = "[No Variations]"
Change component parameters (AddParameter): Name = "Resistance"; Value = "500R"; VariantName = "[No Variations]"
Change component parameters (AddParameter): Name = "Resistance Tolerance"; Value = "10%"; VariantName = "[No Variations]"
Change component parameters (AddParameter): Name = "Resistor Type"; Value = "Cermet"; VariantName = "[No Variations]"
Change component parameters (AddParameter): Name = "RoHS Compliant"; Value = "Yes"; VariantName = "[No Variations]"
Change component parameters (AddParameter): Name = "Series"; Value = "3296"; VariantName = "[No Variations]"
Change component parameters (AddParameter): Name = "Taper"; Value = "Linear"; VariantName = "[No Variations]"
Change component parameters (AddParameter): Name = "Technology"; Value = "CERMET"; VariantName = "[No Variations]"
Change component parameters (AddParameter): Name = "Temperature Coefficient"; Value = "100ppm/°C"; VariantName = "[No Variations]"
Change component parameters (AddParameter): Name = "Termination"; Value = "Pin"; VariantName = "[No Variations]"
Change component parameters (AddParameter): Name = "Tolerance"; Value = "10%"; VariantName = "[No Variations]"
Change component parameters (AddParameter): Name = "Weight"; Value = "0.03oz"; VariantName = "[No Variations]"
Change component parameters (AddParameter): Name = "Width"; Value = "9.53mm"; VariantName = "[No Variations]"
Change component parameters: Designator = "pot2" ("pot2"); Footprint = "FP-3296W-MFG"; UniqueID = "\BIOHPLPO" ("\BIOHPLPO")
Change component parameters (AddParameter): Name = "Color"; Value = "Blue"; VariantName = "[No Variations]"
Change component parameters (AddParameter): Name = "Contact Plating"; Value = "Tin"; VariantName = "[No Variations]"
Change component parameters (AddParameter): Name = "Depth"; Value = "4.83mm"; VariantName = "[No Variations]"
Change component parameters (AddParameter): Name = "Height"; Value = "0.395inch"; VariantName = "[No Variations]"
Change component parameters (AddParameter): Name = "Lead Free"; Value = "Lead Free"; VariantName = "[No Variations]"
Change component parameters (AddParameter): Name = "Length"; Value = "9.53mm"; VariantName = "[No Variations]"
Change component parameters (AddParameter): Name = "Max Operating Temperature"; Value = "125°C"; VariantName = "[No Variations]"
Change component parameters (AddParameter): Name = "Max Power Dissipation"; Value = "500mW"; VariantName = "[No Variations]"
Change component parameters (AddParameter): Name = "Military Standard"; Value = "Not"; VariantName = "[No Variations]"
Change component parameters (AddParameter): Name = "Min Operating Temperature"; Value = "-55°C"; VariantName = "[No Variations]"
Change component parameters (AddParameter): Name = "Mount"; Value = "Through Hole"; VariantName = "[No Variations]"
Change component parameters (AddParameter): Name = "Number of Turns"; Value = "25"; VariantName = "[No Variations]"
Change component parameters (AddParameter): Name = "Package Quantity"; Value = "50"; VariantName = "[No Variations]"
Change component parameters (AddParameter): Name = "Packaging"; Value = "Rail/Tube"; VariantName = "[No Variations]"
Change component parameters (AddParameter): Name = "Power Rating"; Value = "500mW"; VariantName = "[No Variations]"
Change component parameters (AddParameter): Name = "Radiation Hardening"; Value = "No"; VariantName = "[No Variations]"
Change component parameters (AddParameter): Name = "REACH SVHC"; Value = "No SVHC"; VariantName = "[No Variations]"
Change component parameters (AddParameter): Name = "Resistance"; Value = "500R"; VariantName = "[No Variations]"
Change component parameters (AddParameter): Name = "Resistance Tolerance"; Value = "10%"; VariantName = "[No Variations]"
Change component parameters (AddParameter): Name = "Resistor Type"; Value = "Cermet"; VariantName = "[No Variations]"
Change component parameters (AddParameter): Name = "RoHS Compliant"; Value = "Yes"; VariantName = "[No Variations]"
Change component parameters (AddParameter): Name = "Series"; Value = "3296"; VariantName = "[No Variations]"
Change component parameters (AddParameter): Name = "Taper"; Value = "Linear"; VariantName = "[No Variations]"
Change component parameters (AddParameter): Name = "Technology"; Value = "CERMET"; VariantName = "[No Variations]"
Change component parameters (AddParameter): Name = "Temperature Coefficient"; Value = "100ppm/°C"; VariantName = "[No Variations]"
Change component parameters (AddParameter): Name = "Termination"; Value = "Pin"; VariantName = "[No Variations]"
Change component parameters (AddParameter): Name = "Tolerance"; Value = "10%"; VariantName = "[No Variations]"
Change component parameters (AddParameter): Name = "Weight"; Value = "0.03oz"; VariantName = "[No Variations]"
Change component parameters (AddParameter): Name = "Width"; Value = "9.53mm"; VariantName = "[No Variations]"
Change component parameters: Designator = "pot3" ("pot3"); Footprint = "FP-3296W-MFG"; UniqueID = "\GALAADNI" ("\GALAADNI")
Change component parameters (AddParameter): Name = "Color"; Value = "Blue"; VariantName = "[No Variations]"
Change component parameters (AddParameter): Name = "Contact Plating"; Value = "Tin"; VariantName = "[No Variations]"
Change component parameters (AddParameter): Name = "Depth"; Value = "4.83mm"; VariantName = "[No Variations]"
Change component parameters (AddParameter): Name = "Height"; Value = "0.395inch"; VariantName = "[No Variations]"
Change component parameters (AddParameter): Name = "Lead Free"; Value = "Lead Free"; VariantName = "[No Variations]"
Change component parameters (AddParameter): Name = "Length"; Value = "9.53mm"; VariantName = "[No Variations]"
Change component parameters (AddParameter): Name = "Max Operating Temperature"; Value = "125°C"; VariantName = "[No Variations]"
Change component parameters (AddParameter): Name = "Max Power Dissipation"; Value = "500mW"; VariantName = "[No Variations]"
Change component parameters (AddParameter): Name = "Military Standard"; Value = "Not"; VariantName = "[No Variations]"
Change component parameters (AddParameter): Name = "Min Operating Temperature"; Value = "-55°C"; VariantName = "[No Variations]"
Change component parameters (AddParameter): Name = "Mount"; Value = "Through Hole"; VariantName = "[No Variations]"
Change component parameters (AddParameter): Name = "Number of Turns"; Value = "25"; VariantName = "[No Variations]"
Change component parameters (AddParameter): Name = "Package Quantity"; Value = "50"; VariantName = "[No Variations]"
Change component parameters (AddParameter): Name = "Packaging"; Value = "Rail/Tube"; VariantName = "[No Variations]"
Change component parameters (AddParameter): Name = "Power Rating"; Value = "500mW"; VariantName = "[No Variations]"
Change component parameters (AddParameter): Name = "Radiation Hardening"; Value = "No"; VariantName = "[No Variations]"
Change component parameters (AddParameter): Name = "REACH SVHC"; Value = "No SVHC"; VariantName = "[No Variations]"
Change component parameters (AddParameter): Name = "Resistance"; Value = "500R"; VariantName = "[No Variations]"
Change component parameters (AddParameter): Name = "Resistance Tolerance"; Value = "10%"; VariantName = "[No Variations]"
Change component parameters (AddParameter): Name = "Resistor Type"; Value = "Cermet"; VariantName = "[No Variations]"
Change component parameters (AddParameter): Name = "RoHS Compliant"; Value = "Yes"; VariantName = "[No Variations]"
Change component parameters (AddParameter): Name = "Series"; Value = "3296"; VariantName = "[No Variations]"
Change component parameters (AddParameter): Name = "Taper"; Value = "Linear"; VariantName = "[No Variations]"
Change component parameters (AddParameter): Name = "Technology"; Value = "CERMET"; VariantName = "[No Variations]"
Change component parameters (AddParameter): Name = "Temperature Coefficient"; Value = "100ppm/°C"; VariantName = "[No Variations]"
Change component parameters (AddParameter): Name = "Termination"; Value = "Pin"; VariantName = "[No Variations]"
Change component parameters (AddParameter): Name = "Tolerance"; Value = "10%"; VariantName = "[No Variations]"
Change component parameters (AddParameter): Name = "Weight"; Value = "0.03oz"; VariantName = "[No Variations]"
Change component parameters (AddParameter): Name = "Width"; Value = "9.53mm"; VariantName = "[No Variations]"
Change component parameters: Designator = "pot4" ("pot4"); Footprint = "FP-3296W-MFG"; UniqueID = "\NTEEKTSK" ("\NTEEKTSK")
Change component parameters (AddParameter): Name = "Color"; Value = "Blue"; VariantName = "[No Variations]"
Change component parameters (AddParameter): Name = "Contact Plating"; Value = "Tin"; VariantName = "[No Variations]"
Change component parameters (AddParameter): Name = "Depth"; Value = "4.83mm"; VariantName = "[No Variations]"
Change component parameters (AddParameter): Name = "Height"; Value = "0.395inch"; VariantName = "[No Variations]"
Change component parameters (AddParameter): Name = "Lead Free"; Value = "Lead Free"; VariantName = "[No Variations]"
Change component parameters (AddParameter): Name = "Length"; Value = "9.53mm"; VariantName = "[No Variations]"
Change component parameters (AddParameter): Name = "Max Operating Temperature"; Value = "125°C"; VariantName = "[No Variations]"
Change component parameters (AddParameter): Name = "Max Power Dissipation"; Value = "500mW"; VariantName = "[No Variations]"
Change component parameters (AddParameter): Name = "Military Standard"; Value = "Not"; VariantName = "[No Variations]"
Change component parameters (AddParameter): Name = "Min Operating Temperature"; Value = "-55°C"; VariantName = "[No Variations]"
Change component parameters (AddParameter): Name = "Mount"; Value = "Through Hole"; VariantName = "[No Variations]"
Change component parameters (AddParameter): Name = "Number of Turns"; Value = "25"; VariantName = "[No Variations]"
Change component parameters (AddParameter): Name = "Package Quantity"; Value = "50"; VariantName = "[No Variations]"
Change component parameters (AddParameter): Name = "Packaging"; Value = "Rail/Tube"; VariantName = "[No Variations]"
Change component parameters (AddParameter): Name = "Power Rating"; Value = "500mW"; VariantName = "[No Variations]"
Change component parameters (AddParameter): Name = "Radiation Hardening"; Value = "No"; VariantName = "[No Variations]"
Change component parameters (AddParameter): Name = "REACH SVHC"; Value = "No SVHC"; VariantName = "[No Variations]"
Change component parameters (AddParameter): Name = "Resistance"; Value = "500R"; VariantName = "[No Variations]"
Change component parameters (AddParameter): Name = "Resistance Tolerance"; Value = "10%"; VariantName = "[No Variations]"
Change component parameters (AddParameter): Name = "Resistor Type"; Value = "Cermet"; VariantName = "[No Variations]"
Change component parameters (AddParameter): Name = "RoHS Compliant"; Value = "Yes"; VariantName = "[No Variations]"
Change component parameters (AddParameter): Name = "Series"; Value = "3296"; VariantName = "[No Variations]"
Change component parameters (AddParameter): Name = "Taper"; Value = "Linear"; VariantName = "[No Variations]"
Change component parameters (AddParameter): Name = "Technology"; Value = "CERMET"; VariantName = "[No Variations]"
Change component parameters (AddParameter): Name = "Temperature Coefficient"; Value = "100ppm/°C"; VariantName = "[No Variations]"
Change component parameters (AddParameter): Name = "Termination"; Value = "Pin"; VariantName = "[No Variations]"
Change component parameters (AddParameter): Name = "Tolerance"; Value = "10%"; VariantName = "[No Variations]"
Change component parameters (AddParameter): Name = "Weight"; Value = "0.03oz"; VariantName = "[No Variations]"
Change component parameters (AddParameter): Name = "Width"; Value = "9.53mm"; VariantName = "[No Variations]"
Change component parameters: Designator = "pot5" ("pot5"); Footprint = "FP-3296W-MFG"; UniqueID = "\GCHDXHLG" ("\GCHDXHLG")
Change component parameters (AddParameter): Name = "Color"; Value = "Blue"; VariantName = "[No Variations]"
Change component parameters (AddParameter): Name = "Contact Plating"; Value = "Tin"; VariantName = "[No Variations]"
Change component parameters (AddParameter): Name = "Depth"; Value = "4.83mm"; VariantName = "[No Variations]"
Change component parameters (AddParameter): Name = "Height"; Value = "0.395inch"; VariantName = "[No Variations]"
Change component parameters (AddParameter): Name = "Lead Free"; Value = "Lead Free"; VariantName = "[No Variations]"
Change component parameters (AddParameter): Name = "Length"; Value = "9.53mm"; VariantName = "[No Variations]"
Change component parameters (AddParameter): Name = "Max Operating Temperature"; Value = "125°C"; VariantName = "[No Variations]"
Change component parameters (AddParameter): Name = "Max Power Dissipation"; Value = "500mW"; VariantName = "[No Variations]"
Change component parameters (AddParameter): Name = "Military Standard"; Value = "Not"; VariantName = "[No Variations]"
Change component parameters (AddParameter): Name = "Min Operating Temperature"; Value = "-55°C"; VariantName = "[No Variations]"
Change component parameters (AddParameter): Name = "Mount"; Value = "Through Hole"; VariantName = "[No Variations]"
Change component parameters (AddParameter): Name = "Number of Turns"; Value = "25"; VariantName = "[No Variations]"
Change component parameters (AddParameter): Name = "Package Quantity"; Value = "50"; VariantName = "[No Variations]"
Change component parameters (AddParameter): Name = "Packaging"; Value = "Rail/Tube"; VariantName = "[No Variations]"
Change component parameters (AddParameter): Name = "Power Rating"; Value = "500mW"; VariantName = "[No Variations]"
Change component parameters (AddParameter): Name = "Radiation Hardening"; Value = "No"; VariantName = "[No Variations]"
Change component parameters (AddParameter): Name = "REACH SVHC"; Value = "No SVHC"; VariantName = "[No Variations]"
Change component parameters (AddParameter): Name = "Resistance"; Value = "500R"; VariantName = "[No Variations]"
Change component parameters (AddParameter): Name = "Resistance Tolerance"; Value = "10%"; VariantName = "[No Variations]"
Change component parameters (AddParameter): Name = "Resistor Type"; Value = "Cermet"; VariantName = "[No Variations]"
Change component parameters (AddParameter): Name = "RoHS Compliant"; Value = "Yes"; VariantName = "[No Variations]"
Change component parameters (AddParameter): Name = "Series"; Value = "3296"; VariantName = "[No Variations]"
Change component parameters (AddParameter): Name = "Taper"; Value = "Linear"; VariantName = "[No Variations]"
Change component parameters (AddParameter): Name = "Technology"; Value = "CERMET"; VariantName = "[No Variations]"
Change component parameters (AddParameter): Name = "Temperature Coefficient"; Value = "100ppm/°C"; VariantName = "[No Variations]"
Change component parameters (AddParameter): Name = "Termination"; Value = "Pin"; VariantName = "[No Variations]"
Change component parameters (AddParameter): Name = "Tolerance"; Value = "10%"; VariantName = "[No Variations]"
Change component parameters (AddParameter): Name = "Weight"; Value = "0.03oz"; VariantName = "[No Variations]"
Change component parameters (AddParameter): Name = "Width"; Value = "9.53mm"; VariantName = "[No Variations]"
Change component parameters: Designator = "pot6" ("pot6"); Footprint = "FP-3296W-MFG"; UniqueID = "\GELKOIDS" ("\GELKOIDS")
Change component parameters (AddParameter): Name = "Color"; Value = "Blue"; VariantName = "[No Variations]"
Change component parameters (AddParameter): Name = "Contact Plating"; Value = "Tin"; VariantName = "[No Variations]"
Change component parameters (AddParameter): Name = "Depth"; Value = "4.83mm"; VariantName = "[No Variations]"
Change component parameters (AddParameter): Name = "Height"; Value = "0.395inch"; VariantName = "[No Variations]"
Change component parameters (AddParameter): Name = "Lead Free"; Value = "Lead Free"; VariantName = "[No Variations]"
Change component parameters (AddParameter): Name = "Length"; Value = "9.53mm"; VariantName = "[No Variations]"
Change component parameters (AddParameter): Name = "Max Operating Temperature"; Value = "125°C"; VariantName = "[No Variations]"
Change component parameters (AddParameter): Name = "Max Power Dissipation"; Value = "500mW"; VariantName = "[No Variations]"
Change component parameters (AddParameter): Name = "Military Standard"; Value = "Not"; VariantName = "[No Variations]"
Change component parameters (AddParameter): Name = "Min Operating Temperature"; Value = "-55°C"; VariantName = "[No Variations]"
Change component parameters (AddParameter): Name = "Mount"; Value = "Through Hole"; VariantName = "[No Variations]"
Change component parameters (AddParameter): Name = "Number of Turns"; Value = "25"; VariantName = "[No Variations]"
Change component parameters (AddParameter): Name = "Package Quantity"; Value = "50"; VariantName = "[No Variations]"
Change component parameters (AddParameter): Name = "Packaging"; Value = "Rail/Tube"; VariantName = "[No Variations]"
Change component parameters (AddParameter): Name = "Power Rating"; Value = "500mW"; VariantName = "[No Variations]"
Change component parameters (AddParameter): Name = "Radiation Hardening"; Value = "No"; VariantName = "[No Variations]"
Change component parameters (AddParameter): Name = "REACH SVHC"; Value = "No SVHC"; VariantName = "[No Variations]"
Change component parameters (AddParameter): Name = "Resistance"; Value = "500R"; VariantName = "[No Variations]"
Change component parameters (AddParameter): Name = "Resistance Tolerance"; Value = "10%"; VariantName = "[No Variations]"
Change component parameters (AddParameter): Name = "Resistor Type"; Value = "Cermet"; VariantName = "[No Variations]"
Change component parameters (AddParameter): Name = "RoHS Compliant"; Value = "Yes"; VariantName = "[No Variations]"
Change component parameters (AddParameter): Name = "Series"; Value = "3296"; VariantName = "[No Variations]"
Change component parameters (AddParameter): Name = "Taper"; Value = "Linear"; VariantName = "[No Variations]"
Change component parameters (AddParameter): Name = "Technology"; Value = "CERMET"; VariantName = "[No Variations]"
Change component parameters (AddParameter): Name = "Temperature Coefficient"; Value = "100ppm/°C"; VariantName = "[No Variations]"
Change component parameters (AddParameter): Name = "Termination"; Value = "Pin"; VariantName = "[No Variations]"
Change component parameters (AddParameter): Name = "Tolerance"; Value = "10%"; VariantName = "[No Variations]"
Change component parameters (AddParameter): Name = "Weight"; Value = "0.03oz"; VariantName = "[No Variations]"
Change component parameters (AddParameter): Name = "Width"; Value = "9.53mm"; VariantName = "[No Variations]"
Change component parameters: Designator = "R2" ("R2"); Footprint = "FP-MRS1600-MFG"; UniqueID = "\EBEQYVFQ" ("\EBEQYVFQ")
Change component parameters (AddParameter): Name = "Case/Package"; Value = "Conformal"; VariantName = "[No Variations]"
Change component parameters (AddParameter): Name = "Construction"; Value = "Cylindrical"; VariantName = "[No Variations]"
Change component parameters (AddParameter): Name = "Contact Plating"; Value = "Tin"; VariantName = "[No Variations]"
Change component parameters (AddParameter): Name = "Diameter"; Value = "1.6mm"; VariantName = "[No Variations]"
Change component parameters (AddParameter): Name = "Length"; Value = "3.6mm"; VariantName = "[No Variations]"
Change component parameters (AddParameter): Name = "Max Operating Temperature"; Value = "155°C"; VariantName = "[No Variations]"
Change component parameters (AddParameter): Name = "Max Power Dissipation"; Value = "400mW"; VariantName = "[No Variations]"
Change component parameters (AddParameter): Name = "Military Standard"; Value = "Not"; VariantName = "[No Variations]"
Change component parameters (AddParameter): Name = "Min Operating Temperature"; Value = "-55°C"; VariantName = "[No Variations]"
Change component parameters (AddParameter): Name = "Mount"; Value = "Through Hole"; VariantName = "[No Variations]"
Change component parameters (AddParameter): Name = "Number of Terminations"; Value = "2"; VariantName = "[No Variations]"
Change component parameters (AddParameter): Name = "Packaging"; Value = "Tape and Reel"; VariantName = "[No Variations]"
Change component parameters (AddParameter): Name = "Power Rating"; Value = "400mW"; VariantName = "[No Variations]"
Change component parameters (AddParameter): Name = "Radiation Hardening"; Value = "No"; VariantName = "[No Variations]"
Change component parameters (AddParameter): Name = "Resistance"; Value = "20kR"; VariantName = "[No Variations]"
Change component parameters (AddParameter): Name = "Resistor Type"; Value = "Metal Film"; VariantName = "[No Variations]"
Change component parameters (AddParameter): Name = "RoHS Compliant"; Value = "Yes"; VariantName = "[No Variations]"
Change component parameters (AddParameter): Name = "Series"; Value = "MRS16"; VariantName = "[No Variations]"
Change component parameters (AddParameter): Name = "Technology"; Value = "THIN FILM"; VariantName = "[No Variations]"
Change component parameters (AddParameter): Name = "Temperature Coefficient"; Value = "50ppm/°C"; VariantName = "[No Variations]"
Change component parameters (AddParameter): Name = "Termination"; Value = "Axial"; VariantName = "[No Variations]"
Change component parameters (AddParameter): Name = "Tolerance"; Value = "1%"; VariantName = "[No Variations]"
Change component parameters: Designator = "R3" ("R3"); Footprint = "FP-MRS1600-MFG"; UniqueID = "\TCNUMYHN" ("\TCNUMYHN")
Change component parameters (AddParameter): Name = "Case/Package"; Value = "Conformal"; VariantName = "[No Variations]"
Change component parameters (AddParameter): Name = "Construction"; Value = "Cylindrical"; VariantName = "[No Variations]"
Change component parameters (AddParameter): Name = "Contact Plating"; Value = "Tin"; VariantName = "[No Variations]"
Change component parameters (AddParameter): Name = "Diameter"; Value = "1.6mm"; VariantName = "[No Variations]"
Change component parameters (AddParameter): Name = "Length"; Value = "3.6mm"; VariantName = "[No Variations]"
Change component parameters (AddParameter): Name = "Max Operating Temperature"; Value = "155°C"; VariantName = "[No Variations]"
Change component parameters (AddParameter): Name = "Max Power Dissipation"; Value = "400mW"; VariantName = "[No Variations]"
Change component parameters (AddParameter): Name = "Military Standard"; Value = "Not"; VariantName = "[No Variations]"
Change component parameters (AddParameter): Name = "Min Operating Temperature"; Value = "-55°C"; VariantName = "[No Variations]"
Change component parameters (AddParameter): Name = "Mount"; Value = "Through Hole"; VariantName = "[No Variations]"
Change component parameters (AddParameter): Name = "Number of Terminations"; Value = "2"; VariantName = "[No Variations]"
Change component parameters (AddParameter): Name = "Packaging"; Value = "Tape and Reel"; VariantName = "[No Variations]"
Change component parameters (AddParameter): Name = "Power Rating"; Value = "400mW"; VariantName = "[No Variations]"
Change component parameters (AddParameter): Name = "Radiation Hardening"; Value = "No"; VariantName = "[No Variations]"
Change component parameters (AddParameter): Name = "Resistance"; Value = "20kR"; VariantName = "[No Variations]"
Change component parameters (AddParameter): Name = "Resistor Type"; Value = "Metal Film"; VariantName = "[No Variations]"
Change component parameters (AddParameter): Name = "RoHS Compliant"; Value = "Yes"; VariantName = "[No Variations]"
Change component parameters (AddParameter): Name = "Series"; Value = "MRS16"; VariantName = "[No Variations]"
Change component parameters (AddParameter): Name = "Technology"; Value = "THIN FILM"; VariantName = "[No Variations]"
Change component parameters (AddParameter): Name = "Temperature Coefficient"; Value = "50ppm/°C"; VariantName = "[No Variations]"
Change component parameters (AddParameter): Name = "Termination"; Value = "Axial"; VariantName = "[No Variations]"
Change component parameters (AddParameter): Name = "Tolerance"; Value = "1%"; VariantName = "[No Variations]"
Change component parameters: Designator = "R4" ("R4"); Footprint = "FP-MRS1600-MFG"; UniqueID = "\OKBLXWPU" ("\OKBLXWPU")
Change component parameters (AddParameter): Name = "Case/Package"; Value = "Conformal"; VariantName = "[No Variations]"
Change component parameters (AddParameter): Name = "Construction"; Value = "Cylindrical"; VariantName = "[No Variations]"
Change component parameters (AddParameter): Name = "Contact Plating"; Value = "Tin"; VariantName = "[No Variations]"
Change component parameters (AddParameter): Name = "Diameter"; Value = "1.6mm"; VariantName = "[No Variations]"
Change component parameters (AddParameter): Name = "Length"; Value = "3.6mm"; VariantName = "[No Variations]"
Change component parameters (AddParameter): Name = "Max Operating Temperature"; Value = "155°C"; VariantName = "[No Variations]"
Change component parameters (AddParameter): Name = "Max Power Dissipation"; Value = "400mW"; VariantName = "[No Variations]"
Change component parameters (AddParameter): Name = "Military Standard"; Value = "Not"; VariantName = "[No Variations]"
Change component parameters (AddParameter): Name = "Min Operating Temperature"; Value = "-55°C"; VariantName = "[No Variations]"
Change component parameters (AddParameter): Name = "Mount"; Value = "Through Hole"; VariantName = "[No Variations]"
Change component parameters (AddParameter): Name = "Number of Terminations"; Value = "2"; VariantName = "[No Variations]"
Change component parameters (AddParameter): Name = "Packaging"; Value = "Tape and Reel"; VariantName = "[No Variations]"
Change component parameters (AddParameter): Name = "Power Rating"; Value = "400mW"; VariantName = "[No Variations]"
Change component parameters (AddParameter): Name = "Radiation Hardening"; Value = "No"; VariantName = "[No Variations]"
Change component parameters (AddParameter): Name = "Resistance"; Value = "20kR"; VariantName = "[No Variations]"
Change component parameters (AddParameter): Name = "Resistor Type"; Value = "Metal Film"; VariantName = "[No Variations]"
Change component parameters (AddParameter): Name = "RoHS Compliant"; Value = "Yes"; VariantName = "[No Variations]"
Change component parameters (AddParameter): Name = "Series"; Value = "MRS16"; VariantName = "[No Variations]"
Change component parameters (AddParameter): Name = "Technology"; Value = "THIN FILM"; VariantName = "[No Variations]"
Change component parameters (AddParameter): Name = "Temperature Coefficient"; Value = "50ppm/°C"; VariantName = "[No Variations]"
Change component parameters (AddParameter): Name = "Termination"; Value = "Axial"; VariantName = "[No Variations]"
Change component parameters (AddParameter): Name = "Tolerance"; Value = "1%"; VariantName = "[No Variations]"
Change component parameters: Designator = "R6" ("R6"); Footprint = "FP-MRS1600-MFG"; UniqueID = "\ADANTSPV" ("\ADANTSPV")
Change component parameters (AddParameter): Name = "Case/Package"; Value = "Conformal"; VariantName = "[No Variations]"
Change component parameters (AddParameter): Name = "Construction"; Value = "Cylindrical"; VariantName = "[No Variations]"
Change component parameters (AddParameter): Name = "Contact Plating"; Value = "Tin"; VariantName = "[No Variations]"
Change component parameters (AddParameter): Name = "Diameter"; Value = "1.6mm"; VariantName = "[No Variations]"
Change component parameters (AddParameter): Name = "Length"; Value = "3.6mm"; VariantName = "[No Variations]"
Change component parameters (AddParameter): Name = "Max Operating Temperature"; Value = "155°C"; VariantName = "[No Variations]"
Change component parameters (AddParameter): Name = "Max Power Dissipation"; Value = "400mW"; VariantName = "[No Variations]"
Change component parameters (AddParameter): Name = "Military Standard"; Value = "Not"; VariantName = "[No Variations]"
Change component parameters (AddParameter): Name = "Min Operating Temperature"; Value = "-55°C"; VariantName = "[No Variations]"
Change component parameters (AddParameter): Name = "Mount"; Value = "Through Hole"; VariantName = "[No Variations]"
Change component parameters (AddParameter): Name = "Number of Terminations"; Value = "2"; VariantName = "[No Variations]"
Change component parameters (AddParameter): Name = "Packaging"; Value = "Tape and Reel"; VariantName = "[No Variations]"
Change component parameters (AddParameter): Name = "Power Rating"; Value = "400mW"; VariantName = "[No Variations]"
Change component parameters (AddParameter): Name = "Radiation Hardening"; Value = "No"; VariantName = "[No Variations]"
Change component parameters (AddParameter): Name = "Resistance"; Value = "20kR"; VariantName = "[No Variations]"
Change component parameters (AddParameter): Name = "Resistor Type"; Value = "Metal Film"; VariantName = "[No Variations]"
Change component parameters (AddParameter): Name = "RoHS Compliant"; Value = "Yes"; VariantName = "[No Variations]"
Change component parameters (AddParameter): Name = "Series"; Value = "MRS16"; VariantName = "[No Variations]"
Change component parameters (AddParameter): Name = "Technology"; Value = "THIN FILM"; VariantName = "[No Variations]"
Change component parameters (AddParameter): Name = "Temperature Coefficient"; Value = "50ppm/°C"; VariantName = "[No Variations]"
Change component parameters (AddParameter): Name = "Termination"; Value = "Axial"; VariantName = "[No Variations]"
Change component parameters (AddParameter): Name = "Tolerance"; Value = "1%"; VariantName = "[No Variations]"
Change component parameters: Designator = "R7" ("R7"); Footprint = "FP-MRS1600-MFG"; UniqueID = "\GKYOOXGM" ("\GKYOOXGM")
Change component parameters (AddParameter): Name = "Case/Package"; Value = "Conformal"; VariantName = "[No Variations]"
Change component parameters (AddParameter): Name = "Construction"; Value = "Cylindrical"; VariantName = "[No Variations]"
Change component parameters (AddParameter): Name = "Contact Plating"; Value = "Tin"; VariantName = "[No Variations]"
Change component parameters (AddParameter): Name = "Diameter"; Value = "1.6mm"; VariantName = "[No Variations]"
Change component parameters (AddParameter): Name = "Length"; Value = "3.6mm"; VariantName = "[No Variations]"
Change component parameters (AddParameter): Name = "Max Operating Temperature"; Value = "155°C"; VariantName = "[No Variations]"
Change component parameters (AddParameter): Name = "Max Power Dissipation"; Value = "400mW"; VariantName = "[No Variations]"
Change component parameters (AddParameter): Name = "Military Standard"; Value = "Not"; VariantName = "[No Variations]"
Change component parameters (AddParameter): Name = "Min Operating Temperature"; Value = "-55°C"; VariantName = "[No Variations]"
Change component parameters (AddParameter): Name = "Mount"; Value = "Through Hole"; VariantName = "[No Variations]"
Change component parameters (AddParameter): Name = "Number of Terminations"; Value = "2"; VariantName = "[No Variations]"
Change component parameters (AddParameter): Name = "Packaging"; Value = "Tape and Reel"; VariantName = "[No Variations]"
Change component parameters (AddParameter): Name = "Power Rating"; Value = "400mW"; VariantName = "[No Variations]"
Change component parameters (AddParameter): Name = "Radiation Hardening"; Value = "No"; VariantName = "[No Variations]"
Change component parameters (AddParameter): Name = "Resistance"; Value = "20kR"; VariantName = "[No Variations]"
Change component parameters (AddParameter): Name = "Resistor Type"; Value = "Metal Film"; VariantName = "[No Variations]"
Change component parameters (AddParameter): Name = "RoHS Compliant"; Value = "Yes"; VariantName = "[No Variations]"
Change component parameters (AddParameter): Name = "Series"; Value = "MRS16"; VariantName = "[No Variations]"
Change component parameters (AddParameter): Name = "Technology"; Value = "THIN FILM"; VariantName = "[No Variations]"
Change component parameters (AddParameter): Name = "Temperature Coefficient"; Value = "50ppm/°C"; VariantName = "[No Variations]"
Change component parameters (AddParameter): Name = "Termination"; Value = "Axial"; VariantName = "[No Variations]"
Change component parameters (AddParameter): Name = "Tolerance"; Value = "1%"; VariantName = "[No Variations]"
Change component parameters: Designator = "R8" ("R8"); Footprint = "FP-MRS1600-MFG"; UniqueID = "\DSISRHDB" ("\DSISRHDB")
Change component parameters (AddParameter): Name = "Case/Package"; Value = "Conformal"; VariantName = "[No Variations]"
Change component parameters (AddParameter): Name = "Construction"; Value = "Cylindrical"; VariantName = "[No Variations]"
Change component parameters (AddParameter): Name = "Contact Plating"; Value = "Tin"; VariantName = "[No Variations]"
Change component parameters (AddParameter): Name = "Diameter"; Value = "1.6mm"; VariantName = "[No Variations]"
Change component parameters (AddParameter): Name = "Length"; Value = "3.6mm"; VariantName = "[No Variations]"
Change component parameters (AddParameter): Name = "Max Operating Temperature"; Value = "155°C"; VariantName = "[No Variations]"
Change component parameters (AddParameter): Name = "Max Power Dissipation"; Value = "400mW"; VariantName = "[No Variations]"
Change component parameters (AddParameter): Name = "Military Standard"; Value = "Not"; VariantName = "[No Variations]"
Change component parameters (AddParameter): Name = "Min Operating Temperature"; Value = "-55°C"; VariantName = "[No Variations]"
Change component parameters (AddParameter): Name = "Mount"; Value = "Through Hole"; VariantName = "[No Variations]"
Change component parameters (AddParameter): Name = "Number of Terminations"; Value = "2"; VariantName = "[No Variations]"
Change component parameters (AddParameter): Name = "Packaging"; Value = "Tape and Reel"; VariantName = "[No Variations]"
Change component parameters (AddParameter): Name = "Power Rating"; Value = "400mW"; VariantName = "[No Variations]"
Change component parameters (AddParameter): Name = "Radiation Hardening"; Value = "No"; VariantName = "[No Variations]"
Change component parameters (AddParameter): Name = "Resistance"; Value = "20kR"; VariantName = "[No Variations]"
Change component parameters (AddParameter): Name = "Resistor Type"; Value = "Metal Film"; VariantName = "[No Variations]"
Change component parameters (AddParameter): Name = "RoHS Compliant"; Value = "Yes"; VariantName = "[No Variations]"
Change component parameters (AddParameter): Name = "Series"; Value = "MRS16"; VariantName = "[No Variations]"
Change component parameters (AddParameter): Name = "Technology"; Value = "THIN FILM"; VariantName = "[No Variations]"
Change component parameters (AddParameter): Name = "Temperature Coefficient"; Value = "50ppm/°C"; VariantName = "[No Variations]"
Change component parameters (AddParameter): Name = "Termination"; Value = "Axial"; VariantName = "[No Variations]"
Change component parameters (AddParameter): Name = "Tolerance"; Value = "1%"; VariantName = "[No Variations]"
Change component parameters: Designator = "R10" ("R10"); Footprint = "FP-MRS1600-MFG"; UniqueID = "\GMGTOISN" ("\GMGTOISN")
Change component parameters (AddParameter): Name = "Case/Package"; Value = "Conformal"; VariantName = "[No Variations]"
Change component parameters (AddParameter): Name = "Construction"; Value = "Cylindrical"; VariantName = "[No Variations]"
Change component parameters (AddParameter): Name = "Contact Plating"; Value = "Tin"; VariantName = "[No Variations]"
Change component parameters (AddParameter): Name = "Diameter"; Value = "1.6mm"; VariantName = "[No Variations]"
Change component parameters (AddParameter): Name = "Length"; Value = "3.6mm"; VariantName = "[No Variations]"
Change component parameters (AddParameter): Name = "Max Operating Temperature"; Value = "155°C"; VariantName = "[No Variations]"
Change component parameters (AddParameter): Name = "Max Power Dissipation"; Value = "400mW"; VariantName = "[No Variations]"
Change component parameters (AddParameter): Name = "Military Standard"; Value = "Not"; VariantName = "[No Variations]"
Change component parameters (AddParameter): Name = "Min Operating Temperature"; Value = "-55°C"; VariantName = "[No Variations]"
Change component parameters (AddParameter): Name = "Mount"; Value = "Through Hole"; VariantName = "[No Variations]"
Change component parameters (AddParameter): Name = "Number of Terminations"; Value = "2"; VariantName = "[No Variations]"
Change component parameters (AddParameter): Name = "Packaging"; Value = "Tape and Reel"; VariantName = "[No Variations]"
Change component parameters (AddParameter): Name = "Power Rating"; Value = "400mW"; VariantName = "[No Variations]"
Change component parameters (AddParameter): Name = "Radiation Hardening"; Value = "No"; VariantName = "[No Variations]"
Change component parameters (AddParameter): Name = "Resistance"; Value = "20kR"; VariantName = "[No Variations]"
Change component parameters (AddParameter): Name = "Resistor Type"; Value = "Metal Film"; VariantName = "[No Variations]"
Change component parameters (AddParameter): Name = "RoHS Compliant"; Value = "Yes"; VariantName = "[No Variations]"
Change component parameters (AddParameter): Name = "Series"; Value = "MRS16"; VariantName = "[No Variations]"
Change component parameters (AddParameter): Name = "Technology"; Value = "THIN FILM"; VariantName = "[No Variations]"
Change component parameters (AddParameter): Name = "Temperature Coefficient"; Value = "50ppm/°C"; VariantName = "[No Variations]"
Change component parameters (AddParameter): Name = "Termination"; Value = "Axial"; VariantName = "[No Variations]"
Change component parameters (AddParameter): Name = "Tolerance"; Value = "1%"; VariantName = "[No Variations]"
Change component parameters: Designator = "R11" ("R11"); Footprint = "FP-MRS1600-MFG"; UniqueID = "\RBBRBFNT" ("\RBBRBFNT")
Change component parameters (AddParameter): Name = "Case/Package"; Value = "Conformal"; VariantName = "[No Variations]"
Change component parameters (AddParameter): Name = "Construction"; Value = "Cylindrical"; VariantName = "[No Variations]"
Change component parameters (AddParameter): Name = "Contact Plating"; Value = "Tin"; VariantName = "[No Variations]"
Change component parameters (AddParameter): Name = "Diameter"; Value = "1.6mm"; VariantName = "[No Variations]"
Change component parameters (AddParameter): Name = "Length"; Value = "3.6mm"; VariantName = "[No Variations]"
Change component parameters (AddParameter): Name = "Max Operating Temperature"; Value = "155°C"; VariantName = "[No Variations]"
Change component parameters (AddParameter): Name = "Max Power Dissipation"; Value = "400mW"; VariantName = "[No Variations]"
Change component parameters (AddParameter): Name = "Military Standard"; Value = "Not"; VariantName = "[No Variations]"
Change component parameters (AddParameter): Name = "Min Operating Temperature"; Value = "-55°C"; VariantName = "[No Variations]"
Change component parameters (AddParameter): Name = "Mount"; Value = "Through Hole"; VariantName = "[No Variations]"
Change component parameters (AddParameter): Name = "Number of Terminations"; Value = "2"; VariantName = "[No Variations]"
Change component parameters (AddParameter): Name = "Packaging"; Value = "Tape and Reel"; VariantName = "[No Variations]"
Change component parameters (AddParameter): Name = "Power Rating"; Value = "400mW"; VariantName = "[No Variations]"
Change component parameters (AddParameter): Name = "Radiation Hardening"; Value = "No"; VariantName = "[No Variations]"
Change component parameters (AddParameter): Name = "Resistance"; Value = "20kR"; VariantName = "[No Variations]"
Change component parameters (AddParameter): Name = "Resistor Type"; Value = "Metal Film"; VariantName = "[No Variations]"
Change component parameters (AddParameter): Name = "RoHS Compliant"; Value = "Yes"; VariantName = "[No Variations]"
Change component parameters (AddParameter): Name = "Series"; Value = "MRS16"; VariantName = "[No Variations]"
Change component parameters (AddParameter): Name = "Technology"; Value = "THIN FILM"; VariantName = "[No Variations]"
Change component parameters (AddParameter): Name = "Temperature Coefficient"; Value = "50ppm/°C"; VariantName = "[No Variations]"
Change component parameters (AddParameter): Name = "Termination"; Value = "Axial"; VariantName = "[No Variations]"
Change component parameters (AddParameter): Name = "Tolerance"; Value = "1%"; VariantName = "[No Variations]"
Change component parameters: Designator = "R12" ("R12"); Footprint = "FP-MRS1600-MFG"; UniqueID = "\PANTTDJW" ("\PANTTDJW")
Change component parameters (AddParameter): Name = "Case/Package"; Value = "Conformal"; VariantName = "[No Variations]"
Change component parameters (AddParameter): Name = "Construction"; Value = "Cylindrical"; VariantName = "[No Variations]"
Change component parameters (AddParameter): Name = "Contact Plating"; Value = "Tin"; VariantName = "[No Variations]"
Change component parameters (AddParameter): Name = "Diameter"; Value = "1.6mm"; VariantName = "[No Variations]"
Change component parameters (AddParameter): Name = "Length"; Value = "3.6mm"; VariantName = "[No Variations]"
Change component parameters (AddParameter): Name = "Max Operating Temperature"; Value = "155°C"; VariantName = "[No Variations]"
Change component parameters (AddParameter): Name = "Max Power Dissipation"; Value = "400mW"; VariantName = "[No Variations]"
Change component parameters (AddParameter): Name = "Military Standard"; Value = "Not"; VariantName = "[No Variations]"
Change component parameters (AddParameter): Name = "Min Operating Temperature"; Value = "-55°C"; VariantName = "[No Variations]"
Change component parameters (AddParameter): Name = "Mount"; Value = "Through Hole"; VariantName = "[No Variations]"
Change component parameters (AddParameter): Name = "Number of Terminations"; Value = "2"; VariantName = "[No Variations]"
Change component parameters (AddParameter): Name = "Packaging"; Value = "Tape and Reel"; VariantName = "[No Variations]"
Change component parameters (AddParameter): Name = "Power Rating"; Value = "400mW"; VariantName = "[No Variations]"
Change component parameters (AddParameter): Name = "Radiation Hardening"; Value = "No"; VariantName = "[No Variations]"
Change component parameters (AddParameter): Name = "Resistance"; Value = "20kR"; VariantName = "[No Variations]"
Change component parameters (AddParameter): Name = "Resistor Type"; Value = "Metal Film"; VariantName = "[No Variations]"
Change component parameters (AddParameter): Name = "RoHS Compliant"; Value = "Yes"; VariantName = "[No Variations]"
Change component parameters (AddParameter): Name = "Series"; Value = "MRS16"; VariantName = "[No Variations]"
Change component parameters (AddParameter): Name = "Technology"; Value = "THIN FILM"; VariantName = "[No Variations]"
Change component parameters (AddParameter): Name = "Temperature Coefficient"; Value = "50ppm/°C"; VariantName = "[No Variations]"
Change component parameters (AddParameter): Name = "Termination"; Value = "Axial"; VariantName = "[No Variations]"
Change component parameters (AddParameter): Name = "Tolerance"; Value = "1%"; VariantName = "[No Variations]"
Change component parameters: Designator = "R14" ("R14"); Footprint = "FP-MRS1600-MFG"; UniqueID = "\DOSZNOJD" ("\DOSZNOJD")
Change component parameters (AddParameter): Name = "Case/Package"; Value = "Conformal"; VariantName = "[No Variations]"
Change component parameters (AddParameter): Name = "Construction"; Value = "Cylindrical"; VariantName = "[No Variations]"
Change component parameters (AddParameter): Name = "Contact Plating"; Value = "Tin"; VariantName = "[No Variations]"
Change component parameters (AddParameter): Name = "Diameter"; Value = "1.6mm"; VariantName = "[No Variations]"
Change component parameters (AddParameter): Name = "Length"; Value = "3.6mm"; VariantName = "[No Variations]"
Change component parameters (AddParameter): Name = "Max Operating Temperature"; Value = "155°C"; VariantName = "[No Variations]"
Change component parameters (AddParameter): Name = "Max Power Dissipation"; Value = "400mW"; VariantName = "[No Variations]"
Change component parameters (AddParameter): Name = "Military Standard"; Value = "Not"; VariantName = "[No Variations]"
Change component parameters (AddParameter): Name = "Min Operating Temperature"; Value = "-55°C"; VariantName = "[No Variations]"
Change component parameters (AddParameter): Name = "Mount"; Value = "Through Hole"; VariantName = "[No Variations]"
Change component parameters (AddParameter): Name = "Number of Terminations"; Value = "2"; VariantName = "[No Variations]"
Change component parameters (AddParameter): Name = "Packaging"; Value = "Tape and Reel"; VariantName = "[No Variations]"
Change component parameters (AddParameter): Name = "Power Rating"; Value = "400mW"; VariantName = "[No Variations]"
Change component parameters (AddParameter): Name = "Radiation Hardening"; Value = "No"; VariantName = "[No Variations]"
Change component parameters (AddParameter): Name = "Resistance"; Value = "20kR"; VariantName = "[No Variations]"
Change component parameters (AddParameter): Name = "Resistor Type"; Value = "Metal Film"; VariantName = "[No Variations]"
Change component parameters (AddParameter): Name = "RoHS Compliant"; Value = "Yes"; VariantName = "[No Variations]"
Change component parameters (AddParameter): Name = "Series"; Value = "MRS16"; VariantName = "[No Variations]"
Change component parameters (AddParameter): Name = "Technology"; Value = "THIN FILM"; VariantName = "[No Variations]"
Change component parameters (AddParameter): Name = "Temperature Coefficient"; Value = "50ppm/°C"; VariantName = "[No Variations]"
Change component parameters (AddParameter): Name = "Termination"; Value = "Axial"; VariantName = "[No Variations]"
Change component parameters (AddParameter): Name = "Tolerance"; Value = "1%"; VariantName = "[No Variations]"
Change component parameters: Designator = "R15" ("R15"); Footprint = "FP-MRS1600-MFG"; UniqueID = "\BINPHKXY" ("\BINPHKXY")
Change component parameters (AddParameter): Name = "Case/Package"; Value = "Conformal"; VariantName = "[No Variations]"
Change component parameters (AddParameter): Name = "Construction"; Value = "Cylindrical"; VariantName = "[No Variations]"
Change component parameters (AddParameter): Name = "Contact Plating"; Value = "Tin"; VariantName = "[No Variations]"
Change component parameters (AddParameter): Name = "Diameter"; Value = "1.6mm"; VariantName = "[No Variations]"
Change component parameters (AddParameter): Name = "Length"; Value = "3.6mm"; VariantName = "[No Variations]"
Change component parameters (AddParameter): Name = "Max Operating Temperature"; Value = "155°C"; VariantName = "[No Variations]"
Change component parameters (AddParameter): Name = "Max Power Dissipation"; Value = "400mW"; VariantName = "[No Variations]"
Change component parameters (AddParameter): Name = "Military Standard"; Value = "Not"; VariantName = "[No Variations]"
Change component parameters (AddParameter): Name = "Min Operating Temperature"; Value = "-55°C"; VariantName = "[No Variations]"
Change component parameters (AddParameter): Name = "Mount"; Value = "Through Hole"; VariantName = "[No Variations]"
Change component parameters (AddParameter): Name = "Number of Terminations"; Value = "2"; VariantName = "[No Variations]"
Change component parameters (AddParameter): Name = "Packaging"; Value = "Tape and Reel"; VariantName = "[No Variations]"
Change component parameters (AddParameter): Name = "Power Rating"; Value = "400mW"; VariantName = "[No Variations]"
Change component parameters (AddParameter): Name = "Radiation Hardening"; Value = "No"; VariantName = "[No Variations]"
Change component parameters (AddParameter): Name = "Resistance"; Value = "20kR"; VariantName = "[No Variations]"
Change component parameters (AddParameter): Name = "Resistor Type"; Value = "Metal Film"; VariantName = "[No Variations]"
Change component parameters (AddParameter): Name = "RoHS Compliant"; Value = "Yes"; VariantName = "[No Variations]"
Change component parameters (AddParameter): Name = "Series"; Value = "MRS16"; VariantName = "[No Variations]"
Change component parameters (AddParameter): Name = "Technology"; Value = "THIN FILM"; VariantName = "[No Variations]"
Change component parameters (AddParameter): Name = "Temperature Coefficient"; Value = "50ppm/°C"; VariantName = "[No Variations]"
Change component parameters (AddParameter): Name = "Termination"; Value = "Axial"; VariantName = "[No Variations]"
Change component parameters (AddParameter): Name = "Tolerance"; Value = "1%"; VariantName = "[No Variations]"
Change component parameters: Designator = "R16" ("R16"); Footprint = "FP-MRS1600-MFG"; UniqueID = "\BLEZZPPI" ("\BLEZZPPI")
Change component parameters (AddParameter): Name = "Case/Package"; Value = "Conformal"; VariantName = "[No Variations]"
Change component parameters (AddParameter): Name = "Construction"; Value = "Cylindrical"; VariantName = "[No Variations]"
Change component parameters (AddParameter): Name = "Contact Plating"; Value = "Tin"; VariantName = "[No Variations]"
Change component parameters (AddParameter): Name = "Diameter"; Value = "1.6mm"; VariantName = "[No Variations]"
Change component parameters (AddParameter): Name = "Length"; Value = "3.6mm"; VariantName = "[No Variations]"
Change component parameters (AddParameter): Name = "Max Operating Temperature"; Value = "155°C"; VariantName = "[No Variations]"
Change component parameters (AddParameter): Name = "Max Power Dissipation"; Value = "400mW"; VariantName = "[No Variations]"
Change component parameters (AddParameter): Name = "Military Standard"; Value = "Not"; VariantName = "[No Variations]"
Change component parameters (AddParameter): Name = "Min Operating Temperature"; Value = "-55°C"; VariantName = "[No Variations]"
Change component parameters (AddParameter): Name = "Mount"; Value = "Through Hole"; VariantName = "[No Variations]"
Change component parameters (AddParameter): Name = "Number of Terminations"; Value = "2"; VariantName = "[No Variations]"
Change component parameters (AddParameter): Name = "Packaging"; Value = "Tape and Reel"; VariantName = "[No Variations]"
Change component parameters (AddParameter): Name = "Power Rating"; Value = "400mW"; VariantName = "[No Variations]"
Change component parameters (AddParameter): Name = "Radiation Hardening"; Value = "No"; VariantName = "[No Variations]"
Change component parameters (AddParameter): Name = "Resistance"; Value = "20kR"; VariantName = "[No Variations]"
Change component parameters (AddParameter): Name = "Resistor Type"; Value = "Metal Film"; VariantName = "[No Variations]"
Change component parameters (AddParameter): Name = "RoHS Compliant"; Value = "Yes"; VariantName = "[No Variations]"
Change component parameters (AddParameter): Name = "Series"; Value = "MRS16"; VariantName = "[No Variations]"
Change component parameters (AddParameter): Name = "Technology"; Value = "THIN FILM"; VariantName = "[No Variations]"
Change component parameters (AddParameter): Name = "Temperature Coefficient"; Value = "50ppm/°C"; VariantName = "[No Variations]"
Change component parameters (AddParameter): Name = "Termination"; Value = "Axial"; VariantName = "[No Variations]"
Change component parameters (AddParameter): Name = "Tolerance"; Value = "1%"; VariantName = "[No Variations]"
Change component parameters: Designator = "R18" ("R18"); Footprint = "FP-MRS1600-MFG"; UniqueID = "\EPSAFVYV" ("\EPSAFVYV")
Change component parameters (AddParameter): Name = "Case/Package"; Value = "Conformal"; VariantName = "[No Variations]"
Change component parameters (AddParameter): Name = "Construction"; Value = "Cylindrical"; VariantName = "[No Variations]"
Change component parameters (AddParameter): Name = "Contact Plating"; Value = "Tin"; VariantName = "[No Variations]"
Change component parameters (AddParameter): Name = "Diameter"; Value = "1.6mm"; VariantName = "[No Variations]"
Change component parameters (AddParameter): Name = "Length"; Value = "3.6mm"; VariantName = "[No Variations]"
Change component parameters (AddParameter): Name = "Max Operating Temperature"; Value = "155°C"; VariantName = "[No Variations]"
Change component parameters (AddParameter): Name = "Max Power Dissipation"; Value = "400mW"; VariantName = "[No Variations]"
Change component parameters (AddParameter): Name = "Military Standard"; Value = "Not"; VariantName = "[No Variations]"
Change component parameters (AddParameter): Name = "Min Operating Temperature"; Value = "-55°C"; VariantName = "[No Variations]"
Change component parameters (AddParameter): Name = "Mount"; Value = "Through Hole"; VariantName = "[No Variations]"
Change component parameters (AddParameter): Name = "Number of Terminations"; Value = "2"; VariantName = "[No Variations]"
Change component parameters (AddParameter): Name = "Packaging"; Value = "Tape and Reel"; VariantName = "[No Variations]"
Change component parameters (AddParameter): Name = "Power Rating"; Value = "400mW"; VariantName = "[No Variations]"
Change component parameters (AddParameter): Name = "Radiation Hardening"; Value = "No"; VariantName = "[No Variations]"
Change component parameters (AddParameter): Name = "Resistance"; Value = "20kR"; VariantName = "[No Variations]"
Change component parameters (AddParameter): Name = "Resistor Type"; Value = "Metal Film"; VariantName = "[No Variations]"
Change component parameters (AddParameter): Name = "RoHS Compliant"; Value = "Yes"; VariantName = "[No Variations]"
Change component parameters (AddParameter): Name = "Series"; Value = "MRS16"; VariantName = "[No Variations]"
Change component parameters (AddParameter): Name = "Technology"; Value = "THIN FILM"; VariantName = "[No Variations]"
Change component parameters (AddParameter): Name = "Temperature Coefficient"; Value = "50ppm/°C"; VariantName = "[No Variations]"
Change component parameters (AddParameter): Name = "Termination"; Value = "Axial"; VariantName = "[No Variations]"
Change component parameters (AddParameter): Name = "Tolerance"; Value = "1%"; VariantName = "[No Variations]"
Change component parameters: Designator = "R19" ("R19"); Footprint = "FP-MRS1600-MFG"; UniqueID = "\TUPLIGMF" ("\TUPLIGMF")
Change component parameters (AddParameter): Name = "Case/Package"; Value = "Conformal"; VariantName = "[No Variations]"
Change component parameters (AddParameter): Name = "Construction"; Value = "Cylindrical"; VariantName = "[No Variations]"
Change component parameters (AddParameter): Name = "Contact Plating"; Value = "Tin"; VariantName = "[No Variations]"
Change component parameters (AddParameter): Name = "Diameter"; Value = "1.6mm"; VariantName = "[No Variations]"
Change component parameters (AddParameter): Name = "Length"; Value = "3.6mm"; VariantName = "[No Variations]"
Change component parameters (AddParameter): Name = "Max Operating Temperature"; Value = "155°C"; VariantName = "[No Variations]"
Change component parameters (AddParameter): Name = "Max Power Dissipation"; Value = "400mW"; VariantName = "[No Variations]"
Change component parameters (AddParameter): Name = "Military Standard"; Value = "Not"; VariantName = "[No Variations]"
Change component parameters (AddParameter): Name = "Min Operating Temperature"; Value = "-55°C"; VariantName = "[No Variations]"
Change component parameters (AddParameter): Name = "Mount"; Value = "Through Hole"; VariantName = "[No Variations]"
Change component parameters (AddParameter): Name = "Number of Terminations"; Value = "2"; VariantName = "[No Variations]"
Change component parameters (AddParameter): Name = "Packaging"; Value = "Tape and Reel"; VariantName = "[No Variations]"
Change component parameters (AddParameter): Name = "Power Rating"; Value = "400mW"; VariantName = "[No Variations]"
Change component parameters (AddParameter): Name = "Radiation Hardening"; Value = "No"; VariantName = "[No Variations]"
Change component parameters (AddParameter): Name = "Resistance"; Value = "20kR"; VariantName = "[No Variations]"
Change component parameters (AddParameter): Name = "Resistor Type"; Value = "Metal Film"; VariantName = "[No Variations]"
Change component parameters (AddParameter): Name = "RoHS Compliant"; Value = "Yes"; VariantName = "[No Variations]"
Change component parameters (AddParameter): Name = "Series"; Value = "MRS16"; VariantName = "[No Variations]"
Change component parameters (AddParameter): Name = "Technology"; Value = "THIN FILM"; VariantName = "[No Variations]"
Change component parameters (AddParameter): Name = "Temperature Coefficient"; Value = "50ppm/°C"; VariantName = "[No Variations]"
Change component parameters (AddParameter): Name = "Termination"; Value = "Axial"; VariantName = "[No Variations]"
Change component parameters (AddParameter): Name = "Tolerance"; Value = "1%"; VariantName = "[No Variations]"
Change component parameters: Designator = "R20" ("R20"); Footprint = "FP-MRS1600-MFG"; UniqueID = "\OJNLQKQX" ("\OJNLQKQX")
Change component parameters (AddParameter): Name = "Case/Package"; Value = "Conformal"; VariantName = "[No Variations]"
Change component parameters (AddParameter): Name = "Construction"; Value = "Cylindrical"; VariantName = "[No Variations]"
Change component parameters (AddParameter): Name = "Contact Plating"; Value = "Tin"; VariantName = "[No Variations]"
Change component parameters (AddParameter): Name = "Diameter"; Value = "1.6mm"; VariantName = "[No Variations]"
Change component parameters (AddParameter): Name = "Length"; Value = "3.6mm"; VariantName = "[No Variations]"
Change component parameters (AddParameter): Name = "Max Operating Temperature"; Value = "155°C"; VariantName = "[No Variations]"
Change component parameters (AddParameter): Name = "Max Power Dissipation"; Value = "400mW"; VariantName = "[No Variations]"
Change component parameters (AddParameter): Name = "Military Standard"; Value = "Not"; VariantName = "[No Variations]"
Change component parameters (AddParameter): Name = "Min Operating Temperature"; Value = "-55°C"; VariantName = "[No Variations]"
Change component parameters (AddParameter): Name = "Mount"; Value = "Through Hole"; VariantName = "[No Variations]"
Change component parameters (AddParameter): Name = "Number of Terminations"; Value = "2"; VariantName = "[No Variations]"
Change component parameters (AddParameter): Name = "Packaging"; Value = "Tape and Reel"; VariantName = "[No Variations]"
Change component parameters (AddParameter): Name = "Power Rating"; Value = "400mW"; VariantName = "[No Variations]"
Change component parameters (AddParameter): Name = "Radiation Hardening"; Value = "No"; VariantName = "[No Variations]"
Change component parameters (AddParameter): Name = "Resistance"; Value = "20kR"; VariantName = "[No Variations]"
Change component parameters (AddParameter): Name = "Resistor Type"; Value = "Metal Film"; VariantName = "[No Variations]"
Change component parameters (AddParameter): Name = "RoHS Compliant"; Value = "Yes"; VariantName = "[No Variations]"
Change component parameters (AddParameter): Name = "Series"; Value = "MRS16"; VariantName = "[No Variations]"
Change component parameters (AddParameter): Name = "Technology"; Value = "THIN FILM"; VariantName = "[No Variations]"
Change component parameters (AddParameter): Name = "Temperature Coefficient"; Value = "50ppm/°C"; VariantName = "[No Variations]"
Change component parameters (AddParameter): Name = "Termination"; Value = "Axial"; VariantName = "[No Variations]"
Change component parameters (AddParameter): Name = "Tolerance"; Value = "1%"; VariantName = "[No Variations]"
Change component parameters: Designator = "R22" ("R22"); Footprint = "FP-MRS1600-MFG"; UniqueID = "\ITPUCBNH" ("\ITPUCBNH")
Change component parameters (AddParameter): Name = "Case/Package"; Value = "Conformal"; VariantName = "[No Variations]"
Change component parameters (AddParameter): Name = "Construction"; Value = "Cylindrical"; VariantName = "[No Variations]"
Change component parameters (AddParameter): Name = "Contact Plating"; Value = "Tin"; VariantName = "[No Variations]"
Change component parameters (AddParameter): Name = "Diameter"; Value = "1.6mm"; VariantName = "[No Variations]"
Change component parameters (AddParameter): Name = "Length"; Value = "3.6mm"; VariantName = "[No Variations]"
Change component parameters (AddParameter): Name = "Max Operating Temperature"; Value = "155°C"; VariantName = "[No Variations]"
Change component parameters (AddParameter): Name = "Max Power Dissipation"; Value = "400mW"; VariantName = "[No Variations]"
Change component parameters (AddParameter): Name = "Military Standard"; Value = "Not"; VariantName = "[No Variations]"
Change component parameters (AddParameter): Name = "Min Operating Temperature"; Value = "-55°C"; VariantName = "[No Variations]"
Change component parameters (AddParameter): Name = "Mount"; Value = "Through Hole"; VariantName = "[No Variations]"
Change component parameters (AddParameter): Name = "Number of Terminations"; Value = "2"; VariantName = "[No Variations]"
Change component parameters (AddParameter): Name = "Packaging"; Value = "Tape and Reel"; VariantName = "[No Variations]"
Change component parameters (AddParameter): Name = "Power Rating"; Value = "400mW"; VariantName = "[No Variations]"
Change component parameters (AddParameter): Name = "Radiation Hardening"; Value = "No"; VariantName = "[No Variations]"
Change component parameters (AddParameter): Name = "Resistance"; Value = "20kR"; VariantName = "[No Variations]"
Change component parameters (AddParameter): Name = "Resistor Type"; Value = "Metal Film"; VariantName = "[No Variations]"
Change component parameters (AddParameter): Name = "RoHS Compliant"; Value = "Yes"; VariantName = "[No Variations]"
Change component parameters (AddParameter): Name = "Series"; Value = "MRS16"; VariantName = "[No Variations]"
Change component parameters (AddParameter): Name = "Technology"; Value = "THIN FILM"; VariantName = "[No Variations]"
Change component parameters (AddParameter): Name = "Temperature Coefficient"; Value = "50ppm/°C"; VariantName = "[No Variations]"
Change component parameters (AddParameter): Name = "Termination"; Value = "Axial"; VariantName = "[No Variations]"
Change component parameters (AddParameter): Name = "Tolerance"; Value = "1%"; VariantName = "[No Variations]"
Change component parameters: Designator = "R23" ("R23"); Footprint = "FP-MRS1600-MFG"; UniqueID = "\UMDPAFOA" ("\UMDPAFOA")
Change component parameters (AddParameter): Name = "Case/Package"; Value = "Conformal"; VariantName = "[No Variations]"
Change component parameters (AddParameter): Name = "Construction"; Value = "Cylindrical"; VariantName = "[No Variations]"
Change component parameters (AddParameter): Name = "Contact Plating"; Value = "Tin"; VariantName = "[No Variations]"
Change component parameters (AddParameter): Name = "Diameter"; Value = "1.6mm"; VariantName = "[No Variations]"
Change component parameters (AddParameter): Name = "Length"; Value = "3.6mm"; VariantName = "[No Variations]"
Change component parameters (AddParameter): Name = "Max Operating Temperature"; Value = "155°C"; VariantName = "[No Variations]"
Change component parameters (AddParameter): Name = "Max Power Dissipation"; Value = "400mW"; VariantName = "[No Variations]"
Change component parameters (AddParameter): Name = "Military Standard"; Value = "Not"; VariantName = "[No Variations]"
Change component parameters (AddParameter): Name = "Min Operating Temperature"; Value = "-55°C"; VariantName = "[No Variations]"
Change component parameters (AddParameter): Name = "Mount"; Value = "Through Hole"; VariantName = "[No Variations]"
Change component parameters (AddParameter): Name = "Number of Terminations"; Value = "2"; VariantName = "[No Variations]"
Change component parameters (AddParameter): Name = "Packaging"; Value = "Tape and Reel"; VariantName = "[No Variations]"
Change component parameters (AddParameter): Name = "Power Rating"; Value = "400mW"; VariantName = "[No Variations]"
Change component parameters (AddParameter): Name = "Radiation Hardening"; Value = "No"; VariantName = "[No Variations]"
Change component parameters (AddParameter): Name = "Resistance"; Value = "20kR"; VariantName = "[No Variations]"
Change component parameters (AddParameter): Name = "Resistor Type"; Value = "Metal Film"; VariantName = "[No Variations]"
Change component parameters (AddParameter): Name = "RoHS Compliant"; Value = "Yes"; VariantName = "[No Variations]"
Change component parameters (AddParameter): Name = "Series"; Value = "MRS16"; VariantName = "[No Variations]"
Change component parameters (AddParameter): Name = "Technology"; Value = "THIN FILM"; VariantName = "[No Variations]"
Change component parameters (AddParameter): Name = "Temperature Coefficient"; Value = "50ppm/°C"; VariantName = "[No Variations]"
Change component parameters (AddParameter): Name = "Termination"; Value = "Axial"; VariantName = "[No Variations]"
Change component parameters (AddParameter): Name = "Tolerance"; Value = "1%"; VariantName = "[No Variations]"
Change component parameters: Designator = "R24" ("R24"); Footprint = "FP-MRS1600-MFG"; UniqueID = "\MCHEOXGY" ("\MCHEOXGY")
Change component parameters (AddParameter): Name = "Case/Package"; Value = "Conformal"; VariantName = "[No Variations]"
Change component parameters (AddParameter): Name = "Construction"; Value = "Cylindrical"; VariantName = "[No Variations]"
Change component parameters (AddParameter): Name = "Contact Plating"; Value = "Tin"; VariantName = "[No Variations]"
Change component parameters (AddParameter): Name = "Diameter"; Value = "1.6mm"; VariantName = "[No Variations]"
Change component parameters (AddParameter): Name = "Length"; Value = "3.6mm"; VariantName = "[No Variations]"
Change component parameters (AddParameter): Name = "Max Operating Temperature"; Value = "155°C"; VariantName = "[No Variations]"
Change component parameters (AddParameter): Name = "Max Power Dissipation"; Value = "400mW"; VariantName = "[No Variations]"
Change component parameters (AddParameter): Name = "Military Standard"; Value = "Not"; VariantName = "[No Variations]"
Change component parameters (AddParameter): Name = "Min Operating Temperature"; Value = "-55°C"; VariantName = "[No Variations]"
Change component parameters (AddParameter): Name = "Mount"; Value = "Through Hole"; VariantName = "[No Variations]"
Change component parameters (AddParameter): Name = "Number of Terminations"; Value = "2"; VariantName = "[No Variations]"
Change component parameters (AddParameter): Name = "Packaging"; Value = "Tape and Reel"; VariantName = "[No Variations]"
Change component parameters (AddParameter): Name = "Power Rating"; Value = "400mW"; VariantName = "[No Variations]"
Change component parameters (AddParameter): Name = "Radiation Hardening"; Value = "No"; VariantName = "[No Variations]"
Change component parameters (AddParameter): Name = "Resistance"; Value = "20kR"; VariantName = "[No Variations]"
Change component parameters (AddParameter): Name = "Resistor Type"; Value = "Metal Film"; VariantName = "[No Variations]"
Change component parameters (AddParameter): Name = "RoHS Compliant"; Value = "Yes"; VariantName = "[No Variations]"
Change component parameters (AddParameter): Name = "Series"; Value = "MRS16"; VariantName = "[No Variations]"
Change component parameters (AddParameter): Name = "Technology"; Value = "THIN FILM"; VariantName = "[No Variations]"
Change component parameters (AddParameter): Name = "Temperature Coefficient"; Value = "50ppm/°C"; VariantName = "[No Variations]"
Change component parameters (AddParameter): Name = "Termination"; Value = "Axial"; VariantName = "[No Variations]"
Change component parameters (AddParameter): Name = "Tolerance"; Value = "1%"; VariantName = "[No Variations]"
Change component parameters: Designator = "R26" ("R26"); Footprint = "FP-MRS1600-MFG"; UniqueID = "\XBVMYLNQ" ("\XBVMYLNQ")
Change component parameters (AddParameter): Name = "Case/Package"; Value = "Conformal"; VariantName = "[No Variations]"
Change component parameters (AddParameter): Name = "Construction"; Value = "Cylindrical"; VariantName = "[No Variations]"
Change component parameters (AddParameter): Name = "Contact Plating"; Value = "Tin"; VariantName = "[No Variations]"
Change component parameters (AddParameter): Name = "Diameter"; Value = "1.6mm"; VariantName = "[No Variations]"
Change component parameters (AddParameter): Name = "Length"; Value = "3.6mm"; VariantName = "[No Variations]"
Change component parameters (AddParameter): Name = "Max Operating Temperature"; Value = "155°C"; VariantName = "[No Variations]"
Change component parameters (AddParameter): Name = "Max Power Dissipation"; Value = "400mW"; VariantName = "[No Variations]"
Change component parameters (AddParameter): Name = "Military Standard"; Value = "Not"; VariantName = "[No Variations]"
Change component parameters (AddParameter): Name = "Min Operating Temperature"; Value = "-55°C"; VariantName = "[No Variations]"
Change component parameters (AddParameter): Name = "Mount"; Value = "Through Hole"; VariantName = "[No Variations]"
Change component parameters (AddParameter): Name = "Number of Terminations"; Value = "2"; VariantName = "[No Variations]"
Change component parameters (AddParameter): Name = "Packaging"; Value = "Tape and Reel"; VariantName = "[No Variations]"
Change component parameters (AddParameter): Name = "Power Rating"; Value = "400mW"; VariantName = "[No Variations]"
Change component parameters (AddParameter): Name = "Radiation Hardening"; Value = "No"; VariantName = "[No Variations]"
Change component parameters (AddParameter): Name = "Resistance"; Value = "20kR"; VariantName = "[No Variations]"
Change component parameters (AddParameter): Name = "Resistor Type"; Value = "Metal Film"; VariantName = "[No Variations]"
Change component parameters (AddParameter): Name = "RoHS Compliant"; Value = "Yes"; VariantName = "[No Variations]"
Change component parameters (AddParameter): Name = "Series"; Value = "MRS16"; VariantName = "[No Variations]"
Change component parameters (AddParameter): Name = "Technology"; Value = "THIN FILM"; VariantName = "[No Variations]"
Change component parameters (AddParameter): Name = "Temperature Coefficient"; Value = "50ppm/°C"; VariantName = "[No Variations]"
Change component parameters (AddParameter): Name = "Termination"; Value = "Axial"; VariantName = "[No Variations]"
Change component parameters (AddParameter): Name = "Tolerance"; Value = "1%"; VariantName = "[No Variations]"
Change component parameters: Designator = "R27" ("R27"); Footprint = "FP-MRS1600-MFG"; UniqueID = "\XSECABKV" ("\XSECABKV")
Change component parameters (AddParameter): Name = "Case/Package"; Value = "Conformal"; VariantName = "[No Variations]"
Change component parameters (AddParameter): Name = "Construction"; Value = "Cylindrical"; VariantName = "[No Variations]"
Change component parameters (AddParameter): Name = "Contact Plating"; Value = "Tin"; VariantName = "[No Variations]"
Change component parameters (AddParameter): Name = "Diameter"; Value = "1.6mm"; VariantName = "[No Variations]"
Change component parameters (AddParameter): Name = "Length"; Value = "3.6mm"; VariantName = "[No Variations]"
Change component parameters (AddParameter): Name = "Max Operating Temperature"; Value = "155°C"; VariantName = "[No Variations]"
Change component parameters (AddParameter): Name = "Max Power Dissipation"; Value = "400mW"; VariantName = "[No Variations]"
Change component parameters (AddParameter): Name = "Military Standard"; Value = "Not"; VariantName = "[No Variations]"
Change component parameters (AddParameter): Name = "Min Operating Temperature"; Value = "-55°C"; VariantName = "[No Variations]"
Change component parameters (AddParameter): Name = "Mount"; Value = "Through Hole"; VariantName = "[No Variations]"
Change component parameters (AddParameter): Name = "Number of Terminations"; Value = "2"; VariantName = "[No Variations]"
Change component parameters (AddParameter): Name = "Packaging"; Value = "Tape and Reel"; VariantName = "[No Variations]"
Change component parameters (AddParameter): Name = "Power Rating"; Value = "400mW"; VariantName = "[No Variations]"
Change component parameters (AddParameter): Name = "Radiation Hardening"; Value = "No"; VariantName = "[No Variations]"
Change component parameters (AddParameter): Name = "Resistance"; Value = "20kR"; VariantName = "[No Variations]"
Change component parameters (AddParameter): Name = "Resistor Type"; Value = "Metal Film"; VariantName = "[No Variations]"
Change component parameters (AddParameter): Name = "RoHS Compliant"; Value = "Yes"; VariantName = "[No Variations]"
Change component parameters (AddParameter): Name = "Series"; Value = "MRS16"; VariantName = "[No Variations]"
Change component parameters (AddParameter): Name = "Technology"; Value = "THIN FILM"; VariantName = "[No Variations]"
Change component parameters (AddParameter): Name = "Temperature Coefficient"; Value = "50ppm/°C"; VariantName = "[No Variations]"
Change component parameters (AddParameter): Name = "Termination"; Value = "Axial"; VariantName = "[No Variations]"
Change component parameters (AddParameter): Name = "Tolerance"; Value = "1%"; VariantName = "[No Variations]"
Change component parameters: Designator = "R28" ("R28"); Footprint = "FP-MRS1600-MFG"; UniqueID = "\XXLFNSMA" ("\XXLFNSMA")
Change component parameters (AddParameter): Name = "Case/Package"; Value = "Conformal"; VariantName = "[No Variations]"
Change component parameters (AddParameter): Name = "Construction"; Value = "Cylindrical"; VariantName = "[No Variations]"
Change component parameters (AddParameter): Name = "Contact Plating"; Value = "Tin"; VariantName = "[No Variations]"
Change component parameters (AddParameter): Name = "Diameter"; Value = "1.6mm"; VariantName = "[No Variations]"
Change component parameters (AddParameter): Name = "Length"; Value = "3.6mm"; VariantName = "[No Variations]"
Change component parameters (AddParameter): Name = "Max Operating Temperature"; Value = "155°C"; VariantName = "[No Variations]"
Change component parameters (AddParameter): Name = "Max Power Dissipation"; Value = "400mW"; VariantName = "[No Variations]"
Change component parameters (AddParameter): Name = "Military Standard"; Value = "Not"; VariantName = "[No Variations]"
Change component parameters (AddParameter): Name = "Min Operating Temperature"; Value = "-55°C"; VariantName = "[No Variations]"
Change component parameters (AddParameter): Name = "Mount"; Value = "Through Hole"; VariantName = "[No Variations]"
Change component parameters (AddParameter): Name = "Number of Terminations"; Value = "2"; VariantName = "[No Variations]"
Change component parameters (AddParameter): Name = "Packaging"; Value = "Tape and Reel"; VariantName = "[No Variations]"
Change component parameters (AddParameter): Name = "Power Rating"; Value = "400mW"; VariantName = "[No Variations]"
Change component parameters (AddParameter): Name = "Radiation Hardening"; Value = "No"; VariantName = "[No Variations]"
Change component parameters (AddParameter): Name = "Resistance"; Value = "20kR"; VariantName = "[No Variations]"
Change component parameters (AddParameter): Name = "Resistor Type"; Value = "Metal Film"; VariantName = "[No Variations]"
Change component parameters (AddParameter): Name = "RoHS Compliant"; Value = "Yes"; VariantName = "[No Variations]"
Change component parameters (AddParameter): Name = "Series"; Value = "MRS16"; VariantName = "[No Variations]"
Change component parameters (AddParameter): Name = "Technology"; Value = "THIN FILM"; VariantName = "[No Variations]"
Change component parameters (AddParameter): Name = "Temperature Coefficient"; Value = "50ppm/°C"; VariantName = "[No Variations]"
Change component parameters (AddParameter): Name = "Termination"; Value = "Axial"; VariantName = "[No Variations]"
Change component parameters (AddParameter): Name = "Tolerance"; Value = "1%"; VariantName = "[No Variations]"
Change component parameters: Designator = "R30" ("R30"); Footprint = "FP-MRS1600-MFG"; UniqueID = "\MQGDQROW" ("\MQGDQROW")
Change component parameters (AddParameter): Name = "Case/Package"; Value = "Conformal"; VariantName = "[No Variations]"
Change component parameters (AddParameter): Name = "Construction"; Value = "Cylindrical"; VariantName = "[No Variations]"
Change component parameters (AddParameter): Name = "Contact Plating"; Value = "Tin"; VariantName = "[No Variations]"
Change component parameters (AddParameter): Name = "Diameter"; Value = "1.6mm"; VariantName = "[No Variations]"
Change component parameters (AddParameter): Name = "Length"; Value = "3.6mm"; VariantName = "[No Variations]"
Change component parameters (AddParameter): Name = "Max Operating Temperature"; Value = "155°C"; VariantName = "[No Variations]"
Change component parameters (AddParameter): Name = "Max Power Dissipation"; Value = "400mW"; VariantName = "[No Variations]"
Change component parameters (AddParameter): Name = "Military Standard"; Value = "Not"; VariantName = "[No Variations]"
Change component parameters (AddParameter): Name = "Min Operating Temperature"; Value = "-55°C"; VariantName = "[No Variations]"
Change component parameters (AddParameter): Name = "Mount"; Value = "Through Hole"; VariantName = "[No Variations]"
Change component parameters (AddParameter): Name = "Number of Terminations"; Value = "2"; VariantName = "[No Variations]"
Change component parameters (AddParameter): Name = "Packaging"; Value = "Tape and Reel"; VariantName = "[No Variations]"
Change component parameters (AddParameter): Name = "Power Rating"; Value = "400mW"; VariantName = "[No Variations]"
Change component parameters (AddParameter): Name = "Radiation Hardening"; Value = "No"; VariantName = "[No Variations]"
Change component parameters (AddParameter): Name = "Resistance"; Value = "20kR"; VariantName = "[No Variations]"
Change component parameters (AddParameter): Name = "Resistor Type"; Value = "Metal Film"; VariantName = "[No Variations]"
Change component parameters (AddParameter): Name = "RoHS Compliant"; Value = "Yes"; VariantName = "[No Variations]"
Change component parameters (AddParameter): Name = "Series"; Value = "MRS16"; VariantName = "[No Variations]"
Change component parameters (AddParameter): Name = "Technology"; Value = "THIN FILM"; VariantName = "[No Variations]"
Change component parameters (AddParameter): Name = "Temperature Coefficient"; Value = "50ppm/°C"; VariantName = "[No Variations]"
Change component parameters (AddParameter): Name = "Termination"; Value = "Axial"; VariantName = "[No Variations]"
Change component parameters (AddParameter): Name = "Tolerance"; Value = "1%"; VariantName = "[No Variations]"
Change component parameters: Designator = "R32" ("R32"); Footprint = "FP-MRS1600-MFG"; UniqueID = "\XMBJMYRL" ("\XMBJMYRL")
Change component parameters (AddParameter): Name = "Case/Package"; Value = "Conformal"; VariantName = "[No Variations]"
Change component parameters (AddParameter): Name = "Construction"; Value = "Cylindrical"; VariantName = "[No Variations]"
Change component parameters (AddParameter): Name = "Contact Plating"; Value = "Tin"; VariantName = "[No Variations]"
Change component parameters (AddParameter): Name = "Diameter"; Value = "1.6mm"; VariantName = "[No Variations]"
Change component parameters (AddParameter): Name = "Length"; Value = "3.6mm"; VariantName = "[No Variations]"
Change component parameters (AddParameter): Name = "Max Operating Temperature"; Value = "155°C"; VariantName = "[No Variations]"
Change component parameters (AddParameter): Name = "Max Power Dissipation"; Value = "400mW"; VariantName = "[No Variations]"
Change component parameters (AddParameter): Name = "Military Standard"; Value = "Not"; VariantName = "[No Variations]"
Change component parameters (AddParameter): Name = "Min Operating Temperature"; Value = "-55°C"; VariantName = "[No Variations]"
Change component parameters (AddParameter): Name = "Mount"; Value = "Through Hole"; VariantName = "[No Variations]"
Change component parameters (AddParameter): Name = "Number of Terminations"; Value = "2"; VariantName = "[No Variations]"
Change component parameters (AddParameter): Name = "Packaging"; Value = "Tape and Reel"; VariantName = "[No Variations]"
Change component parameters (AddParameter): Name = "Power Rating"; Value = "400mW"; VariantName = "[No Variations]"
Change component parameters (AddParameter): Name = "Radiation Hardening"; Value = "No"; VariantName = "[No Variations]"
Change component parameters (AddParameter): Name = "Resistance"; Value = "20kR"; VariantName = "[No Variations]"
Change component parameters (AddParameter): Name = "Resistor Type"; Value = "Metal Film"; VariantName = "[No Variations]"
Change component parameters (AddParameter): Name = "RoHS Compliant"; Value = "Yes"; VariantName = "[No Variations]"
Change component parameters (AddParameter): Name = "Series"; Value = "MRS16"; VariantName = "[No Variations]"
Change component parameters (AddParameter): Name = "Technology"; Value = "THIN FILM"; VariantName = "[No Variations]"
Change component parameters (AddParameter): Name = "Temperature Coefficient"; Value = "50ppm/°C"; VariantName = "[No Variations]"
Change component parameters (AddParameter): Name = "Termination"; Value = "Axial"; VariantName = "[No Variations]"
Change component parameters (AddParameter): Name = "Tolerance"; Value = "1%"; VariantName = "[No Variations]"
Change component parameters: Designator = "R34" ("R34"); Footprint = "FP-MRS1600-MFG"; UniqueID = "\JZYGZYKY" ("\JZYGZYKY")
Change component parameters (AddParameter): Name = "Case/Package"; Value = "Conformal"; VariantName = "[No Variations]"
Change component parameters (AddParameter): Name = "Construction"; Value = "Cylindrical"; VariantName = "[No Variations]"
Change component parameters (AddParameter): Name = "Contact Plating"; Value = "Tin"; VariantName = "[No Variations]"
Change component parameters (AddParameter): Name = "Diameter"; Value = "1.6mm"; VariantName = "[No Variations]"
Change component parameters (AddParameter): Name = "Length"; Value = "3.6mm"; VariantName = "[No Variations]"
Change component parameters (AddParameter): Name = "Max Operating Temperature"; Value = "155°C"; VariantName = "[No Variations]"
Change component parameters (AddParameter): Name = "Max Power Dissipation"; Value = "400mW"; VariantName = "[No Variations]"
Change component parameters (AddParameter): Name = "Military Standard"; Value = "Not"; VariantName = "[No Variations]"
Change component parameters (AddParameter): Name = "Min Operating Temperature"; Value = "-55°C"; VariantName = "[No Variations]"
Change component parameters (AddParameter): Name = "Mount"; Value = "Through Hole"; VariantName = "[No Variations]"
Change component parameters (AddParameter): Name = "Number of Terminations"; Value = "2"; VariantName = "[No Variations]"
Change component parameters (AddParameter): Name = "Packaging"; Value = "Tape and Reel"; VariantName = "[No Variations]"
Change component parameters (AddParameter): Name = "Power Rating"; Value = "400mW"; VariantName = "[No Variations]"
Change component parameters (AddParameter): Name = "Radiation Hardening"; Value = "No"; VariantName = "[No Variations]"
Change component parameters (AddParameter): Name = "Resistance"; Value = "20kR"; VariantName = "[No Variations]"
Change component parameters (AddParameter): Name = "Resistor Type"; Value = "Metal Film"; VariantName = "[No Variations]"
Change component parameters (AddParameter): Name = "RoHS Compliant"; Value = "Yes"; VariantName = "[No Variations]"
Change component parameters (AddParameter): Name = "Series"; Value = "MRS16"; VariantName = "[No Variations]"
Change component parameters (AddParameter): Name = "Technology"; Value = "THIN FILM"; VariantName = "[No Variations]"
Change component parameters (AddParameter): Name = "Temperature Coefficient"; Value = "50ppm/°C"; VariantName = "[No Variations]"
Change component parameters (AddParameter): Name = "Termination"; Value = "Axial"; VariantName = "[No Variations]"
Change component parameters (AddParameter): Name = "Tolerance"; Value = "1%"; VariantName = "[No Variations]"
Change component parameters: Designator = "R35" ("R35"); Footprint = "FP-MRS1600-MFG"; UniqueID = "\QPTEMQGW" ("\QPTEMQGW")
Change component parameters (AddParameter): Name = "Case/Package"; Value = "Conformal"; VariantName = "[No Variations]"
Change component parameters (AddParameter): Name = "Construction"; Value = "Cylindrical"; VariantName = "[No Variations]"
Change component parameters (AddParameter): Name = "Contact Plating"; Value = "Tin"; VariantName = "[No Variations]"
Change component parameters (AddParameter): Name = "Diameter"; Value = "1.6mm"; VariantName = "[No Variations]"
Change component parameters (AddParameter): Name = "Length"; Value = "3.6mm"; VariantName = "[No Variations]"
Change component parameters (AddParameter): Name = "Max Operating Temperature"; Value = "155°C"; VariantName = "[No Variations]"
Change component parameters (AddParameter): Name = "Max Power Dissipation"; Value = "400mW"; VariantName = "[No Variations]"
Change component parameters (AddParameter): Name = "Military Standard"; Value = "Not"; VariantName = "[No Variations]"
Change component parameters (AddParameter): Name = "Min Operating Temperature"; Value = "-55°C"; VariantName = "[No Variations]"
Change component parameters (AddParameter): Name = "Mount"; Value = "Through Hole"; VariantName = "[No Variations]"
Change component parameters (AddParameter): Name = "Number of Terminations"; Value = "2"; VariantName = "[No Variations]"
Change component parameters (AddParameter): Name = "Packaging"; Value = "Tape and Reel"; VariantName = "[No Variations]"
Change component parameters (AddParameter): Name = "Power Rating"; Value = "400mW"; VariantName = "[No Variations]"
Change component parameters (AddParameter): Name = "Radiation Hardening"; Value = "No"; VariantName = "[No Variations]"
Change component parameters (AddParameter): Name = "Resistance"; Value = "20kR"; VariantName = "[No Variations]"
Change component parameters (AddParameter): Name = "Resistor Type"; Value = "Metal Film"; VariantName = "[No Variations]"
Change component parameters (AddParameter): Name = "RoHS Compliant"; Value = "Yes"; VariantName = "[No Variations]"
Change component parameters (AddParameter): Name = "Series"; Value = "MRS16"; VariantName = "[No Variations]"
Change component parameters (AddParameter): Name = "Technology"; Value = "THIN FILM"; VariantName = "[No Variations]"
Change component parameters (AddParameter): Name = "Temperature Coefficient"; Value = "50ppm/°C"; VariantName = "[No Variations]"
Change component parameters (AddParameter): Name = "Termination"; Value = "Axial"; VariantName = "[No Variations]"
Change component parameters (AddParameter): Name = "Tolerance"; Value = "1%"; VariantName = "[No Variations]"
Change component parameters: Designator = "R36" ("R36"); Footprint = "FP-MRS1600-MFG"; UniqueID = "\OTXBIELP" ("\OTXBIELP")
Change component parameters (AddParameter): Name = "Case/Package"; Value = "Conformal"; VariantName = "[No Variations]"
Change component parameters (AddParameter): Name = "Construction"; Value = "Cylindrical"; VariantName = "[No Variations]"
Change component parameters (AddParameter): Name = "Contact Plating"; Value = "Tin"; VariantName = "[No Variations]"
Change component parameters (AddParameter): Name = "Diameter"; Value = "1.6mm"; VariantName = "[No Variations]"
Change component parameters (AddParameter): Name = "Length"; Value = "3.6mm"; VariantName = "[No Variations]"
Change component parameters (AddParameter): Name = "Max Operating Temperature"; Value = "155°C"; VariantName = "[No Variations]"
Change component parameters (AddParameter): Name = "Max Power Dissipation"; Value = "400mW"; VariantName = "[No Variations]"
Change component parameters (AddParameter): Name = "Military Standard"; Value = "Not"; VariantName = "[No Variations]"
Change component parameters (AddParameter): Name = "Min Operating Temperature"; Value = "-55°C"; VariantName = "[No Variations]"
Change component parameters (AddParameter): Name = "Mount"; Value = "Through Hole"; VariantName = "[No Variations]"
Change component parameters (AddParameter): Name = "Number of Terminations"; Value = "2"; VariantName = "[No Variations]"
Change component parameters (AddParameter): Name = "Packaging"; Value = "Tape and Reel"; VariantName = "[No Variations]"
Change component parameters (AddParameter): Name = "Power Rating"; Value = "400mW"; VariantName = "[No Variations]"
Change component parameters (AddParameter): Name = "Radiation Hardening"; Value = "No"; VariantName = "[No Variations]"
Change component parameters (AddParameter): Name = "Resistance"; Value = "20kR"; VariantName = "[No Variations]"
Change component parameters (AddParameter): Name = "Resistor Type"; Value = "Metal Film"; VariantName = "[No Variations]"
Change component parameters (AddParameter): Name = "RoHS Compliant"; Value = "Yes"; VariantName = "[No Variations]"
Change component parameters (AddParameter): Name = "Series"; Value = "MRS16"; VariantName = "[No Variations]"
Change component parameters (AddParameter): Name = "Technology"; Value = "THIN FILM"; VariantName = "[No Variations]"
Change component parameters (AddParameter): Name = "Temperature Coefficient"; Value = "50ppm/°C"; VariantName = "[No Variations]"
Change component parameters (AddParameter): Name = "Termination"; Value = "Axial"; VariantName = "[No Variations]"
Change component parameters (AddParameter): Name = "Tolerance"; Value = "1%"; VariantName = "[No Variations]"
Change component parameters: Designator = "R38" ("R38"); Footprint = "FP-MRS1600-MFG"; UniqueID = "\KVHDFNPB" ("\KVHDFNPB")
Change component parameters (AddParameter): Name = "Case/Package"; Value = "Conformal"; VariantName = "[No Variations]"
Change component parameters (AddParameter): Name = "Construction"; Value = "Cylindrical"; VariantName = "[No Variations]"
Change component parameters (AddParameter): Name = "Contact Plating"; Value = "Tin"; VariantName = "[No Variations]"
Change component parameters (AddParameter): Name = "Diameter"; Value = "1.6mm"; VariantName = "[No Variations]"
Change component parameters (AddParameter): Name = "Length"; Value = "3.6mm"; VariantName = "[No Variations]"
Change component parameters (AddParameter): Name = "Max Operating Temperature"; Value = "155°C"; VariantName = "[No Variations]"
Change component parameters (AddParameter): Name = "Max Power Dissipation"; Value = "400mW"; VariantName = "[No Variations]"
Change component parameters (AddParameter): Name = "Military Standard"; Value = "Not"; VariantName = "[No Variations]"
Change component parameters (AddParameter): Name = "Min Operating Temperature"; Value = "-55°C"; VariantName = "[No Variations]"
Change component parameters (AddParameter): Name = "Mount"; Value = "Through Hole"; VariantName = "[No Variations]"
Change component parameters (AddParameter): Name = "Number of Terminations"; Value = "2"; VariantName = "[No Variations]"
Change component parameters (AddParameter): Name = "Packaging"; Value = "Tape and Reel"; VariantName = "[No Variations]"
Change component parameters (AddParameter): Name = "Power Rating"; Value = "400mW"; VariantName = "[No Variations]"
Change component parameters (AddParameter): Name = "Radiation Hardening"; Value = "No"; VariantName = "[No Variations]"
Change component parameters (AddParameter): Name = "Resistance"; Value = "20kR"; VariantName = "[No Variations]"
Change component parameters (AddParameter): Name = "Resistor Type"; Value = "Metal Film"; VariantName = "[No Variations]"
Change component parameters (AddParameter): Name = "RoHS Compliant"; Value = "Yes"; VariantName = "[No Variations]"
Change component parameters (AddParameter): Name = "Series"; Value = "MRS16"; VariantName = "[No Variations]"
Change component parameters (AddParameter): Name = "Technology"; Value = "THIN FILM"; VariantName = "[No Variations]"
Change component parameters (AddParameter): Name = "Temperature Coefficient"; Value = "50ppm/°C"; VariantName = "[No Variations]"
Change component parameters (AddParameter): Name = "Termination"; Value = "Axial"; VariantName = "[No Variations]"
Change component parameters (AddParameter): Name = "Tolerance"; Value = "1%"; VariantName = "[No Variations]"
Change component parameters: Designator = "R39" ("R39"); Footprint = "FP-MRS1600-MFG"; UniqueID = "\WLWUVAGH" ("\WLWUVAGH")
Change component parameters (AddParameter): Name = "Case/Package"; Value = "Conformal"; VariantName = "[No Variations]"
Change component parameters (AddParameter): Name = "Construction"; Value = "Cylindrical"; VariantName = "[No Variations]"
Change component parameters (AddParameter): Name = "Contact Plating"; Value = "Tin"; VariantName = "[No Variations]"
Change component parameters (AddParameter): Name = "Diameter"; Value = "1.6mm"; VariantName = "[No Variations]"
Change component parameters (AddParameter): Name = "Length"; Value = "3.6mm"; VariantName = "[No Variations]"
Change component parameters (AddParameter): Name = "Max Operating Temperature"; Value = "155°C"; VariantName = "[No Variations]"
Change component parameters (AddParameter): Name = "Max Power Dissipation"; Value = "400mW"; VariantName = "[No Variations]"
Change component parameters (AddParameter): Name = "Military Standard"; Value = "Not"; VariantName = "[No Variations]"
Change component parameters (AddParameter): Name = "Min Operating Temperature"; Value = "-55°C"; VariantName = "[No Variations]"
Change component parameters (AddParameter): Name = "Mount"; Value = "Through Hole"; VariantName = "[No Variations]"
Change component parameters (AddParameter): Name = "Number of Terminations"; Value = "2"; VariantName = "[No Variations]"
Change component parameters (AddParameter): Name = "Packaging"; Value = "Tape and Reel"; VariantName = "[No Variations]"
Change component parameters (AddParameter): Name = "Power Rating"; Value = "400mW"; VariantName = "[No Variations]"
Change component parameters (AddParameter): Name = "Radiation Hardening"; Value = "No"; VariantName = "[No Variations]"
Change component parameters (AddParameter): Name = "Resistance"; Value = "20kR"; VariantName = "[No Variations]"
Change component parameters (AddParameter): Name = "Resistor Type"; Value = "Metal Film"; VariantName = "[No Variations]"
Change component parameters (AddParameter): Name = "RoHS Compliant"; Value = "Yes"; VariantName = "[No Variations]"
Change component parameters (AddParameter): Name = "Series"; Value = "MRS16"; VariantName = "[No Variations]"
Change component parameters (AddParameter): Name = "Technology"; Value = "THIN FILM"; VariantName = "[No Variations]"
Change component parameters (AddParameter): Name = "Temperature Coefficient"; Value = "50ppm/°C"; VariantName = "[No Variations]"
Change component parameters (AddParameter): Name = "Termination"; Value = "Axial"; VariantName = "[No Variations]"
Change component parameters (AddParameter): Name = "Tolerance"; Value = "1%"; VariantName = "[No Variations]"
Change component parameters: Designator = "R40" ("R40"); Footprint = "FP-MRS1600-MFG"; UniqueID = "\LSFQAXAM" ("\LSFQAXAM")
Change component parameters (AddParameter): Name = "Case/Package"; Value = "Conformal"; VariantName = "[No Variations]"
Change component parameters (AddParameter): Name = "Construction"; Value = "Cylindrical"; VariantName = "[No Variations]"
Change component parameters (AddParameter): Name = "Contact Plating"; Value = "Tin"; VariantName = "[No Variations]"
Change component parameters (AddParameter): Name = "Diameter"; Value = "1.6mm"; VariantName = "[No Variations]"
Change component parameters (AddParameter): Name = "Length"; Value = "3.6mm"; VariantName = "[No Variations]"
Change component parameters (AddParameter): Name = "Max Operating Temperature"; Value = "155°C"; VariantName = "[No Variations]"
Change component parameters (AddParameter): Name = "Max Power Dissipation"; Value = "400mW"; VariantName = "[No Variations]"
Change component parameters (AddParameter): Name = "Military Standard"; Value = "Not"; VariantName = "[No Variations]"
Change component parameters (AddParameter): Name = "Min Operating Temperature"; Value = "-55°C"; VariantName = "[No Variations]"
Change component parameters (AddParameter): Name = "Mount"; Value = "Through Hole"; VariantName = "[No Variations]"
Change component parameters (AddParameter): Name = "Number of Terminations"; Value = "2"; VariantName = "[No Variations]"
Change component parameters (AddParameter): Name = "Packaging"; Value = "Tape and Reel"; VariantName = "[No Variations]"
Change component parameters (AddParameter): Name = "Power Rating"; Value = "400mW"; VariantName = "[No Variations]"
Change component parameters (AddParameter): Name = "Radiation Hardening"; Value = "No"; VariantName = "[No Variations]"
Change component parameters (AddParameter): Name = "Resistance"; Value = "20kR"; VariantName = "[No Variations]"
Change component parameters (AddParameter): Name = "Resistor Type"; Value = "Metal Film"; VariantName = "[No Variations]"
Change component parameters (AddParameter): Name = "RoHS Compliant"; Value = "Yes"; VariantName = "[No Variations]"
Change component parameters (AddParameter): Name = "Series"; Value = "MRS16"; VariantName = "[No Variations]"
Change component parameters (AddParameter): Name = "Technology"; Value = "THIN FILM"; VariantName = "[No Variations]"
Change component parameters (AddParameter): Name = "Temperature Coefficient"; Value = "50ppm/°C"; VariantName = "[No Variations]"
Change component parameters (AddParameter): Name = "Termination"; Value = "Axial"; VariantName = "[No Variations]"
Change component parameters (AddParameter): Name = "Tolerance"; Value = "1%"; VariantName = "[No Variations]"
Added Pin To Net: NetName=NetchavA1_1 Pin=chavA1-C2
Add Pin To Net: Unknown Pin: Pin chavA1-com
Added Pin To Net: NetName=NetchavB1_1 Pin=chavB1-C2
Add Pin To Net: Unknown Pin: Pin chavB1-com
Added Pin To Net: NetName=NetchavC1_1 Pin=chavC1-C2
Add Pin To Net: Unknown Pin: Pin chavC1-com
Added Pin To Net: NetName=NetchavD1_1 Pin=chavD1-C2
Add Pin To Net: Unknown Pin: Pin chavD1-com
Added Pin To Net: NetName=NetchavE1_1 Pin=chavE1-C2
Add Pin To Net: Unknown Pin: Pin chavE1-com
Added Pin To Net: NetName=NetchavF1_1 Pin=chavF1-C2
Add Pin To Net: Unknown Pin: Pin chavF1-com
Added Pin To Net: NetName=NetchavG1_1 Pin=chavG1-C2
Add Pin To Net: Unknown Pin: Pin chavG1-com
Added Pin To Net: NetName=NetchavH1_1 Pin=chavH1-C2
Add Pin To Net: Unknown Pin: Pin chavH1-com
Added Pin To Net: NetName=NetchavI1_1 Pin=chavI1-C2
Add Pin To Net: Unknown Pin: Pin chavI1-com
Added Pin To Net: NetName=NetchavJ1_1 Pin=chavJ1-C2
Add Pin To Net: Unknown Pin: Pin chavJ1-com
Change Net Name : Old Net Name=NetH_1_2 New Net Name=NetH_5V_2
Change Net Name : Old Net Name=NetH_2_2 New Net Name=NetH_12V_2
Change Net Name : Old Net Name=NetH_-1_2 New Net Name=NetH_-12V_2
Change Net Name : Old Net Name=NetH_gnd1_2 New Net Name=NetH_gnd_2
Added Member To Class: ClassName=leds Member=Component lm3 LM339J
Added Member To Class: ClassName=leds Member=Component lm4 LM339J
Added Member To Class: ClassName=alimentacao Member=Component pin_gnd1 TSW-101-07-L-S
Added Member To Class: ClassName=probe Member=Component pot3 3296W-1-501LF
Added Member To Class: ClassName=leds Member=Component pot6 3296W-1-501LF
Added Member To Class: ClassName=chaves Member=Component R31 MRS16000C2002FCT00
Added Member To Class: ClassName=chaves Member=Component R33 MRS16000C2002FCT00
Added Member To Class: ClassName=chaves Member=Component R35 MRS16000C2002FCT00
Added Member To Class: ClassName=chaves Member=Component R38 MRS16000C2002FCT00
Added Member To Class: ClassName=chaves Member=Component R40 MRS16000C2002FCT00
Added Member To Class: ClassName=probe Member=Component R47 MRS16000C2002FCT00
Added Member To Class: ClassName=leds Member=Component R49 MRS16000C2002FCT00
Added Member To Class: ClassName=leds Member=Component R51 MRS16000C2002FCT00
Added Member To Class: ClassName=leds Member=Component R53 MRS16000C2002FCT00
Added Member To Class: ClassName=leds Member=Component R55 MRS16000C2002FCT00
Added Member To Class: ClassName=leds Member=Component R57 MRS16000C2002FCT00
Added Member To Class: ClassName=leds Member=Component R59 MRS16000C2002FCT00
Added Member To Class: ClassName=leds Member=Component R61 MRS16000C2002FCT00
Added Member To Class: ClassName=leds Member=Component R62 MRS16000C2002FCT00
Added Member To Class: ClassName=leds Member=Component R63 MRS16000C2002FCT00
Added Member To Class: ClassName=leds Member=Component R64 MRS16000C2002FCT00
Added Member To Class: ClassName=leds Member=Component R66 MRS16000C2002FCT00
Added Member To Class: ClassName=leds Member=Component R67 MRS16000C2002FCT00
